{
"type": "FeatureCollection",
"name": "KRNTNLN",
"crs": { "type": "name", "properties": { "name": "urn:ogc:def:crs:OGC:1.3:CRS84" } },
"features": [
{ "type": "Feature", "properties": { "Kerentanan Geologi": "Sangat Rendah (Batuan Vulkanik)", "Kerentanan Lereng": "Sangat Rendah (>12%)", "Geomorfologi": "Pantai Bertebing Sangat Curam", "Kerentanan Geomorfologi": "Sangat Rendah", "Kerentanan Tunggang Pasut": "Sedang (≥2-<4)", "Kerentanan Laju Perubahan Garis Pantai": "Sedang (-1-1 m/tahun)", "Kerentanan Kenaikan Muka Air Laut": "Tinggi (2 – 4 mm/tahun)", "Kerentanan Gelombang": "Sangat Rendah (0-3 m)", "Desa": "Cemagi", "Kec": "Mengwi", "CVI": 2.2677868380600001, "Kerentanan": "Sangat Rendah ( <= 3.5 )", "Panjang (km)": 0.48622117085 }, "geometry": { "type": "MultiLineString", "coordinates": [ [ [ 115.10035058566956, -8.639561957232566 ], [ 115.10038111577353, -8.63956210860796 ], [ 115.100525384330325, -8.639562823892298 ], [ 115.10058132379362, -8.639563101225871 ], [ 115.100755444487376, -8.639642973755924 ], [ 115.100803459794989, -8.639664999351613 ], [ 115.100815801693699, -8.639670661113922 ], [ 115.100962345542939, -8.639715204958586 ], [ 115.101055795517354, -8.639743609594149 ], [ 115.101175612919761, -8.639815962336266 ], [ 115.101178999446731, -8.639821073436353 ], [ 115.101223323705696, -8.639887957684001 ], [ 115.101223082291355, -8.639936197442218 ], [ 115.101223039311549, -8.639944785693972 ], [ 115.101222844893073, -8.639983634424755 ], [ 115.101240987952352, -8.639997316721171 ], [ 115.101264783710889, -8.640011469112514 ], [ 115.101283008224513, -8.640022308577279 ], [ 115.101284137689163, -8.640022980459085 ], [ 115.10131563953675, -8.640041716598187 ], [ 115.10135919325019, -8.640067620096701 ], [ 115.101401190506678, -8.640079786989741 ], [ 115.10142577183656, -8.640086907957045 ], [ 115.101467079681512, -8.640098875248514 ], [ 115.101486635530762, -8.640104540198175 ], [ 115.101568447473014, -8.640134605659897 ], [ 115.101928280740168, -8.640420573786775 ], [ 115.102093317833564, -8.640706180550328 ], [ 115.102299888210837, -8.64089791947357 ], [ 115.102487585054362, -8.641212775936681 ], [ 115.102498108310456, -8.641230428100526 ], [ 115.102572574703487, -8.641355344259068 ], [ 115.10258591954495, -8.64137772953732 ], [ 115.102705139630643, -8.641569678440499 ], [ 115.102772613650984, -8.641751482531873 ], [ 115.102776289647792, -8.641761388330465 ], [ 115.102776307088334, -8.641761533968831 ], [ 115.102783013839058, -8.641817177089258 ], [ 115.102786104234852, -8.64184281587519 ], [ 115.102787545196307, -8.641854770932438 ], [ 115.102812612881678, -8.642062744244745 ], [ 115.102834112151797, -8.642241118475651 ], [ 115.102838842379313, -8.642280363195265 ], [ 115.102844383224109, -8.642286313069809 ], [ 115.102866579954863, -8.642307985503864 ], [ 115.102874487441412, -8.642314998510388 ], [ 115.10288473741015, -8.642324090681145 ], [ 115.102889491129488, -8.642328306305467 ], [ 115.102889867375211, -8.642328639955315 ], [ 115.102914160323806, -8.642348229895601 ], [ 115.102940048887859, -8.642367199423534 ], [ 115.102966791964647, -8.642385147086234 ], [ 115.102995142023218, -8.64240274470319 ], [ 115.103177194854382, -8.642394619420095 ] ] ] } },
{ "type": "Feature", "properties": { "Kerentanan Geologi": "Sangat Rendah (Batuan Vulkanik)", "Kerentanan Lereng": "Sangat Rendah (>12%)", "Geomorfologi": "Pantai Bertebing Sangat Curam", "Kerentanan Geomorfologi": "Sangat Rendah", "Kerentanan Tunggang Pasut": "Sedang (≥2-<4)", "Kerentanan Laju Perubahan Garis Pantai": "Sedang (-1-1 m/tahun)", "Kerentanan Kenaikan Muka Air Laut": "Tinggi (2 – 4 mm/tahun)", "Kerentanan Gelombang": "Sangat Rendah (0-3 m)", "Desa": "Cemagi", "Kec": "Mengwi", "CVI": 3.20713490295, "Kerentanan": "Sangat Rendah ( <= 3.5 )", "Panjang (km)": 0.17128431135 }, "geometry": { "type": "MultiLineString", "coordinates": [ [ [ 115.099949231171479, -8.639540584201415 ], [ 115.099932487014271, -8.639556506432532 ], [ 115.099924658955075, -8.639563950417941 ], [ 115.099891321239355, -8.639595652783342 ], [ 115.099888916959316, -8.639597938950024 ], [ 115.099866763291445, -8.639611814704782 ], [ 115.09977034788858, -8.639672203367745 ], [ 115.099733739189389, -8.639695132880124 ], [ 115.099676735612206, -8.639730836681361 ], [ 115.099652375482407, -8.639766809973311 ], [ 115.099645678891136, -8.639776699589104 ], [ 115.099634552684293, -8.639793130622072 ], [ 115.099633785743052, -8.639794262302278 ], [ 115.099619936783483, -8.639814714595722 ], [ 115.099532419808895, -8.639943954417189 ], [ 115.099529829762986, -8.639947779253003 ], [ 115.09952314048644, -8.639957658052923 ], [ 115.099521759435859, -8.639959697062777 ], [ 115.099521402925163, -8.640030870998459 ], [ 115.099521315773615, -8.640048269875175 ], [ 115.099520992646561, -8.640112778429778 ], [ 115.099531556323356, -8.640116341252016 ], [ 115.099535880467968, -8.640117799235234 ], [ 115.09958739109905, -8.640135171103685 ], [ 115.099618279524705, -8.640145587985321 ], [ 115.099636170124995, -8.640151621751833 ], [ 115.099768623054601, -8.640128333233204 ], [ 115.099837387207046, -8.640116243641701 ], [ 115.099847872587006, -8.64011439985909 ], [ 115.099858992931885, -8.640107665612462 ], [ 115.099907424382224, -8.64007833621233 ], [ 115.100098606039808, -8.639962558168468 ], [ 115.100112795953095, -8.639946580775653 ], [ 115.100204975539867, -8.639842790262469 ] ] ] } },
{ "type": "Feature", "properties": { "Kerentanan Geologi": "Sangat Rendah (Batuan Vulkanik)", "Kerentanan Lereng": "Sangat Tinggi (<3%)", "Geomorfologi": "Pantai Berpasir", "Kerentanan Geomorfologi": "Sangat Tinggi", "Kerentanan Tunggang Pasut": "Sedang (≥2-<4)", "Kerentanan Laju Perubahan Garis Pantai": "Sangat Tinggi (<-2 m/tahun)", "Kerentanan Kenaikan Muka Air Laut": "Tinggi (2 – 4 mm/tahun)", "Kerentanan Gelombang": "Sangat Rendah (0-3 m)", "Desa": "Pererenan", "Kec": "Mengwi", "CVI": 14.6385010942, "Kerentanan": "Sangat Tinggi ( > 12.5 )", "Panjang (km)": 0.02924756365 }, "geometry": { "type": "MultiLineString", "coordinates": [ [ [ 115.117104709671381, -8.648653709608555 ], [ 115.117321096512129, -8.648807150097912 ] ] ] } },
{ "type": "Feature", "properties": { "Kerentanan Geologi": "Sangat Rendah (Batuan Vulkanik)", "Kerentanan Lereng": "Sangat Tinggi (<3%)", "Geomorfologi": "Pantai Berpasir", "Kerentanan Geomorfologi": "Sangat Tinggi", "Kerentanan Tunggang Pasut": "Sedang (≥2-<4)", "Kerentanan Laju Perubahan Garis Pantai": "Sedang (-1-1 m/tahun)", "Kerentanan Kenaikan Muka Air Laut": "Tinggi (2 – 4 mm/tahun)", "Kerentanan Gelombang": "Sangat Rendah (0-3 m)", "Desa": "Canggu", "Kec": "Kuta Utara", "CVI": 11.3389341903, "Kerentanan": "Tinggi ( 8.51 - 12.5 )", "Panjang (km)": 0.27239103857000002 }, "geometry": { "type": "MultiLineString", "coordinates": [ [ [ 115.125755489419959, -8.655747983799527 ], [ 115.126116335258956, -8.656023007117023 ], [ 115.126446833620946, -8.656268609837195 ], [ 115.126505878903913, -8.656332602856409 ], [ 115.126689868145476, -8.656532009770755 ], [ 115.126762514341195, -8.656610743208434 ] ], [ [ 115.12441437733321, -8.654351978287204 ], [ 115.124486456682575, -8.654405202958001 ], [ 115.124519326574998, -8.654431830485438 ], [ 115.124536398542901, -8.654445660425974 ], [ 115.124586781082755, -8.654486474441804 ], [ 115.124634936667803, -8.654529176060306 ], [ 115.124703230257282, -8.65459564379802 ], [ 115.124767359062673, -8.654666024674617 ], [ 115.124807972810018, -8.654715252779878 ], [ 115.124847441700879, -8.654766717339143 ], [ 115.124861699915613, -8.654786457781624 ], [ 115.124867692115714, -8.654794754788737 ], [ 115.124885656996938, -8.654819627671181 ], [ 115.124920245635238, -8.654869964443771 ], [ 115.124927607684754, -8.65488067839048 ], [ 115.125054777642177, -8.655065746372408 ], [ 115.125060542523059, -8.655073534181977 ], [ 115.125081034548558, -8.655101220227497 ], [ 115.125099973454709, -8.655126807567584 ], [ 115.125132092033652, -8.655167035678668 ], [ 115.125159613089224, -8.655201505892883 ] ] ] } },
{ "type": "Feature", "properties": { "Kerentanan Geologi": "Sangat Rendah (Batuan Vulkanik)", "Kerentanan Lereng": "Sangat Tinggi (<3%)", "Geomorfologi": "Pantai Berpasir", "Kerentanan Geomorfologi": "Sangat Tinggi", "Kerentanan Tunggang Pasut": "Sedang (≥2-<4)", "Kerentanan Laju Perubahan Garis Pantai": "Sedang (-1-1 m/tahun)", "Kerentanan Kenaikan Muka Air Laut": "Tinggi (2 – 4 mm/tahun)", "Kerentanan Gelombang": "Sangat Rendah (0-3 m)", "Desa": "Cemagi", "Kec": "Mengwi", "CVI": 11.3389341903, "Kerentanan": "Tinggi ( 8.51 - 12.5 )", "Panjang (km)": 0.37610546397 }, "geometry": { "type": "MultiLineString", "coordinates": [ [ [ 115.11442843279066, -8.647325444921144 ], [ 115.114719146567538, -8.647485447213548 ], [ 115.114767315343585, -8.64751356641972 ], [ 115.114782774355291, -8.647522590895468 ], [ 115.115046021537367, -8.64767626675283 ], [ 115.115124288792302, -8.6477120604017 ], [ 115.11519208616852, -8.647743065232454 ], [ 115.115262229337233, -8.647775142965113 ], [ 115.115561792688467, -8.648003794413807 ] ], [ [ 115.107957276655611, -8.644846515213352 ], [ 115.107992618985776, -8.644859133223251 ], [ 115.108437062163532, -8.644978846831968 ], [ 115.108677075948592, -8.645048921258075 ], [ 115.108992854883255, -8.645138924404387 ], [ 115.109114045140089, -8.645170231779071 ], [ 115.109442375452829, -8.645217813331346 ] ], [ [ 115.106705023607418, -8.644416430093774 ], [ 115.106832539522784, -8.644469080588333 ], [ 115.107059204632193, -8.644552788999274 ] ], [ [ 115.100040066148466, -8.639135633170049 ], [ 115.100061217780095, -8.639162214921877 ], [ 115.100076717894638, -8.639235992519604 ], [ 115.100090397286763, -8.639301103921799 ] ] ] } },
{ "type": "Feature", "properties": { "Kerentanan Geologi": "Sangat Rendah (Batuan Vulkanik)", "Kerentanan Lereng": "Sangat Tinggi (<3%)", "Geomorfologi": "Pantai Berpasir", "Kerentanan Geomorfologi": "Sangat Tinggi", "Kerentanan Tunggang Pasut": "Sedang (≥2-<4)", "Kerentanan Laju Perubahan Garis Pantai": "Sedang (-1-1 m/tahun)", "Kerentanan Kenaikan Muka Air Laut": "Tinggi (2 – 4 mm/tahun)", "Kerentanan Gelombang": "Sangat Rendah (0-3 m)", "Desa": "Munggu", "Kec": "Mengwi", "CVI": 11.3389341903, "Kerentanan": "Tinggi ( 8.51 - 12.5 )", "Panjang (km)": 0.55925425711 }, "geometry": { "type": "MultiLineString", "coordinates": [ [ [ 115.123239726032949, -8.653457251365207 ], [ 115.123370150539017, -8.653562769347282 ], [ 115.123542179809093, -8.65370466642859 ], [ 115.123675692316169, -8.653814793919317 ], [ 115.123745030870026, -8.653871987626855 ], [ 115.123845103999358, -8.653952384690957 ], [ 115.123895805552877, -8.65399149075763 ], [ 115.123987107641852, -8.654058429435494 ], [ 115.124245716168758, -8.654235013879719 ], [ 115.124330277528699, -8.65429275498866 ], [ 115.124382026266147, -8.654328089887009 ], [ 115.12439292098729, -8.654336135199838 ], [ 115.12441437733321, -8.654351978287204 ] ], [ [ 115.119341949805772, -8.650377896550339 ], [ 115.119568251952998, -8.650555868569574 ], [ 115.120336224107291, -8.65097955045171 ], [ 115.121098989531475, -8.651653014078819 ], [ 115.121122008912351, -8.651770566112123 ], [ 115.121124938179037, -8.651785522773885 ], [ 115.121125040964486, -8.651786046728441 ], [ 115.121132170942914, -8.65182245833901 ], [ 115.12115704009976, -8.651842159656734 ], [ 115.121249253830143, -8.651915209274641 ], [ 115.121405605153228, -8.652039067281603 ], [ 115.121447911782198, -8.652081659986802 ], [ 115.121479912913202, -8.652110449550893 ], [ 115.121515745284768, -8.652142686114374 ], [ 115.121556570669426, -8.65217620654415 ], [ 115.121640436163361, -8.652239251480696 ], [ 115.121752286057742, -8.652315224413542 ], [ 115.121887294263416, -8.652406927719866 ], [ 115.121918814204477, -8.652428337777813 ], [ 115.121986522990767, -8.652475332245027 ], [ 115.122044574240775, -8.652515623616507 ], [ 115.122058106446886, -8.652525447549021 ], [ 115.122118096610691, -8.652568998521543 ] ] ] } },
{ "type": "Feature", "properties": { "Kerentanan Geologi": "Sangat Rendah (Batuan Vulkanik)", "Kerentanan Lereng": "Sangat Tinggi (<3%)", "Geomorfologi": "Pantai Berpasir", "Kerentanan Geomorfologi": "Sangat Tinggi", "Kerentanan Tunggang Pasut": "Sedang (≥2-<4)", "Kerentanan Laju Perubahan Garis Pantai": "Sedang (-1-1 m/tahun)", "Kerentanan Kenaikan Muka Air Laut": "Tinggi (2 – 4 mm/tahun)", "Kerentanan Gelombang": "Sangat Rendah (0-3 m)", "Desa": "Pererenan", "Kec": "Mengwi", "CVI": 11.3389341903, "Kerentanan": "Tinggi ( 8.51 - 12.5 )", "Panjang (km)": 0.1643527064 }, "geometry": { "type": "MultiLineString", "coordinates": [ [ [ 115.118488633757011, -8.649703498999198 ], [ 115.118605283151624, -8.649795273777817 ], [ 115.118893004277126, -8.649940208181096 ], [ 115.119060189367488, -8.650156308626977 ], [ 115.119341949805772, -8.650377896550339 ] ], [ [ 115.115561792688467, -8.648003794413807 ], [ 115.115633362788444, -8.648058422655172 ], [ 115.115873009760421, -8.648203121249367 ], [ 115.115891174892852, -8.648204340736628 ] ] ] } },
{ "type": "Feature", "properties": { "Kerentanan Geologi": "Sangat Rendah (Batuan Vulkanik)", "Kerentanan Lereng": "Sangat Tinggi (<3%)", "Geomorfologi": "Pantai Berpasir", "Kerentanan Geomorfologi": "Sangat Tinggi", "Kerentanan Tunggang Pasut": "Sedang (≥2-<4)", "Kerentanan Laju Perubahan Garis Pantai": "Tinggi (<-1- (-2) m/tahun)", "Kerentanan Kenaikan Muka Air Laut": "Tinggi (2 – 4 mm/tahun)", "Kerentanan Gelombang": "Sangat Rendah (0-3 m)", "Desa": "Canggu", "Kec": "Kuta Utara", "CVI": 13.093073414199999, "Kerentanan": "Sangat Tinggi ( > 12.5 )", "Panjang (km)": 0.08946113421 }, "geometry": { "type": "MultiLineString", "coordinates": [ [ [ 115.125159613089224, -8.655201505892883 ], [ 115.125171204420084, -8.655216024061795 ], [ 115.1251850325352, -8.655231810743087 ], [ 115.125187100379421, -8.655234172340387 ], [ 115.125214136894584, -8.655265037497239 ], [ 115.125273649006942, -8.65532843262655 ], [ 115.125339988781661, -8.655399101836812 ], [ 115.125376154438015, -8.655436086116717 ], [ 115.125444684235063, -8.655501694272388 ], [ 115.125513543436682, -8.655561509911887 ], [ 115.125542238819747, -8.655584866827809 ], [ 115.125553512292569, -8.655594044051579 ], [ 115.125715208017382, -8.655717283385281 ], [ 115.125715924840975, -8.65571782933465 ], [ 115.125755489419959, -8.655747983799527 ] ] ] } },
{ "type": "Feature", "properties": { "Kerentanan Geologi": "Sangat Rendah (Batuan Vulkanik)", "Kerentanan Lereng": "Sangat Tinggi (<3%)", "Geomorfologi": "Pantai Berpasir", "Kerentanan Geomorfologi": "Sangat Tinggi", "Kerentanan Tunggang Pasut": "Sedang (≥2-<4)", "Kerentanan Laju Perubahan Garis Pantai": "Tinggi (<-1- (-2) m/tahun)", "Kerentanan Kenaikan Muka Air Laut": "Tinggi (2 – 4 mm/tahun)", "Kerentanan Gelombang": "Sangat Rendah (0-3 m)", "Desa": "Cemagi", "Kec": "Mengwi", "CVI": 13.093073414199999, "Kerentanan": "Sangat Tinggi ( > 12.5 )", "Panjang (km)": 0.29562880010999998 }, "geometry": { "type": "MultiLineString", "coordinates": [ [ [ 115.107059204632193, -8.644552788999274 ], [ 115.107274801656033, -8.644632409612225 ], [ 115.107461827100479, -8.644672497559318 ], [ 115.107704512839632, -8.644756272167726 ], [ 115.107957276655611, -8.644846515213352 ] ], [ [ 115.099019283197762, -8.637808766023106 ], [ 115.099119367973785, -8.637981483642827 ], [ 115.099320496148621, -8.638135567380273 ], [ 115.099569791791239, -8.638270753952549 ], [ 115.099741599062241, -8.638520370251495 ], [ 115.09977938425402, -8.63865450775487 ], [ 115.099850703207792, -8.638879785034115 ], [ 115.099946566588287, -8.639018128701167 ], [ 115.09999399117261, -8.63907772911649 ], [ 115.100040066148466, -8.639135633170049 ] ] ] } },
{ "type": "Feature", "properties": { "Kerentanan Geologi": "Sangat Rendah (Batuan Vulkanik)", "Kerentanan Lereng": "Sangat Tinggi (<3%)", "Geomorfologi": "Pantai Berpasir", "Kerentanan Geomorfologi": "Sangat Tinggi", "Kerentanan Tunggang Pasut": "Sedang (≥2-<4)", "Kerentanan Laju Perubahan Garis Pantai": "Tinggi (<-1- (-2) m/tahun)", "Kerentanan Kenaikan Muka Air Laut": "Tinggi (2 – 4 mm/tahun)", "Kerentanan Gelombang": "Sangat Rendah (0-3 m)", "Desa": "Munggu", "Kec": "Mengwi", "CVI": 13.093073414199999, "Kerentanan": "Sangat Tinggi ( > 12.5 )", "Panjang (km)": 0.15780117579 }, "geometry": { "type": "MultiLineString", "coordinates": [ [ [ 115.122118096610691, -8.652568998521543 ], [ 115.12217901373684, -8.65261322304095 ], [ 115.12225043580969, -8.652667132766423 ], [ 115.12237570484811, -8.652765168090809 ], [ 115.122532670648383, -8.652888009922641 ], [ 115.122633525553653, -8.652968934487165 ], [ 115.122952174009228, -8.653224611072163 ], [ 115.123168416874861, -8.653399559736123 ], [ 115.123239726032949, -8.653457251365207 ] ] ] } },
{ "type": "Feature", "properties": { "Kerentanan Geologi": "Sangat Rendah (Batuan Vulkanik)", "Kerentanan Lereng": "Sangat Tinggi (<3%)", "Geomorfologi": "Pantai Berpasir", "Kerentanan Geomorfologi": "Sangat Tinggi", "Kerentanan Tunggang Pasut": "Sedang (≥2-<4)", "Kerentanan Laju Perubahan Garis Pantai": "Tinggi (<-1- (-2) m/tahun)", "Kerentanan Kenaikan Muka Air Laut": "Tinggi (2 – 4 mm/tahun)", "Kerentanan Gelombang": "Sangat Rendah (0-3 m)", "Desa": "Pererenan", "Kec": "Mengwi", "CVI": 13.093073414199999, "Kerentanan": "Sangat Tinggi ( > 12.5 )", "Panjang (km)": 0.30749712117 }, "geometry": { "type": "MultiLineString", "coordinates": [ [ [ 115.117321096512129, -8.648807150097912 ], [ 115.117689345744907, -8.649068276483771 ], [ 115.118054589186201, -8.649362008923944 ], [ 115.118488633757011, -8.649703498999198 ] ], [ [ 115.115891174892852, -8.648204340736628 ], [ 115.116257467277549, -8.648228933063242 ], [ 115.11629081786289, -8.648235742009343 ], [ 115.116643745706, -8.648391466661968 ], [ 115.117075206548066, -8.648632788343763 ], [ 115.117104709671381, -8.648653709608555 ] ] ] } },
{ "type": "Feature", "properties": { "Kerentanan Geologi": "Sangat Rendah (Batuan Vulkanik)", "Kerentanan Lereng": "Sedang (6-9%)", "Geomorfologi": "Dataran Aluvial", "Kerentanan Geomorfologi": "Sangat Tinggi", "Kerentanan Tunggang Pasut": "Sedang (≥2-<4)", "Kerentanan Laju Perubahan Garis Pantai": "Sedang (-1-1 m/tahun)", "Kerentanan Kenaikan Muka Air Laut": "Tinggi (2 – 4 mm/tahun)", "Kerentanan Gelombang": "Sangat Rendah (0-3 m)", "Desa": "Cemagi", "Kec": "Mengwi", "CVI": 8.7831006565400003, "Kerentanan": "Tinggi ( 8.51 - 12.5 )", "Panjang (km)": 0.1750757714 }, "geometry": { "type": "MultiLineString", "coordinates": [ [ [ 115.103177194854382, -8.642394619420095 ], [ 115.103255860437457, -8.642391108025402 ], [ 115.103386705408454, -8.642519331887387 ], [ 115.103457555204827, -8.642588762991821 ], [ 115.103485126694096, -8.642607828518253 ], [ 115.103628422073683, -8.642715893093959 ], [ 115.103753319940267, -8.642810082491854 ], [ 115.103878413889944, -8.642951378364575 ], [ 115.103909761915389, -8.642986787001 ], [ 115.103946822730364, -8.643028648099403 ], [ 115.104020851816372, -8.643069100181645 ], [ 115.104246785054698, -8.643192557427756 ], [ 115.104253454853151, -8.643196202124949 ], [ 115.104260275044183, -8.643199928931013 ], [ 115.104262379029478, -8.64320156211622 ], [ 115.104424480033359, -8.643327397375753 ] ] ] } },
{ "type": "Feature", "properties": { "Kerentanan Geologi": "Sangat Rendah (Batuan Vulkanik)", "Kerentanan Lereng": "Sedang (6-9%)", "Geomorfologi": "Pantai Berpasir", "Kerentanan Geomorfologi": "Sangat Tinggi", "Kerentanan Tunggang Pasut": "Sedang (≥2-<4)", "Kerentanan Laju Perubahan Garis Pantai": "Sedang (-1-1 m/tahun)", "Kerentanan Kenaikan Muka Air Laut": "Tinggi (2 – 4 mm/tahun)", "Kerentanan Gelombang": "Sangat Rendah (0-3 m)", "Desa": "Cemagi", "Kec": "Mengwi", "CVI": 8.7831006565400003, "Kerentanan": "Tinggi ( 8.51 - 12.5 )", "Panjang (km)": 0.033118034 }, "geometry": { "type": "MultiLineString", "coordinates": [ [ [ 115.100090397286763, -8.639301103921799 ], [ 115.10010347510547, -8.639363350124032 ], [ 115.100073831548187, -8.639407126316179 ], [ 115.100060465861574, -8.639426864120107 ], [ 115.100045359448927, -8.639449172540933 ], [ 115.100039977658739, -8.63945429079171 ], [ 115.100027734462543, -8.639465932078938 ], [ 115.100008404384525, -8.639484314063235 ], [ 115.099949231171479, -8.639540584201415 ] ] ] } },
{ "type": "Feature", "properties": { "Kerentanan Geologi": "Sangat Rendah (Batuan Vulkanik)", "Kerentanan Lereng": "Tinggi (3-6%)", "Geomorfologi": "Pantai Berpasir", "Kerentanan Geomorfologi": "Sangat Tinggi", "Kerentanan Tunggang Pasut": "Sedang (≥2-<4)", "Kerentanan Laju Perubahan Garis Pantai": "Sangat Tinggi (<-2 m/tahun)", "Kerentanan Kenaikan Muka Air Laut": "Tinggi (2 – 4 mm/tahun)", "Kerentanan Gelombang": "Sangat Rendah (0-3 m)", "Desa": "Cemagi", "Kec": "Mengwi", "CVI": 13.093073414199999, "Kerentanan": "Sangat Tinggi ( > 12.5 )", "Panjang (km)": 0.04573288696 }, "geometry": { "type": "MultiLineString", "coordinates": [ [ [ 115.111914476248373, -8.645816547540612 ], [ 115.111984200858444, -8.645852626832353 ], [ 115.112011574030205, -8.645866791833798 ], [ 115.112021343885132, -8.64587184756736 ], [ 115.112173131390534, -8.645956331348289 ], [ 115.112185050080299, -8.645962965304253 ], [ 115.112277257364951, -8.64601783769324 ] ] ] } },
{ "type": "Feature", "properties": { "Kerentanan Geologi": "Sangat Rendah (Batuan Vulkanik)", "Kerentanan Lereng": "Tinggi (3-6%)", "Geomorfologi": "Pantai Berpasir", "Kerentanan Geomorfologi": "Sangat Tinggi", "Kerentanan Tunggang Pasut": "Sedang (≥2-<4)", "Kerentanan Laju Perubahan Garis Pantai": "Sedang (-1-1 m/tahun)", "Kerentanan Kenaikan Muka Air Laut": "Tinggi (2 – 4 mm/tahun)", "Kerentanan Gelombang": "Sangat Rendah (0-3 m)", "Desa": "Cemagi", "Kec": "Mengwi", "CVI": 10.1418510567, "Kerentanan": "Tinggi ( 8.51 - 12.5 )", "Panjang (km)": 0.55010270985999998 }, "geometry": { "type": "MultiLineString", "coordinates": [ [ [ 115.113824239913285, -8.646878725608552 ], [ 115.113892117270268, -8.646935959454856 ], [ 115.114002173826862, -8.647034268908318 ], [ 115.114035992872502, -8.647064477273712 ], [ 115.114102830053199, -8.647118616814925 ], [ 115.114113833560907, -8.647127529859564 ], [ 115.114142973349985, -8.647147282370696 ], [ 115.114169288252512, -8.647165120639949 ], [ 115.114190701255708, -8.647179635862424 ], [ 115.114300640433058, -8.647250253471723 ], [ 115.114356725919279, -8.64728431790819 ], [ 115.114415565076058, -8.647318362452527 ], [ 115.11442843279066, -8.647325444921144 ] ], [ [ 115.112883290914638, -8.646391918958273 ], [ 115.112917495222518, -8.646418248185936 ], [ 115.112940933701637, -8.646436291120265 ], [ 115.112988058347554, -8.646474085965902 ], [ 115.112995174096824, -8.646479793078221 ], [ 115.113031210699859, -8.646508696133216 ], [ 115.113036240768409, -8.646512730408361 ], [ 115.113097858184744, -8.646559462742331 ], [ 115.113112767931938, -8.646570770916446 ], [ 115.113162475082433, -8.64660479139131 ], [ 115.11321359769434, -8.646636243186041 ], [ 115.113224383288582, -8.646642021721746 ], [ 115.113245971689125, -8.646653588821859 ], [ 115.113248024509417, -8.646654198327452 ], [ 115.113275152308177, -8.646659642443126 ], [ 115.113335775517186, -8.646666294912407 ] ], [ [ 115.109442375452829, -8.645217813331346 ], [ 115.109579794959373, -8.645240283127984 ], [ 115.109864900357536, -8.645286900559714 ], [ 115.110180315002992, -8.645328007117701 ], [ 115.110378654973744, -8.645357047844634 ], [ 115.110599367559871, -8.645393029905819 ], [ 115.110650799579815, -8.645402411028833 ], [ 115.110797295449345, -8.645429131765724 ], [ 115.110936528209905, -8.645458771062566 ], [ 115.111019487300311, -8.645478393311357 ], [ 115.111143447279474, -8.645511093350796 ], [ 115.111213846897243, -8.64553145368863 ], [ 115.111315427290734, -8.645563913995648 ] ], [ [ 115.105486557065959, -8.643874277023656 ], [ 115.105626476312082, -8.643929527785609 ], [ 115.105710109826617, -8.64396255243242 ], [ 115.106068705333456, -8.64413267764205 ], [ 115.106410372295528, -8.644294771353696 ], [ 115.106458554602582, -8.644314665500405 ], [ 115.106705023607418, -8.644416430093774 ] ], [ [ 115.104424480033359, -8.643327397375753 ], [ 115.104500042566045, -8.643386054608854 ] ], [ [ 115.100204975539867, -8.639842790262469 ], [ 115.100233970193187, -8.6398101432997 ], [ 115.100230713378735, -8.639783120511296 ], [ 115.100230238017147, -8.639779178311041 ], [ 115.100229551586125, -8.639773483922358 ], [ 115.10022384648822, -8.639726147682145 ], [ 115.100221254299754, -8.639704638364696 ], [ 115.100220726623917, -8.639700258345611 ], [ 115.100215509098689, -8.639656965619773 ], [ 115.100232002690106, -8.63964536438788 ], [ 115.100297551303584, -8.639599259292163 ], [ 115.10035058566956, -8.639561957232566 ] ] ] } },
{ "type": "Feature", "properties": { "Kerentanan Geologi": "Sangat Rendah (Batuan Vulkanik)", "Kerentanan Lereng": "Tinggi (3-6%)", "Geomorfologi": "Pantai Berpasir", "Kerentanan Geomorfologi": "Sangat Tinggi", "Kerentanan Tunggang Pasut": "Sedang (≥2-<4)", "Kerentanan Laju Perubahan Garis Pantai": "Tinggi (<-1- (-2) m/tahun)", "Kerentanan Kenaikan Muka Air Laut": "Tinggi (2 – 4 mm/tahun)", "Kerentanan Gelombang": "Sangat Rendah (0-3 m)", "Desa": "Cemagi", "Kec": "Mengwi", "CVI": 11.7108008754, "Kerentanan": "Tinggi ( 8.51 - 12.5 )", "Panjang (km)": 0.33174072701000001 }, "geometry": { "type": "MultiLineString", "coordinates": [ [ [ 115.113335775517186, -8.646666294912407 ], [ 115.113358449293742, -8.646668783414341 ], [ 115.113375446453929, -8.646670649071632 ], [ 115.113385298653995, -8.646672127839501 ], [ 115.113422060360605, -8.646677643832206 ], [ 115.113454687672387, -8.646684433149794 ], [ 115.113469101881279, -8.64668743241587 ], [ 115.113515113429997, -8.646700827617666 ], [ 115.113613264424174, -8.646741435038875 ], [ 115.113652296022593, -8.646759807008188 ], [ 115.113689929683986, -8.646780332777251 ], [ 115.113742897211395, -8.646815670193208 ], [ 115.113794326116349, -8.64685350244681 ], [ 115.113796055843409, -8.646854961073602 ], [ 115.113824239913285, -8.646878725608552 ] ], [ [ 115.112277257364951, -8.64601783769324 ], [ 115.112318383314616, -8.646042311614242 ], [ 115.112349002242084, -8.646060532818815 ], [ 115.112409361511865, -8.646095537964626 ], [ 115.112620492680477, -8.646217984327009 ], [ 115.112742612363277, -8.646293435724404 ], [ 115.112802091278539, -8.646333030888108 ], [ 115.112867070683407, -8.646379432663572 ], [ 115.112883290914638, -8.646391918958273 ] ], [ [ 115.111315427290734, -8.645563913995648 ], [ 115.111353382303122, -8.645576042870257 ], [ 115.111420440465324, -8.645599902557104 ], [ 115.111484447474794, -8.645624238085251 ], [ 115.111611288991554, -8.645675951801099 ], [ 115.111724316409919, -8.645725493617944 ], [ 115.111765472512786, -8.645743532677226 ], [ 115.111863649822027, -8.645790246568994 ], [ 115.111914476248373, -8.645816547540612 ] ], [ [ 115.104500042566045, -8.643386054608854 ], [ 115.104534609492191, -8.643412887953946 ], [ 115.10454951024839, -8.643424454898037 ], [ 115.104708949443918, -8.643490713532218 ], [ 115.104737543541745, -8.643502596853763 ], [ 115.104820406704178, -8.643537031782381 ], [ 115.104875724672794, -8.643560019807705 ], [ 115.105077098250803, -8.643666262253612 ], [ 115.105220976918787, -8.643733949865309 ], [ 115.105326351259549, -8.643811014500153 ], [ 115.105486557065959, -8.643874277023656 ] ] ] } },
{ "type": "Feature", "properties": { "Kerentanan Geologi": "Sangat Tinggi (Sedimen Tak Terkonsolidasi)", "Kerentanan Lereng": "Rendah (9-12%)", "Geomorfologi": "Pantai Berpasir", "Kerentanan Geomorfologi": "Sangat Tinggi", "Kerentanan Tunggang Pasut": "Sedang (≥2-<4)", "Kerentanan Laju Perubahan Garis Pantai": "Sedang (-1-1 m/tahun)", "Kerentanan Kenaikan Muka Air Laut": "Tinggi (2 – 4 mm/tahun)", "Kerentanan Gelombang": "Sangat Rendah (0-3 m)", "Desa": "Benoa", "Kec": "Kuta Selatan", "CVI": 16.035674514699998, "Kerentanan": "Sangat Tinggi ( > 12.5 )", "Panjang (km)": 0.00718556193 }, "geometry": { "type": "MultiLineString", "coordinates": [ [ [ 115.235768885585671, -8.798481175667053 ], [ 115.235715292112076, -8.798517018265422 ], [ 115.235714618232947, -8.798517292668064 ] ] ] } },
{ "type": "Feature", "properties": { "Kerentanan Geologi": "Sangat Tinggi (Sedimen Tak Terkonsolidasi)", "Kerentanan Lereng": "Rendah (9-12%)", "Geomorfologi": "Pantai Bertebing Agak Curam", "Kerentanan Geomorfologi": "Rendah", "Kerentanan Tunggang Pasut": "Sedang (≥2-<4)", "Kerentanan Laju Perubahan Garis Pantai": "Sedang (-1-1 m/tahun)", "Kerentanan Kenaikan Muka Air Laut": "Tinggi (2 – 4 mm/tahun)", "Kerentanan Gelombang": "Sangat Rendah (0-3 m)", "Desa": "Benoa", "Kec": "Kuta Selatan", "CVI": 10.1418510567, "Kerentanan": "Tinggi ( 8.51 - 12.5 )", "Panjang (km)": 0.03821130383 }, "geometry": { "type": "MultiLineString", "coordinates": [ [ [ 115.235967780561921, -8.798938974045017 ], [ 115.236018592776887, -8.798913899866493 ], [ 115.236080232816093, -8.798902026662429 ], [ 115.236115865243093, -8.798900061748384 ], [ 115.236153208612393, -8.79889993024111 ], [ 115.236187694915571, -8.798900846765042 ], [ 115.236205984065791, -8.79890133388586 ] ], [ [ 115.23583194704895, -8.798401945014641 ], [ 115.235802391180925, -8.798445624067604 ], [ 115.235779116442629, -8.798471692514921 ], [ 115.235775347083461, -8.798475186402573 ], [ 115.235768885585671, -8.798481175667053 ] ] ] } },
{ "type": "Feature", "properties": { "Kerentanan Geologi": "Sangat Tinggi (Sedimen Tak Terkonsolidasi)", "Kerentanan Lereng": "Sangat Rendah (>12%)", "Geomorfologi": "Pantai Bertebing Sangat Curam", "Kerentanan Geomorfologi": "Sangat Rendah", "Kerentanan Tunggang Pasut": "Sedang (≥2-<4)", "Kerentanan Laju Perubahan Garis Pantai": "Sedang (-1-1 m/tahun)", "Kerentanan Kenaikan Muka Air Laut": "Tinggi (2 – 4 mm/tahun)", "Kerentanan Gelombang": "Sangat Rendah (0-3 m)", "Desa": "Benoa", "Kec": "Kuta Selatan", "CVI": 5.0709255283700001, "Kerentanan": "Rendah ( 3.51 - 5.5 )", "Panjang (km)": 0.38621943909000001 }, "geometry": { "type": "MultiLineString", "coordinates": [ [ [ 115.223671021426625, -8.820424459551477 ], [ 115.223709848197515, -8.82036712160229 ], [ 115.223712152905605, -8.820360352651859 ], [ 115.223758631557303, -8.820223826342863 ], [ 115.22422668511598, -8.820083066223795 ], [ 115.224280117509494, -8.820066997138207 ], [ 115.224312711621025, -8.820057195291842 ], [ 115.224322422133085, -8.820054274849799 ], [ 115.224352735168011, -8.820045158371927 ], [ 115.224364235221799, -8.820041700312785 ], [ 115.224411661060699, -8.820011995180566 ], [ 115.224560612853494, -8.819918698180137 ], [ 115.224576502291811, -8.819908745910931 ], [ 115.224581417767183, -8.819902291263528 ], [ 115.224590641373069, -8.819890179226807 ], [ 115.224641602616629, -8.819823257170134 ], [ 115.224641953852611, -8.819822795930676 ], [ 115.224692666283147, -8.819756200875849 ], [ 115.224727801873485, -8.819742949195851 ], [ 115.224784599217813, -8.81972152737695 ], [ 115.224864802974693, -8.819691278235533 ], [ 115.224943227449344, -8.819661700549117 ], [ 115.225039126993991, -8.819590864490952 ], [ 115.225097686494109, -8.819547609661454 ], [ 115.225117655873589, -8.819394608914818 ], [ 115.225118295697555, -8.81926065393418 ], [ 115.225099423187629, -8.819184017188274 ], [ 115.225015399039378, -8.819135730756786 ], [ 115.224965117449031, -8.819106834920964 ], [ 115.224947351364307, -8.819097894380299 ], [ 115.224849958466123, -8.819048880223193 ], [ 115.224824425523991, -8.819019200856387 ], [ 115.224681525342191, -8.818853099307336 ], [ 115.224656212979099, -8.818823676837253 ], [ 115.22464764748311, -8.818809151744004 ], [ 115.224644219478279, -8.8188033393475 ], [ 115.224608807142602, -8.818736793750888 ], [ 115.224605910918314, -8.818731350932964 ], [ 115.224571598692137, -8.818657706107544 ], [ 115.224541796514785, -8.818581418213435 ], [ 115.224531158983197, -8.818547799556091 ], [ 115.224517275576702, -8.818503922088862 ], [ 115.224516480586402, -8.818500619265611 ], [ 115.224505820296059, -8.818456354708731 ], [ 115.224498430923163, -8.818425668939916 ], [ 115.224485945201579, -8.818348933095884 ], [ 115.22447880322224, -8.818272553412443 ], [ 115.224476562503995, -8.818197254695148 ], [ 115.224479195503264, -8.818123855024909 ] ], [ [ 115.237700229715145, -8.802013606813672 ], [ 115.237662508495703, -8.80202436624411 ], [ 115.237638307248872, -8.802031268778183 ] ] ] } },
{ "type": "Feature", "properties": { "Kerentanan Geologi": "Sangat Tinggi (Sedimen Tak Terkonsolidasi)", "Kerentanan Lereng": "Sangat Tinggi (<3%)", "Geomorfologi": "Dataran Aluvial", "Kerentanan Geomorfologi": "Sedang", "Kerentanan Tunggang Pasut": "Sedang (≥2-<4)", "Kerentanan Laju Perubahan Garis Pantai": "Sedang (-1-1 m/tahun)", "Kerentanan Kenaikan Muka Air Laut": "Tinggi (2 – 4 mm/tahun)", "Kerentanan Gelombang": "Sangat Rendah (0-3 m)", "Desa": "Tanjung Benoa", "Kec": "Kuta Selatan", "CVI": 19.6396101212, "Kerentanan": "Sangat Tinggi ( > 12.5 )", "Panjang (km)": 0.70261680590999998 }, "geometry": { "type": "MultiLineString", "coordinates": [ [ [ 115.223572670075455, -8.766198920677432 ], [ 115.223540117225895, -8.766197646516463 ], [ 115.223508562774228, -8.766192818498112 ], [ 115.223508534627612, -8.766192812941128 ], [ 115.223478472620698, -8.766183929803681 ], [ 115.223478441769217, -8.76618391971347 ], [ 115.223443393092751, -8.766166440419097 ], [ 115.223411586605891, -8.766142932440555 ], [ 115.223383264648788, -8.766114417650758 ], [ 115.223361706997807, -8.766086082039354 ], [ 115.223342803451203, -8.766055178599199 ], [ 115.223326338517225, -8.76602230302513 ], [ 115.223324831081356, -8.766018611716436 ] ], [ [ 115.223283067356192, -8.765789207131645 ], [ 115.223283059081965, -8.765788462111919 ], [ 115.22328305833642, -8.765788427752492 ], [ 115.223284120219006, -8.765745120790957 ], [ 115.223284121329698, -8.765745078303347 ], [ 115.223286475011591, -8.765704558437335 ], [ 115.223289176888343, -8.765657892308585 ], [ 115.223289181750161, -8.765657825427825 ], [ 115.223294528784834, -8.765595171828252 ], [ 115.223294941645349, -8.76559033501081 ], [ 115.223333479728993, -8.765138708859293 ], [ 115.223434743492689, -8.764457462390501 ] ], [ [ 115.216193447177361, -8.760479063105242 ], [ 115.216150350383643, -8.76118048909305 ], [ 115.216050749378155, -8.761897649990008 ], [ 115.216023852994184, -8.762495547906004 ], [ 115.216046642351643, -8.762758787357447 ], [ 115.216044702779314, -8.763165434991965 ], [ 115.215947269245802, -8.76342810598641 ] ], [ [ 115.216856030843772, -8.757831323960851 ], [ 115.216887970769349, -8.757863401974964 ], [ 115.217030755317793, -8.758175048709953 ], [ 115.217035494468007, -8.759000973015528 ], [ 115.217038916653848, -8.759071224184847 ], [ 115.217053551466051, -8.759371675096038 ], [ 115.217053947154, -8.759379799399024 ], [ 115.21705459039562, -8.759392996872032 ], [ 115.217057748417318, -8.7594578447963 ], [ 115.217058509140927, -8.759473469428482 ], [ 115.217059581930343, -8.759495504699276 ] ] ] } },
{ "type": "Feature", "properties": { "Kerentanan Geologi": "Sangat Tinggi (Sedimen Tak Terkonsolidasi)", "Kerentanan Lereng": "Sangat Tinggi (<3%)", "Geomorfologi": "Dataran Aluvial", "Kerentanan Geomorfologi": "Sedang", "Kerentanan Tunggang Pasut": "Sedang (≥2-<4)", "Kerentanan Laju Perubahan Garis Pantai": "Tinggi (<-1- (-2) m/tahun)", "Kerentanan Kenaikan Muka Air Laut": "Tinggi (2 – 4 mm/tahun)", "Kerentanan Gelombang": "Sangat Rendah (0-3 m)", "Desa": "Tanjung Benoa", "Kec": "Kuta Selatan", "CVI": 22.6778683806, "Kerentanan": "Sangat Tinggi ( > 12.5 )", "Panjang (km)": 0.10051410832 }, "geometry": { "type": "MultiLineString", "coordinates": [ [ [ 115.223324831081356, -8.766018611716436 ], [ 115.22331228196083, -8.765987889144649 ], [ 115.223300785909743, -8.765952244164211 ], [ 115.223292183937076, -8.765915550473258 ], [ 115.223286338302898, -8.765873898987094 ], [ 115.223283581827104, -8.765831455568994 ], [ 115.2232835801384, -8.765831428437977 ], [ 115.223283067356192, -8.765789207131645 ] ], [ [ 115.223434743492689, -8.764457462390501 ], [ 115.223575064845704, -8.763798458625081 ] ] ] } },
{ "type": "Feature", "properties": { "Kerentanan Geologi": "Sangat Tinggi (Sedimen Tak Terkonsolidasi)", "Kerentanan Lereng": "Sangat Tinggi (<3%)", "Geomorfologi": "Dataran Reklamasi", "Kerentanan Geomorfologi": "Sangat Tinggi", "Kerentanan Tunggang Pasut": "Sedang (≥2-<4)", "Kerentanan Laju Perubahan Garis Pantai": "Sangat Rendah (>2 m/tahun)", "Kerentanan Kenaikan Muka Air Laut": "Tinggi (2 – 4 mm/tahun)", "Kerentanan Gelombang": "Sangat Rendah (0-3 m)", "Desa": "Kuta", "Kec": "Kuta", "CVI": 14.6385010942, "Kerentanan": "Sangat Tinggi ( > 12.5 )", "Panjang (km)": 1.0569769624500001 }, "geometry": { "type": "MultiLineString", "coordinates": [ [ [ 115.159791821372195, -8.741958690057682 ], [ 115.159785912302667, -8.742019537145358 ], [ 115.159757924529728, -8.742020687670681 ], [ 115.159754522515087, -8.742020827547458 ], [ 115.159728512511862, -8.742021896367692 ], [ 115.159623799911301, -8.742026200005203 ], [ 115.158984027832688, -8.74204562054878 ], [ 115.158437969547023, -8.742065323851159 ], [ 115.156736654807929, -8.742135378305541 ], [ 115.154270931302563, -8.742236894552113 ], [ 115.153634241988158, -8.742260537522576 ], [ 115.15290140243458, -8.742282564175786 ], [ 115.152720029028572, -8.742289835275169 ], [ 115.152631011911211, -8.74229507507045 ], [ 115.152543979116018, -8.74230222216579 ], [ 115.152459919195536, -8.742312224329204 ], [ 115.152380194209385, -8.742326392779328 ], [ 115.152306659158853, -8.742346506736341 ], [ 115.152241796687292, -8.742374955114187 ], [ 115.152188894417534, -8.742414892886057 ], [ 115.152151244176906, -8.742467700357649 ], [ 115.152125155268919, -8.742531616481442 ], [ 115.152107508314288, -8.742603643515331 ], [ 115.152095928272445, -8.742681500658405 ], [ 115.152088635232957, -8.74276347596024 ], [ 115.15208430781307, -8.742848301797173 ], [ 115.152081982796503, -8.742935052222961 ], [ 115.152080759617164, -8.743111850662165 ], [ 115.152083966389895, -8.744004976032747 ], [ 115.152082843429369, -8.744301140182381 ] ] ] } },
{ "type": "Feature", "properties": { "Kerentanan Geologi": "Sangat Tinggi (Sedimen Tak Terkonsolidasi)", "Kerentanan Lereng": "Sangat Tinggi (<3%)", "Geomorfologi": "Dataran Reklamasi", "Kerentanan Geomorfologi": "Sangat Tinggi", "Kerentanan Tunggang Pasut": "Sedang (≥2-<4)", "Kerentanan Laju Perubahan Garis Pantai": "Sangat Rendah (>2 m/tahun)", "Kerentanan Kenaikan Muka Air Laut": "Tinggi (2 – 4 mm/tahun)", "Kerentanan Gelombang": "Sangat Rendah (0-3 m)", "Desa": "Tuban", "Kec": "Kuta", "CVI": 14.6385010942, "Kerentanan": "Sangat Tinggi ( > 12.5 )", "Panjang (km)": 0.27733435189 }, "geometry": { "type": "MultiLineString", "coordinates": [ [ [ 115.152082843429369, -8.744301140182381 ], [ 115.152082798904146, -8.74431293626694 ], [ 115.152079937554717, -8.745068020312834 ], [ 115.15208096128066, -8.745244847779604 ], [ 115.152085469861646, -8.745490433190817 ], [ 115.152085701877567, -8.745503090394616 ], [ 115.152095407145836, -8.745847325223137 ], [ 115.15210477483059, -8.746105396042683 ], [ 115.15211812404587, -8.746363194280086 ], [ 115.152130698600175, -8.746530410901762 ], [ 115.152153756009966, -8.746780774444542 ], [ 115.15215649295925, -8.746806046605634 ] ] ] } },
{ "type": "Feature", "properties": { "Kerentanan Geologi": "Sangat Tinggi (Sedimen Tak Terkonsolidasi)", "Kerentanan Lereng": "Sangat Tinggi (<3%)", "Geomorfologi": "Dataran Reklamasi", "Kerentanan Geomorfologi": "Sangat Tinggi", "Kerentanan Tunggang Pasut": "Sedang (≥2-<4)", "Kerentanan Laju Perubahan Garis Pantai": "Sedang (-1-1 m/tahun)", "Kerentanan Kenaikan Muka Air Laut": "Tinggi (2 – 4 mm/tahun)", "Kerentanan Gelombang": "Sangat Rendah (0-3 m)", "Desa": "Tuban", "Kec": "Kuta", "CVI": 25.354627641899999, "Kerentanan": "Sangat Tinggi ( > 12.5 )", "Panjang (km)": 1.3112850404600001 }, "geometry": { "type": "MultiLineString", "coordinates": [ [ [ 115.15215649295925, -8.746806046605634 ], [ 115.152179078759033, -8.747014575641343 ], [ 115.152189763221159, -8.747113229245919 ], [ 115.152200474366126, -8.747197074320006 ], [ 115.152203994279461, -8.747224630366897 ], [ 115.15220984944493, -8.747270464539911 ], [ 115.152236991833007, -8.747444857356372 ], [ 115.15224097577007, -8.747470454741437 ], [ 115.152256599124016, -8.747588833941656 ], [ 115.152275498177758, -8.747773418784957 ], [ 115.152277040278378, -8.74779369012991 ], [ 115.152282729080582, -8.74786846818685 ], [ 115.152286773380155, -8.747921627335247 ], [ 115.152290356298778, -8.747996478287483 ], [ 115.152293443273336, -8.74806096527637 ], [ 115.152294794384119, -8.748089191502235 ], [ 115.152299784002579, -8.748354199581824 ], [ 115.15229955332326, -8.748593702781358 ], [ 115.152296141047358, -8.749083798549515 ], [ 115.152298073745143, -8.74934803227732 ], [ 115.152303248935439, -8.749512561146032 ], [ 115.15230762831672, -8.749596714340594 ], [ 115.152319838790433, -8.74976365977933 ], [ 115.152327807209772, -8.74984587770588 ], [ 115.152337368441863, -8.749926661417977 ], [ 115.152349024670073, -8.75000534435595 ], [ 115.152363514642929, -8.750081016112135 ], [ 115.152381873070368, -8.750152455819759 ], [ 115.152405504662127, -8.750218044819363 ], [ 115.152436265506878, -8.750275664896101 ], [ 115.152476576354076, -8.750322576782644 ], [ 115.152532456786119, -8.750358570284488 ], [ 115.15259905700519, -8.750382516946198 ], [ 115.152673448320712, -8.750397700511288 ], [ 115.152753412957154, -8.750406609901649 ], [ 115.15283729328786, -8.750411106638412 ], [ 115.152923866645907, -8.750412565265453 ], [ 115.153093358131372, -8.750410202030105 ], [ 115.15310178630979, -8.750410084950801 ], [ 115.153147277428118, -8.750408450002976 ], [ 115.153827589287928, -8.750383997364111 ], [ 115.154279154430341, -8.750369906879024 ], [ 115.156435265855734, -8.7503138028528 ], [ 115.15697361044046, -8.75029542977043 ], [ 115.15831943658597, -8.750246144353111 ], [ 115.158588682142934, -8.75023752330555 ], [ 115.158768238341253, -8.750233300688347 ], [ 115.159026839117672, -8.750230572717399 ], [ 115.159130093688177, -8.750230332754864 ], [ 115.15954455512518, -8.750229367887773 ], [ 115.159889735585281, -8.750229853960613 ], [ 115.160061765641132, -8.750232124252086 ], [ 115.160233322165908, -8.750238299569061 ], [ 115.160257325840462, -8.750239906173906 ], [ 115.160260322778541, -8.750240106982297 ], [ 115.160310105213554, -8.750243440017357 ], [ 115.160318730840018, -8.750244017160048 ], [ 115.160403727323185, -8.750252435004372 ], [ 115.160485597324623, -8.750263901538537 ], [ 115.160488354356545, -8.75026428741819 ], [ 115.160510658715438, -8.750268296007675 ], [ 115.160572340259776, -8.750279383226225 ], [ 115.160655571424485, -8.750297541062402 ], [ 115.160737849259618, -8.750318860314598 ], [ 115.160761362946118, -8.750326058011497 ], [ 115.160787077016437, -8.750333929087075 ] ] ] } },
{ "type": "Feature", "properties": { "Kerentanan Geologi": "Sangat Tinggi (Sedimen Tak Terkonsolidasi)", "Kerentanan Lereng": "Sangat Tinggi (<3%)", "Geomorfologi": "Dataran Reklamasi", "Kerentanan Geomorfologi": "Sangat Tinggi", "Kerentanan Tunggang Pasut": "Sedang (≥2-<4)", "Kerentanan Laju Perubahan Garis Pantai": "Tinggi (<-1- (-2) m/tahun)", "Kerentanan Kenaikan Muka Air Laut": "Tinggi (2 – 4 mm/tahun)", "Kerentanan Gelombang": "Sangat Rendah (0-3 m)", "Desa": "Tuban", "Kec": "Kuta", "CVI": 29.277002188499999, "Kerentanan": "Sangat Tinggi ( > 12.5 )", "Panjang (km)": 0.01117799423 }, "geometry": { "type": "MultiLineString", "coordinates": [ [ [ 115.160787077016437, -8.750333929087075 ], [ 115.160820973789384, -8.75034430443371 ], [ 115.160862416646566, -8.750359137371198 ], [ 115.160883182978239, -8.750366570330032 ] ] ] } },
{ "type": "Feature", "properties": { "Kerentanan Geologi": "Sangat Tinggi (Sedimen Tak Terkonsolidasi)", "Kerentanan Lereng": "Sangat Tinggi (<3%)", "Geomorfologi": "Mangrove", "Kerentanan Geomorfologi": "Sangat Tinggi", "Kerentanan Tunggang Pasut": "Sedang (≥2-<4)", "Kerentanan Laju Perubahan Garis Pantai": "Sedang (-1-1 m/tahun)", "Kerentanan Kenaikan Muka Air Laut": "Tinggi (2 – 4 mm/tahun)", "Kerentanan Gelombang": "Sangat Rendah (0-3 m)", "Desa": "Benoa", "Kec": "Kuta Selatan", "CVI": 25.354627641899999, "Kerentanan": "Sangat Tinggi ( > 12.5 )", "Panjang (km)": 3.2325929445799999 }, "geometry": { "type": "MultiLineString", "coordinates": [ [ [ 115.217541612269784, -8.771668919788452 ], [ 115.217539407401119, -8.771768381170965 ], [ 115.21753832818861, -8.771817053722566 ], [ 115.2175363712484, -8.771905310859545 ], [ 115.217536450786866, -8.771912641677599 ], [ 115.217539214310023, -8.772167190508188 ], [ 115.21753641321142, -8.77223693763581 ], [ 115.217530156852732, -8.772306288727206 ], [ 115.217526255349611, -8.772333898696706 ], [ 115.217523214463029, -8.772355419999894 ], [ 115.217506305949129, -8.77243903269701 ], [ 115.2174969555128, -8.772474760165782 ], [ 115.21748837803014, -8.7725075339727 ], [ 115.217472656504768, -8.772561031276847 ], [ 115.217439359287113, -8.772665201757944 ], [ 115.21739662076422, -8.77279137322099 ], [ 115.217369378671151, -8.77286551095958 ], [ 115.217368199158884, -8.772868720368788 ], [ 115.217349796216737, -8.772911245500167 ], [ 115.217327444106772, -8.772954603642594 ], [ 115.217301248169846, -8.772996145375956 ], [ 115.217271135734762, -8.773034911106203 ], [ 115.217235256945756, -8.773072509530676 ], [ 115.217225212290657, -8.773081157725013 ], [ 115.217191597784122, -8.773110098328512 ], [ 115.217140631566551, -8.773146952835786 ], [ 115.217084353388842, -8.773182452314684 ], [ 115.217011234784522, -8.773223658479008 ], [ 115.216966916001653, -8.773248633745288 ], [ 115.216671491447329, -8.77340887402598 ], [ 115.216585216184754, -8.773458748821684 ], [ 115.216528688435233, -8.773493584313659 ], [ 115.216523666966509, -8.773496678827529 ], [ 115.216456462768946, -8.773538094527604 ], [ 115.216347535900169, -8.773610068716495 ], [ 115.216343030292805, -8.773613045419692 ], [ 115.216255163791885, -8.773674109872232 ], [ 115.215813052200048, -8.773977997360866 ], [ 115.215655781190335, -8.774041416930359 ], [ 115.215620380042438, -8.774014741394376 ], [ 115.215540774795642, -8.773954756913371 ], [ 115.215439784273244, -8.773954279459499 ], [ 115.21539629691928, -8.773997131564284 ], [ 115.215381252575469, -8.774126234463203 ], [ 115.215391155886593, -8.77415289162856 ], [ 115.21542398569899, -8.774241257063785 ], [ 115.215244779125698, -8.774368600988808 ], [ 115.21466502880304, -8.77476709083107 ], [ 115.21461077908954, -8.774817144575804 ], [ 115.214581087364778, -8.774846901749749 ], [ 115.21453828256665, -8.774893317282716 ], [ 115.214504168891665, -8.774933637809152 ], [ 115.214485565270195, -8.774958162972808 ], [ 115.214448936043851, -8.77500645025917 ], [ 115.214446655974953, -8.775009456448389 ], [ 115.214422441781608, -8.775044900078303 ], [ 115.214386732209974, -8.775101563656841 ], [ 115.214351509938112, -8.775162371209754 ], [ 115.214248167390565, -8.775351345983026 ], [ 115.214214137319175, -8.77540989890894 ], [ 115.214144954859393, -8.775519567746629 ], [ 115.214001031327925, -8.77573246537964 ], [ 115.213966694221156, -8.775786409530738 ], [ 115.213929148426004, -8.775850534908788 ], [ 115.213895379136005, -8.775916107533529 ], [ 115.213877995791137, -8.775954922269628 ], [ 115.213854463954689, -8.776017168343108 ], [ 115.213834798210399, -8.776084934149029 ], [ 115.213820144832155, -8.77615740871331 ], [ 115.213811266771657, -8.776233168981568 ], [ 115.213808470063668, -8.776310555575364 ], [ 115.21381166475085, -8.776387855708075 ], [ 115.213820405290605, -8.77646340553917 ], [ 115.21383388453954, -8.776535707678411 ], [ 115.213850960840389, -8.776603658242712 ], [ 115.213851846401369, -8.776606622451411 ], [ 115.213863790638811, -8.776646624751875 ], [ 115.213892658878521, -8.77673093834888 ], [ 115.213913520361629, -8.776784088663423 ], [ 115.213943794389721, -8.776861220430719 ], [ 115.213977490611555, -8.776939399067755 ], [ 115.213981361943937, -8.776947817367029 ], [ 115.214000037723494, -8.776988424727868 ], [ 115.214014875443937, -8.777020688082818 ], [ 115.21417342261411, -8.777344071339449 ], [ 115.214178688798697, -8.777354813443575 ], [ 115.214237808677723, -8.777479553213993 ], [ 115.214355243084881, -8.777735351295261 ], [ 115.214417277005666, -8.777861753021044 ], [ 115.21444276851075, -8.777913694764676 ], [ 115.214534627973123, -8.77808733934592 ], [ 115.214548901005372, -8.778111889873108 ], [ 115.214584104048683, -8.778172439383198 ], [ 115.214621202336957, -8.778232161569884 ], [ 115.214699241975651, -8.778349032978612 ], [ 115.214866156129091, -8.778582280967143 ], [ 115.21493683654424, -8.778687670740688 ], [ 115.215004723385761, -8.77879569177842 ], [ 115.215068693523506, -8.77890858545242 ], [ 115.21510719051652, -8.778985442382803 ], [ 115.215125224700586, -8.779025320700896 ], [ 115.215151182097799, -8.779089151720225 ], [ 115.215175576775991, -8.779158207363931 ], [ 115.21519810527171, -8.779231518811113 ], [ 115.215215134440413, -8.779293799552248 ], [ 115.215218950256386, -8.779307756093159 ], [ 115.215254648196307, -8.779448655161566 ], [ 115.215289082169889, -8.779584568475881 ], [ 115.215294959582764, -8.779607765617236 ], [ 115.215431427218704, -8.780100597116267 ], [ 115.215508638807037, -8.780368930913994 ], [ 115.215526654807491, -8.780436203334769 ], [ 115.215559421280886, -8.780577800067025 ], [ 115.215584955117322, -8.780714478641855 ], [ 115.215605138469229, -8.780848149283068 ], [ 115.215630955987265, -8.781038224365776 ], [ 115.215641702592904, -8.781102185943821 ], [ 115.215654115120074, -8.781163862609358 ], [ 115.215667304517325, -8.781219305573689 ], [ 115.215667715231731, -8.781221033441179 ], [ 115.21569646528539, -8.781322015338382 ], [ 115.215726814226969, -8.781414584928994 ], [ 115.21575318489468, -8.781487444428702 ], [ 115.215759568234091, -8.781503297259498 ], [ 115.215782855244484, -8.781561132323548 ], [ 115.215833543847651, -8.781687017437996 ], [ 115.215853798632196, -8.781737321479548 ], [ 115.215900516711187, -8.781860700633471 ], [ 115.215902724589355, -8.781866530762164 ], [ 115.215950859434145, -8.78200628984683 ], [ 115.215980320932786, -8.78209573248161 ], [ 115.216017145360212, -8.782207527626726 ], [ 115.21605542368556, -8.782332686805685 ], [ 115.216072982255326, -8.78239586240416 ], [ 115.216138830820256, -8.782654961346481 ], [ 115.216170260756655, -8.782768968619138 ], [ 115.216245255343708, -8.783004822147557 ], [ 115.216259920463713, -8.783052921772914 ], [ 115.216326368575338, -8.783270857222801 ], [ 115.216371151509293, -8.783403651550216 ], [ 115.216417032596908, -8.783525937305662 ], [ 115.216552892650057, -8.783872679877131 ], [ 115.216628854159666, -8.784073826907205 ], [ 115.216675931911794, -8.784193157395574 ], [ 115.216729132220877, -8.784313706636244 ], [ 115.216786571420414, -8.784427981586507 ], [ 115.216850227503983, -8.784543708085696 ], [ 115.21688338262291, -8.784600494951697 ], [ 115.216950875916396, -8.784710516645461 ], [ 115.217021577481646, -8.784820918763295 ], [ 115.217057356889384, -8.784874579905983 ], [ 115.217128653930445, -8.784976017975232 ], [ 115.217201017855459, -8.785071019376165 ], [ 115.217238291968911, -8.785115634833293 ], [ 115.217272655822086, -8.785153621231897 ], [ 115.217305024406244, -8.785186735947558 ], [ 115.217372408615887, -8.785249637243561 ], [ 115.217575308161813, -8.785424517319914 ], [ 115.217685294227479, -8.785519315018238 ], [ 115.217779708621151, -8.785604490882026 ], [ 115.217967349377588, -8.785779660317694 ], [ 115.218063138332766, -8.785865165396253 ], [ 115.218112093749284, -8.785906620136918 ], [ 115.218196149091852, -8.785973181278219 ], [ 115.218257683480275, -8.786017971920987 ], [ 115.218320739693766, -8.786060778017701 ], [ 115.218434010168735, -8.786130767224016 ], [ 115.2186806605973, -8.786267499036475 ], [ 115.218797816975169, -8.786335689280646 ], [ 115.218864553095102, -8.786376817509685 ], [ 115.218967991461042, -8.786443643700469 ], [ 115.219246090195441, -8.78662879552714 ], [ 115.220190832522391, -8.787052994466002 ], [ 115.220099945341403, -8.787202071862284 ], [ 115.219422046360492, -8.787094632626319 ], [ 115.219345143975687, -8.787100825856294 ], [ 115.219264567027452, -8.787103795770371 ], [ 115.219179957014617, -8.787104009900681 ], [ 115.219093775496461, -8.787101770091857 ], [ 115.219007645263346, -8.787097356145326 ], [ 115.218921163912398, -8.78709091262405 ], [ 115.218755010795661, -8.787072989321068 ], [ 115.218676607537361, -8.787062133942088 ], [ 115.218465592533789, -8.787028786110142 ], [ 115.218398188470033, -8.787019410238948 ], [ 115.218329816103349, -8.787012396712178 ], [ 115.218259688473651, -8.787008673935722 ], [ 115.218189322634018, -8.787008966030896 ], [ 115.218120518624247, -8.787013356547162 ], [ 115.218055041612885, -8.787021238138349 ], [ 115.217994225954655, -8.787031436360586 ], [ 115.217809911871285, -8.787067992808693 ], [ 115.217736682710637, -8.787077314984462 ], [ 115.217678324818408, -8.787079286620353 ], [ 115.217620603482246, -8.78707528787289 ], [ 115.217539750008143, -8.78706044354367 ], [ 115.217459426370922, -8.787037048924903 ], [ 115.217418203838463, -8.787022326901749 ], [ 115.217306238088781, -8.786976001112041 ], [ 115.216999676194831, -8.786836055727425 ], [ 115.21688273167625, -8.786785208388073 ], [ 115.216824574053732, -8.786761842568712 ], [ 115.216703227606416, -8.786716593332695 ], [ 115.216581945847551, -8.786674359539031 ], [ 115.216457201928066, -8.78663334432844 ], [ 115.216390526820902, -8.7866133529301 ], [ 115.216319330435084, -8.786594448551277 ], [ 115.216243142835083, -8.786577403778153 ], [ 115.216162671117615, -8.786562976876354 ], [ 115.216078845529921, -8.786551635144011 ], [ 115.215992632848213, -8.786543619123986 ], [ 115.215904676039443, -8.786539033116513 ], [ 115.215816786823609, -8.786537987858695 ], [ 115.215728993273174, -8.786540694137901 ], [ 115.215642592730816, -8.786547445598439 ], [ 115.21555868438756, -8.786558540372317 ], [ 115.215478482396804, -8.786574183110515 ], [ 115.215403259479089, -8.786594304800456 ], [ 115.215334166843562, -8.786618399175817 ], [ 115.215271825214217, -8.786645520779716 ], [ 115.215215087928698, -8.786675034933625 ], [ 115.215152522743296, -8.786712784938217 ], [ 115.215092266335461, -8.786753700261485 ], [ 115.214898682534383, -8.78689878720977 ], [ 115.214865918326751, -8.786920637782778 ], [ 115.214812685104306, -8.786950616889589 ], [ 115.214745642730378, -8.786976804792753 ], [ 115.214675025038218, -8.786993664441995 ], [ 115.214602005842409, -8.787002424641019 ], [ 115.214527619122165, -8.787003717731277 ], [ 115.21445280709024, -8.786997600614018 ], [ 115.214378471988041, -8.786983556803866 ], [ 115.214304249075724, -8.786961078279203 ], [ 115.214216336819476, -8.786927445220565 ], [ 115.214149166438432, -8.786897793520135 ], [ 115.214103471391994, -8.78687762267282 ], [ 115.214047383566395, -8.786850061304092 ], [ 115.213990583580525, -8.786819955135581 ], [ 115.213935531484722, -8.786788677395295 ], [ 115.213825456709102, -8.786721693765237 ], [ 115.213659940888604, -8.78661794081558 ], [ 115.213591371568214, -8.786577351866381 ], [ 115.213521636536228, -8.786538971517258 ], [ 115.213441743238889, -8.786499083797789 ], [ 115.213360468478598, -8.786462048272535 ], [ 115.213278207138757, -8.786427203204665 ], [ 115.213111918683822, -8.786362242122747 ], [ 115.212944780067033, -8.786301739571607 ], [ 115.212790044026335, -8.786248184980995 ], [ 115.212705329605143, -8.786216040467599 ], [ 115.21260976870586, -8.786174280968588 ], [ 115.212388171721486, -8.786069840338072 ], [ 115.212326133917173, -8.786042853576427 ], [ 115.212259837146817, -8.786016078960722 ], [ 115.212190429358685, -8.785990070720056 ], [ 115.21205006768561, -8.785942073719669 ], [ 115.211995284094272, -8.785925193861356 ], [ 115.211916663886697, -8.785900969059821 ], [ 115.211850750091813, -8.785883046401556 ], [ 115.211780964535009, -8.785866655891983 ], [ 115.211706946026283, -8.785852444956797 ], [ 115.211629805287828, -8.785840959512536 ], [ 115.211550991452995, -8.785832299554178 ], [ 115.211472119246196, -8.785826148170893 ], [ 115.211329867793381, -8.785819004412174 ], [ 115.211193094483178, -8.785812136126843 ], [ 115.211143543212273, -8.785807954607249 ] ] ] } },
{ "type": "Feature", "properties": { "Kerentanan Geologi": "Sangat Tinggi (Sedimen Tak Terkonsolidasi)", "Kerentanan Lereng": "Sangat Tinggi (<3%)", "Geomorfologi": "Mangrove", "Kerentanan Geomorfologi": "Sangat Tinggi", "Kerentanan Tunggang Pasut": "Sedang (≥2-<4)", "Kerentanan Laju Perubahan Garis Pantai": "Sedang (-1-1 m/tahun)", "Kerentanan Kenaikan Muka Air Laut": "Tinggi (2 – 4 mm/tahun)", "Kerentanan Gelombang": "Sangat Rendah (0-3 m)", "Desa": "Jimbaran", "Kec": "Kuta Selatan", "CVI": 25.354627641899999, "Kerentanan": "Sangat Tinggi ( > 12.5 )", "Panjang (km)": 2.19300428214 }, "geometry": { "type": "MultiLineString", "coordinates": [ [ [ 115.196277852305215, -8.781925352781085 ], [ 115.196284760049664, -8.781886675421239 ], [ 115.196301538188777, -8.781845453244088 ], [ 115.196325392655055, -8.781801751540311 ], [ 115.196328335226724, -8.781797096895497 ], [ 115.196358764711206, -8.781748958623718 ], [ 115.19639784013178, -8.781694754571602 ], [ 115.196442671040188, -8.781640953234509 ], [ 115.196486093327565, -8.781596162542566 ], [ 115.196533541232512, -8.78155335477649 ], [ 115.196584610203629, -8.781512931224121 ], [ 115.196639329410431, -8.781474873941644 ], [ 115.196696535584948, -8.781438799455815 ], [ 115.196755394911037, -8.781403853934524 ], [ 115.19696084217577, -8.781285778405886 ], [ 115.19709665878878, -8.781203739619386 ], [ 115.197162695463248, -8.781160248515743 ], [ 115.197213465592583, -8.781124283300505 ], [ 115.197263018153393, -8.781086944368584 ], [ 115.197298438175991, -8.781058870800308 ], [ 115.197364068152481, -8.781003044111523 ], [ 115.197427424214453, -8.780942513408187 ], [ 115.197490629482701, -8.780873871377191 ], [ 115.197525324648623, -8.780832347783759 ], [ 115.197558250989701, -8.780789743481726 ], [ 115.197591806346978, -8.78074203407188 ], [ 115.197629075853655, -8.780681950041997 ], [ 115.19766162528957, -8.780619900561339 ], [ 115.197678339112358, -8.780582164143615 ], [ 115.197700405072538, -8.780521078950917 ], [ 115.197717742121327, -8.780454401963723 ], [ 115.19772895959315, -8.780383483577575 ], [ 115.197733166391743, -8.780310298589294 ], [ 115.19773006920019, -8.780237057907144 ], [ 115.197719961796167, -8.780165974340184 ], [ 115.19770373525219, -8.780099032103834 ], [ 115.197682783491103, -8.78003759489763 ], [ 115.197666825328511, -8.779999583926442 ], [ 115.1976493712706, -8.779963072021786 ], [ 115.197625746555531, -8.779919161393128 ], [ 115.197599940023125, -8.77987613538798 ], [ 115.197567825250289, -8.779827666451595 ], [ 115.197536417676048, -8.779784253853114 ], [ 115.197472878211386, -8.779704581064498 ], [ 115.197411445484718, -8.779635625476544 ], [ 115.197323620568056, -8.779548014434249 ], [ 115.19724571120544, -8.779475978511748 ], [ 115.197151646486375, -8.779393047028734 ], [ 115.197053403457616, -8.77931021490018 ], [ 115.196951808501851, -8.779229122475856 ], [ 115.196847003145024, -8.779151327272409 ], [ 115.196749022405101, -8.779084402899041 ], [ 115.196680726530857, -8.779040645767347 ], [ 115.196204064165769, -8.778744588422192 ], [ 115.196143582814656, -8.778703775228875 ], [ 115.196075399755784, -8.778651748847066 ], [ 115.196042132098853, -8.77862375737622 ], [ 115.195982225502291, -8.778568768077408 ], [ 115.195916386459416, -8.778502236824538 ], [ 115.195880201531295, -8.77846257948941 ], [ 115.195844044104689, -8.778419677506889 ], [ 115.195808852907263, -8.778373548927719 ], [ 115.195780500025862, -8.778332242915099 ], [ 115.19575424278554, -8.77828964322666 ], [ 115.195734436432218, -8.778253801716833 ], [ 115.195715792369, -8.77821609972476 ], [ 115.19568970362451, -8.778154245545728 ], [ 115.195666274937977, -8.778085448024713 ], [ 115.195645949523907, -8.778010707396341 ], [ 115.195628478513555, -8.777931685090959 ], [ 115.195582215305535, -8.777690709375227 ], [ 115.195563311076313, -8.777613196374734 ], [ 115.195692576540239, -8.777444639549913 ], [ 115.195684981599769, -8.77741490841527 ], [ 115.195514139015998, -8.777203669138263 ], [ 115.195234682617894, -8.777216960730147 ], [ 115.195198034750078, -8.777196592605781 ], [ 115.195114636613752, -8.777153406764137 ], [ 115.195037253950403, -8.777115114586694 ], [ 115.195000851011812, -8.777097100962585 ], [ 115.194814297482665, -8.777007461321409 ], [ 115.194694042221656, -8.776945867215868 ], [ 115.194635833139472, -8.776913939274884 ], [ 115.194541926092029, -8.776858803433313 ], [ 115.194495998446087, -8.776829395169178 ], [ 115.194452038758982, -8.77679897288894 ], [ 115.194410725989073, -8.77676770981086 ], [ 115.194362609150062, -8.776727186136812 ], [ 115.194324947089171, -8.776691794370477 ], [ 115.194289176552786, -8.776654655912999 ], [ 115.194236785752764, -8.776592481453395 ], [ 115.194200714982941, -8.776542821733923 ], [ 115.194167257696549, -8.776490777780721 ], [ 115.194137058162127, -8.776438433889703 ], [ 115.194088746787585, -8.776343435209768 ], [ 115.194054733744991, -8.776266311886411 ], [ 115.193984205787416, -8.7760851783262 ], [ 115.193951802737203, -8.775992177869863 ], [ 115.193926409246558, -8.775902403297499 ], [ 115.193914263101732, -8.775844485305427 ], [ 115.193905627764451, -8.775789187891078 ], [ 115.19389924894449, -8.775733529695936 ], [ 115.193879904967787, -8.775564739612259 ], [ 115.193866344974467, -8.775476699664177 ], [ 115.193851154773213, -8.775399705301565 ], [ 115.193827749610477, -8.77530057479493 ], [ 115.193810274850065, -8.77523876270792 ], [ 115.193760694424469, -8.775079979931462 ], [ 115.193741944939887, -8.775011334971582 ], [ 115.193734093590692, -8.774976591244604 ], [ 115.193724709525952, -8.774922585808596 ], [ 115.193718959711944, -8.774866720878148 ], [ 115.193717319679081, -8.774811017558672 ], [ 115.193719408210285, -8.774757818326982 ], [ 115.193722381814311, -8.774724374049256 ], [ 115.193731124901859, -8.774659663261691 ], [ 115.193749485639458, -8.774563255950707 ], [ 115.193761479758891, -8.774511466582924 ], [ 115.193775732287477, -8.774456103310465 ], [ 115.193811784943833, -8.774332234883701 ], [ 115.193918482582873, -8.774008870158625 ], [ 115.193961144736988, -8.773860412275042 ], [ 115.193963344468145, -8.773851681166523 ], [ 115.194092405767336, -8.773339382887929 ], [ 115.194107801269467, -8.773269957427754 ], [ 115.194121531347122, -8.773197058625891 ], [ 115.194132705851246, -8.773120398340327 ], [ 115.19414045371235, -8.773041005777985 ], [ 115.194144189225582, -8.772960098657446 ], [ 115.194143589837822, -8.772878978228357 ], [ 115.19413857999011, -8.772798987605757 ], [ 115.194129359359522, -8.772721497439829 ], [ 115.194116466823473, -8.772647833894609 ], [ 115.19410080770551, -8.772579094344291 ], [ 115.194083461540941, -8.772515493701555 ], [ 115.19404705217174, -8.77240114215369 ], [ 115.194046099661563, -8.772398150487733 ], [ 115.194001280014518, -8.772276882207873 ], [ 115.193997784116178, -8.77226742318093 ], [ 115.193965789189164, -8.772192672853738 ], [ 115.193929349509276, -8.772118630862499 ], [ 115.193886500318783, -8.772042460721559 ], [ 115.193792505956097, -8.771882692532639 ], [ 115.193698356154471, -8.77172764564636 ], [ 115.193666512497515, -8.771677455604747 ], [ 115.193627637383088, -8.771616182149192 ], [ 115.193590253685684, -8.771560536546609 ], [ 115.193552043175586, -8.771507107428038 ], [ 115.193479061829578, -8.771414760895295 ], [ 115.193429813878652, -8.771358331630433 ], [ 115.193355931038241, -8.771280837658123 ], [ 115.193294085391898, -8.771221189217602 ], [ 115.193246644314428, -8.771177704282733 ], [ 115.193167687700992, -8.771109042458855 ], [ 115.193001607862726, -8.770964616956393 ], [ 115.19295524910828, -8.770921158875311 ], [ 115.192888838503052, -8.770853463856684 ], [ 115.192857923818252, -8.770818494937121 ], [ 115.192828955154454, -8.770782718938252 ], [ 115.192799910202524, -8.770742987186848 ], [ 115.192772612095311, -8.770701163598087 ], [ 115.192736036073939, -8.770636404991341 ], [ 115.192704278995251, -8.770569296216809 ], [ 115.192676681511784, -8.770498053969684 ], [ 115.192665273823806, -8.770462622395915 ], [ 115.192650587020296, -8.77040786922718 ], [ 115.192638835189527, -8.770351707975735 ], [ 115.19262981385998, -8.770296203504527 ], [ 115.192609091499463, -8.770137017341137 ], [ 115.19259045456765, -8.770031817938806 ], [ 115.1925630794901, -8.769924369833959 ], [ 115.192544966221533, -8.769865358284822 ], [ 115.192523855691462, -8.769803160848324 ], [ 115.192500898241306, -8.769741389438121 ], [ 115.192450690956321, -8.769620881889976 ], [ 115.192367056960407, -8.769437464295564 ], [ 115.192298015897933, -8.769291192298601 ], [ 115.19222281904824, -8.769131879196351 ], [ 115.192166584528493, -8.769003902145021 ], [ 115.19211524931427, -8.768878942884694 ], [ 115.192091567839299, -8.768816756645474 ], [ 115.192052560646005, -8.768702289574691 ], [ 115.19201702514907, -8.768582734642525 ], [ 115.191968364935093, -8.768410174392866 ], [ 115.191919539432448, -8.768253378839029 ], [ 115.191915841321389, -8.768243090696217 ], [ 115.191891488838948, -8.768175344720296 ], [ 115.191873640926232, -8.768129704094594 ], [ 115.191866729600761, -8.768112029540285 ], [ 115.191758856757531, -8.767856648019727 ], [ 115.191737868991851, -8.767801048298656 ], [ 115.191730764195668, -8.767782227338474 ], [ 115.19171315215587, -8.767727660877318 ], [ 115.191695104244815, -8.767663817291925 ], [ 115.191641159356237, -8.767442082817157 ], [ 115.1916819878506, -8.767109922914507 ], [ 115.191553118055594, -8.766908372442916 ], [ 115.19139525693987, -8.766735387937592 ], [ 115.191193975969682, -8.766590899372742 ], [ 115.19103548689499, -8.766423608422949 ], [ 115.190820138149277, -8.766196299414265 ], [ 115.190529617753228, -8.765889643793264 ] ] ] } },
{ "type": "Feature", "properties": { "Kerentanan Geologi": "Sangat Tinggi (Sedimen Tak Terkonsolidasi)", "Kerentanan Lereng": "Sangat Tinggi (<3%)", "Geomorfologi": "Mangrove", "Kerentanan Geomorfologi": "Sangat Tinggi", "Kerentanan Tunggang Pasut": "Sedang (≥2-<4)", "Kerentanan Laju Perubahan Garis Pantai": "Sedang (-1-1 m/tahun)", "Kerentanan Kenaikan Muka Air Laut": "Tinggi (2 – 4 mm/tahun)", "Kerentanan Gelombang": "Sangat Rendah (0-3 m)", "Desa": "Kedonganan", "Kec": "Kuta", "CVI": 25.354627641899999, "Kerentanan": "Sangat Tinggi ( > 12.5 )", "Panjang (km)": 2.5773049909600001 }, "geometry": { "type": "MultiLineString", "coordinates": [ [ [ 115.190529617753228, -8.765889643793264 ], [ 115.190347104555173, -8.76569699367511 ], [ 115.190160320738485, -8.765538222701357 ], [ 115.189987756254155, -8.765422576938418 ], [ 115.189872551211693, -8.765378967847584 ], [ 115.189610480705468, -8.765240727606484 ], [ 115.189562747763532, -8.765195067607014 ], [ 115.189462394375724, -8.765099071744253 ], [ 115.189192196642423, -8.764840605746874 ], [ 115.18898283965072, -8.764640339804892 ], [ 115.188945494383674, -8.764541368539479 ], [ 115.188922591421218, -8.764487835376002 ], [ 115.188897983005106, -8.764435171905939 ], [ 115.188870119590788, -8.764380577073974 ], [ 115.188839897543886, -8.764326240353716 ], [ 115.188808032379328, -8.764273225668088 ], [ 115.188773329014225, -8.76421966306167 ], [ 115.188736409168868, -8.764167406179405 ], [ 115.188698153477418, -8.764118702280989 ], [ 115.188659497201101, -8.764075214848065 ], [ 115.188628370842878, -8.764044168480696 ], [ 115.18859702550597, -8.764016117204855 ], [ 115.188537291130999, -8.763970331790288 ], [ 115.188504218488248, -8.763949727326143 ], [ 115.188484690389942, -8.76393756144174 ], [ 115.188443536646332, -8.763917372988134 ], [ 115.188418066623683, -8.763907707344682 ], [ 115.188389328774036, -8.763899509638964 ], [ 115.188354304285156, -8.763893307848912 ], [ 115.188314698125708, -8.763891147053805 ], [ 115.188272631960515, -8.763894411635709 ], [ 115.188230220660941, -8.763903637007683 ], [ 115.188189201961634, -8.763918606383745 ], [ 115.188150486518154, -8.763938745515217 ], [ 115.188137278097443, -8.763947968052925 ], [ 115.188107559374771, -8.763968718987694 ], [ 115.188066002432464, -8.764006244528453 ], [ 115.188026228876296, -8.764050823255042 ], [ 115.187991881199522, -8.764097185538406 ], [ 115.18798964733341, -8.764100201706942 ], [ 115.187955302656761, -8.764155132928854 ], [ 115.187923607177524, -8.764214731990039 ], [ 115.187893847014664, -8.764280224120721 ], [ 115.187866040314717, -8.764351052491165 ], [ 115.187840278208526, -8.764425101977109 ], [ 115.187816236606096, -8.764500238285461 ], [ 115.187694822455839, -8.764903107087449 ], [ 115.187673784582842, -8.764966000181969 ], [ 115.187650248454332, -8.765024391598743 ], [ 115.187622631645482, -8.765076265771516 ], [ 115.187612008549436, -8.765090200120511 ], [ 115.187580528883814, -8.765131490608839 ], [ 115.187530163074484, -8.765179661900387 ], [ 115.187473850012722, -8.765221299752962 ], [ 115.187413553793377, -8.765256362054021 ], [ 115.187350992359129, -8.765284217855568 ], [ 115.187287747711096, -8.765303596369987 ], [ 115.187225366254665, -8.765312508795979 ], [ 115.187165461094168, -8.765308143031419 ], [ 115.187118254752036, -8.765292086883997 ], [ 115.187076948836122, -8.765266539925193 ], [ 115.187039702914419, -8.765231718443335 ], [ 115.187005243033511, -8.765186276471683 ], [ 115.186974038499983, -8.765130324753613 ], [ 115.186955704531442, -8.76508705131249 ], [ 115.186946564956756, -8.765065478461466 ], [ 115.186922823555577, -8.764994498679258 ], [ 115.186902295762451, -8.764920304924175 ], [ 115.186876214919494, -8.764535242679592 ], [ 115.186895583916325, -8.764206837882519 ], [ 115.186895982549288, -8.764205967352565 ], [ 115.186927766161517, -8.764145839942728 ], [ 115.186963116761461, -8.764086832627456 ], [ 115.187058034132605, -8.763942791619215 ], [ 115.187072277773495, -8.763921176362272 ], [ 115.18710685592346, -8.763866655008512 ], [ 115.187381012320898, -8.763491642603892 ], [ 115.187420504005672, -8.763281330066777 ], [ 115.187344489377026, -8.763089600287744 ], [ 115.187017208170246, -8.763145439769977 ], [ 115.186766868946819, -8.763201649040445 ], [ 115.18647861495208, -8.763142855504235 ], [ 115.186325566101644, -8.762969892719317 ], [ 115.186172518297909, -8.762796929904029 ], [ 115.18601956253076, -8.762604830719821 ], [ 115.185923385869899, -8.762604369076939 ], [ 115.185730845106349, -8.762641717458468 ], [ 115.185576033978705, -8.762832339233984 ], [ 115.185440736007777, -8.762965645204305 ], [ 115.185440178968079, -8.763080461335484 ], [ 115.185459310774149, -8.763436325144399 ], [ 115.185437011901953, -8.763584878585283 ], [ 115.185419763598958, -8.763718720591044 ], [ 115.185413064127914, -8.763782948976665 ], [ 115.185408373774024, -8.763847030602797 ], [ 115.185406545076631, -8.763910195666933 ], [ 115.185407128763245, -8.76393486733401 ], [ 115.185408037320883, -8.763973308872092 ], [ 115.185412835877088, -8.764034328724318 ], [ 115.185420188393962, -8.764091170407132 ], [ 115.185438700675547, -8.764192607238853 ], [ 115.185468021625027, -8.76433214891594 ], [ 115.185481664800733, -8.764405274449667 ], [ 115.185490477174923, -8.764476092162266 ], [ 115.185491837519322, -8.764532488287434 ], [ 115.185489989401106, -8.764558074964 ], [ 115.185483811373729, -8.764594806297263 ], [ 115.185473209667435, -8.764629980345642 ], [ 115.185463345642162, -8.764653032347532 ], [ 115.185450675534995, -8.764676408096625 ], [ 115.18543486909509, -8.764699994804042 ], [ 115.185405135626084, -8.764734797605826 ], [ 115.18536786291584, -8.764768093249268 ], [ 115.185321306809442, -8.764800109321104 ], [ 115.185264797492493, -8.764830292012705 ], [ 115.18519965698556, -8.764857946099335 ], [ 115.185203508461811, -8.764929092573411 ], [ 115.184988754304328, -8.764934534249297 ], [ 115.184970169596809, -8.764800489442228 ], [ 115.184816377930531, -8.764780613871045 ], [ 115.184739435660163, -8.764780244220198 ], [ 115.184719922082238, -8.764837560749545 ], [ 115.184699943101421, -8.764990556126895 ], [ 115.18462262917798, -8.765066730789432 ], [ 115.18458214037048, -8.765075653938645 ], [ 115.184249808245525, -8.765148892545648 ], [ 115.18416191053619, -8.765152448987012 ], [ 115.184073073906731, -8.76515173180854 ], [ 115.183983771272608, -8.76514760577974 ], [ 115.183894470258565, -8.765140527902869 ], [ 115.183805683044923, -8.765130575679427 ], [ 115.183718023637809, -8.765117443769146 ], [ 115.183632269766221, -8.765100423493829 ], [ 115.183549438551339, -8.765078353476781 ], [ 115.183527302855865, -8.765070584038273 ], [ 115.183483330864036, -8.76505514875887 ], [ 115.183421991488714, -8.765028408482234 ], [ 115.183355136568224, -8.764991596400506 ], [ 115.183296152914693, -8.764947994514641 ], [ 115.183271421424919, -8.764924204871722 ], [ 115.183247348197256, -8.764895677376719 ], [ 115.18323327827207, -8.764875128605249 ], [ 115.18321757887648, -8.764847102456841 ], [ 115.183194945416389, -8.764791963844106 ], [ 115.183178371561283, -8.764732558161883 ], [ 115.18316777791263, -8.764679054164668 ], [ 115.183159803011037, -8.764623755496018 ], [ 115.183153939281951, -8.764567133455241 ], [ 115.183148942285442, -8.764495785342845 ], [ 115.183140078359074, -8.764293700758621 ], [ 115.18320880115391, -8.763924304248516 ], [ 115.183213339057204, -8.763899912182822 ], [ 115.183093698378457, -8.763779733868507 ], [ 115.182829559717803, -8.763706702095355 ], [ 115.182662179117543, -8.763514532459784 ], [ 115.182590860020099, -8.76334674502789 ], [ 115.182687618751132, -8.763227607308863 ], [ 115.182880205394369, -8.763180691998828 ], [ 115.183049328181042, -8.763014061600257 ], [ 115.183146667654029, -8.76277532342813 ], [ 115.18307523219444, -8.762631456665003 ], [ 115.182955359489739, -8.762559117777913 ], [ 115.182762308316725, -8.762701713766013 ], [ 115.182376670542283, -8.762891223899967 ], [ 115.182136227840616, -8.762890067385996 ], [ 115.181992891830006, -8.762698013246911 ], [ 115.181946664314609, -8.762315061610744 ], [ 115.18175570505926, -8.762027095594252 ], [ 115.181751749712546, -8.761981363399062 ], [ 115.18173294020643, -8.761763859849227 ], [ 115.181637926739256, -8.761524196773269 ], [ 115.181575006181248, -8.761345782424776 ], [ 115.181485857373659, -8.761092995861341 ], [ 115.181467393917757, -8.76099781736356 ], [ 115.181449803638657, -8.760920431809375 ], [ 115.18143063974874, -8.760847080841065 ], [ 115.181410209604422, -8.76077866007553 ], [ 115.181366265180088, -8.760651493670931 ], [ 115.181342112218232, -8.760587101671298 ], [ 115.181320090364636, -8.76053092900027 ], [ 115.181290860459953, -8.760456368760744 ], [ 115.181233670074178, -8.760315693101056 ], [ 115.1812144952561, -8.760268528850805 ], [ 115.181170633908621, -8.760154389779442 ], [ 115.181019598638272, -8.759732158732838 ], [ 115.180977827788439, -8.759601522065774 ], [ 115.180943180735241, -8.759472582284751 ], [ 115.180929912706674, -8.759414632717316 ], [ 115.180912937378167, -8.75932331187945 ], [ 115.180905183788937, -8.759252646699002 ], [ 115.180903809880206, -8.759211304506383 ], [ 115.180905312223331, -8.759165289386274 ], [ 115.180910295780876, -8.759116714379095 ], [ 115.180918794328932, -8.759066295680684 ], [ 115.180930902116671, -8.759012404586224 ], [ 115.180946635364791, -8.758953947232486 ], [ 115.180986256738862, -8.75882869994423 ], [ 115.181004694961487, -8.758775560758057 ], [ 115.181051621393848, -8.758640315987904 ], [ 115.181090326259564, -8.758516082261789 ], [ 115.181126231979547, -8.758381026745687 ], [ 115.181189965994591, -8.758116940517448 ] ] ] } },
{ "type": "Feature", "properties": { "Kerentanan Geologi": "Sangat Tinggi (Sedimen Tak Terkonsolidasi)", "Kerentanan Lereng": "Sangat Tinggi (<3%)", "Geomorfologi": "Mangrove", "Kerentanan Geomorfologi": "Sangat Tinggi", "Kerentanan Tunggang Pasut": "Sedang (≥2-<4)", "Kerentanan Laju Perubahan Garis Pantai": "Sedang (-1-1 m/tahun)", "Kerentanan Kenaikan Muka Air Laut": "Tinggi (2 – 4 mm/tahun)", "Kerentanan Gelombang": "Sangat Rendah (0-3 m)", "Desa": "Kuta", "Kec": "Kuta", "CVI": 25.354627641899999, "Kerentanan": "Sangat Tinggi ( > 12.5 )", "Panjang (km)": 0.77765321172000001 }, "geometry": { "type": "MultiLineString", "coordinates": [ [ [ 115.185286195822343, -8.74355901768104 ], [ 115.185366770456866, -8.743567281058608 ], [ 115.185447285678137, -8.743577682298238 ], [ 115.185786055174745, -8.743631940260055 ], [ 115.185867525666126, -8.743640620995031 ], [ 115.185944918440256, -8.743642778185286 ], [ 115.18601663725012, -8.743635323965218 ], [ 115.186080539977908, -8.743614361410449 ], [ 115.18611331297582, -8.743594367199869 ], [ 115.186157671231669, -8.743553564873183 ], [ 115.186181954864267, -8.743522671015915 ], [ 115.186214327629671, -8.743468009496217 ], [ 115.186242798210259, -8.74339984031624 ], [ 115.186254783292682, -8.743361379115523 ], [ 115.186264353822224, -8.74332311519467 ], [ 115.186264688345389, -8.743321777844834 ], [ 115.186272645888721, -8.743280880732105 ], [ 115.186278588822859, -8.743239408917159 ], [ 115.186278921577596, -8.743234868380924 ], [ 115.186284458267394, -8.743159220156366 ], [ 115.186283586603793, -8.743087509277927 ], [ 115.186278353364301, -8.743028687865861 ], [ 115.18627035200096, -8.742978532426951 ], [ 115.186260931291756, -8.742936997887256 ], [ 115.186251835033019, -8.742905411659248 ], [ 115.186239405746591, -8.742869839627105 ], [ 115.186208126134105, -8.742790795646341 ], [ 115.186186122666129, -8.742721747365346 ], [ 115.186173114740996, -8.742668099876854 ], [ 115.18616122856649, -8.742604232544268 ], [ 115.186157678811853, -8.74257780085548 ], [ 115.186151580955524, -8.742532402794906 ], [ 115.186146423171749, -8.742473577226033 ], [ 115.186144711095167, -8.742454048899821 ], [ 115.186141045040642, -8.742373894941887 ], [ 115.186140550201898, -8.742292102596172 ], [ 115.186143319202884, -8.742209624308684 ], [ 115.186149291656434, -8.742130301252503 ], [ 115.186158201847775, -8.742055523543623 ], [ 115.186169402751148, -8.741987359345135 ], [ 115.186182077931178, -8.741926641931277 ], [ 115.186195521498021, -8.741873143708512 ], [ 115.186198027795797, -8.741864686228558 ], [ 115.186211157022171, -8.741820374728743 ], [ 115.1862284524518, -8.741770493210424 ], [ 115.186241465538657, -8.741737226375218 ], [ 115.186271998232812, -8.741668784959014 ], [ 115.186299624441162, -8.741614882700869 ], [ 115.186331218568796, -8.741560330412797 ], [ 115.186366171266457, -8.741507485745739 ], [ 115.186403850899779, -8.741458053493956 ], [ 115.18643050292566, -8.741427069667763 ], [ 115.186458656559026, -8.741397319872984 ], [ 115.186496035532898, -8.741361759375415 ], [ 115.186535446059338, -8.74132833953003 ], [ 115.18658593806758, -8.741290691876637 ], [ 115.186633066311771, -8.741259922676882 ], [ 115.186684062666643, -8.741230350914201 ], [ 115.186738134074915, -8.741202110212122 ], [ 115.186849394477932, -8.741150000495157 ], [ 115.18695530696229, -8.741103722722452 ], [ 115.18706663286882, -8.741057225813915 ], [ 115.187170413523134, -8.741018824117813 ], [ 115.187219707161049, -8.741003099251067 ], [ 115.187302049899287, -8.740980506857809 ], [ 115.187372702402911, -8.740964378784954 ], [ 115.18742571158441, -8.740954342099736 ], [ 115.187480149777812, -8.740946271400139 ], [ 115.187526520011829, -8.740941452969219 ], [ 115.187575293778053, -8.74093852562838 ], [ 115.187625446619165, -8.740937743948745 ], [ 115.187675870210782, -8.740939041149833 ], [ 115.187725554923617, -8.740942048054716 ], [ 115.187771862786164, -8.740946375040227 ], [ 115.187914575892705, -8.740959709506875 ], [ 115.187983686859198, -8.740964522545871 ], [ 115.188053798272676, -8.740966904746571 ], [ 115.188122489523252, -8.740966241504614 ], [ 115.188187183301082, -8.740962564794501 ], [ 115.188245305289243, -8.740956603658079 ], [ 115.188292900570445, -8.740949889694422 ], [ 115.18838082390721, -8.740933665912623 ], [ 115.188452971332282, -8.740916392968336 ], [ 115.188533758957661, -8.74089084010207 ], [ 115.188580405549928, -8.740872833126188 ], [ 115.188640055240185, -8.740846526410438 ], [ 115.188698320305491, -8.740817150918717 ], [ 115.18873813700543, -8.740794791534286 ], [ 115.188789842260277, -8.740762717603868 ], [ 115.188840195659054, -8.74072793940406 ], [ 115.18889606064613, -8.740684849143495 ], [ 115.188949425126353, -8.740638681157069 ], [ 115.188977844767805, -8.740611756763865 ], [ 115.189017912748369, -8.740570664036721 ], [ 115.189053537995875, -8.740530879075859 ], [ 115.189087671065252, -8.740489785091054 ], [ 115.189153223284777, -8.740401100921757 ], [ 115.189193103050357, -8.740337815527187 ], [ 115.189220757084769, -8.740288582696147 ], [ 115.189272879485202, -8.740184397907393 ], [ 115.189316365156046, -8.740089279610723 ], [ 115.189420944451058, -8.739851497065718 ], [ 115.189443939517176, -8.739793387302257 ], [ 115.189464731338575, -8.739734813155257 ], [ 115.189488160074816, -8.73965519810824 ], [ 115.189499736622835, -8.739607137861247 ] ] ] } },
{ "type": "Feature", "properties": { "Kerentanan Geologi": "Sangat Tinggi (Sedimen Tak Terkonsolidasi)", "Kerentanan Lereng": "Sangat Tinggi (<3%)", "Geomorfologi": "Mangrove", "Kerentanan Geomorfologi": "Sangat Tinggi", "Kerentanan Tunggang Pasut": "Sedang (≥2-<4)", "Kerentanan Laju Perubahan Garis Pantai": "Sedang (-1-1 m/tahun)", "Kerentanan Kenaikan Muka Air Laut": "Tinggi (2 – 4 mm/tahun)", "Kerentanan Gelombang": "Sangat Rendah (0-3 m)", "Desa": "Tanjung Benoa", "Kec": "Kuta Selatan", "CVI": 25.354627641899999, "Kerentanan": "Sangat Tinggi ( > 12.5 )", "Panjang (km)": 0.13611708402 }, "geometry": { "type": "MultiLineString", "coordinates": [ [ [ 115.217059581930343, -8.759495504699276 ], [ 115.217059904793487, -8.759502128756443 ], [ 115.217061399800528, -8.759532823682662 ], [ 115.217063308764509, -8.759572004638137 ], [ 115.217065249133569, -8.759611842118495 ], [ 115.21703464102508, -8.759642005920723 ], [ 115.216902497084718, -8.75977222768311 ], [ 115.216847823009289, -8.759826106418769 ], [ 115.216827898283228, -8.759826012438397 ], [ 115.216726800635499, -8.759825535567746 ], [ 115.216714186035546, -8.75982547606365 ], [ 115.216535244295812, -8.759824631935546 ], [ 115.216508111283474, -8.759856713399378 ], [ 115.216482047579134, -8.759887529644544 ], [ 115.216449384317229, -8.759926148777641 ], [ 115.216414337488686, -8.759967587397908 ], [ 115.216244771102652, -8.760229918385342 ] ] ] } },
{ "type": "Feature", "properties": { "Kerentanan Geologi": "Sangat Tinggi (Sedimen Tak Terkonsolidasi)", "Kerentanan Lereng": "Sangat Tinggi (<3%)", "Geomorfologi": "Mangrove", "Kerentanan Geomorfologi": "Sangat Tinggi", "Kerentanan Tunggang Pasut": "Sedang (≥2-<4)", "Kerentanan Laju Perubahan Garis Pantai": "Sedang (-1-1 m/tahun)", "Kerentanan Kenaikan Muka Air Laut": "Tinggi (2 – 4 mm/tahun)", "Kerentanan Gelombang": "Sangat Rendah (0-3 m)", "Desa": "Tuban", "Kec": "Kuta", "CVI": 25.354627641899999, "Kerentanan": "Sangat Tinggi ( > 12.5 )", "Panjang (km)": 1.9125991465500001 }, "geometry": { "type": "MultiLineString", "coordinates": [ [ [ 115.181189965994591, -8.758116940517448 ], [ 115.181255463424307, -8.757872752571616 ], [ 115.181283368944591, -8.757751569662432 ], [ 115.181296979000777, -8.757680057038762 ], [ 115.181346356057901, -8.75736789846651 ], [ 115.18136087393691, -8.757290399743704 ], [ 115.18137696794048, -8.757219751605957 ], [ 115.181394708278106, -8.757156467006048 ], [ 115.181412959774462, -8.757102816966741 ], [ 115.181429729986974, -8.757060761000204 ], [ 115.181466127214605, -8.756983825853506 ], [ 115.18152712440596, -8.75686990902512 ], [ 115.18158261757749, -8.756772930839956 ], [ 115.181591319895958, -8.75675852814252 ], [ 115.181645211207965, -8.756669339055065 ], [ 115.181722551298847, -8.756544795498078 ], [ 115.181784510442625, -8.756448143081164 ], [ 115.181822390891071, -8.756391169936338 ], [ 115.182001481345637, -8.756121808406311 ], [ 115.182074224126893, -8.756008789586774 ], [ 115.182250323486613, -8.755732309193274 ], [ 115.182288379463841, -8.755667976667924 ], [ 115.182301940448625, -8.755645051892591 ], [ 115.182326976038723, -8.755602729088814 ], [ 115.182378469947594, -8.755504123117092 ], [ 115.18242566309253, -8.755400561974861 ], [ 115.182438303219996, -8.75537282484702 ], [ 115.182574368277486, -8.755051994528367 ], [ 115.182627118192357, -8.754923569697326 ], [ 115.182677200124857, -8.75479379760441 ], [ 115.182707367437303, -8.754709524591307 ], [ 115.18274224353722, -8.754597809926713 ], [ 115.182761496772599, -8.754524364217733 ], [ 115.182779013212794, -8.75444701717587 ], [ 115.182794855444925, -8.754367103530367 ], [ 115.182851411752935, -8.754053163463185 ], [ 115.182858817972345, -8.754019492067725 ], [ 115.182879635285389, -8.753924850365618 ], [ 115.182931277386146, -8.753728204240435 ], [ 115.182964365945466, -8.753615886949287 ], [ 115.182989070304529, -8.753532031543539 ], [ 115.183014430288566, -8.753427114117622 ], [ 115.183040039369416, -8.753292208501064 ], [ 115.183054782063508, -8.753200640411707 ], [ 115.183074289973817, -8.753065119637185 ], [ 115.183088476629408, -8.752982885351173 ], [ 115.183113587653082, -8.752877003857423 ], [ 115.183129241339543, -8.752825231598681 ], [ 115.183145817844732, -8.752779924357142 ], [ 115.18317100379987, -8.752726206172285 ], [ 115.183190829264802, -8.752692663105886 ], [ 115.183211583193952, -8.752662736313551 ], [ 115.183237248693288, -8.752630424623188 ], [ 115.183268268945724, -8.752595599973336 ], [ 115.183413846510319, -8.752448237953143 ], [ 115.183455207897424, -8.752403577671302 ], [ 115.183495864085629, -8.752356481105476 ], [ 115.183535742479819, -8.752306739063721 ], [ 115.18357402091047, -8.752255423459815 ], [ 115.183622057825346, -8.752185309955951 ], [ 115.183678451901201, -8.752091716796711 ], [ 115.18371069031781, -8.752031114347991 ], [ 115.183724242994487, -8.752003292007219 ], [ 115.18374080083872, -8.751969301959482 ], [ 115.183768653482062, -8.751907222872401 ], [ 115.183801999829114, -8.75182503075842 ], [ 115.183817480624825, -8.751782641107026 ], [ 115.183839684527371, -8.751714920528986 ], [ 115.183860426576359, -8.751642070386781 ], [ 115.183879584283886, -8.751565174994504 ], [ 115.183933658935089, -8.751325426217152 ], [ 115.183953737370828, -8.751247925879404 ], [ 115.183976166913197, -8.751174324387005 ], [ 115.184001096300605, -8.751105994854152 ], [ 115.184028131005533, -8.751043713804146 ], [ 115.184057037868726, -8.750986463926246 ], [ 115.184093858971224, -8.750922478618003 ], [ 115.184133883777079, -8.750860103482626 ], [ 115.184194773949216, -8.750774012149266 ], [ 115.184361430863845, -8.750553302808454 ], [ 115.184424867343054, -8.750465316013377 ], [ 115.184560210262859, -8.750263736818965 ], [ 115.184606026933352, -8.750191869368734 ], [ 115.184642893410398, -8.750130670578807 ], [ 115.184677607932429, -8.750068539293389 ], [ 115.184709514708018, -8.750005221031993 ], [ 115.18472725765686, -8.749965917853046 ], [ 115.184752203653019, -8.749902922406489 ], [ 115.184754770568375, -8.749895108051922 ], [ 115.184774675973046, -8.749834499620718 ], [ 115.184794035276482, -8.749761500790401 ], [ 115.184810072052869, -8.749685341613104 ], [ 115.184822788814628, -8.749609067061069 ], [ 115.184833054173325, -8.749532146082407 ], [ 115.18484759590487, -8.749385684378078 ], [ 115.184869239839017, -8.749066786165773 ], [ 115.184871120721226, -8.749039074119009 ], [ 115.184879358941714, -8.748963399185175 ], [ 115.184890517827824, -8.748888107123246 ], [ 115.184904836027158, -8.748814958427277 ], [ 115.184913404768409, -8.748780410113234 ], [ 115.184922062479558, -8.748745504207413 ], [ 115.184941452261754, -8.748680818560846 ], [ 115.184984400560765, -8.748561317261016 ], [ 115.185052097821838, -8.748387554778661 ], [ 115.18507231188272, -8.748332040495731 ], [ 115.185106742926678, -8.74822444039224 ], [ 115.185121086136803, -8.748171998064048 ], [ 115.185193295813193, -8.747883842414465 ], [ 115.185206589852598, -8.747807477462063 ], [ 115.185214551666789, -8.747729176611928 ], [ 115.185217967226933, -8.747649522247789 ], [ 115.185217270278812, -8.747569020929477 ], [ 115.185212560412367, -8.747488125177725 ], [ 115.185203600195834, -8.747407262391262 ], [ 115.185198575938657, -8.747377955875585 ], [ 115.18518981597957, -8.747326856548742 ], [ 115.185174333288245, -8.74726071807642 ], [ 115.18515574115446, -8.747194899209584 ], [ 115.185134778048209, -8.747129657536361 ], [ 115.185071905460575, -8.746955438081534 ], [ 115.185046052633467, -8.746879274215162 ], [ 115.185024318394923, -8.746802325457475 ], [ 115.185014722669308, -8.746758490973937 ], [ 115.185007511381755, -8.746715052158027 ], [ 115.185002245710407, -8.746669361551618 ], [ 115.185000953324021, -8.746651194988875 ], [ 115.184998518335462, -8.746616958251836 ], [ 115.184996284085457, -8.746555160524251 ], [ 115.184994950995431, -8.74624257287123 ], [ 115.184992822641107, -8.74615778294593 ], [ 115.184988303239265, -8.746073962491186 ], [ 115.184980389504062, -8.745991682600287 ], [ 115.18496789830796, -8.745911871522253 ], [ 115.184950132968112, -8.745835026780888 ], [ 115.184909660746399, -8.745690122116285 ], [ 115.184893649695965, -8.745622386310869 ], [ 115.184737257904985, -8.74539495340435 ], [ 115.184737628649472, -8.745318408974251 ], [ 115.184929973880642, -8.745319331035773 ], [ 115.185064522975637, -8.745339112758263 ], [ 115.185066005652061, -8.745032935883277 ], [ 115.185066431334732, -8.744945029152577 ], [ 115.185067580938053, -8.744707622665386 ], [ 115.185029574724396, -8.744611757502332 ], [ 115.184649830367462, -8.744586827005058 ], [ 115.184498357901546, -8.744561292729646 ], [ 115.184425279300584, -8.744547582694358 ], [ 115.184361486307068, -8.74453196705492 ], [ 115.184304047452585, -8.744512171546978 ], [ 115.184255598345231, -8.744486638414822 ], [ 115.184219369563337, -8.744453486381486 ], [ 115.184197336954341, -8.744407972148064 ], [ 115.184192250553082, -8.744354742339784 ], [ 115.184198731792065, -8.744311943280518 ], [ 115.184212363749126, -8.74426710363181 ], [ 115.184231562599891, -8.744220577432344 ], [ 115.184258136011593, -8.744166883741931 ], [ 115.184289061865016, -8.744112144095457 ], [ 115.184323662656951, -8.744057023362243 ], [ 115.184361525434127, -8.744002164173981 ], [ 115.184408496446551, -8.743940549019845 ], [ 115.184459006927227, -8.743880816857219 ], [ 115.184512895727693, -8.74382378058891 ], [ 115.184567787203235, -8.743772299296822 ], [ 115.184604955767639, -8.743741244026573 ], [ 115.18462523625044, -8.743724298325413 ], [ 115.184695674447156, -8.743672787560987 ], [ 115.184769304392788, -8.743628346657619 ], [ 115.184846785761522, -8.743593429751904 ], [ 115.184911614303161, -8.74357401059733 ], [ 115.184978807005777, -8.743561234229031 ], [ 115.185047772993116, -8.743554016528272 ], [ 115.185126296269431, -8.743551461779743 ], [ 115.185205912417388, -8.743553481501271 ], [ 115.185286195822343, -8.74355901768104 ] ] ] } },
{ "type": "Feature", "properties": { "Kerentanan Geologi": "Sangat Tinggi (Sedimen Tak Terkonsolidasi)", "Kerentanan Lereng": "Sangat Tinggi (<3%)", "Geomorfologi": "Pantai Berpasir", "Kerentanan Geomorfologi": "Sangat Tinggi", "Kerentanan Tunggang Pasut": "Sedang (≥2-<4)", "Kerentanan Laju Perubahan Garis Pantai": "Rendah (>1-2 m/tahun)", "Kerentanan Kenaikan Muka Air Laut": "Tinggi (2 – 4 mm/tahun)", "Kerentanan Gelombang": "Sangat Rendah (0-3 m)", "Desa": "Benoa", "Kec": "Kuta Selatan", "CVI": 20.701966780300001, "Kerentanan": "Sangat Tinggi ( > 12.5 )", "Panjang (km)": 0.415207378 }, "geometry": { "type": "MultiLineString", "coordinates": [ [ [ 115.231777431116484, -8.810365033523871 ], [ 115.231825166655241, -8.809783714179652 ], [ 115.231900493592988, -8.809114275737274 ], [ 115.232002797094012, -8.808409343204458 ] ], [ [ 115.23260736649334, -8.807179707741028 ], [ 115.232891136559672, -8.806900092186718 ] ], [ [ 115.236000484163242, -8.800270977899148 ], [ 115.235985203792751, -8.800234524095604 ], [ 115.235956564531051, -8.800158915884271 ], [ 115.235931554289792, -8.800082199972346 ], [ 115.235909825623736, -8.799999439209563 ], [ 115.235908201789059, -8.799991687919036 ], [ 115.235892237133712, -8.799915494485232 ], [ 115.235877849124179, -8.799830727558524 ], [ 115.235866029296901, -8.799745460040363 ], [ 115.235856422582216, -8.799660010320469 ], [ 115.235848936472394, -8.799574719717718 ], [ 115.235841707268904, -8.799433464265464 ], [ 115.235840888386065, -8.799377619140357 ], [ 115.235842181240656, -8.799292718668907 ], [ 115.235847084268258, -8.799212987624969 ], [ 115.235856413097395, -8.799140462264061 ], [ 115.235871127687759, -8.799077217490421 ], [ 115.235891984161697, -8.799024996349461 ], [ 115.235912514526575, -8.79899499573389 ], [ 115.23592509157379, -8.798976616309083 ], [ 115.235967780561921, -8.798938974045017 ] ] ] } },
{ "type": "Feature", "properties": { "Kerentanan Geologi": "Sangat Tinggi (Sedimen Tak Terkonsolidasi)", "Kerentanan Lereng": "Sangat Tinggi (<3%)", "Geomorfologi": "Pantai Berpasir", "Kerentanan Geomorfologi": "Sangat Tinggi", "Kerentanan Tunggang Pasut": "Sedang (≥2-<4)", "Kerentanan Laju Perubahan Garis Pantai": "Rendah (>1-2 m/tahun)", "Kerentanan Kenaikan Muka Air Laut": "Tinggi (2 – 4 mm/tahun)", "Kerentanan Gelombang": "Sangat Rendah (0-3 m)", "Desa": "Kedonganan", "Kec": "Kuta", "CVI": 20.701966780300001, "Kerentanan": "Sangat Tinggi ( > 12.5 )", "Panjang (km)": 0.02661403069 }, "geometry": { "type": "MultiLineString", "coordinates": [ [ [ 115.167293523976767, -8.756729073899635 ], [ 115.167309262750635, -8.756748557081931 ], [ 115.167428602743627, -8.756928538576336 ] ] ] } },
{ "type": "Feature", "properties": { "Kerentanan Geologi": "Sangat Tinggi (Sedimen Tak Terkonsolidasi)", "Kerentanan Lereng": "Sangat Tinggi (<3%)", "Geomorfologi": "Pantai Berpasir", "Kerentanan Geomorfologi": "Sangat Tinggi", "Kerentanan Tunggang Pasut": "Sedang (≥2-<4)", "Kerentanan Laju Perubahan Garis Pantai": "Rendah (>1-2 m/tahun)", "Kerentanan Kenaikan Muka Air Laut": "Tinggi (2 – 4 mm/tahun)", "Kerentanan Gelombang": "Sangat Rendah (0-3 m)", "Desa": "Kerobokan Kelod", "Kec": "Kuta Utara", "CVI": 20.701966780300001, "Kerentanan": "Sangat Tinggi ( > 12.5 )", "Panjang (km)": 0.04813145811 }, "geometry": { "type": "MultiLineString", "coordinates": [ [ [ 115.149195224711292, -8.679016965463406 ], [ 115.149321348591641, -8.679324495093297 ], [ 115.149364260406756, -8.679418211374864 ] ] ] } },
{ "type": "Feature", "properties": { "Kerentanan Geologi": "Sangat Tinggi (Sedimen Tak Terkonsolidasi)", "Kerentanan Lereng": "Sangat Tinggi (<3%)", "Geomorfologi": "Pantai Berpasir", "Kerentanan Geomorfologi": "Sangat Tinggi", "Kerentanan Tunggang Pasut": "Sedang (≥2-<4)", "Kerentanan Laju Perubahan Garis Pantai": "Rendah (>1-2 m/tahun)", "Kerentanan Kenaikan Muka Air Laut": "Tinggi (2 – 4 mm/tahun)", "Kerentanan Gelombang": "Sangat Rendah (0-3 m)", "Desa": "Tibuneneng", "Kec": "Kuta Utara", "CVI": 20.701966780300001, "Kerentanan": "Sangat Tinggi ( > 12.5 )", "Panjang (km)": 0.14962542339000001 }, "geometry": { "type": "MultiLineString", "coordinates": [ [ [ 115.141168856915087, -8.669399615059135 ], [ 115.141289321120226, -8.669615097414207 ], [ 115.141393135454933, -8.669782197995467 ], [ 115.141595620067335, -8.669999434735132 ], [ 115.141748934861184, -8.67005015234748 ], [ 115.141965371049352, -8.670166684025428 ], [ 115.142138442199538, -8.670282826501316 ] ] ] } },
{ "type": "Feature", "properties": { "Kerentanan Geologi": "Sangat Tinggi (Sedimen Tak Terkonsolidasi)", "Kerentanan Lereng": "Sangat Tinggi (<3%)", "Geomorfologi": "Pantai Berpasir", "Kerentanan Geomorfologi": "Sangat Tinggi", "Kerentanan Tunggang Pasut": "Sedang (≥2-<4)", "Kerentanan Laju Perubahan Garis Pantai": "Rendah (>1-2 m/tahun)", "Kerentanan Kenaikan Muka Air Laut": "Tinggi (2 – 4 mm/tahun)", "Kerentanan Gelombang": "Sangat Rendah (0-3 m)", "Desa": "Tuban", "Kec": "Kuta", "CVI": 20.701966780300001, "Kerentanan": "Sangat Tinggi ( > 12.5 )", "Panjang (km)": 0.12144246549 }, "geometry": { "type": "MultiLineString", "coordinates": [ [ [ 115.166602176384671, -8.75587328466059 ], [ 115.167293523976767, -8.756729073899635 ] ] ] } },
{ "type": "Feature", "properties": { "Kerentanan Geologi": "Sangat Tinggi (Sedimen Tak Terkonsolidasi)", "Kerentanan Lereng": "Sangat Tinggi (<3%)", "Geomorfologi": "Pantai Berpasir", "Kerentanan Geomorfologi": "Sangat Tinggi", "Kerentanan Tunggang Pasut": "Sedang (≥2-<4)", "Kerentanan Laju Perubahan Garis Pantai": "Sangat Rendah (>2 m/tahun)", "Kerentanan Kenaikan Muka Air Laut": "Tinggi (2 – 4 mm/tahun)", "Kerentanan Gelombang": "Sangat Rendah (0-3 m)", "Desa": "Benoa", "Kec": "Kuta Selatan", "CVI": 14.6385010942, "Kerentanan": "Sangat Tinggi ( > 12.5 )", "Panjang (km)": 0.26955029447000001 }, "geometry": { "type": "MultiLineString", "coordinates": [ [ [ 115.23753223697841, -8.802035057459591 ], [ 115.237503944617544, -8.802033543467335 ], [ 115.23746366710435, -8.802026735837966 ], [ 115.237433836320804, -8.802021693134135 ], [ 115.237406189386434, -8.802014205100106 ], [ 115.23738761800692, -8.802009174447692 ], [ 115.237359704202362, -8.802001613736017 ], [ 115.237285507226346, -8.80197507778629 ], [ 115.237211838521432, -8.801943126884149 ], [ 115.237139327300667, -8.801906283840164 ], [ 115.237105802585077, -8.801886497699341 ], [ 115.237068685034913, -8.801864590865268 ], [ 115.236999571880645, -8.801817262507232 ], [ 115.23693297278345, -8.801765706557299 ], [ 115.236868806799009, -8.801710701978628 ], [ 115.236807195535718, -8.801652671560651 ], [ 115.236748476608284, -8.801591719954889 ], [ 115.236693225369379, -8.801527650954892 ], [ 115.236638904042564, -8.80145607769364 ], [ 115.236598274848561, -8.801396497384442 ], [ 115.236588127480047, -8.801381617045104 ], [ 115.236539897214442, -8.801305141316053 ], [ 115.236493466746666, -8.801227288021432 ], [ 115.236403980386314, -8.801069131738098 ], [ 115.23631704510818, -8.800909303049908 ], [ 115.236194174666309, -8.800676015373417 ], [ 115.236120430843471, -8.800530283857359 ], [ 115.236049859142526, -8.800383395480926 ], [ 115.236021148774185, -8.800319533100485 ], [ 115.236016540146807, -8.800309282429231 ], [ 115.236000484163242, -8.800270977899148 ] ] ] } },
{ "type": "Feature", "properties": { "Kerentanan Geologi": "Sangat Tinggi (Sedimen Tak Terkonsolidasi)", "Kerentanan Lereng": "Sangat Tinggi (<3%)", "Geomorfologi": "Pantai Berpasir", "Kerentanan Geomorfologi": "Sangat Tinggi", "Kerentanan Tunggang Pasut": "Sedang (≥2-<4)", "Kerentanan Laju Perubahan Garis Pantai": "Sangat Tinggi (<-2 m/tahun)", "Kerentanan Kenaikan Muka Air Laut": "Tinggi (2 – 4 mm/tahun)", "Kerentanan Gelombang": "Sangat Rendah (0-3 m)", "Desa": "Kuta", "Kec": "Kuta", "CVI": 32.7326835354, "Kerentanan": "Sangat Tinggi ( > 12.5 )", "Panjang (km)": 1.3944082176199999 }, "geometry": { "type": "MultiLineString", "coordinates": [ [ [ 115.16130715872923, -8.737431055058668 ], [ 115.160990339281781, -8.737495330804963 ], [ 115.160941049234438, -8.737518124719335 ], [ 115.160939209475458, -8.737518975566156 ], [ 115.160928045234726, -8.737524138801845 ], [ 115.160914663315609, -8.737532541422368 ], [ 115.160873685350225, -8.737558270508874 ], [ 115.160826503340076, -8.737603520991549 ], [ 115.160800359672152, -8.737647665726048 ], [ 115.160794924217583, -8.737656844630948 ], [ 115.16078268715691, -8.737705300578678 ], [ 115.160781379460659, -8.737757207079726 ], [ 115.160789740192072, -8.737811196479578 ], [ 115.160805551187011, -8.737863564869739 ], [ 115.160825942405907, -8.737915123740676 ], [ 115.160906778488112, -8.738168815970779 ] ], [ [ 115.163489583895284, -8.732046060193451 ], [ 115.163470548680309, -8.732056250058312 ], [ 115.163301551959862, -8.732198954473523 ], [ 115.163252415142665, -8.73241399949171 ], [ 115.163286523832952, -8.732529152288258 ] ], [ [ 115.16422619099302, -8.731240966023321 ], [ 115.164218637594928, -8.731261475495323 ], [ 115.164195546779652, -8.731320380907867 ], [ 115.164157343032016, -8.731417838906847 ], [ 115.16415410769936, -8.731426092829347 ], [ 115.164118737221415, -8.731506087839676 ], [ 115.164072073245336, -8.731597835402603 ], [ 115.164021412540649, -8.731679418967019 ], [ 115.163972579949487, -8.731743199264455 ], [ 115.163918807790168, -8.731802683876413 ], [ 115.163886645600499, -8.731833493659725 ], [ 115.163863398478583, -8.731845938714413 ] ], [ [ 115.16951984808334, -8.721773571123466 ], [ 115.16955604277679, -8.722073464163381 ], [ 115.169535760598507, -8.722954622944709 ], [ 115.169558267623003, -8.723423365417267 ], [ 115.169239666479839, -8.724665693206854 ], [ 115.168729544254916, -8.725739652512368 ], [ 115.16836565368753, -8.72640766919932 ], [ 115.168000480883364, -8.726757958855222 ] ], [ [ 115.169332227655772, -8.720864053377248 ], [ 115.169463605748973, -8.721307562656467 ], [ 115.169466450484691, -8.721331133963366 ] ], [ [ 115.168299804920252, -8.716555378137116 ], [ 115.168411599613904, -8.716833425110817 ], [ 115.168511625410403, -8.717178640831667 ], [ 115.168589702438894, -8.717459901960455 ], [ 115.168627358447807, -8.717604637611059 ], [ 115.168679943224078, -8.717821502144727 ], [ 115.168727483567963, -8.718044621186513 ], [ 115.168759530876088, -8.718483837133542 ], [ 115.168800625998273, -8.719047049552385 ], [ 115.168966468431094, -8.719550179027635 ], [ 115.169062852538971, -8.719807443807332 ], [ 115.169080617197054, -8.719906274785867 ] ], [ [ 115.167153318598608, -8.712651323873196 ], [ 115.167224745568305, -8.712825000086577 ], [ 115.167254327552186, -8.712937100216051 ], [ 115.167350697330619, -8.713283063100389 ], [ 115.167382826488478, -8.713478312767133 ] ] ] } },
{ "type": "Feature", "properties": { "Kerentanan Geologi": "Sangat Tinggi (Sedimen Tak Terkonsolidasi)", "Kerentanan Lereng": "Sangat Tinggi (<3%)", "Geomorfologi": "Pantai Berpasir", "Kerentanan Geomorfologi": "Sangat Tinggi", "Kerentanan Tunggang Pasut": "Sedang (≥2-<4)", "Kerentanan Laju Perubahan Garis Pantai": "Sangat Tinggi (<-2 m/tahun)", "Kerentanan Kenaikan Muka Air Laut": "Tinggi (2 – 4 mm/tahun)", "Kerentanan Gelombang": "Sangat Rendah (0-3 m)", "Desa": "Tanjung Benoa", "Kec": "Kuta Selatan", "CVI": 32.7326835354, "Kerentanan": "Sangat Tinggi ( > 12.5 )", "Panjang (km)": 0.17398228591000001 }, "geometry": { "type": "MultiLineString", "coordinates": [ [ [ 115.223608738247407, -8.763262224254628 ], [ 115.223610101577989, -8.762975177895346 ], [ 115.223659668259629, -8.762664436432399 ], [ 115.223756756598291, -8.762473523920619 ], [ 115.223735210268174, -8.761947157684375 ], [ 115.223707555514466, -8.761718279634845 ] ] ] } },
{ "type": "Feature", "properties": { "Kerentanan Geologi": "Sangat Tinggi (Sedimen Tak Terkonsolidasi)", "Kerentanan Lereng": "Sangat Tinggi (<3%)", "Geomorfologi": "Pantai Berpasir", "Kerentanan Geomorfologi": "Sangat Tinggi", "Kerentanan Tunggang Pasut": "Sedang (≥2-<4)", "Kerentanan Laju Perubahan Garis Pantai": "Sangat Tinggi (<-2 m/tahun)", "Kerentanan Kenaikan Muka Air Laut": "Tinggi (2 – 4 mm/tahun)", "Kerentanan Gelombang": "Sangat Rendah (0-3 m)", "Desa": "Tuban", "Kec": "Kuta", "CVI": 32.7326835354, "Kerentanan": "Sangat Tinggi ( > 12.5 )", "Panjang (km)": 0.0838895489 }, "geometry": { "type": "MultiLineString", "coordinates": [ [ [ 115.162863405064286, -8.751916966055111 ], [ 115.162973488386555, -8.751917696721039 ], [ 115.163037525166104, -8.75193262018076 ], [ 115.163475903963601, -8.75232020510383 ] ] ] } },
{ "type": "Feature", "properties": { "Kerentanan Geologi": "Sangat Tinggi (Sedimen Tak Terkonsolidasi)", "Kerentanan Lereng": "Sangat Tinggi (<3%)", "Geomorfologi": "Pantai Berpasir", "Kerentanan Geomorfologi": "Sangat Tinggi", "Kerentanan Tunggang Pasut": "Sedang (≥2-<4)", "Kerentanan Laju Perubahan Garis Pantai": "Sedang (-1-1 m/tahun)", "Kerentanan Kenaikan Muka Air Laut": "Tinggi (2 – 4 mm/tahun)", "Kerentanan Gelombang": "Sangat Rendah (0-3 m)", "Desa": "Benoa", "Kec": "Kuta Selatan", "CVI": 25.354627641899999, "Kerentanan": "Sangat Tinggi ( > 12.5 )", "Panjang (km)": 6.5660258258999997 }, "geometry": { "type": "MultiLineString", "coordinates": [ [ [ 115.224502628397019, -8.81799454821366 ], [ 115.224806721919734, -8.818559359038895 ], [ 115.225070341149149, -8.818751974205677 ], [ 115.22516653436314, -8.818752428759463 ], [ 115.225166991336764, -8.81865674623727 ], [ 115.225071369386015, -8.818536688993333 ], [ 115.22490383003219, -8.818368449539312 ], [ 115.224808321584746, -8.818224472079311 ], [ 115.224642813066325, -8.817830751147905 ], [ 115.224832117783933, -8.817609560514372 ], [ 115.225199950049685, -8.817065376695615 ], [ 115.225755002661714, -8.816661339838586 ], [ 115.226841626151682, -8.815733547505472 ], [ 115.227300710856895, -8.815281213220061 ], [ 115.227590315447259, -8.815067289020362 ], [ 115.228241783951646, -8.81461586060189 ], [ 115.229449206010415, -8.813569022066975 ], [ 115.229947502088848, -8.813116160178593 ], [ 115.230143545687781, -8.812916492556523 ], [ 115.230613760311229, -8.812388254930873 ], [ 115.231024682267559, -8.81194764801948 ], [ 115.231351265697313, -8.811542524856725 ], [ 115.23165069013082, -8.811074636216363 ], [ 115.231748588368617, -8.810716279165119 ], [ 115.231777431116484, -8.810365033523871 ] ], [ [ 115.232002797094012, -8.808409343204458 ], [ 115.232049668376405, -8.808086367664755 ], [ 115.232271657802627, -8.807595794053048 ], [ 115.23260736649334, -8.807179707741028 ] ], [ [ 115.232891136559672, -8.806900092186718 ], [ 115.23318695928667, -8.806608599659182 ], [ 115.233550776649466, -8.806188318006763 ] ], [ [ 115.23687382640837, -8.802784064100136 ], [ 115.236960427373603, -8.802761828321792 ], [ 115.237468495783531, -8.802769643196417 ], [ 115.237527503789636, -8.80277055066983 ] ], [ [ 115.237572462906371, -8.80203721049214 ], [ 115.237545290028464, -8.802035755992659 ], [ 115.23753223697841, -8.802035057459591 ] ], [ [ 115.235714618232947, -8.798517292668064 ], [ 115.235674785697569, -8.798533492021448 ], [ 115.235652796341569, -8.798542435457163 ], [ 115.235583636155511, -8.798560074104614 ], [ 115.235509553363599, -8.798571966665335 ], [ 115.235431888595485, -8.798579645554204 ], [ 115.235351666315182, -8.798584232144295 ], [ 115.235290851679579, -8.798585921624866 ], [ 115.235269667184014, -8.798586510338502 ], [ 115.235186483223615, -8.798586985594996 ], [ 115.235018310206669, -8.798583342862516 ], [ 115.234933997094501, -8.798579090618288 ], [ 115.234849921929921, -8.798572768162284 ], [ 115.234818990012528, -8.798569239046271 ], [ 115.234809441826286, -8.798568149125495 ], [ 115.234791074895895, -8.798566053169276 ], [ 115.234752572377886, -8.798561660385666 ], [ 115.234743063252367, -8.798560575166974 ], [ 115.234656582808199, -8.798546084537952 ], [ 115.234582655735622, -8.798529917782066 ] ], [ [ 115.233668020806491, -8.797806797552003 ], [ 115.233615647058159, -8.797721684256212 ], [ 115.233534241999948, -8.797579758120911 ], [ 115.233472657173436, -8.797461201197015 ], [ 115.233358079120777, -8.797222981247753 ], [ 115.233293420614615, -8.797092142073948 ], [ 115.233289084081818, -8.797083758741891 ], [ 115.233260069396465, -8.797027667453888 ], [ 115.233215731405977, -8.79694195445081 ], [ 115.233199637107404, -8.796911811065405 ], [ 115.233173413272254, -8.79686269539377 ], [ 115.232976972986904, -8.796494773324289 ], [ 115.23290038722368, -8.796344810556377 ], [ 115.232863996317022, -8.796269134250334 ], [ 115.232829570245769, -8.796192730318294 ], [ 115.232797820134749, -8.79611532724986 ], [ 115.232687885142212, -8.795671354497898 ], [ 115.232632647926451, -8.795448281028001 ], [ 115.232565698759814, -8.795177907627371 ], [ 115.232563334760513, -8.795163727382668 ], [ 115.232532168125559, -8.794976744885473 ], [ 115.232518751270106, -8.794896254452716 ], [ 115.232518294675486, -8.79488501969672 ], [ 115.23251819216587, -8.794882487718777 ], [ 115.232516341458378, -8.794836929267989 ], [ 115.232514907498, -8.794801617198274 ], [ 115.232514740611109, -8.794797519910697 ], [ 115.232482083918399, -8.794674437156051 ], [ 115.23246225642346, -8.794591905905273 ], [ 115.232444763387377, -8.794508896490003 ], [ 115.23243274093241, -8.794438336070952 ], [ 115.232429913940749, -8.794421744211339 ], [ 115.232417312410618, -8.79433415495093 ], [ 115.232383241718892, -8.794070575630998 ], [ 115.232374923991827, -8.794009952451701 ], [ 115.232371192957302, -8.793982760227452 ], [ 115.232350418124028, -8.793851240072208 ], [ 115.23234528403836, -8.79382284422692 ], [ 115.232326686332271, -8.79371999264154 ], [ 115.23232416657693, -8.793707418263189 ], [ 115.23230045086494, -8.793589070692835 ], [ 115.232293438842675, -8.793557842511339 ], [ 115.232280944810597, -8.793502206671732 ], [ 115.232275196640387, -8.793479877208169 ], [ 115.232258778502541, -8.793416104080309 ], [ 115.23223064867787, -8.793034017131369 ], [ 115.232231102484931, -8.792938334111588 ], [ 115.232472364281051, -8.792772018632043 ], [ 115.232689920552886, -8.792533827402616 ], [ 115.232762741373008, -8.792390641282443 ], [ 115.232715214576487, -8.792270812291516 ], [ 115.232546887511319, -8.792270022546054 ], [ 115.232546093550852, -8.792437467412888 ], [ 115.232497545983179, -8.792532924787507 ], [ 115.232257304460305, -8.792483954867775 ], [ 115.2321379778775, -8.792292025477565 ], [ 115.232042925663251, -8.792052367424589 ], [ 115.231996420195969, -8.791717252970731 ], [ 115.231903182444455, -8.791094864680488 ], [ 115.231760150368885, -8.790831059724789 ], [ 115.23161689154567, -8.790615097155333 ], [ 115.23147306463585, -8.790518736943008 ], [ 115.231425424933505, -8.790422829106731 ], [ 115.231426219212324, -8.790255384323791 ], [ 115.231450493371071, -8.790207655701462 ], [ 115.231570953685136, -8.790160378534138 ], [ 115.231595794173643, -8.789993047497138 ], [ 115.231500402259087, -8.789825151260597 ], [ 115.231404555664383, -8.789752938004712 ], [ 115.23126027613884, -8.789752260773946 ], [ 115.231307915743201, -8.789848168609044 ], [ 115.231307575330121, -8.789919931301782 ], [ 115.231234640299192, -8.790087036528591 ], [ 115.23104249411854, -8.790038292837419 ], [ 115.230898895496765, -8.789894090997342 ], [ 115.230707203519529, -8.789749664205846 ], [ 115.230587764917772, -8.789581654914302 ], [ 115.230565421322453, -8.789222732286001 ], [ 115.230614648841083, -8.788983752527361 ], [ 115.230711289548807, -8.788888521187696 ], [ 115.230831295498419, -8.788936927155918 ], [ 115.230854660801157, -8.789080563595807 ], [ 115.230974893798276, -8.789081128046636 ], [ 115.231095580690294, -8.788986010382366 ], [ 115.231020603783747, -8.788872980652505 ], [ 115.230962683643455, -8.788824503657048 ], [ 115.23081874406256, -8.788752064550058 ], [ 115.230795097649278, -8.788705038599053 ], [ 115.230706072720224, -8.788527994600496 ], [ 115.230701576961124, -8.788519483039162 ], [ 115.230686156570712, -8.788482254620682 ], [ 115.230673764518599, -8.78844368516598 ], [ 115.23066389844378, -8.788404106835662 ], [ 115.230656239872175, -8.788363789366134 ], [ 115.230650637805766, -8.788322950842019 ], [ 115.230650565434928, -8.788322113300632 ], [ 115.230647094974202, -8.788281782042334 ], [ 115.23064576504369, -8.788240459989021 ], [ 115.230645933528365, -8.788233491031367 ], [ 115.230646826315834, -8.788196651118836 ], [ 115.230648762445185, -8.788168246887642 ], [ 115.230642668313777, -8.788146642704628 ], [ 115.230643689705957, -8.787931357395269 ], [ 115.230572004288888, -8.787835335751264 ], [ 115.230451658223231, -8.787858691537606 ], [ 115.230474909888954, -8.788026249157099 ], [ 115.230522208643094, -8.788193919685101 ], [ 115.230473547877835, -8.788313297112023 ], [ 115.230348474941067, -8.788364746505016 ], [ 115.230216218216555, -8.788364125433995 ], [ 115.230070490955598, -8.788288686926501 ], [ 115.229859608024796, -8.788134601640582 ], [ 115.22967659426908, -8.787889457345228 ] ], [ [ 115.229518421599025, -8.787593225716865 ], [ 115.229486295014823, -8.787529311895742 ], [ 115.229464346726516, -8.78727586955551 ], [ 115.229543235800406, -8.786995378122224 ], [ 115.229530942963677, -8.786905110596084 ], [ 115.22952353924002, -8.786860721334461 ], [ 115.229515085953096, -8.786817253850515 ], [ 115.229505295380363, -8.786775201338154 ], [ 115.229494479633772, -8.786737548809741 ], [ 115.229481585441974, -8.786702552723947 ], [ 115.229465939774883, -8.786671270434327 ], [ 115.229446686251137, -8.786645092047744 ], [ 115.229422241593568, -8.786624601411072 ], [ 115.22939508336917, -8.786610752238735 ], [ 115.229367438769501, -8.786603250308746 ], [ 115.229341532243254, -8.786602379109823 ], [ 115.229319736256414, -8.786609023152272 ], [ 115.229314533320974, -8.786613941452249 ], [ 115.229304586655658, -8.786623346238734 ], [ 115.229296195414065, -8.786643395125381 ], [ 115.229295340802452, -8.78666681194696 ], [ 115.229302363182626, -8.786691970913981 ], [ 115.229328040372792, -8.786748811459482 ], [ 115.229338997108414, -8.78677782050514 ], [ 115.229348061459007, -8.786808965197796 ], [ 115.229354606585588, -8.786841613335897 ], [ 115.229357874303901, -8.786875231552324 ], [ 115.22935708007337, -8.786910817909678 ], [ 115.229352214120425, -8.786946410454217 ], [ 115.229343533477092, -8.786981471546547 ], [ 115.229331038072601, -8.787015441544956 ], [ 115.229314465490731, -8.787047694479636 ], [ 115.229292604345957, -8.787078969641319 ], [ 115.22926691177193, -8.78710806960685 ], [ 115.229238293249836, -8.787135323203024 ], [ 115.229207412291899, -8.787160912559173 ], [ 115.229174737670803, -8.787184879657781 ], [ 115.229142610408445, -8.787205927257824 ], [ 115.229109465881137, -8.787225495479987 ], [ 115.229075517109891, -8.787243511188327 ], [ 115.229040902308682, -8.787259768896259 ], [ 115.229005694037525, -8.787273917247903 ], [ 115.228969906576097, -8.787285437354202 ], [ 115.228933503302002, -8.787293620224998 ], [ 115.228891317748534, -8.787298189337434 ], [ 115.228848550588111, -8.787298534447379 ], [ 115.228805476396857, -8.787295591689405 ], [ 115.228770862937495, -8.787291086613841 ], [ 115.228762338551959, -8.787289976998462 ], [ 115.228739315548125, -8.787285714442277 ], [ 115.228719379047746, -8.787282023318346 ], [ 115.228676853842941, -8.787271802372334 ], [ 115.228634265539455, -8.787258984537235 ], [ 115.228592649904996, -8.787243831446833 ], [ 115.22855231622907, -8.787226284884326 ], [ 115.228513692303892, -8.787206021383286 ], [ 115.228477360863792, -8.787182434316843 ], [ 115.228447084914777, -8.787157942674025 ], [ 115.228418717138069, -8.787130864314635 ], [ 115.228391820955395, -8.787101841813518 ], [ 115.228366070496577, -8.787071362759734 ], [ 115.228341230467763, -8.787039788593432 ], [ 115.228317143328923, -8.787007375339906 ], [ 115.228270936702629, -8.786940644090617 ], [ 115.228270821208639, -8.786940467247391 ], [ 115.228226084144566, -8.786870499881001 ], [ 115.228226007477318, -8.786870376562433 ], [ 115.228143523092129, -8.786737400119087 ] ], [ [ 115.227855087465969, -8.786220175846029 ], [ 115.227851943674622, -8.78619742194147 ], [ 115.227850396266817, -8.786163481827868 ], [ 115.227851047906469, -8.786151240608215 ], [ 115.227852204542089, -8.786129503243899 ], [ 115.227858782877334, -8.78608970566763 ], [ 115.227869070501811, -8.78605004758292 ], [ 115.227881818866251, -8.786010482435033 ], [ 115.227923520245909, -8.785895437732046 ], [ 115.227935481495479, -8.785859514228086 ], [ 115.227945737055208, -8.785823923552385 ], [ 115.227953491636541, -8.785788865390142 ], [ 115.227957786030089, -8.78575460827212 ], [ 115.227957600067413, -8.785736358053313 ], [ 115.227957447946906, -8.785721506521513 ], [ 115.227950206482348, -8.785685473761507 ], [ 115.227936730642782, -8.785652231596449 ], [ 115.227918329196569, -8.785622733679478 ], [ 115.227895903702205, -8.785598325034668 ], [ 115.227870020751553, -8.785580840039986 ], [ 115.227843294772057, -8.785572265548566 ], [ 115.227815685671587, -8.785570518315295 ], [ 115.227789013201871, -8.785574785967954 ], [ 115.22776515306829, -8.785584722011636 ], [ 115.227745700192827, -8.785600542792878 ], [ 115.227733120615156, -8.785621225610713 ], [ 115.227728723029273, -8.785643913320664 ], [ 115.227729472938066, -8.785668952394653 ], [ 115.227737092860352, -8.785724605994412 ], [ 115.227737404579045, -8.785735322902481 ], [ 115.227737961597825, -8.785754476255633 ], [ 115.227733022865721, -8.785782790373629 ], [ 115.227722500303301, -8.785810683145922 ], [ 115.227706816206705, -8.785837074344604 ], [ 115.22768607614843, -8.785860785513409 ], [ 115.227660934550116, -8.78588046809257 ], [ 115.22763191854277, -8.785896888527649 ], [ 115.227599964177273, -8.785910444504221 ], [ 115.227565803935747, -8.785921339272656 ], [ 115.227530012164692, -8.785929583669997 ] ], [ [ 115.227313538424241, -8.785928730295906 ], [ 115.227296237288996, -8.785925318216735 ], [ 115.227259427984663, -8.785913974006737 ], [ 115.227224165248515, -8.785898104793826 ], [ 115.227190579225919, -8.785878438090224 ], [ 115.227158550727026, -8.785855766235102 ], [ 115.227128082614271, -8.785830634417012 ], [ 115.22709930874025, -8.785803372359725 ], [ 115.227072504763584, -8.785774113359256 ], [ 115.227048103517475, -8.785742811534208 ], [ 115.227041170112088, -8.785732049020739 ], [ 115.227025564751244, -8.785707827916143 ], [ 115.227005702242167, -8.78567100075945 ], [ 115.226988112997503, -8.785632790166138 ], [ 115.226972596460556, -8.785593515245885 ], [ 115.226959146210859, -8.785553379391974 ], [ 115.226947943524848, -8.785512486524995 ], [ 115.226939327270472, -8.785471820999611 ], [ 115.226932591971902, -8.785430660735241 ], [ 115.226927261551694, -8.785389162615015 ], [ 115.226919539113325, -8.785305577157704 ], [ 115.226916749276427, -8.785263626277382 ], [ 115.226915776163253, -8.785242343617604 ], [ 115.226915774495978, -8.78524231196613 ], [ 115.226913862102464, -8.785200468280513 ], [ 115.226912907928408, -8.785179598885227 ], [ 115.226912434778328, -8.785156193028831 ], [ 115.226911584877143, -8.785114149108745 ], [ 115.226911234630819, -8.785096818503822 ], [ 115.226911121229719, -8.78507287187707 ], [ 115.226911121367223, -8.785072842946391 ], [ 115.226910958742337, -8.785038409388035 ], [ 115.226910843612998, -8.785014061330994 ], [ 115.226932630292566, -8.784517116442244 ], [ 115.226886129137327, -8.784182001420248 ], [ 115.226886583846237, -8.784086319537392 ], [ 115.227055134943498, -8.784039269686296 ], [ 115.227151660273833, -8.78396796031058 ], [ 115.227248641083662, -8.783800968099628 ], [ 115.227273141521337, -8.783705399248909 ], [ 115.227177411861035, -8.783609264219274 ], [ 115.227129091971619, -8.783656879498928 ], [ 115.227128410031284, -8.783800402797246 ], [ 115.227080203767031, -8.783824097816424 ], [ 115.226887947950672, -8.78379927207761 ], [ 115.226840310057298, -8.783703364032062 ], [ 115.226816946278305, -8.783559726772777 ], [ 115.226818196679588, -8.783296600464841 ], [ 115.226843687530391, -8.782941355080411 ], [ 115.226850960697178, -8.78253134381538 ], [ 115.226871517601182, -8.782196479018276 ], [ 115.226992089054818, -8.782125282650401 ], [ 115.227135910750818, -8.782221643740652 ], [ 115.227208162529237, -8.782198061708531 ], [ 115.227228605609326, -8.782050853035061 ], [ 115.227238211712503, -8.781981678173679 ], [ 115.227230995515441, -8.781547724914191 ], [ 115.227183472231673, -8.781427895788855 ], [ 115.22707329173501, -8.781427377860098 ], [ 115.227067522598702, -8.781431924602376 ], [ 115.227066727174758, -8.781599369067118 ], [ 115.22689829088911, -8.7816224979958 ], [ 115.226706149863276, -8.781573752143087 ], [ 115.226611101862574, -8.781334093816662 ], [ 115.226615307010917, -8.780449032085599 ], [ 115.226617920801303, -8.779898858286431 ], [ 115.226738491456601, -8.779827661853879 ], [ 115.226954678136011, -8.77987652054564 ], [ 115.226955473451724, -8.779709076075852 ], [ 115.226763106092704, -8.779708171842914 ], [ 115.226546919553513, -8.77965931306519 ], [ 115.226502756677519, -8.779201240119765 ], [ 115.226484569101501, -8.778872732556579 ], [ 115.226463316340016, -8.778488859536385 ], [ 115.226460244480208, -8.778433373802013 ], [ 115.226446099633748, -8.778177893440558 ] ], [ [ 115.226000720951689, -8.777681594742326 ], [ 115.225994449636659, -8.777656226845727 ], [ 115.225986364196913, -8.777614235705919 ], [ 115.225979886017939, -8.777571004460087 ], [ 115.225974619683697, -8.777526930862914 ], [ 115.225970235651147, -8.777482320760162 ], [ 115.225966519274564, -8.777437399168525 ], [ 115.225960721060915, -8.777347268932717 ], [ 115.225957356135737, -8.777257641065827 ], [ 115.225957019335922, -8.777213372757025 ], [ 115.22595802101965, -8.777169726435833 ], [ 115.22596085976717, -8.777126971156861 ], [ 115.225966201833785, -8.777085472597959 ], [ 115.225974919212689, -8.777045715841782 ], [ 115.225988133977779, -8.777008345364612 ], [ 115.226002111647162, -8.776981221968384 ], [ 115.226018424734079, -8.776955497350084 ], [ 115.226071002554164, -8.776880511346832 ], [ 115.226086385479533, -8.776855065335338 ], [ 115.226092581001495, -8.776842437912403 ], [ 115.226098498455386, -8.776830376959243 ], [ 115.226106089811239, -8.776806872496442 ], [ 115.22610765111051, -8.776785078277442 ], [ 115.226099943173296, -8.776761953943753 ], [ 115.226083255787856, -8.776743457997265 ], [ 115.226059355455533, -8.77673117821079 ], [ 115.226036242010267, -8.776726776866115 ], [ 115.226010124403714, -8.776726108906828 ], [ 115.225981591094296, -8.776727933051973 ], [ 115.225954442882994, -8.776730897452872 ], [ 115.225926122236487, -8.776735018112806 ], [ 115.225896968548, -8.776740402407263 ], [ 115.225866333131705, -8.776747386324972 ], [ 115.225835336907608, -8.776755709329269 ], [ 115.22580416405269, -8.776765246615565 ], [ 115.225766049026532, -8.77677833241189 ], [ 115.225651519829512, -8.776820951269986 ], [ 115.225609984331115, -8.776835294846277 ], [ 115.225594742186928, -8.776840097193874 ], [ 115.225568563131063, -8.776848344278584 ], [ 115.225527513945678, -8.776859799712504 ], [ 115.225487139758044, -8.776869206904962 ], [ 115.225447817244586, -8.776875904015801 ], [ 115.225410027015201, -8.776878969312078 ], [ 115.225374393010313, -8.776877154449723 ], [ 115.225341725605929, -8.776868802402898 ], [ 115.225315025676096, -8.776854124380842 ], [ 115.225297387642911, -8.776838698790993 ], [ 115.225291522785426, -8.776833568447715 ], [ 115.225271235433041, -8.776808214190657 ], [ 115.225253831034124, -8.776778242674851 ], [ 115.225239050611421, -8.776745175192696 ], [ 115.225226108387517, -8.776709891357672 ], [ 115.225214354909156, -8.776673079754371 ], [ 115.225181009896573, -8.776558332339459 ], [ 115.225168988133703, -8.776519838746291 ], [ 115.225155733217804, -8.77648170009037 ], [ 115.2251412287156, -8.776444888205466 ], [ 115.225125527914216, -8.776408517320808 ], [ 115.225075525378315, -8.776300565455523 ], [ 115.225075512779583, -8.776300539177281 ], [ 115.225059246241429, -8.776264454944162 ], [ 115.225059231855141, -8.776264422328763 ], [ 115.225043882121199, -8.776227999752573 ], [ 115.225043865047141, -8.776227958987615 ], [ 115.225027899236409, -8.776185777087802 ], [ 115.225027879491776, -8.776185724556942 ], [ 115.224990974480448, -8.775801972487544 ], [ 115.224985975745724, -8.775749995583697 ], [ 115.224950768102417, -8.775383904119305 ], [ 115.224953578480509, -8.775162977994777 ], [ 115.224953650852626, -8.775157311415562 ], [ 115.224965540981515, -8.775125010383739 ], [ 115.224969615431803, -8.77511636914091 ], [ 115.224982013195017, -8.775090080070328 ], [ 115.225030580151952, -8.775004585020231 ], [ 115.225041372786777, -8.774984442628773 ], [ 115.225048848610427, -8.774968994112619 ], [ 115.225054682247162, -8.7749539139802 ], [ 115.225059564605445, -8.774938012968521 ], [ 115.225063971035866, -8.774919562859244 ], [ 115.22506705921154, -8.774899678066987 ], [ 115.225067884217907, -8.774879449921348 ], [ 115.225065362890177, -8.774859992608512 ], [ 115.225058992861477, -8.77484317345175 ], [ 115.225049125132074, -8.774829143278717 ], [ 115.225036313210055, -8.774819042958374 ], [ 115.225023712153543, -8.77481505898456 ], [ 115.225020957089924, -8.774814188033709 ], [ 115.225003968909803, -8.774815411856837 ], [ 115.224985364551898, -8.774821475880447 ], [ 115.224965578448575, -8.774831038649765 ], [ 115.224920631635385, -8.774856813901792 ], [ 115.224896031743725, -8.774869186582237 ], [ 115.224868133070515, -8.774879590882419 ], [ 115.224838856322521, -8.774886422915259 ], [ 115.224810515766194, -8.774889027241615 ], [ 115.224782328701821, -8.774887637055485 ], [ 115.224755026308159, -8.774881960154477 ], [ 115.224729378952333, -8.774871490248334 ], [ 115.224702540152762, -8.774852983587623 ], [ 115.224678321025024, -8.774828842219343 ], [ 115.224656168771062, -8.77480045315043 ], [ 115.224635671178604, -8.774768880379936 ], [ 115.224616546306393, -8.77473493175424 ], [ 115.224598627736938, -8.774699202294737 ], [ 115.224581857982955, -8.774662122988326 ], [ 115.224565510753138, -8.774622193223848 ], [ 115.224550244184087, -8.774581485589385 ], [ 115.224535944212519, -8.774540287957354 ], [ 115.224522616125427, -8.774498826378469 ], [ 115.224510387166021, -8.774457290408888 ], [ 115.224499519154008, -8.774415854868064 ], [ 115.22449042927613, -8.774374703443259 ], [ 115.224483964847465, -8.774336452074209 ], [ 115.22447986058917, -8.774298976678887 ], [ 115.22447856628645, -8.774262677178386 ], [ 115.2244807584661, -8.774228051299405 ], [ 115.224480763164848, -8.774228018773798 ], [ 115.224487353899747, -8.774195721760735 ], [ 115.224487363112445, -8.774195695585069 ], [ 115.224499594019633, -8.77416645836872 ], [ 115.224519503681563, -8.774139689308971 ], [ 115.224545054526075, -8.774116340785856 ], [ 115.22457427194577, -8.774095590721442 ], [ 115.224602822599493, -8.774078216151558 ], [ 115.224659241038751, -8.774045449202559 ], [ 115.224684236035401, -8.774028716088267 ], [ 115.224704934683558, -8.774010904059926 ], [ 115.224719317230452, -8.773992467423884 ], [ 115.224727753294445, -8.773973846409486 ], [ 115.224729718934285, -8.773956476077306 ], [ 115.224724321704244, -8.773941881972979 ], [ 115.224710027313847, -8.77393086966897 ], [ 115.224688469822041, -8.773923823860942 ], [ 115.224661480244237, -8.773920036205665 ], [ 115.224631569727919, -8.773918919996618 ], [ 115.224598984760945, -8.773919669028203 ], [ 115.2245645697285, -8.773921691467326 ], [ 115.224456064111195, -8.773930294440378 ], [ 115.224419689720989, -8.773931919788989 ], [ 115.224384345526772, -8.773931337639905 ], [ 115.224350605179495, -8.773927362700654 ], [ 115.224319136968717, -8.77391859313949 ], [ 115.224289278515286, -8.773903084731815 ], [ 115.22426249209137, -8.773881990760106 ], [ 115.224205114885748, -8.773184043502926 ], [ 115.224204930159416, -8.773181798650171 ], [ 115.224209869494558, -8.773142247486907 ], [ 115.224213551843292, -8.773102522247088 ], [ 115.224216287711613, -8.773062688582799 ], [ 115.224216893463932, -8.773047675184582 ], [ 115.224223315723378, -8.772888490132789 ], [ 115.224224367485704, -8.772862433405095 ], [ 115.224229452729048, -8.77278415205431 ], [ 115.224233622173344, -8.772746725525623 ], [ 115.224239499137113, -8.772711052851671 ], [ 115.224247702232873, -8.772677769814305 ], [ 115.224256181574631, -8.772654054390721 ], [ 115.224266982367226, -8.772632757512826 ], [ 115.224280632618118, -8.772614456673535 ], [ 115.224302655060427, -8.772595939352202 ], [ 115.224321023692738, -8.772585716263229 ], [ 115.224328336338075, -8.772581646030606 ], [ 115.224355827142404, -8.772570016568906 ], [ 115.224409097028484, -8.77254932899401 ], [ 115.224431118335659, -8.772537741608703 ], [ 115.224447200724484, -8.772523618307568 ], [ 115.224455251167981, -8.772506578565205 ], [ 115.224455611918302, -8.772487657381944 ], [ 115.224448279030511, -8.7724686412474 ], [ 115.224435247041455, -8.772452850367944 ], [ 115.224417206563146, -8.772438392086837 ], [ 115.224395374327116, -8.772425304673819 ], [ 115.224370684459402, -8.772413427070937 ], [ 115.224317409659164, -8.772390215892944 ], [ 115.224290884316304, -8.772376928292742 ], [ 115.224266377265039, -8.772361771458048 ], [ 115.224243889882558, -8.772344264412867 ], [ 115.224224173169716, -8.77232434107418 ], [ 115.224208096838581, -8.772301816575718 ], [ 115.224193674179375, -8.772268856560688 ], [ 115.224185050357988, -8.772232338149164 ], [ 115.224180707565068, -8.772193233345448 ], [ 115.224179478993022, -8.772152281642045 ], [ 115.224180474125362, -8.7721100294488 ], [ 115.224172934120858, -8.770973673801363 ], [ 115.224272126744467, -8.770735263587168 ], [ 115.224276161424314, -8.770680090677869 ], [ 115.224280128685081, -8.77059549883716 ], [ 115.224280359532841, -8.770555715765605 ], [ 115.224278729928599, -8.770518631734038 ], [ 115.224274495737021, -8.770485355290106 ], [ 115.224266672039278, -8.77045736633961 ], [ 115.224253973627356, -8.770436607180915 ], [ 115.224239613398169, -8.770426472460521 ], [ 115.224222604283341, -8.770421817709584 ], [ 115.224204349156963, -8.770422140514917 ], [ 115.224186164310481, -8.770427181260169 ], [ 115.224168846770581, -8.770436558545589 ], [ 115.224133774193135, -8.770460551237758 ], [ 115.224113648359207, -8.770470894456379 ], [ 115.224088764685135, -8.770478024717198 ], [ 115.224061115041152, -8.770481040051555 ], [ 115.224031742437234, -8.770480197609329 ], [ 115.224001609135456, -8.770475534463856 ], [ 115.223971636693364, -8.770466856046918 ], [ 115.22394481749609, -8.770455000975355 ], [ 115.223919487674507, -8.770439550056942 ], [ 115.223896270564694, -8.770420527018382 ], [ 115.22387325480004, -8.770394898645165 ], [ 115.223853181702552, -8.770365655043008 ], [ 115.223835586365468, -8.770333666484989 ], [ 115.223820175728292, -8.770299595204483 ], [ 115.223806817512241, -8.770263928795117 ], [ 115.223795535504365, -8.770227016352647 ], [ 115.223786510371895, -8.77018908836912 ], [ 115.223779444667557, -8.770146758483914 ], [ 115.223779185755475, -8.770145207633535 ], [ 115.223777713538084, -8.770131809135213 ], [ 115.223777710049021, -8.7701317783793 ], [ 115.223774752558143, -8.770104860171468 ], [ 115.223774625387037, -8.770103699609161 ], [ 115.223774279535874, -8.770100554416302 ], [ 115.223773255591325, -8.770085960994225 ], [ 115.223773250478033, -8.770085889546024 ], [ 115.223771445245504, -8.770060143955101 ], [ 115.223771111599902, -8.770055386804044 ], [ 115.223770920480618, -8.770049515564397 ], [ 115.223768865010598, -8.769986357919091 ], [ 115.22376814250714, -8.769964175970349 ], [ 115.223767991508751, -8.769946421389783 ], [ 115.223767887812372, -8.769934202854287 ], [ 115.223767752314728, -8.769918349675198 ], [ 115.223767958726469, -8.769890982544561 ], [ 115.223767958889752, -8.769890948189426 ], [ 115.223768343719712, -8.769840000179682 ], [ 115.223768444643355, -8.769826605464493 ], [ 115.223768951237574, -8.769808550198261 ], [ 115.223770159354089, -8.7697654627157 ], [ 115.223770912260647, -8.769738606261187 ], [ 115.223775006439482, -8.769654858567312 ], [ 115.223780994659009, -8.769572815878485 ], [ 115.223785012952249, -8.769532952082235 ], [ 115.223790030638568, -8.769494299059668 ], [ 115.223795834962047, -8.769460318524569 ], [ 115.223803284348037, -8.769428227164793 ], [ 115.223812995698083, -8.769398637247056 ], [ 115.223825720550664, -8.769372324409812 ], [ 115.223842369463981, -8.769350260325467 ], [ 115.223867176624736, -8.769330910754189 ], [ 115.223896198450376, -8.769316620472921 ], [ 115.223927177182631, -8.769305532684294 ], [ 115.223986290425884, -8.769286721451886 ], [ 115.22400974079379, -8.769276153370621 ], [ 115.224025440804311, -8.769262905242972 ], [ 115.224030793838651, -8.769247579649164 ], [ 115.224027668466647, -8.769230740496409 ], [ 115.224016515915139, -8.769214396111535 ], [ 115.223998171198645, -8.769200307093188 ], [ 115.223974203988746, -8.769187677074529 ], [ 115.223885232375295, -8.769149350515598 ], [ 115.223881673276267, -8.769147476749577 ], [ 115.223854466925275, -8.769133154379954 ], [ 115.223822948455407, -8.769111905285261 ], [ 115.223794164241724, -8.769086526448163 ], [ 115.223773001966052, -8.769062355174791 ], [ 115.2237542950989, -8.769035741713541 ], [ 115.22373797993005, -8.769007088090953 ], [ 115.223722206419268, -8.768972314430126 ], [ 115.22370898753384, -8.76893583046815 ], [ 115.223701901405647, -8.768911758849265 ], [ 115.223697873150087, -8.76889807348215 ], [ 115.223688569089234, -8.768859367565675 ], [ 115.223680924274205, -8.768819948883168 ], [ 115.223674920651149, -8.768779982800588 ], [ 115.223670446171283, -8.768738377538572 ], [ 115.223667335552392, -8.768696445981369 ], [ 115.223666477609015, -8.768675989328319 ] ] ] } },
{ "type": "Feature", "properties": { "Kerentanan Geologi": "Sangat Tinggi (Sedimen Tak Terkonsolidasi)", "Kerentanan Lereng": "Sangat Tinggi (<3%)", "Geomorfologi": "Pantai Berpasir", "Kerentanan Geomorfologi": "Sangat Tinggi", "Kerentanan Tunggang Pasut": "Sedang (≥2-<4)", "Kerentanan Laju Perubahan Garis Pantai": "Sedang (-1-1 m/tahun)", "Kerentanan Kenaikan Muka Air Laut": "Tinggi (2 – 4 mm/tahun)", "Kerentanan Gelombang": "Sangat Rendah (0-3 m)", "Desa": "Canggu", "Kec": "Kuta Utara", "CVI": 25.354627641899999, "Kerentanan": "Sangat Tinggi ( > 12.5 )", "Panjang (km)": 1.1891914326099999 }, "geometry": { "type": "MultiLineString", "coordinates": [ [ [ 115.134687034915672, -8.663356168240849 ], [ 115.134768294472408, -8.663423030836663 ], [ 115.134941009596588, -8.663495634028539 ], [ 115.13511393609933, -8.663525182100305 ], [ 115.135155226809587, -8.663525263379034 ] ], [ [ 115.126762514341195, -8.656610743208434 ], [ 115.126827562675601, -8.656681242299021 ], [ 115.126947111882885, -8.656766570056554 ], [ 115.127218206480649, -8.656960062381524 ], [ 115.127282843991992, -8.657006196769645 ], [ 115.127366535393492, -8.657069968675822 ], [ 115.127406444332792, -8.657102744680371 ], [ 115.127415045797036, -8.657110312209641 ], [ 115.127441855169977, -8.657133896657696 ], [ 115.127454149961551, -8.657144712484149 ], [ 115.12750026313563, -8.657188491457179 ], [ 115.127544760148666, -8.657233915136663 ], [ 115.127587856770305, -8.657281074985887 ], [ 115.12763041741519, -8.657330618025808 ], [ 115.127757220264911, -8.657484703356891 ], [ 115.127986499406461, -8.657696222774916 ], [ 115.128173188803444, -8.657858596748255 ], [ 115.128323963728377, -8.657992090892316 ], [ 115.128399249868494, -8.658038818815099 ], [ 115.128441796433208, -8.658069010291848 ], [ 115.128460764764384, -8.658082470599274 ], [ 115.128579295988672, -8.658163101848491 ], [ 115.128647415267068, -8.658213829483444 ], [ 115.128786923994596, -8.658327882562624 ], [ 115.128924656028033, -8.658449055441194 ], [ 115.12896243604186, -8.658480482004331 ], [ 115.129099115857827, -8.658594175811736 ], [ 115.129215073740667, -8.658696292022801 ], [ 115.129225370392902, -8.658705360427447 ], [ 115.129237093551865, -8.658715683417965 ], [ 115.129276606597173, -8.658748854240113 ], [ 115.129289586105372, -8.658759751128212 ], [ 115.129350081298938, -8.658805913828568 ], [ 115.129396763043687, -8.65884153627735 ], [ 115.129628445912331, -8.659018329128088 ], [ 115.129635788903784, -8.659023932268919 ], [ 115.129797965124411, -8.659142266437669 ], [ 115.129873130164782, -8.65920182762996 ], [ 115.129913983975754, -8.659240759323731 ], [ 115.129932518732616, -8.659260908425434 ], [ 115.129958918068681, -8.659292710488426 ], [ 115.13003608221095, -8.659393216484014 ], [ 115.130038702735249, -8.659396629481547 ], [ 115.130086861326902, -8.659454612043113 ], [ 115.130121100676249, -8.659493298914976 ], [ 115.130146279587322, -8.659519835165858 ], [ 115.130209538244557, -8.659586502774395 ], [ 115.130253305108724, -8.65963125639345 ], [ 115.130400535881378, -8.659781804988397 ], [ 115.130452371053124, -8.659833029556419 ], [ 115.130524411876991, -8.659900891861229 ], [ 115.130525551291754, -8.659901965131699 ], [ 115.130612308856456, -8.659979791653479 ], [ 115.13080788501199, -8.66014470617397 ], [ 115.130974419482087, -8.660277538987522 ], [ 115.131032393230427, -8.660326809103012 ], [ 115.131058470566188, -8.660348971333374 ], [ 115.131147888965785, -8.660429454265978 ], [ 115.131239512744699, -8.660515561294789 ], [ 115.131331286456103, -8.660604983338121 ], [ 115.131443810022361, -8.660717874126249 ], [ 115.13246273458256, -8.661528285090396 ], [ 115.132464655750212, -8.661529088245834 ], [ 115.13247965610033, -8.661535357091148 ], [ 115.132540687708371, -8.661557864536249 ], [ 115.132823503037528, -8.661671111563736 ], [ 115.133168977077872, -8.661806750771859 ], [ 115.133446910982187, -8.661989901115708 ], [ 115.133724420516131, -8.662259161352766 ], [ 115.133819437208132, -8.662489258573443 ], [ 115.133927214117122, -8.662653387961054 ], [ 115.133972252099511, -8.662703441719168 ], [ 115.134004923058484, -8.662739750264489 ], [ 115.134006131121936, -8.662741092370528 ], [ 115.134113767839153, -8.662853902741585 ], [ 115.134139659304978, -8.662881038086697 ], [ 115.134149158993651, -8.662890379157028 ], [ 115.134158478762217, -8.66289954305616 ], [ 115.134208158880426, -8.662948393553227 ], [ 115.134231427568253, -8.662971273314424 ], [ 115.134279604841083, -8.663015370129884 ], [ 115.134326156857782, -8.663057979956976 ], [ 115.134369716887235, -8.663094377810829 ], [ 115.134392712941988, -8.663113592061489 ], [ 115.134424341567708, -8.663140019496375 ], [ 115.134503836585651, -8.663205429724155 ] ] ] } },
{ "type": "Feature", "properties": { "Kerentanan Geologi": "Sangat Tinggi (Sedimen Tak Terkonsolidasi)", "Kerentanan Lereng": "Sangat Tinggi (<3%)", "Geomorfologi": "Pantai Berpasir", "Kerentanan Geomorfologi": "Sangat Tinggi", "Kerentanan Tunggang Pasut": "Sedang (≥2-<4)", "Kerentanan Laju Perubahan Garis Pantai": "Sedang (-1-1 m/tahun)", "Kerentanan Kenaikan Muka Air Laut": "Tinggi (2 – 4 mm/tahun)", "Kerentanan Gelombang": "Sangat Rendah (0-3 m)", "Desa": "Jimbaran", "Kec": "Kuta Selatan", "CVI": 25.354627641899999, "Kerentanan": "Sangat Tinggi ( > 12.5 )", "Panjang (km)": 1.1874224823499999 }, "geometry": { "type": "MultiLineString", "coordinates": [ [ [ 115.165392527476385, -8.77876629181711 ], [ 115.165241366373607, -8.779022542608114 ], [ 115.164828751544121, -8.779607787971972 ], [ 115.164805639264799, -8.779640570276415 ], [ 115.164245662610227, -8.78043482571773 ], [ 115.164185288214895, -8.780502115021719 ], [ 115.164056820406827, -8.780641024499092 ], [ 115.164013126098638, -8.780692466074919 ], [ 115.163962546807838, -8.780758462264748 ], [ 115.163909671608067, -8.780833372285018 ], [ 115.163769559417204, -8.781045521814699 ], [ 115.163665321934289, -8.781136247105362 ], [ 115.163404330521445, -8.781363405839164 ], [ 115.163307066080307, -8.781448061550131 ], [ 115.163284995491651, -8.78146727140458 ] ], [ [ 115.168678798988495, -8.769543293931189 ], [ 115.168655277386563, -8.769648147690194 ], [ 115.16858524928881, -8.770019510158606 ], [ 115.168576611218882, -8.770065319415862 ], [ 115.168548434383084, -8.770214743251003 ], [ 115.168377784999677, -8.77111647412309 ], [ 115.168370674003228, -8.771154048305576 ], [ 115.168323160296339, -8.771405114001295 ], [ 115.168295116098122, -8.771529272186331 ], [ 115.168188214548948, -8.772002557370277 ], [ 115.16813624161172, -8.772193267814014 ], [ 115.16808528751433, -8.772380240306269 ], [ 115.168081048040307, -8.772395797872985 ], [ 115.168068660018662, -8.772441254384837 ], [ 115.167998930355054, -8.772697119467676 ], [ 115.167761613254669, -8.773567929241873 ], [ 115.167545679755833, -8.774040241659982 ], [ 115.167520048100783, -8.774082827577914 ], [ 115.167501991359615, -8.774117987122292 ], [ 115.16750005621806, -8.774121754956489 ], [ 115.167477929963638, -8.774171159251445 ], [ 115.167457239516438, -8.77422280448658 ], [ 115.167431373016626, -8.774292320770886 ], [ 115.167273203714728, -8.774717401425258 ], [ 115.167060750528933, -8.775288368458964 ], [ 115.166979108769581, -8.775503815472254 ], [ 115.166969126246386, -8.775530157857544 ], [ 115.166875289968829, -8.775770059601511 ], [ 115.166824186059728, -8.775894128979068 ], [ 115.166789229822115, -8.775973375875386 ], [ 115.166763421194915, -8.776027893727179 ] ], [ [ 115.168962065715661, -8.768280548331097 ], [ 115.168849628039524, -8.768781774906994 ] ] ] } },
{ "type": "Feature", "properties": { "Kerentanan Geologi": "Sangat Tinggi (Sedimen Tak Terkonsolidasi)", "Kerentanan Lereng": "Sangat Tinggi (<3%)", "Geomorfologi": "Pantai Berpasir", "Kerentanan Geomorfologi": "Sangat Tinggi", "Kerentanan Tunggang Pasut": "Sedang (≥2-<4)", "Kerentanan Laju Perubahan Garis Pantai": "Sedang (-1-1 m/tahun)", "Kerentanan Kenaikan Muka Air Laut": "Tinggi (2 – 4 mm/tahun)", "Kerentanan Gelombang": "Sangat Rendah (0-3 m)", "Desa": "Kedonganan", "Kec": "Kuta", "CVI": 25.354627641899999, "Kerentanan": "Sangat Tinggi ( > 12.5 )", "Panjang (km)": 1.1722405334599999 }, "geometry": { "type": "MultiLineString", "coordinates": [ [ [ 115.167428602743627, -8.756928538576336 ], [ 115.16757887579756, -8.756929266770335 ], [ 115.167817409892621, -8.757319128566673 ], [ 115.168175138683608, -8.757918872426584 ], [ 115.168472905324279, -8.758488425161072 ], [ 115.168680947340619, -8.758967840689317 ], [ 115.168982027490557, -8.759811732635962 ], [ 115.169155025883512, -8.760700612236787 ], [ 115.169259771158181, -8.761238801487808 ], [ 115.169288386671965, -8.761385830056165 ], [ 115.169298094201096, -8.761438369614606 ], [ 115.169305577699291, -8.761497093139333 ], [ 115.169311895826496, -8.761569625322023 ], [ 115.169316450612726, -8.761646681103921 ], [ 115.169317160157377, -8.761666777660203 ], [ 115.169322460626731, -8.761816894642056 ], [ 115.169327296880624, -8.762002813550916 ], [ 115.169329406339401, -8.762083916795573 ], [ 115.169336171806194, -8.762248314445889 ], [ 115.16934901988175, -8.762436250282802 ], [ 115.169352237411587, -8.762483314957716 ], [ 115.169362535358374, -8.762633951580293 ], [ 115.169378492457966, -8.762897616244164 ], [ 115.169393398037229, -8.763172989040918 ], [ 115.169445482811739, -8.764135232079134 ], [ 115.169452035028826, -8.76425628903714 ], [ 115.169443779862561, -8.76435650850685 ], [ 115.169397031361555, -8.764924034420972 ], [ 115.169366781498312, -8.7652912614549 ], [ 115.169364370305388, -8.765308380227339 ], [ 115.169317350254502, -8.765642267688595 ], [ 115.169242226718708, -8.766175713300379 ], [ 115.169236300130208, -8.766254676510911 ], [ 115.169229001753337, -8.766351915320199 ], [ 115.169218427962733, -8.766492797946484 ], [ 115.169186249510318, -8.766921538880709 ], [ 115.169180542555253, -8.766997581170228 ] ] ] } },
{ "type": "Feature", "properties": { "Kerentanan Geologi": "Sangat Tinggi (Sedimen Tak Terkonsolidasi)", "Kerentanan Lereng": "Sangat Tinggi (<3%)", "Geomorfologi": "Pantai Berpasir", "Kerentanan Geomorfologi": "Sangat Tinggi", "Kerentanan Tunggang Pasut": "Sedang (≥2-<4)", "Kerentanan Laju Perubahan Garis Pantai": "Sedang (-1-1 m/tahun)", "Kerentanan Kenaikan Muka Air Laut": "Tinggi (2 – 4 mm/tahun)", "Kerentanan Gelombang": "Sangat Rendah (0-3 m)", "Desa": "Kerobokan Kelod", "Kec": "Kuta Utara", "CVI": 25.354627641899999, "Kerentanan": "Sangat Tinggi ( > 12.5 )", "Panjang (km)": 1.3775408603299999 }, "geometry": { "type": "MultiLineString", "coordinates": [ [ [ 115.149364260406756, -8.679418211374864 ], [ 115.149464055461266, -8.679636150893625 ], [ 115.149811548551341, -8.68020079918757 ], [ 115.149820667875687, -8.680216360002674 ], [ 115.149857756998969, -8.680279643200178 ], [ 115.149985385371068, -8.680497407603969 ], [ 115.150036747729757, -8.680590620606788 ], [ 115.150078903465499, -8.680673296296135 ], [ 115.150145975238374, -8.680804839470971 ], [ 115.150259286743491, -8.681042078619617 ], [ 115.150329860746581, -8.681201523956405 ], [ 115.150362706047133, -8.681281699926037 ], [ 115.15039319809776, -8.681362262273169 ], [ 115.150420577801739, -8.681443301339769 ], [ 115.150432605197309, -8.681485446015262 ], [ 115.150443874242356, -8.681524932658533 ], [ 115.150453041897819, -8.681566063560862 ], [ 115.150466404895951, -8.681626013172149 ], [ 115.150477122128379, -8.681674096668486 ], [ 115.15049210402627, -8.681741314731189 ], [ 115.150499939914752, -8.681776472302168 ], [ 115.150516138262702, -8.681834627522859 ], [ 115.150532901086819, -8.681884755517313 ], [ 115.150534753885736, -8.681889345434531 ], [ 115.150553488322856, -8.681935760024569 ], [ 115.15055510772568, -8.681939772012054 ], [ 115.150588500987638, -8.682008260089576 ], [ 115.150636548046748, -8.682095398813619 ], [ 115.150650632124538, -8.682118694529905 ], [ 115.150682791985233, -8.682171889675255 ], [ 115.150683855194885, -8.682173521256651 ] ], [ [ 115.143720270642802, -8.671500662265377 ], [ 115.143858086904771, -8.671728614339804 ], [ 115.144188342459444, -8.672218522935836 ], [ 115.144461032743834, -8.672778185293899 ], [ 115.144508370902983, -8.672850838570314 ], [ 115.144533007561861, -8.672888650776121 ], [ 115.144570439362653, -8.672943277577376 ], [ 115.144646675497441, -8.673047596204908 ], [ 115.144742086875283, -8.673168491017176 ], [ 115.144766168848321, -8.673199004682155 ], [ 115.144858772417919, -8.67331129807903 ], [ 115.144963100065098, -8.673437808881578 ], [ 115.144999845472356, -8.673482367324041 ], [ 115.145068370872352, -8.67356246367823 ], [ 115.14511939725466, -8.673617481987323 ], [ 115.145201180608609, -8.673698973549216 ], [ 115.145257444026228, -8.673752481283673 ], [ 115.145268212375797, -8.673762051655277 ], [ 115.145306108754824, -8.673795732487092 ], [ 115.145356833735264, -8.67383868269806 ], [ 115.14545926542084, -8.673925415100451 ], [ 115.145561846807965, -8.674017754347082 ], [ 115.145651218208613, -8.674103753341894 ], [ 115.145715344054224, -8.674165460270695 ], [ 115.145775687332446, -8.674223527112563 ], [ 115.146076966426392, -8.674508235795088 ], [ 115.146457976989581, -8.674981030970716 ], [ 115.14688690988821, -8.675748561317882 ], [ 115.147100790814463, -8.676251924843418 ], [ 115.147378660646098, -8.676819585543463 ], [ 115.147649565765619, -8.677091797430819 ], [ 115.148080379133248, -8.677476613556195 ], [ 115.148654250954195, -8.678101325419805 ], [ 115.149036286182437, -8.678629424530094 ], [ 115.149195224711292, -8.679016965463406 ] ] ] } },
{ "type": "Feature", "properties": { "Kerentanan Geologi": "Sangat Tinggi (Sedimen Tak Terkonsolidasi)", "Kerentanan Lereng": "Sangat Tinggi (<3%)", "Geomorfologi": "Pantai Berpasir", "Kerentanan Geomorfologi": "Sangat Tinggi", "Kerentanan Tunggang Pasut": "Sedang (≥2-<4)", "Kerentanan Laju Perubahan Garis Pantai": "Sedang (-1-1 m/tahun)", "Kerentanan Kenaikan Muka Air Laut": "Tinggi (2 – 4 mm/tahun)", "Kerentanan Gelombang": "Sangat Rendah (0-3 m)", "Desa": "Kuta", "Kec": "Kuta", "CVI": 25.354627641899999, "Kerentanan": "Sangat Tinggi ( > 12.5 )", "Panjang (km)": 1.19704517316 }, "geometry": { "type": "MultiLineString", "coordinates": [ [ [ 115.160824710805926, -8.739758121893137 ], [ 115.160763073162002, -8.739960762921156 ], [ 115.160736567328073, -8.740462961336689 ], [ 115.160625677062782, -8.741012590897586 ], [ 115.160431975947589, -8.74168723043433 ], [ 115.160415382887336, -8.741739068104867 ], [ 115.160411519780581, -8.741751137716209 ], [ 115.160396983129658, -8.741788716373211 ], [ 115.160396465873674, -8.74179005279461 ], [ 115.160390476899039, -8.741805533096857 ], [ 115.160375060374633, -8.741835009689213 ], [ 115.160364969822083, -8.741854303344343 ], [ 115.1603616157727, -8.74185855790007 ], [ 115.160351720049107, -8.741871109917872 ], [ 115.160332420547604, -8.7418955907224 ], [ 115.160329762956565, -8.741897545079983 ], [ 115.16027929603149, -8.741934668057361 ], [ 115.160265023464618, -8.74194083142222 ], [ 115.160214656505772, -8.74196258019497 ], [ 115.160197135852712, -8.741967329178566 ], [ 115.160152940673427, -8.741979308662946 ], [ 115.160145057061314, -8.741981445571936 ], [ 115.160141594785514, -8.741982384360805 ], [ 115.159961368244879, -8.741918269864055 ], [ 115.159865490883206, -8.741858003255434 ], [ 115.159817610913819, -8.741815910239728 ], [ 115.159757797884041, -8.741755818811534 ], [ 115.159703937186748, -8.741707716284619 ], [ 115.159637907714583, -8.741689455055873 ], [ 115.159607619636262, -8.741737148760478 ], [ 115.159601345349571, -8.741790939580591 ], [ 115.159655029927919, -8.741874921232126 ], [ 115.159744984284373, -8.741917218676704 ], [ 115.159792922954679, -8.741947351998 ], [ 115.159791821372195, -8.741958690057682 ] ], [ [ 115.161909043474196, -8.737033616974394 ], [ 115.161863586457486, -8.737078848869908 ], [ 115.161852114448578, -8.737090264130885 ], [ 115.161753921584236, -8.737187971295274 ], [ 115.161739882678646, -8.737201940769099 ], [ 115.161735538782864, -8.737206262874253 ], [ 115.16164799512741, -8.737293372556609 ], [ 115.161622247685258, -8.737318992092035 ], [ 115.161606117283512, -8.737325657338896 ], [ 115.161466315895495, -8.737383424865151 ], [ 115.161453465294699, -8.737388734534399 ], [ 115.161425901103016, -8.73740012414558 ], [ 115.161393377137401, -8.737413563639219 ], [ 115.16130715872923, -8.737431055058668 ] ], [ [ 115.163353333947541, -8.733423430479089 ], [ 115.163343315429884, -8.733490857636014 ], [ 115.163221114576459, -8.733896911624909 ], [ 115.163103785415217, -8.73419426409073 ], [ 115.162977531515622, -8.734541582165669 ], [ 115.162685922253729, -8.735174058671381 ], [ 115.162552460258979, -8.735424575623934 ], [ 115.162393666578197, -8.735938093516308 ], [ 115.162334725352693, -8.736172592443612 ] ], [ [ 115.167576823734265, -8.727020859454997 ], [ 115.167563150301049, -8.727031382883402 ], [ 115.167433841878434, -8.72713676691275 ], [ 115.167428162598938, -8.727141608845397 ], [ 115.166958197562565, -8.727593956785203 ], [ 115.166427058889525, -8.728045878059589 ], [ 115.165701949494505, -8.728831746866092 ], [ 115.165339802247189, -8.729140960896098 ], [ 115.165021177680202, -8.729490196924083 ], [ 115.165013467483888, -8.72950171824488 ], [ 115.164978493922405, -8.729562874379258 ], [ 115.164962399036881, -8.729594890331425 ], [ 115.164949348774599, -8.729620851041476 ], [ 115.164945681082699, -8.729628147277369 ], [ 115.164925877683572, -8.729672649568766 ] ] ] } },
{ "type": "Feature", "properties": { "Kerentanan Geologi": "Sangat Tinggi (Sedimen Tak Terkonsolidasi)", "Kerentanan Lereng": "Sangat Tinggi (<3%)", "Geomorfologi": "Pantai Berpasir", "Kerentanan Geomorfologi": "Sangat Tinggi", "Kerentanan Tunggang Pasut": "Sedang (≥2-<4)", "Kerentanan Laju Perubahan Garis Pantai": "Sedang (-1-1 m/tahun)", "Kerentanan Kenaikan Muka Air Laut": "Tinggi (2 – 4 mm/tahun)", "Kerentanan Gelombang": "Sangat Rendah (0-3 m)", "Desa": "Legian", "Kec": "Kuta", "CVI": 25.354627641899999, "Kerentanan": "Sangat Tinggi ( > 12.5 )", "Panjang (km)": 1.0269604839599999 }, "geometry": { "type": "MultiLineString", "coordinates": [ [ [ 115.165779118933372, -8.706783121905818 ], [ 115.165848638374328, -8.707036240152934 ], [ 115.165852850385974, -8.707050686842235 ], [ 115.165865645495046, -8.707094573740612 ], [ 115.16588602276903, -8.707164465948273 ], [ 115.165957288319802, -8.70740889719932 ], [ 115.165986868963429, -8.707510355384553 ], [ 115.166024635147522, -8.707624573429944 ], [ 115.166033442839165, -8.707649321653596 ], [ 115.166094791902381, -8.707821710628034 ], [ 115.166111103084447, -8.707867542884912 ], [ 115.166152479104881, -8.707996356601436 ], [ 115.166158163638073, -8.708014055129825 ], [ 115.16617443587441, -8.708064713168065 ], [ 115.166195841035787, -8.708134389740676 ] ], [ [ 115.161535383282924, -8.69817342370013 ], [ 115.162061494656683, -8.699033410536634 ], [ 115.162585590427838, -8.700016677213974 ], [ 115.162774644008067, -8.700687361707629 ], [ 115.162840975763814, -8.700888613936794 ], [ 115.163048597435292, -8.701278347659455 ], [ 115.163800820107852, -8.702612267507902 ], [ 115.163989726032142, -8.702941747111783 ], [ 115.164299799943791, -8.703445572364835 ], [ 115.164561327574447, -8.704044844517625 ], [ 115.164751084874112, -8.704572010100275 ], [ 115.164962469964323, -8.705062968655191 ], [ 115.164980397755642, -8.705105372314984 ], [ 115.165018525267726, -8.705186193667895 ], [ 115.165026602243685, -8.705203314280164 ] ] ] } },
{ "type": "Feature", "properties": { "Kerentanan Geologi": "Sangat Tinggi (Sedimen Tak Terkonsolidasi)", "Kerentanan Lereng": "Sangat Tinggi (<3%)", "Geomorfologi": "Pantai Berpasir", "Kerentanan Geomorfologi": "Sangat Tinggi", "Kerentanan Tunggang Pasut": "Sedang (≥2-<4)", "Kerentanan Laju Perubahan Garis Pantai": "Sedang (-1-1 m/tahun)", "Kerentanan Kenaikan Muka Air Laut": "Tinggi (2 – 4 mm/tahun)", "Kerentanan Gelombang": "Sangat Rendah (0-3 m)", "Desa": "Seminyak", "Kec": "Kuta", "CVI": 25.354627641899999, "Kerentanan": "Sangat Tinggi ( > 12.5 )", "Panjang (km)": 1.2697106129 }, "geometry": { "type": "MultiLineString", "coordinates": [ [ [ 115.159879916329501, -8.695306565502353 ], [ 115.159943746401339, -8.695542277192168 ], [ 115.160155617522847, -8.695926887734963 ], [ 115.16064446286515, -8.696814289450277 ] ], [ [ 115.157041141190163, -8.690881310944487 ], [ 115.157223756867353, -8.691304080741411 ], [ 115.157389578298137, -8.691807210222704 ], [ 115.158010512766694, -8.692647426548033 ], [ 115.158671372672913, -8.693460123720502 ], [ 115.158824835174997, -8.693611372499266 ], [ 115.159403093445633, -8.694379841897748 ], [ 115.159541568676033, -8.694633379307481 ] ], [ [ 115.154082410079184, -8.687072502224847 ], [ 115.154104939923499, -8.687106541215066 ], [ 115.154166169586816, -8.687194134181661 ], [ 115.154322622864839, -8.687417948490518 ], [ 115.154377832576799, -8.687502338085226 ], [ 115.154440698906953, -8.68760605225685 ], [ 115.154636910242786, -8.687944306801734 ], [ 115.154693530570839, -8.68803456702976 ], [ 115.15473883285938, -8.68810119963743 ], [ 115.154806907261445, -8.688193046824072 ], [ 115.154840946195037, -8.688234159848697 ], [ 115.154853910526313, -8.688249818796223 ], [ 115.154867733848491, -8.688266515258865 ], [ 115.154918044024981, -8.688321687660048 ], [ 115.154925638134529, -8.688330015689333 ], [ 115.156055065650577, -8.689359663944334 ], [ 115.156400155789427, -8.689825306574818 ] ], [ [ 115.151885437214659, -8.683438417563584 ], [ 115.151935944840034, -8.683490354529749 ], [ 115.15202208105778, -8.68358482449575 ], [ 115.152101112232359, -8.683678933642692 ], [ 115.152104533055805, -8.683683006795784 ], [ 115.152182590033362, -8.683784590602379 ], [ 115.152238715040809, -8.683864637972064 ], [ 115.152258943109459, -8.683893488225074 ], [ 115.152325733395344, -8.683991826036358 ], [ 115.152387169017686, -8.684082278789869 ], [ 115.152395712547928, -8.684094856967999 ], [ 115.15247877809567, -8.684217157430021 ], [ 115.152549814445649, -8.684324180432576 ], [ 115.152549931694608, -8.684324357294903 ], [ 115.152615077732136, -8.684427680308762 ], [ 115.152621117383333, -8.684437260199283 ], [ 115.152693900066978, -8.684555611546003 ], [ 115.152758432263951, -8.68466054715347 ], [ 115.152775501581715, -8.684689524027524 ] ], [ [ 115.150683855194885, -8.682173521256651 ], [ 115.150727056474452, -8.682239785870017 ], [ 115.150732980282399, -8.682248515385339 ] ] ] } },
{ "type": "Feature", "properties": { "Kerentanan Geologi": "Sangat Tinggi (Sedimen Tak Terkonsolidasi)", "Kerentanan Lereng": "Sangat Tinggi (<3%)", "Geomorfologi": "Pantai Berpasir", "Kerentanan Geomorfologi": "Sangat Tinggi", "Kerentanan Tunggang Pasut": "Sedang (≥2-<4)", "Kerentanan Laju Perubahan Garis Pantai": "Sedang (-1-1 m/tahun)", "Kerentanan Kenaikan Muka Air Laut": "Tinggi (2 – 4 mm/tahun)", "Kerentanan Gelombang": "Sangat Rendah (0-3 m)", "Desa": "Tanjung Benoa", "Kec": "Kuta Selatan", "CVI": 25.354627641899999, "Kerentanan": "Sangat Tinggi ( > 12.5 )", "Panjang (km)": 1.91830937742 }, "geometry": { "type": "MultiLineString", "coordinates": [ [ [ 115.223666477609015, -8.768675989328319 ], [ 115.22366379355546, -8.768611996047946 ], [ 115.223663281692481, -8.768582588594715 ], [ 115.223662318045911, -8.768527195096514 ], [ 115.223661986444228, -8.768442453771065 ], [ 115.223662509699111, -8.768377288487654 ], [ 115.223662653921664, -8.768359370748509 ], [ 115.223664929554829, -8.768277718346997 ], [ 115.223667110902213, -8.768237898347937 ], [ 115.223670374127167, -8.768199143045528 ], [ 115.223675138001994, -8.768161874817086 ], [ 115.223681955138318, -8.768126655901183 ], [ 115.223691541818226, -8.768094221989703 ], [ 115.223704820479952, -8.768065530345043 ], [ 115.223722962224727, -8.768041803396928 ], [ 115.223748933755942, -8.76802277753664 ], [ 115.223779887255162, -8.768009134625499 ], [ 115.223813746536379, -8.767999059405222 ], [ 115.223882674566383, -8.767983723566317 ], [ 115.223913950335756, -8.767975892828872 ], [ 115.223940246025236, -8.767966297368615 ], [ 115.22395893603516, -8.767953607562326 ], [ 115.223967143011521, -8.767938983407483 ], [ 115.223967242684893, -8.767922786867938 ], [ 115.223959272747337, -8.767907031558881 ], [ 115.223941391683439, -8.767891964682105 ], [ 115.223916367330403, -8.76787862721665 ], [ 115.22385499186899, -8.767852388139213 ], [ 115.223822944895147, -8.767836998783482 ], [ 115.223792677177229, -8.767818208419747 ], [ 115.223668872060571, -8.767748332131498 ], [ 115.223656162055505, -8.767678204373857 ], [ 115.223645441104068, -8.767619048219794 ], [ 115.223660436473295, -8.767499513140642 ], [ 115.223675454559341, -8.767375193651834 ], [ 115.223723931395796, -8.767294090310944 ], [ 115.223770170101844, -8.767126660807534 ], [ 115.223831635127198, -8.766904099249043 ], [ 115.223836428925779, -8.766652969165746 ], [ 115.223837970423205, -8.766572209261671 ], [ 115.223854601336569, -8.766461120737569 ], [ 115.223906047026873, -8.766414649409191 ], [ 115.223974339523465, -8.76634899173723 ], [ 115.223973987107712, -8.766325991502264 ], [ 115.223969585400809, -8.766288185622104 ], [ 115.223961223586599, -8.766252958613132 ], [ 115.223948392058773, -8.766221409277252 ], [ 115.223930205227688, -8.76619496374202 ], [ 115.223910623335513, -8.766178093333588 ], [ 115.223887474026952, -8.766165888503131 ], [ 115.223861511549686, -8.766158553506887 ], [ 115.223827376788577, -8.766156254817808 ], [ 115.223790977505445, -8.766159456891595 ], [ 115.22375306303573, -8.766166336962117 ], [ 115.223679978125446, -8.766183467832178 ], [ 115.223642898552484, -8.766191366220067 ], [ 115.223605747245486, -8.766196956091568 ], [ 115.223572670075455, -8.766198920677432 ] ], [ [ 115.223665802293866, -8.761372724990897 ], [ 115.223571440456041, -8.760989543871343 ], [ 115.223453489691678, -8.760510567036897 ], [ 115.223312288144413, -8.759864033795511 ], [ 115.22314636112263, -8.759360909844773 ], [ 115.222980548923672, -8.75883386657992 ], [ 115.222885960750901, -8.758498525957711 ], [ 115.222768010138552, -8.758019550080373 ], [ 115.222529496590624, -8.757611769791486 ], [ 115.222386366323363, -8.757371885818117 ], [ 115.222271366786515, -8.757016230795342 ], [ 115.222257555466527, -8.756901926147071 ], [ 115.222245688840033, -8.756803715534664 ], [ 115.222246151922661, -8.756800163683319 ], [ 115.22225497380164, -8.756732553850421 ], [ 115.222256955294682, -8.75671736519624 ], [ 115.222279648497278, -8.756543437496093 ], [ 115.222285614617931, -8.756497713415142 ], [ 115.22229211506945, -8.756466155520982 ], [ 115.222326989414938, -8.756296844457905 ], [ 115.222328418247983, -8.756289907663737 ], [ 115.222329540109413, -8.756284460292351 ], [ 115.222344684245954, -8.756210937498835 ], [ 115.222361706278107, -8.756173314607503 ], [ 115.222422444230077, -8.756039071375557 ] ], [ [ 115.216244771102652, -8.760229918385342 ], [ 115.216108503961848, -8.760119888342325 ], [ 115.216084773257037, -8.76010072697721 ], [ 115.215938618506826, -8.75998271223667 ], [ 115.215935076897765, -8.75997986659492 ], [ 115.215912663927611, -8.759961854223052 ], [ 115.215846410918729, -8.759908610129727 ], [ 115.215778874186938, -8.759854334720652 ], [ 115.215771614441266, -8.759848500658274 ], [ 115.215720714754028, -8.759807595835136 ], [ 115.215651179121878, -8.759751713431882 ], [ 115.21551141828958, -8.759646398806309 ], [ 115.215397348385906, -8.759560443750164 ], [ 115.215344505162861, -8.75952062458151 ], [ 115.215285211293221, -8.759456818129038 ], [ 115.215076576220937, -8.759232307263556 ], [ 115.215040933294404, -8.759202471871534 ], [ 115.214991416821007, -8.759161022915489 ], [ 115.21486759490783, -8.75905737549812 ], [ 115.214788607038258, -8.758991257350205 ], [ 115.214731705337073, -8.758943627433029 ], [ 115.214699853320653, -8.758923250523056 ], [ 115.214623511236525, -8.758874412234457 ], [ 115.214622294454514, -8.758873633483869 ], [ 115.214554589471618, -8.758830320235761 ], [ 115.214520753296867, -8.7588086736304 ], [ 115.214505226842519, -8.758783696898565 ], [ 115.214501485916841, -8.758777679630755 ], [ 115.214425306597704, -8.75865512817176 ], [ 115.214411324860706, -8.758588679572249 ], [ 115.214411300863347, -8.758588566446528 ], [ 115.214411250219953, -8.758588323908819 ], [ 115.214399537174714, -8.758532654747516 ], [ 115.214368878503706, -8.758386946395145 ], [ 115.214403174203653, -8.758231331181985 ], [ 115.214408429872378, -8.758207485977248 ], [ 115.214411783164593, -8.758192273167692 ], [ 115.214412801236989, -8.758187652604459 ], [ 115.214427863235827, -8.758119309649361 ], [ 115.214429506703695, -8.757774854747426 ], [ 115.214393363103554, -8.7573294224969 ], [ 115.214387364345697, -8.757255494013727 ], [ 115.214374448114071, -8.757219627987162 ], [ 115.214341602590224, -8.757142374032847 ], [ 115.214317380060749, -8.757085400862255 ], [ 115.21430377320435, -8.757085336610276 ], [ 115.214292011129857, -8.757085281069017 ], [ 115.214278886824957, -8.757085219094787 ], [ 115.21427279722748, -8.757085190338969 ], [ 115.214201967604069, -8.75708485586568 ], [ 115.214192070772626, -8.757101091048984 ], [ 115.21417679182467, -8.757126154657096 ], [ 115.214143804832702, -8.757180264708108 ], [ 115.214064488640261, -8.757677447425376 ], [ 115.214098704093487, -8.758162144581107 ], [ 115.214118542129242, -8.758443174367516 ], [ 115.214270782823718, -8.758788356030552 ], [ 115.214295751669823, -8.758814826635964 ], [ 115.214615287916601, -8.759153582725613 ], [ 115.215132822277653, -8.759538762330852 ], [ 115.215669137334757, -8.760019713644574 ], [ 115.21568084099232, -8.760031467934162 ], [ 115.215956302247008, -8.760308121512303 ], [ 115.216015304301834, -8.760350652157129 ], [ 115.216193447177361, -8.760479063105242 ] ] ] } },
{ "type": "Feature", "properties": { "Kerentanan Geologi": "Sangat Tinggi (Sedimen Tak Terkonsolidasi)", "Kerentanan Lereng": "Sangat Tinggi (<3%)", "Geomorfologi": "Pantai Berpasir", "Kerentanan Geomorfologi": "Sangat Tinggi", "Kerentanan Tunggang Pasut": "Sedang (≥2-<4)", "Kerentanan Laju Perubahan Garis Pantai": "Sedang (-1-1 m/tahun)", "Kerentanan Kenaikan Muka Air Laut": "Tinggi (2 – 4 mm/tahun)", "Kerentanan Gelombang": "Sangat Rendah (0-3 m)", "Desa": "Tibuneneng", "Kec": "Kuta Utara", "CVI": 25.354627641899999, "Kerentanan": "Sangat Tinggi ( > 12.5 )", "Panjang (km)": 1.1704927537000001 }, "geometry": { "type": "MultiLineString", "coordinates": [ [ [ 115.142138442199538, -8.670282826501316 ], [ 115.142292566656266, -8.670386254136988 ], [ 115.142465216333989, -8.670473206613799 ], [ 115.14269506230255, -8.670660901850411 ], [ 115.142939473092298, -8.670819963667203 ], [ 115.143169390018826, -8.670993307868697 ], [ 115.143431344095788, -8.671106329196247 ], [ 115.143549168046079, -8.671217654169421 ], [ 115.143720270642802, -8.671500662265377 ] ], [ [ 115.135155226809587, -8.663525263379034 ], [ 115.135395248784974, -8.663525735875984 ], [ 115.135826386850511, -8.663838800858414 ], [ 115.136226224948373, -8.664228502318768 ], [ 115.13625343239805, -8.664267585788048 ], [ 115.136476265195697, -8.664552974159665 ], [ 115.137011480854497, -8.665000160442627 ], [ 115.137388458475272, -8.665190028879577 ], [ 115.137555399439492, -8.665274109951184 ], [ 115.137616113882203, -8.665325264167889 ], [ 115.137874498569246, -8.665542961646524 ], [ 115.138038898775605, -8.665697164012046 ], [ 115.138045505069741, -8.66570335199817 ], [ 115.138110734720669, -8.665764531663061 ], [ 115.13817766456485, -8.665827306243594 ], [ 115.138213480397923, -8.665899467075779 ], [ 115.138231977101327, -8.665936735139988 ], [ 115.138368080615578, -8.666210956254647 ], [ 115.138375841649648, -8.666221760603685 ], [ 115.13848474972356, -8.666373375304422 ], [ 115.138678449195183, -8.666643031262192 ], [ 115.138798940068526, -8.666776225955985 ], [ 115.139127760296631, -8.66713971236952 ], [ 115.139422080939354, -8.66743168884493 ], [ 115.139482992036534, -8.6674921150458 ], [ 115.139622742897387, -8.667630752773382 ], [ 115.139642013210064, -8.667649870013516 ], [ 115.139889564683884, -8.667895450475514 ], [ 115.140007174917599, -8.6680121235595 ], [ 115.140085226463853, -8.668089552793722 ], [ 115.140123083156098, -8.668119640077979 ], [ 115.140148695318175, -8.668139996020493 ], [ 115.140380988666891, -8.66832461305725 ], [ 115.140515470441272, -8.668470877855276 ], [ 115.14065563548246, -8.668741985833254 ], [ 115.140951553757915, -8.669146164156938 ], [ 115.141154757828474, -8.669374394362713 ], [ 115.141168856915087, -8.669399615059135 ] ] ] } },
{ "type": "Feature", "properties": { "Kerentanan Geologi": "Sangat Tinggi (Sedimen Tak Terkonsolidasi)", "Kerentanan Lereng": "Sangat Tinggi (<3%)", "Geomorfologi": "Pantai Berpasir", "Kerentanan Geomorfologi": "Sangat Tinggi", "Kerentanan Tunggang Pasut": "Sedang (≥2-<4)", "Kerentanan Laju Perubahan Garis Pantai": "Sedang (-1-1 m/tahun)", "Kerentanan Kenaikan Muka Air Laut": "Tinggi (2 – 4 mm/tahun)", "Kerentanan Gelombang": "Sangat Rendah (0-3 m)", "Desa": "Tuban", "Kec": "Kuta", "CVI": 25.354627641899999, "Kerentanan": "Sangat Tinggi ( > 12.5 )", "Panjang (km)": 0.44415701022999998 }, "geometry": { "type": "MultiLineString", "coordinates": [ [ [ 115.165378454763854, -8.754562883159974 ], [ 115.165786277335101, -8.755013798845962 ], [ 115.166411891143397, -8.755637737225426 ], [ 115.166602176384671, -8.75587328466059 ] ], [ [ 115.161187814358456, -8.750543224917926 ], [ 115.161436266388321, -8.750869748655623 ], [ 115.161541279449821, -8.750996369956408 ], [ 115.161914875975242, -8.751331344341512 ], [ 115.162317206322768, -8.751658615193683 ], [ 115.162677618955442, -8.751928273472105 ], [ 115.162719819047993, -8.751928478388752 ], [ 115.162802386794482, -8.751916562197668 ], [ 115.162863405064286, -8.751916966055111 ] ] ] } },
{ "type": "Feature", "properties": { "Kerentanan Geologi": "Sangat Tinggi (Sedimen Tak Terkonsolidasi)", "Kerentanan Lereng": "Sangat Tinggi (<3%)", "Geomorfologi": "Pantai Berpasir", "Kerentanan Geomorfologi": "Sangat Tinggi", "Kerentanan Tunggang Pasut": "Sedang (≥2-<4)", "Kerentanan Laju Perubahan Garis Pantai": "Tinggi (<-1- (-2) m/tahun)", "Kerentanan Kenaikan Muka Air Laut": "Tinggi (2 – 4 mm/tahun)", "Kerentanan Gelombang": "Sangat Rendah (0-3 m)", "Desa": "Benoa", "Kec": "Kuta Selatan", "CVI": 29.277002188499999, "Kerentanan": "Sangat Tinggi ( > 12.5 )", "Panjang (km)": 0.90604549817000002 }, "geometry": { "type": "MultiLineString", "coordinates": [ [ [ 115.233550776649466, -8.806188318006763 ], [ 115.23383118167898, -8.805864394388026 ], [ 115.234322173461933, -8.805315216353454 ], [ 115.234738267804929, -8.80489239466273 ], [ 115.235700714850296, -8.803671120566221 ], [ 115.235772682495238, -8.803541335331383 ], [ 115.236300849532341, -8.803009806928872 ], [ 115.236428323299322, -8.802948747929339 ], [ 115.236502957791714, -8.80287929069935 ], [ 115.23687382640837, -8.802784064100136 ] ], [ [ 115.234582655735622, -8.798529917782066 ], [ 115.234571432569496, -8.79852746384007 ], [ 115.234563202339899, -8.798525210180117 ], [ 115.234488002915342, -8.798504615453865 ], [ 115.234406840742324, -8.798477018468258 ], [ 115.234364272628937, -8.798458468158172 ], [ 115.234343665209153, -8.798449487749712 ], [ 115.234315077858327, -8.798437029785024 ], [ 115.23425549720595, -8.798404854341749 ], [ 115.234218869527112, -8.798383255207238 ], [ 115.234113158351178, -8.798315576078831 ], [ 115.234046468745589, -8.798266649427234 ], [ 115.233990917693689, -8.798220386984109 ], [ 115.233937992247903, -8.798170905576146 ], [ 115.23391087709922, -8.798143161532096 ], [ 115.233870663043177, -8.7980985477902 ], [ 115.233831326828806, -8.798050516121146 ], [ 115.233792572040812, -8.797998708012596 ], [ 115.233718100042111, -8.79788818239382 ], [ 115.233668020806491, -8.797806797552003 ] ], [ [ 115.22967659426908, -8.787889457345228 ], [ 115.229601540502372, -8.787788924533908 ], [ 115.22954451037667, -8.787645129975841 ], [ 115.229518421599025, -8.787593225716865 ] ], [ [ 115.228143523092129, -8.786737400119087 ], [ 115.228116182244804, -8.78669332218046 ], [ 115.228116153376718, -8.78669327683953 ], [ 115.22807127313483, -8.786625145028006 ], [ 115.228071253277832, -8.786625116003323 ], [ 115.228003615190062, -8.786526384479739 ], [ 115.227959888193226, -8.786460193770834 ], [ 115.227936600355662, -8.786422158926795 ], [ 115.227914832626169, -8.786383637587589 ], [ 115.227895039663437, -8.786344581261066 ], [ 115.227877885386278, -8.786304894521313 ], [ 115.227864292063444, -8.786264432527185 ], [ 115.227856601352059, -8.786231137089723 ], [ 115.227855087465969, -8.786220175846029 ] ], [ [ 115.227530012164692, -8.785929583669997 ], [ 115.227491590417159, -8.785935287822298 ], [ 115.227452397719418, -8.785938364635415 ], [ 115.227412869329896, -8.785939023195789 ], [ 115.227373400631734, -8.7859372572258 ], [ 115.227334385321328, -8.78593284164686 ], [ 115.227313538424241, -8.785928730295906 ] ], [ [ 115.226446099633748, -8.778177893440558 ], [ 115.226441326919016, -8.77809169182224 ], [ 115.226444360115835, -8.778052766326185 ], [ 115.226449424283359, -8.778016003952496 ], [ 115.22645743899524, -8.777982205539217 ], [ 115.226469497149637, -8.777952418655209 ], [ 115.226485594756355, -8.777928057299773 ], [ 115.226521307570621, -8.777887667068024 ], [ 115.226535108046463, -8.777868767452704 ], [ 115.226542373152725, -8.777850234923338 ], [ 115.226542693843925, -8.777832849607723 ], [ 115.22653514431255, -8.777818654045719 ], [ 115.226518868128892, -8.777809243571211 ], [ 115.22649548881094, -8.777804164721504 ], [ 115.226466854803519, -8.777802487724108 ], [ 115.226434442633476, -8.7778035170297 ], [ 115.22639943803496, -8.77780674106357 ], [ 115.226362812410429, -8.777811807270346 ], [ 115.226325391201968, -8.777818478134076 ], [ 115.226252348862417, -8.777833992736605 ], [ 115.226216497782488, -8.777840543491532 ], [ 115.22618153007808, -8.777844418632286 ], [ 115.226151400927108, -8.777844486734464 ], [ 115.22612290148875, -8.77784088460232 ], [ 115.226096726390367, -8.777833171587313 ], [ 115.226073690319012, -8.777820696045268 ], [ 115.226050182907471, -8.777797818380924 ], [ 115.22603152981938, -8.777768388897298 ], [ 115.226016552170933, -8.777734155109304 ], [ 115.226004390277993, -8.777696440199453 ], [ 115.226000720951689, -8.777681594742326 ] ] ] } },
{ "type": "Feature", "properties": { "Kerentanan Geologi": "Sangat Tinggi (Sedimen Tak Terkonsolidasi)", "Kerentanan Lereng": "Sangat Tinggi (<3%)", "Geomorfologi": "Pantai Berpasir", "Kerentanan Geomorfologi": "Sangat Tinggi", "Kerentanan Tunggang Pasut": "Sedang (≥2-<4)", "Kerentanan Laju Perubahan Garis Pantai": "Tinggi (<-1- (-2) m/tahun)", "Kerentanan Kenaikan Muka Air Laut": "Tinggi (2 – 4 mm/tahun)", "Kerentanan Gelombang": "Sangat Rendah (0-3 m)", "Desa": "Canggu", "Kec": "Kuta Utara", "CVI": 29.277002188499999, "Kerentanan": "Sangat Tinggi ( > 12.5 )", "Panjang (km)": 0.0261654498 }, "geometry": { "type": "MultiLineString", "coordinates": [ [ [ 115.134503836585651, -8.663205429724155 ], [ 115.134687034915672, -8.663356168240849 ] ] ] } },
{ "type": "Feature", "properties": { "Kerentanan Geologi": "Sangat Tinggi (Sedimen Tak Terkonsolidasi)", "Kerentanan Lereng": "Sangat Tinggi (<3%)", "Geomorfologi": "Pantai Berpasir", "Kerentanan Geomorfologi": "Sangat Tinggi", "Kerentanan Tunggang Pasut": "Sedang (≥2-<4)", "Kerentanan Laju Perubahan Garis Pantai": "Tinggi (<-1- (-2) m/tahun)", "Kerentanan Kenaikan Muka Air Laut": "Tinggi (2 – 4 mm/tahun)", "Kerentanan Gelombang": "Sangat Rendah (0-3 m)", "Desa": "Jimbaran", "Kec": "Kuta Selatan", "CVI": 29.277002188499999, "Kerentanan": "Sangat Tinggi ( > 12.5 )", "Panjang (km)": 0.5290862825 }, "geometry": { "type": "MultiLineString", "coordinates": [ [ [ 115.166763421194915, -8.776027893727179 ], [ 115.166734627987537, -8.776088718372073 ], [ 115.166629158992464, -8.776300046223744 ], [ 115.166598761864037, -8.776367315442483 ], [ 115.16658101866993, -8.776411680814629 ], [ 115.166543122745168, -8.776521940346333 ], [ 115.166067636372105, -8.777506914136566 ], [ 115.166065230827101, -8.777511896555003 ], [ 115.165762212861779, -8.778139595549787 ], [ 115.165392527476385, -8.77876629181711 ] ], [ [ 115.168849628039524, -8.768781774906994 ], [ 115.168678798988495, -8.769543293931189 ] ], [ [ 115.169148496064125, -8.767360926300164 ], [ 115.169123493035798, -8.767597993333537 ], [ 115.16911158857053, -8.767710867505999 ], [ 115.169046489334903, -8.767955093916571 ], [ 115.16897442703501, -8.768225445101296 ], [ 115.168962065715661, -8.768280548331097 ] ] ] } },
{ "type": "Feature", "properties": { "Kerentanan Geologi": "Sangat Tinggi (Sedimen Tak Terkonsolidasi)", "Kerentanan Lereng": "Sangat Tinggi (<3%)", "Geomorfologi": "Pantai Berpasir", "Kerentanan Geomorfologi": "Sangat Tinggi", "Kerentanan Tunggang Pasut": "Sedang (≥2-<4)", "Kerentanan Laju Perubahan Garis Pantai": "Tinggi (<-1- (-2) m/tahun)", "Kerentanan Kenaikan Muka Air Laut": "Tinggi (2 – 4 mm/tahun)", "Kerentanan Gelombang": "Sangat Rendah (0-3 m)", "Desa": "Kedonganan", "Kec": "Kuta", "CVI": 29.277002188499999, "Kerentanan": "Sangat Tinggi ( > 12.5 )", "Panjang (km)": 0.04034896558 }, "geometry": { "type": "MultiLineString", "coordinates": [ [ [ 115.169180542555253, -8.766997581170228 ], [ 115.16916505603912, -8.767203917753424 ], [ 115.169148496064125, -8.767360926300164 ] ] ] } },
{ "type": "Feature", "properties": { "Kerentanan Geologi": "Sangat Tinggi (Sedimen Tak Terkonsolidasi)", "Kerentanan Lereng": "Sangat Tinggi (<3%)", "Geomorfologi": "Pantai Berpasir", "Kerentanan Geomorfologi": "Sangat Tinggi", "Kerentanan Tunggang Pasut": "Sedang (≥2-<4)", "Kerentanan Laju Perubahan Garis Pantai": "Tinggi (<-1- (-2) m/tahun)", "Kerentanan Kenaikan Muka Air Laut": "Tinggi (2 – 4 mm/tahun)", "Kerentanan Gelombang": "Sangat Rendah (0-3 m)", "Desa": "Kuta", "Kec": "Kuta", "CVI": 29.277002188499999, "Kerentanan": "Sangat Tinggi ( > 12.5 )", "Panjang (km)": 1.2965150614300001 }, "geometry": { "type": "MultiLineString", "coordinates": [ [ [ 115.160906778488112, -8.738168815970779 ], [ 115.161010691538095, -8.73849492986993 ], [ 115.161008952272013, -8.738849660303719 ], [ 115.160897476869948, -8.739518889111675 ], [ 115.160824710805926, -8.739758121893137 ] ], [ [ 115.162334725352693, -8.736172592443612 ], [ 115.162246542690013, -8.736523429684141 ], [ 115.162161398047388, -8.736726339674043 ], [ 115.162022138075486, -8.736921081961698 ], [ 115.161909043474196, -8.737033616974394 ] ], [ [ 115.163286523832952, -8.732529152288258 ], [ 115.163323370647873, -8.732653547153108 ], [ 115.163443112851738, -8.732749809098964 ], [ 115.163393038650725, -8.733156212586911 ], [ 115.163353333947541, -8.733423430479089 ] ], [ [ 115.163863398478583, -8.731845938714413 ], [ 115.163489583895284, -8.732046060193451 ] ], [ [ 115.164925877683572, -8.729672649568766 ], [ 115.164886374683718, -8.729761422299831 ], [ 115.164757888731629, -8.730068328599886 ], [ 115.164709533950401, -8.730178318725807 ], [ 115.164689041182839, -8.730220881124609 ], [ 115.164649483172084, -8.73029634282198 ], [ 115.164648287085512, -8.730298624347459 ], [ 115.164562838007953, -8.730452589122573 ], [ 115.164532269232524, -8.73051066009042 ], [ 115.164522774272328, -8.730528697475277 ], [ 115.164484309021333, -8.730605897543889 ], [ 115.164411713695728, -8.730762927805216 ], [ 115.164343166759551, -8.730927343143675 ], [ 115.16431105015873, -8.731010549850586 ], [ 115.16422619099302, -8.731240966023321 ] ], [ [ 115.168000480883364, -8.726757958855222 ], [ 115.167968280932328, -8.726788846715504 ], [ 115.167738209982332, -8.726903464993775 ], [ 115.167695570329641, -8.726932261904972 ], [ 115.167628863238207, -8.726980805173596 ], [ 115.167576823734265, -8.727020859454997 ] ], [ [ 115.169466450484691, -8.721331133963366 ], [ 115.16951984808334, -8.721773571123466 ] ], [ [ 115.169080617197054, -8.719906274785867 ], [ 115.169153140032392, -8.720309746093884 ], [ 115.169321686843091, -8.720828469531341 ], [ 115.169332227655772, -8.720864053377248 ] ], [ [ 115.167382826488478, -8.713478312767133 ], [ 115.167450770273888, -8.713891206728988 ], [ 115.167618295754039, -8.714633769528746 ], [ 115.167933006522404, -8.715643100777751 ], [ 115.168299804920252, -8.716555378137116 ] ], [ [ 115.166838027633176, -8.711853645543181 ], [ 115.166854907985552, -8.711925734992246 ], [ 115.167153318598608, -8.712651323873196 ] ] ] } },
{ "type": "Feature", "properties": { "Kerentanan Geologi": "Sangat Tinggi (Sedimen Tak Terkonsolidasi)", "Kerentanan Lereng": "Sangat Tinggi (<3%)", "Geomorfologi": "Pantai Berpasir", "Kerentanan Geomorfologi": "Sangat Tinggi", "Kerentanan Tunggang Pasut": "Sedang (≥2-<4)", "Kerentanan Laju Perubahan Garis Pantai": "Tinggi (<-1- (-2) m/tahun)", "Kerentanan Kenaikan Muka Air Laut": "Tinggi (2 – 4 mm/tahun)", "Kerentanan Gelombang": "Sangat Rendah (0-3 m)", "Desa": "Legian", "Kec": "Kuta", "CVI": 29.277002188499999, "Kerentanan": "Sangat Tinggi ( > 12.5 )", "Panjang (km)": 0.66219567151000003 }, "geometry": { "type": "MultiLineString", "coordinates": [ [ [ 115.166195841035787, -8.708134389740676 ], [ 115.166220626330343, -8.708215071686032 ], [ 115.166237517995327, -8.708276417107792 ], [ 115.166249838311515, -8.708321161496535 ], [ 115.166261403451841, -8.708371894473212 ], [ 115.166280950295345, -8.708457646538735 ], [ 115.166294970875725, -8.708529954527076 ], [ 115.166359777803166, -8.708895691880111 ], [ 115.166416707664467, -8.709163163152258 ], [ 115.166501872219811, -8.710369202891165 ], [ 115.166619395231038, -8.71091994022995 ], [ 115.166838027633176, -8.711853645543181 ] ], [ [ 115.165026602243685, -8.705203314280164 ], [ 115.165037595770698, -8.705226619293887 ], [ 115.165100455713258, -8.705348380884725 ], [ 115.165154483869728, -8.705443650165945 ], [ 115.165308655295973, -8.70569904551817 ], [ 115.165355524234158, -8.705782048079541 ], [ 115.165405356318615, -8.705876968926219 ], [ 115.165519905315989, -8.706107557784057 ], [ 115.165551433569547, -8.706175706472429 ], [ 115.165699846885744, -8.706528199996407 ], [ 115.165729894743109, -8.706611886258372 ], [ 115.165746736314759, -8.706665215878822 ], [ 115.165779118933372, -8.706783121905818 ] ], [ [ 115.161287082822909, -8.697797912374559 ], [ 115.161489088898364, -8.69809774950512 ], [ 115.161535383282924, -8.69817342370013 ] ] ] } },
{ "type": "Feature", "properties": { "Kerentanan Geologi": "Sangat Tinggi (Sedimen Tak Terkonsolidasi)", "Kerentanan Lereng": "Sangat Tinggi (<3%)", "Geomorfologi": "Pantai Berpasir", "Kerentanan Geomorfologi": "Sangat Tinggi", "Kerentanan Tunggang Pasut": "Sedang (≥2-<4)", "Kerentanan Laju Perubahan Garis Pantai": "Tinggi (<-1- (-2) m/tahun)", "Kerentanan Kenaikan Muka Air Laut": "Tinggi (2 – 4 mm/tahun)", "Kerentanan Gelombang": "Sangat Rendah (0-3 m)", "Desa": "Seminyak", "Kec": "Kuta", "CVI": 29.277002188499999, "Kerentanan": "Sangat Tinggi ( > 12.5 )", "Panjang (km)": 0.83522404275999995 }, "geometry": { "type": "MultiLineString", "coordinates": [ [ [ 115.16064446286515, -8.696814289450277 ], [ 115.160770190801244, -8.697042522437171 ], [ 115.160822567576247, -8.697108430390395 ], [ 115.161287082822909, -8.697797912374559 ] ], [ [ 115.159541568676033, -8.694633379307481 ], [ 115.159851075585408, -8.695200061624188 ], [ 115.159879916329501, -8.695306565502353 ] ], [ [ 115.156400155789427, -8.689825306574818 ], [ 115.156843265165818, -8.69042321021151 ], [ 115.157041141190163, -8.690881310944487 ] ], [ [ 115.152775501581715, -8.684689524027524 ], [ 115.152824200026416, -8.684772192442441 ], [ 115.152885461598885, -8.684886373513926 ], [ 115.152915001607695, -8.684947743163535 ], [ 115.152944071718125, -8.685013046868182 ], [ 115.153041812365899, -8.685248345206455 ], [ 115.153060156651961, -8.685292506731331 ], [ 115.153072718736652, -8.685322748258134 ], [ 115.153166302146929, -8.685528281552322 ], [ 115.153196266037597, -8.685590125177612 ], [ 115.153254827757067, -8.685702958742585 ], [ 115.153341225446411, -8.685854632333703 ], [ 115.153364977887549, -8.685892616309953 ], [ 115.153392486073201, -8.685936607964098 ], [ 115.153474598789785, -8.686059357575122 ], [ 115.153633143647724, -8.68630138654601 ], [ 115.153689579790353, -8.686391691142576 ], [ 115.153730937730316, -8.686460710429625 ], [ 115.153803732099121, -8.686582191660911 ], [ 115.153851026537026, -8.686669080677254 ], [ 115.153939182738, -8.686838954496611 ], [ 115.153974729186899, -8.686901533034307 ], [ 115.1539915619596, -8.686931166005865 ], [ 115.154028007454698, -8.686990310706598 ], [ 115.154082410079184, -8.687072502224847 ] ], [ [ 115.150732980282399, -8.682248515385339 ], [ 115.150793995424607, -8.682338430113651 ], [ 115.150812113246715, -8.682365129330424 ], [ 115.150826920043826, -8.682385934215157 ], [ 115.150878719013321, -8.682458719998788 ], [ 115.150913758346434, -8.682505203710392 ], [ 115.150983605945441, -8.682591186053608 ], [ 115.151078353624456, -8.682695946465133 ], [ 115.151137293083494, -8.68275742437058 ], [ 115.151186410218727, -8.68280865671219 ], [ 115.151270337273729, -8.682890157101896 ], [ 115.151344996390108, -8.682956001029156 ], [ 115.151350250199414, -8.682960360623598 ], [ 115.151514001530686, -8.683096240087378 ], [ 115.151611617839563, -8.683179661048621 ], [ 115.151707387374756, -8.683265431764777 ], [ 115.151846593270406, -8.683398474502388 ], [ 115.151885437214659, -8.683438417563584 ] ] ] } },
{ "type": "Feature", "properties": { "Kerentanan Geologi": "Sangat Tinggi (Sedimen Tak Terkonsolidasi)", "Kerentanan Lereng": "Sangat Tinggi (<3%)", "Geomorfologi": "Pantai Berpasir", "Kerentanan Geomorfologi": "Sangat Tinggi", "Kerentanan Tunggang Pasut": "Sedang (≥2-<4)", "Kerentanan Laju Perubahan Garis Pantai": "Tinggi (<-1- (-2) m/tahun)", "Kerentanan Kenaikan Muka Air Laut": "Tinggi (2 – 4 mm/tahun)", "Kerentanan Gelombang": "Sangat Rendah (0-3 m)", "Desa": "Tanjung Benoa", "Kec": "Kuta Selatan", "CVI": 29.277002188499999, "Kerentanan": "Sangat Tinggi ( > 12.5 )", "Panjang (km)": 0.09796769768 }, "geometry": { "type": "MultiLineString", "coordinates": [ [ [ 115.223575064845704, -8.763798458625081 ], [ 115.223582307792327, -8.763764443244851 ], [ 115.223608738247407, -8.763262224254628 ] ], [ [ 115.223707555514466, -8.761718279634845 ], [ 115.223665802293866, -8.761372724990897 ] ] ] } },
{ "type": "Feature", "properties": { "Kerentanan Geologi": "Sangat Tinggi (Sedimen Tak Terkonsolidasi)", "Kerentanan Lereng": "Sangat Tinggi (<3%)", "Geomorfologi": "Pantai Berpasir", "Kerentanan Geomorfologi": "Sangat Tinggi", "Kerentanan Tunggang Pasut": "Sedang (≥2-<4)", "Kerentanan Laju Perubahan Garis Pantai": "Tinggi (<-1- (-2) m/tahun)", "Kerentanan Kenaikan Muka Air Laut": "Tinggi (2 – 4 mm/tahun)", "Kerentanan Gelombang": "Sangat Rendah (0-3 m)", "Desa": "Tuban", "Kec": "Kuta", "CVI": 29.277002188499999, "Kerentanan": "Sangat Tinggi ( > 12.5 )", "Panjang (km)": 0.36455213601000003 }, "geometry": { "type": "MultiLineString", "coordinates": [ [ [ 115.163475903963601, -8.75232020510383 ], [ 115.163578982059477, -8.752411339851266 ], [ 115.163635132108311, -8.752472563315361 ], [ 115.1637003975666, -8.752549399188624 ], [ 115.16372957310692, -8.752586217308211 ], [ 115.16377961853712, -8.75265461118564 ], [ 115.163805874017541, -8.752694451014307 ], [ 115.16388923337999, -8.752829519371938 ], [ 115.163953316163713, -8.752921840811052 ], [ 115.164023979828997, -8.753011255033337 ], [ 115.164103882298235, -8.753101687771501 ], [ 115.164146539296681, -8.753146634743675 ], [ 115.164236896627187, -8.7532358362204 ], [ 115.164330964177907, -8.75332286149599 ], [ 115.164477527215411, -8.753452553448538 ], [ 115.165051288684992, -8.754156753110763 ], [ 115.165188112468655, -8.75435242682177 ], [ 115.165378454763854, -8.754562883159974 ] ], [ [ 115.160883182978239, -8.750366570330032 ], [ 115.160902545055137, -8.750373500127047 ], [ 115.160918617556504, -8.750389117455136 ], [ 115.161187814358456, -8.750543224917926 ] ] ] } },
{ "type": "Feature", "properties": { "Kerentanan Geologi": "Sangat Tinggi (Sedimen Tak Terkonsolidasi)", "Kerentanan Lereng": "Sangat Tinggi (<3%)", "Geomorfologi": "Pantai Bertebing Sangat Curam", "Kerentanan Geomorfologi": "Sangat Rendah", "Kerentanan Tunggang Pasut": "Sedang (≥2-<4)", "Kerentanan Laju Perubahan Garis Pantai": "Sedang (-1-1 m/tahun)", "Kerentanan Kenaikan Muka Air Laut": "Tinggi (2 – 4 mm/tahun)", "Kerentanan Gelombang": "Sangat Rendah (0-3 m)", "Desa": "Benoa", "Kec": "Kuta Selatan", "CVI": 11.3389341903, "Kerentanan": "Tinggi ( 8.51 - 12.5 )", "Panjang (km)": 0.02193958575 }, "geometry": { "type": "MultiLineString", "coordinates": [ [ [ 115.224479195503264, -8.818123855024909 ], [ 115.224482515612564, -8.818094222526554 ], [ 115.224486809842006, -8.818055891753886 ], [ 115.224487099396043, -8.818053311009399 ], [ 115.224497688945888, -8.818000320155452 ], [ 115.224502628397019, -8.81799454821366 ] ], [ [ 115.237638307248872, -8.802031268778183 ], [ 115.237572462906371, -8.80203721049214 ] ] ] } },
{ "type": "Feature", "properties": { "Kerentanan Geologi": "Sangat Tinggi (Sedimen Tak Terkonsolidasi)", "Kerentanan Lereng": "Sedang (6-9%)", "Geomorfologi": "Dataran Aluvial", "Kerentanan Geomorfologi": "Sedang", "Kerentanan Tunggang Pasut": "Sedang (≥2-<4)", "Kerentanan Laju Perubahan Garis Pantai": "Sedang (-1-1 m/tahun)", "Kerentanan Kenaikan Muka Air Laut": "Tinggi (2 – 4 mm/tahun)", "Kerentanan Gelombang": "Sangat Rendah (0-3 m)", "Desa": "Tanjung Benoa", "Kec": "Kuta Selatan", "CVI": 15.2127765851, "Kerentanan": "Sangat Tinggi ( > 12.5 )", "Panjang (km)": 0.4715434275 }, "geometry": { "type": "MultiLineString", "coordinates": [ [ [ 115.216124351930233, -8.767217201494157 ], [ 115.216145735359746, -8.767284782656608 ], [ 115.216375767306914, -8.768232069717167 ], [ 115.216391879799531, -8.768273540909776 ] ], [ [ 115.215947269245802, -8.76342810598641 ], [ 115.215800717841717, -8.763905834614681 ], [ 115.215677413265666, -8.76455111932343 ], [ 115.215640249684682, -8.764666932542523 ], [ 115.215609698100096, -8.765562118755506 ], [ 115.215609601676135, -8.765656782924673 ], [ 115.215609612492031, -8.765657182587658 ], [ 115.215613001465613, -8.765784950541343 ], [ 115.215617010729062, -8.765849012257403 ], [ 115.215622570442477, -8.765907925218082 ], [ 115.215623083401653, -8.765913364894221 ], [ 115.215634793969414, -8.766001396302375 ], [ 115.215650075490629, -8.766088610093488 ], [ 115.215659109084527, -8.766130103002816 ], [ 115.215668835437626, -8.766174780709822 ], [ 115.215673703525482, -8.766193710227963 ], [ 115.215684335525552, -8.766235050661484 ], [ 115.215713321310318, -8.766329985998491 ], [ 115.21583817766394, -8.766512909035251 ] ] ] } },
{ "type": "Feature", "properties": { "Kerentanan Geologi": "Sangat Tinggi (Sedimen Tak Terkonsolidasi)", "Kerentanan Lereng": "Sedang (6-9%)", "Geomorfologi": "Dataran Aluvial", "Kerentanan Geomorfologi": "Sedang", "Kerentanan Tunggang Pasut": "Sedang (≥2-<4)", "Kerentanan Laju Perubahan Garis Pantai": "Tinggi (<-1- (-2) m/tahun)", "Kerentanan Kenaikan Muka Air Laut": "Tinggi (2 – 4 mm/tahun)", "Kerentanan Gelombang": "Sangat Rendah (0-3 m)", "Desa": "Benoa", "Kec": "Kuta Selatan", "CVI": 17.566201313099999, "Kerentanan": "Sangat Tinggi ( > 12.5 )", "Panjang (km)": 0.0420135754 }, "geometry": { "type": "MultiLineString", "coordinates": [ [ [ 115.21652614769431, -8.76858388874488 ], [ 115.216531221481873, -8.7685943839861 ], [ 115.216672154713152, -8.768934839969655 ] ] ] } },
{ "type": "Feature", "properties": { "Kerentanan Geologi": "Sangat Tinggi (Sedimen Tak Terkonsolidasi)", "Kerentanan Lereng": "Sedang (6-9%)", "Geomorfologi": "Dataran Aluvial", "Kerentanan Geomorfologi": "Sedang", "Kerentanan Tunggang Pasut": "Sedang (≥2-<4)", "Kerentanan Laju Perubahan Garis Pantai": "Tinggi (<-1- (-2) m/tahun)", "Kerentanan Kenaikan Muka Air Laut": "Tinggi (2 – 4 mm/tahun)", "Kerentanan Gelombang": "Sangat Rendah (0-3 m)", "Desa": "Tanjung Benoa", "Kec": "Kuta Selatan", "CVI": 17.566201313099999, "Kerentanan": "Sangat Tinggi ( > 12.5 )", "Panjang (km)": 0.12212873024 }, "geometry": { "type": "MultiLineString", "coordinates": [ [ [ 115.216391879799531, -8.768273540909776 ], [ 115.216437999773973, -8.768392246379742 ], [ 115.216480527681767, -8.768489529423961 ], [ 115.21652614769431, -8.76858388874488 ] ], [ [ 115.21583817766394, -8.766512909035251 ], [ 115.215956229318834, -8.766685862959473 ], [ 115.216124351930233, -8.767217201494157 ] ] ] } },
{ "type": "Feature", "properties": { "Kerentanan Geologi": "Sangat Tinggi (Sedimen Tak Terkonsolidasi)", "Kerentanan Lereng": "Tinggi (3-6%)", "Geomorfologi": "Dataran Aluvial", "Kerentanan Geomorfologi": "Sedang", "Kerentanan Tunggang Pasut": "Sedang (≥2-<4)", "Kerentanan Laju Perubahan Garis Pantai": "Rendah (>1-2 m/tahun)", "Kerentanan Kenaikan Muka Air Laut": "Tinggi (2 – 4 mm/tahun)", "Kerentanan Gelombang": "Sangat Rendah (0-3 m)", "Desa": "Benoa", "Kec": "Kuta Selatan", "CVI": 14.342743312, "Kerentanan": "Sangat Tinggi ( > 12.5 )", "Panjang (km)": 0.01653835592 }, "geometry": { "type": "MultiLineString", "coordinates": [ [ [ 115.217323346752522, -8.770540685544695 ], [ 115.217346635318776, -8.770610179736476 ], [ 115.217365995470232, -8.770683975171652 ] ] ] } },
{ "type": "Feature", "properties": { "Kerentanan Geologi": "Sangat Tinggi (Sedimen Tak Terkonsolidasi)", "Kerentanan Lereng": "Tinggi (3-6%)", "Geomorfologi": "Dataran Aluvial", "Kerentanan Geomorfologi": "Sedang", "Kerentanan Tunggang Pasut": "Sedang (≥2-<4)", "Kerentanan Laju Perubahan Garis Pantai": "Sedang (-1-1 m/tahun)", "Kerentanan Kenaikan Muka Air Laut": "Tinggi (2 – 4 mm/tahun)", "Kerentanan Gelombang": "Sangat Rendah (0-3 m)", "Desa": "Benoa", "Kec": "Kuta Selatan", "CVI": 17.566201313099999, "Kerentanan": "Sangat Tinggi ( > 12.5 )", "Panjang (km)": 0.09501048681 }, "geometry": { "type": "MultiLineString", "coordinates": [ [ [ 115.217006325463771, -8.769742104517269 ], [ 115.217049548457084, -8.769846519658865 ], [ 115.217089819983869, -8.769963817848932 ], [ 115.217116430087458, -8.770035812190136 ], [ 115.217118142906301, -8.770040445651809 ], [ 115.217153468652498, -8.770126322006968 ], [ 115.217215042351413, -8.770263338832567 ], [ 115.217256347599871, -8.770363232554146 ], [ 115.217286040204613, -8.77044080256546 ], [ 115.217316836890049, -8.770521259155448 ], [ 115.217320877210767, -8.770533317224709 ], [ 115.217323346752522, -8.770540685544695 ] ] ] } },
{ "type": "Feature", "properties": { "Kerentanan Geologi": "Sangat Tinggi (Sedimen Tak Terkonsolidasi)", "Kerentanan Lereng": "Tinggi (3-6%)", "Geomorfologi": "Dataran Aluvial", "Kerentanan Geomorfologi": "Sedang", "Kerentanan Tunggang Pasut": "Sedang (≥2-<4)", "Kerentanan Laju Perubahan Garis Pantai": "Sedang (-1-1 m/tahun)", "Kerentanan Kenaikan Muka Air Laut": "Tinggi (2 – 4 mm/tahun)", "Kerentanan Gelombang": "Sangat Rendah (0-3 m)", "Desa": "Tanjung Benoa", "Kec": "Kuta Selatan", "CVI": 17.566201313099999, "Kerentanan": "Sangat Tinggi ( > 12.5 )", "Panjang (km)": 1.3854603676599999 }, "geometry": { "type": "MultiLineString", "coordinates": [ [ [ 115.222272740492556, -8.755158070767456 ], [ 115.222267656491567, -8.755152964910332 ], [ 115.222215306936846, -8.75510039029394 ], [ 115.222187388054294, -8.7551002590719 ], [ 115.222137746206556, -8.755100025744273 ], [ 115.222069446638059, -8.755099704710606 ], [ 115.221984481349665, -8.75509930532457 ], [ 115.221943036509188, -8.755099110502911 ], [ 115.221830598550156, -8.755098581937775 ], [ 115.221815407018539, -8.755029020282256 ], [ 115.221792945236217, -8.754926173359481 ], [ 115.221782572859894, -8.754873278890706 ], [ 115.221768651343652, -8.754802284779116 ], [ 115.221761759781998, -8.754767143361077 ], [ 115.221758429800857, -8.754750161315288 ], [ 115.22175538374718, -8.754734628072683 ], [ 115.221743810321186, -8.754657361486545 ], [ 115.22171809496605, -8.754485672645201 ], [ 115.221680532606868, -8.754294127358934 ], [ 115.221668414622798, -8.754281957223551 ], [ 115.221649438103682, -8.754262899034504 ], [ 115.221598802707518, -8.754212045704536 ], [ 115.221596402265931, -8.754209634931039 ], [ 115.221596291017121, -8.754209523203409 ], [ 115.221565665943587, -8.754178766310856 ], [ 115.221566704879478, -8.753960042548817 ], [ 115.221566721635966, -8.753956514819091 ], [ 115.221515290607883, -8.753647481297767 ], [ 115.221458039176113, -8.753551527349291 ], [ 115.221266026749689, -8.753478861459291 ], [ 115.221230070464287, -8.753466749206099 ], [ 115.221229407212917, -8.753466525486589 ], [ 115.221189797141449, -8.753453182744979 ], [ 115.221102340337453, -8.753423722706961 ], [ 115.221070094101663, -8.753412861081454 ], [ 115.220977951909035, -8.753381823026292 ], [ 115.220973251600483, -8.753375920641334 ], [ 115.220882343138229, -8.753261767910288 ], [ 115.220881468184828, -8.753260005316626 ], [ 115.220862119194834, -8.753221047869093 ], [ 115.220851717822455, -8.753200105149608 ], [ 115.220851614308117, -8.753199895815174 ], [ 115.220812632795443, -8.753121409097036 ], [ 115.220810437301139, -8.753116988561022 ], [ 115.220787075403763, -8.753069951264351 ], [ 115.220775208172228, -8.753065459929006 ], [ 115.220676062094441, -8.753027938113432 ], [ 115.220595063408879, -8.752997284203033 ], [ 115.220536386768842, -8.752975078323338 ], [ 115.220528567206856, -8.752972119486303 ], [ 115.220403051501066, -8.752924617962899 ], [ 115.220384879178269, -8.752924532484524 ], [ 115.220298767615873, -8.752924127423928 ], [ 115.22029853770151, -8.752924126342405 ], [ 115.220278322504385, -8.752924031249188 ], [ 115.220176635840659, -8.752923552894069 ], [ 115.220018345729656, -8.752922808210243 ], [ 115.21956173531801, -8.752872817340659 ], [ 115.219461206652099, -8.752842297329529 ], [ 115.219409440475332, -8.752826581812521 ], [ 115.219321635365645, -8.752799924301209 ], [ 115.219186079565588, -8.752725535096811 ], [ 115.219059669463732, -8.75265616417499 ], [ 115.219057833085131, -8.752655156498687 ], [ 115.219001142028887, -8.752634344838288 ], [ 115.21900108215452, -8.752634322858007 ], [ 115.218918046386378, -8.752603839861955 ], [ 115.218866401126746, -8.752584880030428 ], [ 115.218793802570602, -8.752558228905722 ], [ 115.218675905597436, -8.752490467477807 ], [ 115.218625949822268, -8.752461754895126 ], [ 115.218618493578674, -8.752445661141964 ], [ 115.218604168486081, -8.752414742142962 ], [ 115.218585817082015, -8.752375132047186 ], [ 115.218554697694586, -8.752307962690697 ], [ 115.218508417575549, -8.752208069429514 ], [ 115.218454877932686, -8.752197256533993 ], [ 115.218424009405425, -8.752191022970031 ], [ 115.218391160754734, -8.752184389508248 ], [ 115.218193842836044, -8.752144539700634 ], [ 115.218181570784878, -8.752142061630433 ], [ 115.218148396752426, -8.752168099926875 ], [ 115.218105513872274, -8.752216388533231 ], [ 115.218093124179916, -8.752234432096182 ], [ 115.218065919749634, -8.752274050067143 ], [ 115.218005005152051, -8.752373876095341 ], [ 115.217999525243215, -8.752382856940487 ], [ 115.217994905374596, -8.752390428726232 ], [ 115.217990299244576, -8.752397977974052 ], [ 115.217986464317818, -8.752404262400328 ], [ 115.217946978463232, -8.752464562590465 ], [ 115.217904542076354, -8.752524808191842 ], [ 115.217859523215282, -8.752584615789859 ], [ 115.217812158846144, -8.752643650174077 ], [ 115.217753963287294, -8.752711560619924 ], [ 115.217693593207571, -8.752778285477529 ], [ 115.217631776000559, -8.752844127429906 ], [ 115.217443461845164, -8.753039314365362 ], [ 115.21732100683046, -8.753170804793255 ], [ 115.217262636175491, -8.75323823422581 ], [ 115.217207341663055, -8.753307578560513 ], [ 115.217205342911555, -8.753310326648469 ], [ 115.217165635908515, -8.753364918081923 ], [ 115.217124997931379, -8.75342359708061 ], [ 115.216977007306227, -8.753637288970955 ], [ 115.216934597415801, -8.753700112118894 ], [ 115.216907794242758, -8.753742629492184 ], [ 115.216875529081832, -8.753798367092646 ], [ 115.216844459291636, -8.753858039543294 ], [ 115.216815016256646, -8.753920752010163 ], [ 115.21680566798355, -8.753943209195326 ], [ 115.216762356440185, -8.754047263174357 ], [ 115.216638981179059, -8.754608967765703 ], [ 115.216443664833847, -8.755229993672598 ], [ 115.216344525095721, -8.755851472915008 ], [ 115.216294042668196, -8.756353576338316 ], [ 115.216097524192861, -8.756937717818557 ], [ 115.216095577881958, -8.756958438744745 ], [ 115.216093470698794, -8.756980879414163 ], [ 115.216091450650623, -8.757002389271587 ], [ 115.216088785209678, -8.757067023459138 ], [ 115.216090177672569, -8.757119984968611 ], [ 115.216090415414129, -8.757129021664763 ], [ 115.21609432159228, -8.757170346608875 ], [ 115.216100809978997, -8.757211023741293 ], [ 115.216106076171215, -8.757235088600826 ], [ 115.216119513112602, -8.757281101962352 ], [ 115.216137205404323, -8.75732568974203 ], [ 115.216159978224738, -8.757370567293327 ], [ 115.216178052586713, -8.757400585496084 ], [ 115.216215837930619, -8.757454160785516 ], [ 115.216258257004228, -8.757505481407161 ], [ 115.216264218871089, -8.757511719792628 ], [ 115.216307165496175, -8.757556654529081 ], [ 115.216672596608049, -8.757647097438712 ], [ 115.216856030843772, -8.757831323960851 ] ] ] } },
{ "type": "Feature", "properties": { "Kerentanan Geologi": "Sangat Tinggi (Sedimen Tak Terkonsolidasi)", "Kerentanan Lereng": "Tinggi (3-6%)", "Geomorfologi": "Dataran Aluvial", "Kerentanan Geomorfologi": "Sedang", "Kerentanan Tunggang Pasut": "Sedang (≥2-<4)", "Kerentanan Laju Perubahan Garis Pantai": "Tinggi (<-1- (-2) m/tahun)", "Kerentanan Kenaikan Muka Air Laut": "Tinggi (2 – 4 mm/tahun)", "Kerentanan Gelombang": "Sangat Rendah (0-3 m)", "Desa": "Benoa", "Kec": "Kuta Selatan", "CVI": 20.283702113499999, "Kerentanan": "Sangat Tinggi ( > 12.5 )", "Panjang (km)": 0.0965651789 }, "geometry": { "type": "MultiLineString", "coordinates": [ [ [ 115.216672154713152, -8.768934839969655 ], [ 115.217006325463771, -8.769742104517269 ] ] ] } },
{ "type": "Feature", "properties": { "Kerentanan Geologi": "Sangat Tinggi (Sedimen Tak Terkonsolidasi)", "Kerentanan Lereng": "Tinggi (3-6%)", "Geomorfologi": "Mangrove", "Kerentanan Geomorfologi": "Sangat Tinggi", "Kerentanan Tunggang Pasut": "Sedang (≥2-<4)", "Kerentanan Laju Perubahan Garis Pantai": "Rendah (>1-2 m/tahun)", "Kerentanan Kenaikan Muka Air Laut": "Tinggi (2 – 4 mm/tahun)", "Kerentanan Gelombang": "Sangat Rendah (0-3 m)", "Desa": "Benoa", "Kec": "Kuta Selatan", "CVI": 18.516401995500001, "Kerentanan": "Sangat Tinggi ( > 12.5 )", "Panjang (km)": 0.07903601782 }, "geometry": { "type": "MultiLineString", "coordinates": [ [ [ 115.217365995470232, -8.770683975171652 ], [ 115.217426696257903, -8.770952568771111 ], [ 115.217430856255191, -8.77097097509137 ], [ 115.217473233191896, -8.771158485679681 ], [ 115.217502303898158, -8.771294044441108 ], [ 115.217518404764803, -8.771382193352794 ] ] ] } },
{ "type": "Feature", "properties": { "Kerentanan Geologi": "Sangat Tinggi (Sedimen Tak Terkonsolidasi)", "Kerentanan Lereng": "Tinggi (3-6%)", "Geomorfologi": "Mangrove", "Kerentanan Geomorfologi": "Sangat Tinggi", "Kerentanan Tunggang Pasut": "Sedang (≥2-<4)", "Kerentanan Laju Perubahan Garis Pantai": "Sedang (-1-1 m/tahun)", "Kerentanan Kenaikan Muka Air Laut": "Tinggi (2 – 4 mm/tahun)", "Kerentanan Gelombang": "Sangat Rendah (0-3 m)", "Desa": "Benoa", "Kec": "Kuta Selatan", "CVI": 22.6778683806, "Kerentanan": "Sangat Tinggi ( > 12.5 )", "Panjang (km)": 0.03186981537 }, "geometry": { "type": "MultiLineString", "coordinates": [ [ [ 115.217518404764803, -8.771382193352794 ], [ 115.217524880896264, -8.771417648372109 ], [ 115.217530611509204, -8.771461356112974 ], [ 115.217533097558174, -8.771480315977119 ], [ 115.217538640473322, -8.771544318972548 ], [ 115.21754132560973, -8.771607846481285 ], [ 115.217541464006516, -8.771637321698211 ], [ 115.217541612269784, -8.771668919788452 ] ] ] } },
{ "type": "Feature", "properties": { "Kerentanan Geologi": "Sangat Tinggi (Sedimen Tak Terkonsolidasi)", "Kerentanan Lereng": "Tinggi (3-6%)", "Geomorfologi": "Pantai Berpasir", "Kerentanan Geomorfologi": "Sangat Tinggi", "Kerentanan Tunggang Pasut": "Sedang (≥2-<4)", "Kerentanan Laju Perubahan Garis Pantai": "Sedang (-1-1 m/tahun)", "Kerentanan Kenaikan Muka Air Laut": "Tinggi (2 – 4 mm/tahun)", "Kerentanan Gelombang": "Sangat Rendah (0-3 m)", "Desa": "Tanjung Benoa", "Kec": "Kuta Selatan", "CVI": 22.6778683806, "Kerentanan": "Sangat Tinggi ( > 12.5 )", "Panjang (km)": 0.104525126 }, "geometry": { "type": "MultiLineString", "coordinates": [ [ [ 115.222422444230077, -8.756039071375557 ], [ 115.222423312660254, -8.755856195319254 ], [ 115.222423450519102, -8.75582716431699 ], [ 115.222423656647493, -8.755783756590192 ], [ 115.222423898206117, -8.755732887468026 ], [ 115.222360998745373, -8.755678736240462 ], [ 115.222352633991562, -8.755671535526696 ], [ 115.222289795194243, -8.755617436110104 ], [ 115.222290068657614, -8.755559851464682 ], [ 115.22229008885796, -8.755555597755427 ], [ 115.222290249575892, -8.755521754322412 ], [ 115.222290794833057, -8.755406934910811 ], [ 115.222290864581964, -8.755392247182614 ], [ 115.222291117743765, -8.755338936135598 ], [ 115.222291209885725, -8.755319532711773 ], [ 115.222291703572779, -8.755215570428614 ], [ 115.222288533051554, -8.755205957570674 ], [ 115.222285834663097, -8.755197775414373 ], [ 115.222272740492556, -8.755158070767456 ] ] ] } },
{ "type": "Feature", "properties": { "Kerentanan Geologi": "Sedang (Batuan Sedimen)", "Kerentanan Lereng": "Rendah (9-12%)", "Geomorfologi": "Pantai Bertebing Agak Curam", "Kerentanan Geomorfologi": "Rendah", "Kerentanan Tunggang Pasut": "Sedang (≥2-<4)", "Kerentanan Laju Perubahan Garis Pantai": "Sedang (-1-1 m/tahun)", "Kerentanan Kenaikan Muka Air Laut": "Tinggi (2 – 4 mm/tahun)", "Kerentanan Gelombang": "Sangat Rendah (0-3 m)", "Desa": "Benoa", "Kec": "Kuta Selatan", "CVI": 7.8558440484999998, "Kerentanan": "Sedang ( 5.51 - 8.5 )", "Panjang (km)": 0.80630840306999996 }, "geometry": { "type": "MultiLineString", "coordinates": [ [ [ 115.238755572374217, -8.803819473303752 ], [ 115.238763355408864, -8.803875552714727 ], [ 115.238759714487827, -8.803888006943069 ], [ 115.238743800138678, -8.803942440239261 ], [ 115.23868590480923, -8.80398044372647 ], [ 115.238639001245119, -8.80398244643485 ], [ 115.238562834089265, -8.803985699028454 ], [ 115.23855020621923, -8.804034581101707 ], [ 115.238540143917973, -8.80407353180172 ], [ 115.238530390747471, -8.804118990816614 ], [ 115.238526227150587, -8.804162378470718 ], [ 115.238529000116458, -8.804205041864265 ], [ 115.238543144371278, -8.804252323343947 ], [ 115.238569380282541, -8.804294127391167 ], [ 115.23860985814963, -8.804329915278027 ], [ 115.238660972339261, -8.804357382724611 ], [ 115.238720121270973, -8.804376975025246 ], [ 115.238785249443566, -8.804388597566428 ], [ 115.238852613799594, -8.804392095396949 ], [ 115.238922876694986, -8.804389054709569 ], [ 115.238995066671606, -8.804380592953269 ], [ 115.239031039052833, -8.804374132415925 ], [ 115.239068379588275, -8.804367426936837 ], [ 115.239142127543246, -8.804349910562159 ], [ 115.23921569060029, -8.804328056296697 ], [ 115.239298330519503, -8.804298020723671 ], [ 115.239380021436943, -8.804263584911549 ], [ 115.239409778375347, -8.804249698732109 ], [ 115.239460771531071, -8.80422590163751 ], [ 115.239540506246598, -8.804185744470093 ], [ 115.239566435960057, -8.804171817763589 ], [ 115.239590674447143, -8.804158799003371 ], [ 115.239619042584323, -8.80414356279962 ], [ 115.239652744994885, -8.804124311090511 ], [ 115.239689443069636, -8.804103348354749 ], [ 115.239731543252105, -8.80407747897638 ], [ 115.239758034870292, -8.804061200583075 ], [ 115.239822904581416, -8.804017344697529 ], [ 115.239824110919727, -8.804016529410616 ], [ 115.239866657448545, -8.803983912927627 ], [ 115.239886747112848, -8.803968512296477 ], [ 115.239942089417454, -8.803919128388973 ], [ 115.239972264507216, -8.803887727902135 ], [ 115.239983207035323, -8.803876342113307 ], [ 115.239993059884384, -8.803866088595631 ], [ 115.240028024862241, -8.803823161420345 ] ], [ [ 115.236205984065791, -8.79890133388586 ], [ 115.236207280893581, -8.798901367989679 ], [ 115.236214257581267, -8.798901553474108 ], [ 115.236318628906602, -8.79890432808932 ], [ 115.236357838422009, -8.798903581471073 ], [ 115.236398367766057, -8.798902810292638 ], [ 115.236410864356941, -8.798901801993718 ], [ 115.236472719028328, -8.79889681089162 ], [ 115.236475013855141, -8.798896453670922 ], [ 115.236514665310253, -8.798890286268582 ], [ 115.236543464774769, -8.79888580752635 ], [ 115.236608122287322, -8.798870104101555 ], [ 115.236664638932538, -8.798850926919966 ], [ 115.236705759794248, -8.798832912621979 ], [ 115.236711860208601, -8.798830239723966 ], [ 115.236731660157261, -8.798819737232465 ], [ 115.236750968068534, -8.798809495530289 ], [ 115.236787731362881, -8.798786942983288 ], [ 115.236822518933892, -8.798763001509068 ], [ 115.236823504655732, -8.798762323524704 ], [ 115.23686499969773, -8.798730733066549 ], [ 115.23690541137816, -8.798697021011707 ], [ 115.236949054096783, -8.798657562204113 ], [ 115.236991721700036, -8.798616346661554 ], [ 115.237018228074007, -8.798588810522586 ], [ 115.237078439180891, -8.798526259714528 ], [ 115.237117378419455, -8.798483328776596 ], [ 115.237211917441329, -8.798379096575575 ], [ 115.237367350326139, -8.798216276656293 ], [ 115.237434059351017, -8.798143465632627 ], [ 115.237438879553366, -8.798138204592684 ], [ 115.237443203494962, -8.798132944845614 ], [ 115.237479792472698, -8.798088431509527 ], [ 115.237517536340079, -8.798036874243348 ], [ 115.237520641569091, -8.798031974953059 ], [ 115.237521245031971, -8.798031023040039 ], [ 115.237551338551867, -8.797983542739804 ], [ 115.237580725812222, -8.797927810949783 ], [ 115.237605734349216, -8.797867400691391 ], [ 115.237615416137459, -8.797834872803339 ], [ 115.237625353748115, -8.797801486305298 ], [ 115.237628875651126, -8.797782092492074 ], [ 115.237628931646142, -8.797781783549164 ], [ 115.237638095727959, -8.797731311207414 ], [ 115.237642893199194, -8.797659000482909 ], [ 115.237639282533337, -8.797587072616526 ], [ 115.237627444157681, -8.797518119627847 ], [ 115.237608240572357, -8.797454455551117 ], [ 115.237583108788598, -8.797397606014659 ], [ 115.237553141602746, -8.797347121366846 ], [ 115.23751826491042, -8.797301183098051 ], [ 115.237478918021466, -8.797259724551445 ], [ 115.237435991449999, -8.797223363784067 ], [ 115.23740533479139, -8.797201814597651 ], [ 115.237373036733928, -8.797182367913399 ], [ 115.237363558209211, -8.797177507353776 ], [ 115.237339543649384, -8.797165193080625 ], [ 115.237312577222923, -8.797153988792578 ], [ 115.237287876745512, -8.797143726343197 ], [ 115.237260762472829, -8.797134571877047 ], [ 115.237232647342339, -8.797126414474972 ], [ 115.237172641294038, -8.79711284584476 ], [ 115.237094849546324, -8.797101320389263 ], [ 115.237015353616044, -8.797094793888801 ], [ 115.23693485399312, -8.79709236099341 ], [ 115.23685394117301, -8.797093504605201 ], [ 115.236773153047494, -8.797098068119496 ], [ 115.236720235319439, -8.797103538772864 ], [ 115.236719783380991, -8.7971035854781 ], [ 115.236687258358458, -8.797106947417491 ], [ 115.236602816941399, -8.797120443547472 ], [ 115.236599105543704, -8.797121297724384 ], [ 115.236573247697493, -8.797127245888991 ], [ 115.236523036027137, -8.797138797559164 ], [ 115.236449333426691, -8.797162212287631 ], [ 115.236444913681453, -8.797164094731821 ], [ 115.236383296828222, -8.797190332626082 ], [ 115.236325736474896, -8.797222300759316 ], [ 115.236275468849954, -8.797257763065545 ], [ 115.236230138670592, -8.797297561991458 ], [ 115.236202405677687, -8.797326566936022 ], [ 115.23617670399797, -8.797357501718807 ], [ 115.23615989523158, -8.797380875521551 ], [ 115.236152874199888, -8.797390637729684 ], [ 115.236119864466019, -8.797446073939723 ], [ 115.236090097525363, -8.797509403731407 ], [ 115.236064004004035, -8.79757989860409 ], [ 115.236045053343091, -8.797643885722332 ], [ 115.236041504659966, -8.797655866602133 ], [ 115.236033210879114, -8.7976894921857 ], [ 115.236023120263596, -8.797730402784969 ], [ 115.236021955433657, -8.797735124001225 ], [ 115.235999680510886, -8.797839317472354 ], [ 115.235994339729444, -8.797864300060711 ], [ 115.235976481676275, -8.797947830956124 ], [ 115.235962739521142, -8.798008234175642 ], [ 115.235949126372773, -8.798068072026883 ], [ 115.235946178731737, -8.798079610899727 ], [ 115.235930607027939, -8.798140576938549 ], [ 115.235910390996466, -8.798210923929357 ], [ 115.235899509562316, -8.798243591682041 ], [ 115.235887956911455, -8.798278274256337 ], [ 115.235884066275887, -8.798287993261125 ], [ 115.235876000801937, -8.798308139662957 ], [ 115.235862620884078, -8.798341561483749 ], [ 115.235854591410657, -8.798357368337754 ], [ 115.235848890414573, -8.798368590525479 ], [ 115.23583194704895, -8.798401945014641 ] ] ] } },
{ "type": "Feature", "properties": { "Kerentanan Geologi": "Sedang (Batuan Sedimen)", "Kerentanan Lereng": "Rendah (9-12%)", "Geomorfologi": "Pantai Bertebing Sangat Curam", "Kerentanan Geomorfologi": "Sangat Rendah", "Kerentanan Tunggang Pasut": "Sedang (≥2-<4)", "Kerentanan Laju Perubahan Garis Pantai": "Sedang (-1-1 m/tahun)", "Kerentanan Kenaikan Muka Air Laut": "Tinggi (2 – 4 mm/tahun)", "Kerentanan Gelombang": "Sangat Rendah (0-3 m)", "Desa": "Benoa", "Kec": "Kuta Selatan", "CVI": 5.5549205986399999, "Kerentanan": "Sedang ( 5.51 - 8.5 )", "Panjang (km)": 0.00194694235 }, "geometry": { "type": "MultiLineString", "coordinates": [ [ [ 115.240028024862241, -8.803823161420345 ], [ 115.24003916454366, -8.803809484634817 ] ] ] } },
{ "type": "Feature", "properties": { "Kerentanan Geologi": "Sedang (Batuan Sedimen)", "Kerentanan Lereng": "Sangat Rendah (>12%)", "Geomorfologi": "Dataran Reklamasi", "Kerentanan Geomorfologi": "Sangat Tinggi", "Kerentanan Tunggang Pasut": "Sedang (≥2-<4)", "Kerentanan Laju Perubahan Garis Pantai": "Sedang (-1-1 m/tahun)", "Kerentanan Kenaikan Muka Air Laut": "Tinggi (2 – 4 mm/tahun)", "Kerentanan Gelombang": "Sangat Rendah (0-3 m)", "Desa": "Ungasan", "Kec": "Kuta Selatan", "CVI": 8.7831006565400003, "Kerentanan": "Tinggi ( 8.51 - 12.5 )", "Panjang (km)": 0.00192927761 }, "geometry": { "type": "MultiLineString", "coordinates": [ [ [ 115.166716090032196, -8.849217361463204 ], [ 115.166733547937767, -8.849215711141156 ] ] ] } },
{ "type": "Feature", "properties": { "Kerentanan Geologi": "Sedang (Batuan Sedimen)", "Kerentanan Lereng": "Sangat Rendah (>12%)", "Geomorfologi": "Pantai Bertebing Agak Curam", "Kerentanan Geomorfologi": "Rendah", "Kerentanan Tunggang Pasut": "Sedang (≥2-<4)", "Kerentanan Laju Perubahan Garis Pantai": "Sedang (-1-1 m/tahun)", "Kerentanan Kenaikan Muka Air Laut": "Tinggi (2 – 4 mm/tahun)", "Kerentanan Gelombang": "Sangat Rendah (0-3 m)", "Desa": "Benoa", "Kec": "Kuta Selatan", "CVI": 5.5549205986399999, "Kerentanan": "Sedang ( 5.51 - 8.5 )", "Panjang (km)": 0.00122197951 }, "geometry": { "type": "MultiLineString", "coordinates": [ [ [ 115.238754053564506, -8.803808529192709 ], [ 115.238755572374217, -8.803819473303752 ] ] ] } },
{ "type": "Feature", "properties": { "Kerentanan Geologi": "Sedang (Batuan Sedimen)", "Kerentanan Lereng": "Sangat Rendah (>12%)", "Geomorfologi": "Pantai Bertebing Sangat Curam", "Kerentanan Geomorfologi": "Sangat Rendah", "Kerentanan Tunggang Pasut": "Sedang (≥2-<4)", "Kerentanan Laju Perubahan Garis Pantai": "Sangat Rendah (>2 m/tahun)", "Kerentanan Kenaikan Muka Air Laut": "Tinggi (2 – 4 mm/tahun)", "Kerentanan Gelombang": "Sangat Rendah (0-3 m)", "Desa": "Ungasan", "Kec": "Kuta Selatan", "CVI": 2.2677868380600001, "Kerentanan": "Sangat Rendah ( <= 3.5 )", "Panjang (km)": 0.03081201527 }, "geometry": { "type": "MultiLineString", "coordinates": [ [ [ 115.162669374385928, -8.848423210475399 ], [ 115.162704700156766, -8.848429778333266 ], [ 115.162792812494274, -8.848480431861383 ], [ 115.162826472338267, -8.848499781419033 ], [ 115.162853799208889, -8.848515490847207 ], [ 115.162872572443405, -8.848526282646898 ], [ 115.162881977899275, -8.848554816967617 ], [ 115.162888223135667, -8.848573762577747 ] ] ] } },
{ "type": "Feature", "properties": { "Kerentanan Geologi": "Sedang (Batuan Sedimen)", "Kerentanan Lereng": "Sangat Rendah (>12%)", "Geomorfologi": "Pantai Bertebing Sangat Curam", "Kerentanan Geomorfologi": "Sangat Rendah", "Kerentanan Tunggang Pasut": "Sedang (≥2-<4)", "Kerentanan Laju Perubahan Garis Pantai": "Sangat Tinggi (<-2 m/tahun)", "Kerentanan Kenaikan Muka Air Laut": "Tinggi (2 – 4 mm/tahun)", "Kerentanan Gelombang": "Sangat Rendah (0-3 m)", "Desa": "Benoa", "Kec": "Kuta Selatan", "CVI": 5.0709255283700001, "Kerentanan": "Rendah ( 3.51 - 5.5 )", "Panjang (km)": 0.07867881562 }, "geometry": { "type": "MultiLineString", "coordinates": [ [ [ 115.220307549800836, -8.826699487333695 ], [ 115.22031339917099, -8.82665468171291 ], [ 115.220329479051387, -8.826531506683846 ], [ 115.220402772025366, -8.826292644129586 ], [ 115.220467454912779, -8.826190031830892 ], [ 115.220611684134951, -8.826096820483562 ] ] ] } },
{ "type": "Feature", "properties": { "Kerentanan Geologi": "Sedang (Batuan Sedimen)", "Kerentanan Lereng": "Sangat Rendah (>12%)", "Geomorfologi": "Pantai Bertebing Sangat Curam", "Kerentanan Geomorfologi": "Sangat Rendah", "Kerentanan Tunggang Pasut": "Sedang (≥2-<4)", "Kerentanan Laju Perubahan Garis Pantai": "Sangat Tinggi (<-2 m/tahun)", "Kerentanan Kenaikan Muka Air Laut": "Tinggi (2 – 4 mm/tahun)", "Kerentanan Gelombang": "Sangat Rendah (0-3 m)", "Desa": "Pecatu", "Kec": "Kuta Selatan", "CVI": 5.0709255283700001, "Kerentanan": "Rendah ( 3.51 - 5.5 )", "Panjang (km)": 0.29790456411 }, "geometry": { "type": "MultiLineString", "coordinates": [ [ [ 115.097111008739731, -8.840530332633371 ], [ 115.097152673696343, -8.840537106644737 ], [ 115.097642741622025, -8.84060757159622 ], [ 115.097967060460633, -8.840699141924439 ] ], [ [ 115.118039906980869, -8.796564754066635 ], [ 115.118082680309897, -8.797205739126712 ], [ 115.117983114797283, -8.79787499376671 ], [ 115.117971603695111, -8.797896006021901 ] ], [ [ 115.118536885765479, -8.794681456218663 ], [ 115.118526871046342, -8.794736970063919 ], [ 115.118493524559454, -8.794903258232486 ], [ 115.118483746582925, -8.794952019995367 ], [ 115.118394195807412, -8.795136427463662 ] ] ] } },
{ "type": "Feature", "properties": { "Kerentanan Geologi": "Sedang (Batuan Sedimen)", "Kerentanan Lereng": "Sangat Rendah (>12%)", "Geomorfologi": "Pantai Bertebing Sangat Curam", "Kerentanan Geomorfologi": "Sangat Rendah", "Kerentanan Tunggang Pasut": "Sedang (≥2-<4)", "Kerentanan Laju Perubahan Garis Pantai": "Sedang (-1-1 m/tahun)", "Kerentanan Kenaikan Muka Air Laut": "Tinggi (2 – 4 mm/tahun)", "Kerentanan Gelombang": "Sangat Rendah (0-3 m)", "Desa": "Benoa", "Kec": "Kuta Selatan", "CVI": 3.9279220242499999, "Kerentanan": "Rendah ( 3.51 - 5.5 )", "Panjang (km)": 2.62469204844 }, "geometry": { "type": "MultiLineString", "coordinates": [ [ [ 115.204136079323675, -8.838149753833674 ], [ 115.204212333441262, -8.838089998967547 ], [ 115.204218749038404, -8.8380854812255 ], [ 115.204304334414644, -8.838025211411004 ], [ 115.204358589293435, -8.83799027960419 ], [ 115.204413649153551, -8.837957299055676 ], [ 115.204470432222649, -8.83792604814125 ], [ 115.204520542420155, -8.83790082356453 ], [ 115.204573517835826, -8.837876320607945 ], [ 115.204612706809371, -8.837860087323703 ], [ 115.204684984219881, -8.8378301464814 ], [ 115.204825640590229, -8.837778117093727 ], [ 115.204862268699486, -8.837764568417777 ], [ 115.204972032193453, -8.837727662915835 ], [ 115.205050903040743, -8.837701144814311 ], [ 115.205348141906441, -8.837608124929691 ], [ 115.20536381123685, -8.837602582834158 ], [ 115.20548279215582, -8.837560499263152 ], [ 115.205503360142544, -8.837553223964088 ], [ 115.205610686734815, -8.837511028496994 ], [ 115.205754233606712, -8.837448633576955 ], [ 115.205801524792946, -8.837425697121704 ], [ 115.205859907834906, -8.837397380160155 ], [ 115.205918406673277, -8.837367109095815 ], [ 115.206034637683018, -8.83730420268131 ], [ 115.206308322118204, -8.837150444409241 ], [ 115.206311737113836, -8.837148567582279 ], [ 115.206527723860262, -8.837029873965148 ], [ 115.206593935873983, -8.83699552153757 ], [ 115.206687606810206, -8.836946922686685 ], [ 115.206794694687034, -8.83689764753959 ], [ 115.206859709869761, -8.836870559134729 ], [ 115.206904900716964, -8.836853552350046 ], [ 115.206991635341566, -8.83682091000283 ], [ 115.207065147113411, -8.836796359299994 ], [ 115.207085429927318, -8.836789585210727 ], [ 115.207131657585819, -8.836774146529116 ], [ 115.207235240566519, -8.8367408153167 ], [ 115.207397273127512, -8.836688676386569 ], [ 115.207486172949501, -8.836657519741417 ], [ 115.207508459589519, -8.836649709173098 ], [ 115.207562434124128, -8.836629246365014 ], [ 115.207676340665586, -8.836581531444439 ], [ 115.207756970445189, -8.836544018289652 ], [ 115.207863137186408, -8.836491386006355 ], [ 115.207897769228083, -8.836474217401799 ], [ 115.208028890608205, -8.8364092134152 ], [ 115.208130444475003, -8.836364061151919 ], [ 115.208226987206331, -8.836326049840196 ], [ 115.208294935424931, -8.836302922433495 ], [ 115.208342254256181, -8.836286817054622 ], [ 115.208371808840653, -8.836277909238266 ], [ 115.208405888503947, -8.836267637974915 ], [ 115.208522242582248, -8.836235382686265 ], [ 115.208604793126327, -8.836212497679158 ], [ 115.208665095059544, -8.8361946379719 ], [ 115.208732867593596, -8.836174566374613 ], [ 115.208825837048281, -8.83614239543177 ], [ 115.20884477983671, -8.836135840854464 ], [ 115.208857102439779, -8.836131576356994 ], [ 115.20898204991262, -8.836081995241603 ], [ 115.209203509990104, -8.835985546740066 ], [ 115.209608282898998, -8.835809264251525 ], [ 115.209930944995534, -8.835673581711125 ], [ 115.209992243403775, -8.8356469839325 ], [ 115.210069193411513, -8.835613594276948 ], [ 115.210141928716737, -8.835580162783089 ], [ 115.210184398619276, -8.835559609353147 ], [ 115.210252580601718, -8.835526611759386 ], [ 115.210314683668216, -8.835495062421687 ], [ 115.21047754756097, -8.835412325067864 ], [ 115.210563001664369, -8.835370487345578 ], [ 115.210575803832384, -8.835364219791165 ], [ 115.210704037280806, -8.835304182471029 ], [ 115.210719681436814, -8.835296858026759 ], [ 115.210726730051064, -8.835293558271127 ], [ 115.210755630560129, -8.835280027197641 ], [ 115.210913120673609, -8.835206291350413 ], [ 115.211005311805209, -8.835164300316729 ], [ 115.211062511634083, -8.835138247833029 ], [ 115.211095395843685, -8.835123269295632 ], [ 115.211139632178202, -8.83510489579899 ], [ 115.211198292746744, -8.835080530971528 ], [ 115.211215227128761, -8.835073497448159 ], [ 115.211258954766862, -8.835056750685979 ], [ 115.211288409771811, -8.835045469787687 ], [ 115.211290880077357, -8.835044583807338 ], [ 115.211352915434404, -8.835022333455031 ], [ 115.211427128985463, -8.834997855635384 ], [ 115.211470528325066, -8.834985097951302 ], [ 115.211481680820796, -8.834981819563733 ], [ 115.211502068803483, -8.834975826838855 ], [ 115.211584015103583, -8.834955085425168 ], [ 115.211584241714974, -8.834955027739955 ], [ 115.21158451339663, -8.834954859970201 ], [ 115.211649626962384, -8.834914602930207 ], [ 115.211848351760864, -8.834791739516147 ], [ 115.212137554023954, -8.83475718269986 ], [ 115.212257496077143, -8.834742851510571 ], [ 115.21245729521128, -8.834718977663105 ], [ 115.212513761963976, -8.834712230183449 ], [ 115.212585202724327, -8.834697631494725 ], [ 115.212594863669992, -8.83469565689756 ], [ 115.213125059965563, -8.834587311222519 ], [ 115.213605448308257, -8.834489143522182 ], [ 115.213723934969153, -8.834453498987461 ], [ 115.213734143843809, -8.834450427588692 ], [ 115.213918549851499, -8.834394951959617 ], [ 115.214099977573255, -8.834361474060234 ], [ 115.214424045545712, -8.834301675435652 ] ], [ [ 115.221683205499318, -8.825187148512709 ], [ 115.221696924560092, -8.825146850888737 ], [ 115.221517001605108, -8.824975093746607 ], [ 115.221561151060598, -8.824925941811202 ], [ 115.221680596617745, -8.82478612547688 ], [ 115.221689639173064, -8.824774477405459 ], [ 115.221738655710084, -8.824711339473982 ], [ 115.221778579326809, -8.824654230389587 ], [ 115.221805406454905, -8.824612190269333 ], [ 115.221833308252883, -8.824564962088097 ], [ 115.221839584505545, -8.824554338812936 ], [ 115.221888652260262, -8.824466822947826 ], [ 115.221944179600342, -8.824367785082407 ], [ 115.222018081336401, -8.8242412067522 ], [ 115.222055254883415, -8.824177536198174 ], [ 115.222099603236757, -8.824095913456999 ], [ 115.222126817182783, -8.824038368008852 ], [ 115.222135456916376, -8.824020100001125 ], [ 115.222167365750934, -8.823942387328245 ], [ 115.222195732344659, -8.823863167917555 ], [ 115.222220680819646, -8.823782716300315 ], [ 115.22222139649719, -8.823779987499599 ], [ 115.222234746275717, -8.823729079374431 ], [ 115.222242054916009, -8.823701206228847 ], [ 115.222239116653498, -8.823594029348001 ], [ 115.222237770952503, -8.823544942101535 ], [ 115.222232849942358, -8.823365482080899 ], [ 115.222229152415537, -8.823230637953365 ], [ 115.222236264676468, -8.823137823279282 ], [ 115.222244414315412, -8.823031466482311 ], [ 115.222254804480201, -8.822895865425865 ], [ 115.222359987893796, -8.822811842780524 ], [ 115.222375469136921, -8.82279947566547 ], [ 115.222440727203718, -8.822747346841563 ], [ 115.222454650917101, -8.82273622452645 ], [ 115.22247037486234, -8.822723663269695 ], [ 115.222511810221917, -8.822690564150045 ], [ 115.222601535169304, -8.822547073367225 ], [ 115.222666912202087, -8.822442519897923 ], [ 115.222678199033297, -8.822413734339927 ], [ 115.222696449706362, -8.822367191766565 ], [ 115.222727535845706, -8.822287913714263 ], [ 115.222736681424763, -8.822264589631244 ], [ 115.222815704718087, -8.822063057300717 ], [ 115.222835434983622, -8.822047509753991 ], [ 115.222891442466562, -8.822003376286959 ], [ 115.22290846660475, -8.821989960452882 ], [ 115.222932998966172, -8.821923837652015 ], [ 115.223005920110509, -8.821727290504064 ], [ 115.223019728359446, -8.821696780081488 ], [ 115.223064407880329, -8.821598054913904 ], [ 115.223080507239388, -8.821562480613691 ], [ 115.22310314371164, -8.821512461695162 ], [ 115.223124584645078, -8.82143570467429 ], [ 115.223166225444444, -8.821286630212319 ], [ 115.223176547779786, -8.821249676936246 ], [ 115.223176574821693, -8.821244022819766 ], [ 115.223176902782455, -8.821175450157726 ], [ 115.223177037817706, -8.821147215738353 ], [ 115.223177147877848, -8.821124203285208 ], [ 115.223177351743828, -8.821081576815677 ], [ 115.22317761791949, -8.821025921648626 ], [ 115.223178035011017, -8.82093871047161 ], [ 115.223275373526491, -8.820699960497979 ], [ 115.223396302530972, -8.820557006662469 ], [ 115.22349567955122, -8.820535533369688 ], [ 115.223557706935736, -8.820522129670323 ], [ 115.223569946630136, -8.820519485213008 ], [ 115.223612967540149, -8.820510189333254 ], [ 115.223646181997594, -8.820461139860795 ], [ 115.22365679699648, -8.820445465047777 ], [ 115.223671021426625, -8.820424459551477 ] ], [ [ 115.24003916454366, -8.803809484634817 ], [ 115.240079584264379, -8.803749168019271 ], [ 115.240083612902964, -8.803741592347761 ], [ 115.24011272032962, -8.803686859025312 ], [ 115.24014044545531, -8.803621518552795 ], [ 115.240161463057149, -8.803559786645163 ], [ 115.240163500025545, -8.80355380283329 ], [ 115.240182328884387, -8.803484206688314 ], [ 115.24019338757266, -8.803431323724185 ], [ 115.240197747064045, -8.803410477274451 ], [ 115.240209777867719, -8.803335568426226 ], [ 115.240211976060991, -8.80331778131767 ], [ 115.240219139509847, -8.803259827065087 ], [ 115.240226322433429, -8.803183523101714 ], [ 115.240235128707837, -8.80303087018331 ], [ 115.240236906039897, -8.802954826633808 ], [ 115.240236792501022, -8.802878856514264 ], [ 115.240234462182116, -8.802803070410166 ], [ 115.240229411916488, -8.802727583502685 ], [ 115.240226734672419, -8.802703849866722 ], [ 115.240220944898738, -8.802652520012522 ], [ 115.24020774745118, -8.802573908372688 ], [ 115.240193978114817, -8.80250937465604 ], [ 115.24019106773558, -8.802495737022117 ], [ 115.240187022147666, -8.802479212682735 ], [ 115.240177704915737, -8.802441153121038 ], [ 115.240171999017491, -8.802417844717752 ], [ 115.240125048558895, -8.802244052433032 ], [ 115.240087925904504, -8.802106641359403 ], [ 115.240058281709878, -8.801992689828866 ], [ 115.240023737585815, -8.801859905389749 ], [ 115.239999574076052, -8.801779222684754 ], [ 115.239996093260629, -8.801769165368075 ], [ 115.239975100736885, -8.801708518088004 ], [ 115.239954341968513, -8.801656681541058 ], [ 115.239947512214002, -8.801639626125805 ], [ 115.239921299085069, -8.801583570809417 ], [ 115.239919476082136, -8.801579671901202 ], [ 115.239916391551077, -8.801573075559613 ], [ 115.239881099166027, -8.801509575835393 ], [ 115.239848797893657, -8.801461477133719 ], [ 115.239838479971382, -8.801446113264943 ], [ 115.239791708075032, -8.801386678060826 ], [ 115.239749106958598, -8.801339008547757 ], [ 115.239742068409029, -8.801331131574441 ], [ 115.239690608829235, -8.801279688459411 ], [ 115.239671491315761, -8.801262709373114 ], [ 115.239657107476788, -8.801249933933239 ], [ 115.239641413956662, -8.801235996011208 ], [ 115.239624283366425, -8.80122323303697 ], [ 115.239590753099435, -8.80119825116312 ], [ 115.239537870340726, -8.801168699801288 ], [ 115.239527395745725, -8.801164947570904 ], [ 115.239490379883392, -8.801151688335807 ], [ 115.23944135918137, -8.801143064358067 ], [ 115.239388166914551, -8.801143224167109 ], [ 115.239362291328248, -8.801146904889254 ], [ 115.239346724138045, -8.801149119454644 ], [ 115.239334307493763, -8.801150885855431 ], [ 115.239280011660099, -8.80116357505154 ], [ 115.239167150707573, -8.801194180889944 ], [ 115.239108545493593, -8.801205584143112 ], [ 115.239104944755297, -8.801206285157196 ], [ 115.239040547142991, -8.801213840531865 ], [ 115.238965540044333, -8.801216763320745 ], [ 115.238961543786559, -8.801216919113168 ], [ 115.238937581504729, -8.801216355830165 ], [ 115.238887881150745, -8.801215187497373 ], [ 115.23875422512431, -8.801212044962968 ], [ 115.238691063773501, -8.801212649850337 ], [ 115.238690897435816, -8.801212651784173 ], [ 115.238628075869102, -8.801217130548226 ], [ 115.238574254173869, -8.801225462243545 ], [ 115.238520462455483, -8.801238792887069 ], [ 115.238485753050156, -8.801250975118638 ], [ 115.238468819413328, -8.801256918121995 ], [ 115.238419397079923, -8.80127959688909 ], [ 115.238361631205436, -8.801313000906404 ], [ 115.238349145607771, -8.801321848831357 ], [ 115.238306564535151, -8.801352022116799 ], [ 115.238275589759368, -8.801377272613466 ], [ 115.238245457375072, -8.801404284637158 ], [ 115.238213256906576, -8.801437130228043 ], [ 115.238209023731486, -8.80144144741776 ], [ 115.238187667870974, -8.801463230475676 ], [ 115.238171491952912, -8.801482297430713 ], [ 115.238136208929845, -8.801523884869734 ], [ 115.238087359359724, -8.801587433767853 ], [ 115.237947405949598, -8.801781447445723 ], [ 115.237900269272345, -8.801842565946881 ], [ 115.237851526022283, -8.801899187114422 ], [ 115.237804263877067, -8.801945711799853 ], [ 115.237791114659785, -8.801955922699099 ], [ 115.23775411821542, -8.801984654683849 ], [ 115.237727050496247, -8.801999197075709 ], [ 115.237700229715145, -8.802013606813672 ] ], [ [ 115.237528531977617, -8.802808135639195 ], [ 115.237543818550591, -8.803367077984595 ], [ 115.237561629620188, -8.803435001161388 ], [ 115.237586200635576, -8.80351185875584 ], [ 115.23761456002336, -8.80358524966408 ], [ 115.23762261950391, -8.80360286508513 ], [ 115.23763569784488, -8.803631447339367 ], [ 115.237669524839816, -8.803692438702043 ], [ 115.237708938546149, -8.803746205286197 ], [ 115.237733796351435, -8.803772089706838 ], [ 115.237756476734376, -8.803791188541487 ], [ 115.237780075278081, -8.80380718063997 ], [ 115.23783580304837, -8.803833277457578 ], [ 115.237880573500107, -8.803845265874115 ], [ 115.237896766934441, -8.803849601877227 ], [ 115.237961241497132, -8.803857760551608 ], [ 115.238027700853408, -8.803858869234245 ], [ 115.238094741112803, -8.803853617512045 ], [ 115.23815789625128, -8.803843469919448 ], [ 115.238195529979464, -8.803835489291927 ], [ 115.238197687158234, -8.8038350319698 ], [ 115.238231105694936, -8.803827945652529 ], [ 115.238265403121019, -8.803820671776657 ], [ 115.238280250444916, -8.803817523580642 ], [ 115.238304854962863, -8.803813010664223 ], [ 115.23833831900221, -8.803806872055237 ], [ 115.238392816701719, -8.803801357217836 ], [ 115.238393339571658, -8.803801304515503 ], [ 115.238440645636828, -8.803790683044824 ], [ 115.238580962452502, -8.803759177260444 ], [ 115.238606800991974, -8.803753376321067 ], [ 115.238619658393176, -8.803750489122638 ], [ 115.23864177296781, -8.80375279416069 ], [ 115.238651547969212, -8.803753812744684 ], [ 115.238715803162279, -8.803760508319096 ], [ 115.238754053564506, -8.803808529192709 ] ] ] } },
{ "type": "Feature", "properties": { "Kerentanan Geologi": "Sedang (Batuan Sedimen)", "Kerentanan Lereng": "Sangat Rendah (>12%)", "Geomorfologi": "Pantai Bertebing Sangat Curam", "Kerentanan Geomorfologi": "Sangat Rendah", "Kerentanan Tunggang Pasut": "Sedang (≥2-<4)", "Kerentanan Laju Perubahan Garis Pantai": "Sedang (-1-1 m/tahun)", "Kerentanan Kenaikan Muka Air Laut": "Tinggi (2 – 4 mm/tahun)", "Kerentanan Gelombang": "Sangat Rendah (0-3 m)", "Desa": "Jimbaran", "Kec": "Kuta Selatan", "CVI": 3.9279220242499999, "Kerentanan": "Rendah ( 3.51 - 5.5 )", "Panjang (km)": 4.8766372676999996 }, "geometry": { "type": "MultiLineString", "coordinates": [ [ [ 115.161603759249658, -8.782590152560662 ], [ 115.161531888608437, -8.782625857492498 ], [ 115.161459836435029, -8.782658746240445 ], [ 115.161398932359347, -8.782683036449047 ], [ 115.161318749197576, -8.782708319336495 ], [ 115.161273009287171, -8.782718476865709 ], [ 115.161208747156579, -8.782726528891107 ], [ 115.161166063250263, -8.78272808820952 ], [ 115.161101399804465, -8.782725550665958 ], [ 115.161028098495777, -8.78271702309371 ], [ 115.160958656678147, -8.782704860069861 ], [ 115.160924469473898, -8.782697349557742 ], [ 115.160885653228192, -8.782688821986588 ], [ 115.160814720228842, -8.782670539232276 ], [ 115.160743945741899, -8.78264978460138 ], [ 115.160682598684673, -8.782629713313748 ], [ 115.160636549916902, -8.782612556330539 ], [ 115.160611749335075, -8.782603315980905 ], [ 115.160570278058515, -8.782587863797549 ], [ 115.160428309850445, -8.782528543985011 ], [ 115.160259299240977, -8.782457925098296 ], [ 115.160164338976927, -8.782421596361063 ], [ 115.160065945870514, -8.782388271358622 ], [ 115.159995378976589, -8.782367647805049 ], [ 115.159919968023004, -8.782348515827548 ], [ 115.159840845468679, -8.782331044586304 ], [ 115.159594809095083, -8.782283522888932 ], [ 115.159568078651873, -8.782277886636324 ], [ 115.159514528796478, -8.782266595610277 ], [ 115.159437408781457, -8.782247944306658 ], [ 115.159364709676069, -8.78222736448452 ], [ 115.1592973425346, -8.782205139047509 ], [ 115.159234660606302, -8.782181570417704 ], [ 115.159211940550676, -8.782172111413891 ], [ 115.159173576483937, -8.782156139054543 ], [ 115.159074854226546, -8.782110544871248 ], [ 115.159025949223562, -8.78208583562699 ], [ 115.15897837900819, -8.782060259560879 ], [ 115.158951699582886, -8.782044657034756 ], [ 115.15889583872756, -8.782011987824438 ], [ 115.158769897180946, -8.781930738819458 ], [ 115.158554740591597, -8.781786235676135 ], [ 115.158277832993903, -8.781607495669794 ], [ 115.158167295953604, -8.781539906315636 ], [ 115.158111329497657, -8.781508042028717 ], [ 115.158053845780501, -8.781477560786298 ], [ 115.158001658491472, -8.781452079604346 ], [ 115.15794631917386, -8.781427206830143 ], [ 115.15782927783674, -8.781380066453551 ], [ 115.157823148818977, -8.781377854992657 ], [ 115.157526996550374, -8.781270993637978 ], [ 115.15733682217332, -8.78120788073559 ], [ 115.157255705543136, -8.781180960782544 ], [ 115.15718844642366, -8.781156997030239 ], [ 115.157129499517211, -8.781134093675332 ], [ 115.157078385228587, -8.781112382180286 ], [ 115.156994821112661, -8.781073153051716 ], [ 115.156919550915674, -8.781035377501135 ], [ 115.156594952196571, -8.780868433929081 ], [ 115.156447131690996, -8.780792408688864 ], [ 115.156269611237335, -8.780697825925667 ], [ 115.156005235008806, -8.780553406517841 ], [ 115.155987354278778, -8.780543639220648 ], [ 115.155975275183735, -8.780537040122642 ], [ 115.155865988769264, -8.780479714834046 ], [ 115.155811456510065, -8.780453983265735 ], [ 115.155756243807659, -8.780430777047652 ], [ 115.155703191425346, -8.780411786215492 ], [ 115.155659753874986, -8.780398939439301 ], [ 115.155615174786647, -8.780388315608992 ], [ 115.155570257609227, -8.780380085905858 ], [ 115.155526154203201, -8.780374169171669 ], [ 115.155436334714963, -8.780367209779094 ], [ 115.155271590197557, -8.780360099097539 ], [ 115.1552007638074, -8.7803557350065 ], [ 115.155130826042665, -8.780349755156033 ], [ 115.155020950106433, -8.780338014486222 ], [ 115.154914384132894, -8.780326627195191 ], [ 115.154843574151855, -8.780321706212499 ], [ 115.154768954796111, -8.78031947336506 ], [ 115.154692370034297, -8.780320848069527 ], [ 115.154615633917061, -8.780326367176128 ], [ 115.154540469016908, -8.780336136751831 ], [ 115.154468414865136, -8.780349786428916 ], [ 115.154400598840084, -8.78036648817328 ], [ 115.154336528873557, -8.780385404219134 ], [ 115.154221204645424, -8.780424948916078 ], [ 115.15414169831655, -8.780454757551915 ], [ 115.153827364626025, -8.780581128610514 ], [ 115.153741310265346, -8.780613513336327 ], [ 115.153522682983066, -8.780695790104444 ], [ 115.153399792105105, -8.78074447376722 ], [ 115.153217927904748, -8.78081883528724 ], [ 115.153018493998701, -8.780815075077342 ], [ 115.152653564344945, -8.780808195209637 ], [ 115.152651567093145, -8.780780774071758 ], [ 115.152649482077365, -8.780696903374093 ], [ 115.152646728603145, -8.78058613788604 ], [ 115.152645185509982, -8.780524061508348 ], [ 115.152640438360152, -8.780451254418253 ], [ 115.152631709766865, -8.78037770457304 ], [ 115.152618157865035, -8.780306229447286 ], [ 115.152599631385002, -8.780239299119135 ], [ 115.152596330217989, -8.780230562306334 ], [ 115.15257669546331, -8.780178595211378 ], [ 115.152559257157264, -8.780141529785466 ], [ 115.15253996544503, -8.780106371906578 ], [ 115.152497868059484, -8.780044058023302 ], [ 115.152495556632829, -8.780040636555903 ], [ 115.152470669729794, -8.780010372114644 ], [ 115.152444295443004, -8.779982244837321 ], [ 115.152402062910298, -8.779944119540163 ], [ 115.15235769366447, -8.779911526616694 ], [ 115.152310398574656, -8.779883789573574 ], [ 115.152262204681691, -8.779862111709166 ], [ 115.152223843578994, -8.779849161966466 ], [ 115.152183184014959, -8.779839169016958 ], [ 115.152140685574139, -8.779832371072988 ], [ 115.152097057948296, -8.779828785171512 ], [ 115.152067548970422, -8.779828064715968 ], [ 115.152009717506672, -8.779830010825822 ], [ 115.15195118884138, -8.779835658382117 ], [ 115.151894852490557, -8.779843820034808 ], [ 115.151838175073792, -8.779854053939658 ], [ 115.151711942011048, -8.779881588099324 ], [ 115.151582453654513, -8.779914249503442 ], [ 115.151332061361941, -8.779983998966079 ], [ 115.151267368187334, -8.780000670233461 ], [ 115.151202022352862, -8.780014983193031 ], [ 115.151136005989756, -8.780025958651754 ], [ 115.15107140236816, -8.780032621387551 ], [ 115.151013985953369, -8.78003462180742 ], [ 115.150957309242671, -8.780032415601438 ], [ 115.15089303694505, -8.78002393046882 ], [ 115.150841964967015, -8.780011976038764 ], [ 115.150825044913262, -8.780006823078876 ], [ 115.150812876198884, -8.780003116413917 ], [ 115.15075918021202, -8.779983700497052 ], [ 115.150645444977457, -8.779939329964368 ], [ 115.150502630873973, -8.779887414319756 ], [ 115.150403704720802, -8.779853674036291 ], [ 115.150298298217706, -8.779820604412986 ], [ 115.150246938431707, -8.779806404605177 ], [ 115.150167538210695, -8.779787291997218 ], [ 115.150077405167281, -8.779769434018837 ], [ 115.150008870840679, -8.779758531164065 ], [ 115.149933810246182, -8.779749125970305 ], [ 115.149854119333867, -8.779741731298317 ], [ 115.149771582538762, -8.779736439071922 ], [ 115.149687890490853, -8.779733014387981 ], [ 115.149375750140933, -8.7797260189404 ], [ 115.149111951055218, -8.779679592703429 ], [ 115.149112727978732, -8.779522900951076 ], [ 115.149112899854458, -8.779488236258079 ], [ 115.149084293997504, -8.779473831531851 ], [ 115.149016958054119, -8.779439924991085 ], [ 115.148824599165678, -8.779438981054509 ], [ 115.148775916117813, -8.779558342923009 ], [ 115.148390842350423, -8.779628214109515 ], [ 115.148246573387794, -8.779627505912945 ], [ 115.148077903006339, -8.77969843812255 ], [ 115.147885069366623, -8.77979317138287 ], [ 115.147764132764806, -8.779936098949323 ], [ 115.147499401835674, -8.779982638449443 ], [ 115.147307637035738, -8.779996739351915 ], [ 115.146962713873776, -8.780022102801892 ], [ 115.146906445455841, -8.780026102599939 ], [ 115.146837032376212, -8.780027485632385 ], [ 115.146768755082164, -8.780025435166714 ], [ 115.146702978613476, -8.780020314112688 ], [ 115.146641122120826, -8.780012752346115 ], [ 115.146534716939001, -8.7799940415174 ], [ 115.146396113271905, -8.779963723349374 ], [ 115.146284426156896, -8.779942269782591 ], [ 115.146218627930693, -8.779932387733265 ], [ 115.146147971224778, -8.779924157931879 ], [ 115.146073770563063, -8.779918049717828 ], [ 115.145551647618845, -8.779996988211701 ], [ 115.145375652317583, -8.780039838965882 ], [ 115.145262753328993, -8.78006732792868 ], [ 115.145070513395808, -8.780042461946156 ], [ 115.14499885353429, -8.779946429654048 ], [ 115.144879817969453, -8.779706643186394 ], [ 115.144865212539557, -8.779666062929902 ], [ 115.144784946781002, -8.779443055811553 ], [ 115.144695631620834, -8.779409234855017 ], [ 115.144614349694876, -8.779378456695001 ], [ 115.14459294501394, -8.779370351346968 ], [ 115.144585571877442, -8.779376575728413 ], [ 115.14442391771081, -8.779513040166025 ], [ 115.144254771367798, -8.779679648936002 ], [ 115.143989921772615, -8.779750105969915 ], [ 115.143820538171482, -8.779964552773649 ], [ 115.143603301475039, -8.780130924492397 ], [ 115.143362377027984, -8.780225419372234 ], [ 115.143146211843558, -8.780176514927541 ], [ 115.143026701571145, -8.780032405546935 ], [ 115.142834343032661, -8.780031458493371 ], [ 115.142713166700972, -8.780222223182262 ], [ 115.142640080139813, -8.780413223715378 ], [ 115.142543543239412, -8.780484508362365 ], [ 115.14250858382664, -8.780324271755841 ], [ 115.142496524645182, -8.78026899578629 ], [ 115.142328479414331, -8.780184374162024 ], [ 115.142304642219699, -8.780172371040132 ], [ 115.14184658854191, -8.780170114795702 ], [ 115.141823745477126, -8.78017000226259 ], [ 115.141813372003554, -8.780186333687286 ], [ 115.141702569550148, -8.780360765609052 ], [ 115.141676856913747, -8.780695519261698 ], [ 115.141483545340265, -8.780885927051841 ], [ 115.141264044777884, -8.781506766468008 ], [ 115.141009007828217, -8.782091718126557 ], [ 115.14098901212229, -8.782165273541541 ], [ 115.140966185450424, -8.782232813829619 ], [ 115.1409407884383, -8.7822947443911 ], [ 115.140912337699802, -8.782353417021485 ], [ 115.140881046604221, -8.782409054267239 ], [ 115.140846513854683, -8.782462671219506 ], [ 115.140809205881865, -8.782513495395291 ], [ 115.140789627640132, -8.782537720862205 ], [ 115.140759014370872, -8.782572767791791 ], [ 115.140726809273858, -8.782606456199536 ], [ 115.14068149119899, -8.782649224538783 ], [ 115.14063347171728, -8.782689706736912 ], [ 115.140599774703489, -8.78271566165494 ], [ 115.140537961227153, -8.782759083633906 ], [ 115.140473801779052, -8.782799653466764 ], [ 115.14040171568675, -8.782840956263961 ], [ 115.140381602187077, -8.782851672369279 ], [ 115.140357373585815, -8.782864581323281 ], [ 115.140140271785199, -8.782971723202524 ], [ 115.140100877150729, -8.782991165122278 ], [ 115.140040415701435, -8.783023320011552 ], [ 115.139983284486192, -8.783055946963804 ], [ 115.139872873922684, -8.783125502380077 ], [ 115.139819066391922, -8.783162646118342 ], [ 115.139753558312336, -8.783211020240305 ], [ 115.139689379446338, -8.783261288586719 ], [ 115.139563671157077, -8.78336558926142 ], [ 115.139399387201109, -8.783507865399747 ], [ 115.139254223418178, -8.783633582982818 ], [ 115.139125858312127, -8.783741007441572 ], [ 115.138925539770142, -8.783901137862713 ], [ 115.138600431610968, -8.784153071554728 ], [ 115.138460889708981, -8.784261205363583 ], [ 115.138343499080179, -8.784355492491319 ], [ 115.138286493496096, -8.784404220159562 ], [ 115.138231222574163, -8.784454635223911 ], [ 115.138187571349135, -8.78449801439568 ], [ 115.138170002357285, -8.784515472748195 ], [ 115.138111364978528, -8.784578673572994 ], [ 115.138054980393136, -8.784643720754667 ], [ 115.137946034746932, -8.784775409743631 ], [ 115.137896472023925, -8.784832549311478 ], [ 115.137860405862597, -8.784871697820922 ], [ 115.13782260175843, -8.784910175967916 ], [ 115.137783757803746, -8.784946866164667 ], [ 115.137739512326988, -8.784985285359507 ], [ 115.137695673042458, -8.78502025304107 ], [ 115.137654002322364, -8.785051185756167 ], [ 115.13757260166787, -8.785107309121106 ], [ 115.137451477023774, -8.785187972208522 ], [ 115.137374724177633, -8.78524205270282 ], [ 115.137364054457223, -8.78524957058888 ], [ 115.137170562773491, -8.785394137527849 ], [ 115.137068193869226, -8.785468825082738 ], [ 115.136960050678255, -8.785542898232222 ], [ 115.1367010514101, -8.785713688835477 ], [ 115.136510612241565, -8.785848012047218 ], [ 115.136305179738883, -8.785999356782664 ], [ 115.136212665050905, -8.786061256909139 ], [ 115.136156164707188, -8.786095160053279 ], [ 115.136095835522497, -8.786128336374786 ], [ 115.135968802471254, -8.786191281697866 ], [ 115.135844302420466, -8.786248554767221 ], [ 115.135720519390617, -8.786302555020681 ], [ 115.135600257337245, -8.786351047932026 ], [ 115.135527063092596, -8.786378370909986 ], [ 115.135460408495561, -8.78640118151254 ], [ 115.135430293434979, -8.78641148799325 ], [ 115.135330216807844, -8.786440926342518 ], [ 115.135264205035696, -8.786457130505358 ], [ 115.135193852605767, -8.786471549360062 ], [ 115.135119844561459, -8.786483859928147 ], [ 115.135043005263213, -8.786494049109303 ], [ 115.134884186557528, -8.786509310324357 ], [ 115.13464525576498, -8.786526976691651 ], [ 115.134495787058512, -8.786540940576648 ], [ 115.134364755558423, -8.786558333445006 ], [ 115.134275969170091, -8.786573575782514 ], [ 115.134198716727056, -8.786589140985551 ], [ 115.133938392700841, -8.786651995247565 ], [ 115.133664542426303, -8.786712009586457 ], [ 115.133609241676112, -8.786726071416057 ], [ 115.133114382482773, -8.787177373099052 ], [ 115.133095331679144, -8.787326480943856 ], [ 115.133079862728309, -8.787414357463593 ], [ 115.133057954051367, -8.787512008403764 ], [ 115.133044114298087, -8.787565629170196 ], [ 115.13302997352001, -8.787611846916858 ], [ 115.133013210617136, -8.787666634804054 ], [ 115.132995084191592, -8.787715309019401 ], [ 115.132974140288155, -8.78776437519725 ], [ 115.132949745445401, -8.787814744201789 ], [ 115.132921715890859, -8.787866453996031 ], [ 115.132891480881625, -8.787917206310787 ], [ 115.132857913144306, -8.787969247569922 ], [ 115.132822614688223, -8.788020445803168 ], [ 115.132746667082984, -8.788122389930324 ], [ 115.13271290317563, -8.788165320904303 ], [ 115.132573845894655, -8.7883421364689 ], [ 115.132508269667582, -8.788429178790739 ], [ 115.132431418563499, -8.788537102301529 ], [ 115.132358701524481, -8.788645407899232 ], [ 115.132323303185657, -8.788701459450049 ], [ 115.1322553231673, -8.788816593337355 ], [ 115.132255165514252, -8.788816860157144 ], [ 115.132091666950629, -8.789117940925644 ], [ 115.131420851225997, -8.789499852079457 ], [ 115.131371226982992, -8.78950620198979 ], [ 115.131322539316912, -8.789514992069201 ], [ 115.131276077932696, -8.789526022589028 ], [ 115.131236010718055, -8.789538015090312 ], [ 115.131223573051926, -8.789541737789195 ], [ 115.131172765928454, -8.789560155493051 ], [ 115.131123961999648, -8.789580716700355 ], [ 115.13107649369185, -8.789603521163158 ], [ 115.131002838577515, -8.78964501910605 ], [ 115.13091227273847, -8.78970434704229 ], [ 115.130861462223919, -8.789735944027663 ], [ 115.130824419909487, -8.789756200102484 ], [ 115.130786947611554, -8.789773577329296 ], [ 115.130736787686956, -8.789791781200176 ], [ 115.130675856740481, -8.789807567516213 ], [ 115.130631811823577, -8.789816068628715 ], [ 115.130507092340423, -8.789836272075702 ], [ 115.130427605061243, -8.789851344285227 ], [ 115.130371564859161, -8.789864150632955 ], [ 115.130106631738698, -8.78993239768328 ], [ 115.130013365628443, -8.789952221847184 ], [ 115.129991821826181, -8.789956800650195 ], [ 115.129923505672565, -8.789967716186251 ], [ 115.129891854184336, -8.789971348894946 ], [ 115.129857737411967, -8.789974007447961 ], [ 115.129797370544168, -8.789975169672347 ], [ 115.12950385655796, -8.790045271453705 ], [ 115.129150000943923, -8.790129784171956 ], [ 115.12874051037889, -8.790271269576644 ], [ 115.128330540164114, -8.790508431959189 ], [ 115.128219158008349, -8.790507878613587 ], [ 115.128017951288086, -8.790506878936863 ], [ 115.127753572476436, -8.790481644820073 ], [ 115.127389356161174, -8.790459700498989 ], [ 115.127320877374643, -8.790455574850805 ], [ 115.126936153029732, -8.790453662383374 ], [ 115.126815325676162, -8.790572660955712 ], [ 115.12657463232344, -8.790619304063831 ], [ 115.126358826257032, -8.790498631634772 ], [ 115.126333455983143, -8.790432023062564 ], [ 115.126240162617648, -8.790187083622925 ], [ 115.125880325325539, -8.790017854800977 ], [ 115.125874033132504, -8.790016859780536 ], [ 115.125759403350855, -8.789998732838523 ], [ 115.125567977807151, -8.78996846116493 ], [ 115.125406537665839, -8.789846756043261 ] ] ] } },
{ "type": "Feature", "properties": { "Kerentanan Geologi": "Sedang (Batuan Sedimen)", "Kerentanan Lereng": "Sangat Rendah (>12%)", "Geomorfologi": "Pantai Bertebing Sangat Curam", "Kerentanan Geomorfologi": "Sangat Rendah", "Kerentanan Tunggang Pasut": "Sedang (≥2-<4)", "Kerentanan Laju Perubahan Garis Pantai": "Sedang (-1-1 m/tahun)", "Kerentanan Kenaikan Muka Air Laut": "Tinggi (2 – 4 mm/tahun)", "Kerentanan Gelombang": "Sangat Rendah (0-3 m)", "Desa": "Kutuh", "Kec": "Kuta Selatan", "CVI": 3.9279220242499999, "Kerentanan": "Rendah ( 3.51 - 5.5 )", "Panjang (km)": 2.7689858699299998 }, "geometry": { "type": "MultiLineString", "coordinates": [ [ [ 115.1725114673565, -8.847953521072537 ], [ 115.172578035266682, -8.847931881488217 ], [ 115.172740316142963, -8.847879128778565 ], [ 115.172865988110644, -8.847838276684907 ], [ 115.172961530183471, -8.847818400332459 ], [ 115.17296934817918, -8.847816774080524 ], [ 115.173129143031034, -8.847783531655871 ], [ 115.173182830787624, -8.847772362486639 ], [ 115.173203036372655, -8.847768159483378 ], [ 115.1735859376859, -8.847770027549121 ], [ 115.173684029051216, -8.84777050604578 ], [ 115.174033037148405, -8.847772208323793 ], [ 115.174182151225509, -8.847772935524699 ], [ 115.174213120423644, -8.847773086548125 ], [ 115.174219324661308, -8.847775580410408 ], [ 115.174290270154998, -8.847804098284602 ], [ 115.174559555432808, -8.847912342733837 ], [ 115.174772353347748, -8.847947299341412 ], [ 115.17484322429631, -8.847956101569448 ], [ 115.17491813922318, -8.847962524983506 ], [ 115.174995595894032, -8.847965583143484 ], [ 115.175068012595787, -8.847964698453854 ], [ 115.175074044972504, -8.847964624792983 ], [ 115.175151948987335, -8.847959357652966 ], [ 115.175227828556274, -8.847949875769451 ], [ 115.175300344933063, -8.847936694270702 ], [ 115.175368515520802, -8.847920732335849 ], [ 115.175607407119131, -8.84784344795886 ], [ 115.175657907082126, -8.847827110554256 ], [ 115.175692344255069, -8.847815969258528 ], [ 115.175728130684988, -8.847804392439917 ], [ 115.17574723143386, -8.847781820303114 ], [ 115.175822958715514, -8.847692333981506 ], [ 115.175846998527106, -8.847663924771059 ], [ 115.175849085881168, -8.847661458674429 ], [ 115.1758579573426, -8.847661501896928 ], [ 115.176015321260195, -8.847662268552169 ], [ 115.176113631790045, -8.847662747473908 ], [ 115.176569084203564, -8.847664965882871 ], [ 115.176690066994823, -8.847665555070444 ], [ 115.176714872558406, -8.847665675868992 ], [ 115.176923313954219, -8.847633981357234 ], [ 115.177172169901112, -8.84759614138026 ], [ 115.177279696215621, -8.847525598037816 ], [ 115.177331906804554, -8.847491344469891 ], [ 115.177461706886163, -8.847406187491023 ], [ 115.177499999766241, -8.84736847223882 ], [ 115.177655434636151, -8.847215381885897 ], [ 115.17770338038072, -8.847168159291645 ], [ 115.177706961856373, -8.847164631833413 ], [ 115.177848384872149, -8.847025342629856 ], [ 115.177987064097607, -8.847026017474603 ], [ 115.178040781860176, -8.847026278863694 ], [ 115.178583243837664, -8.847169123382439 ], [ 115.178587761994748, -8.847170313430079 ], [ 115.1785929642339, -8.847170656971938 ], [ 115.17867184197361, -8.847175870250222 ], [ 115.178757314507777, -8.84717699299307 ], [ 115.178840862095839, -8.84717417722962 ], [ 115.178896569002703, -8.847170691729566 ], [ 115.17909761146052, -8.847153149437414 ], [ 115.179102929476898, -8.847152685289139 ], [ 115.179352522281093, -8.847127247676667 ], [ 115.179520211310177, -8.847105287469743 ], [ 115.179601339226039, -8.847091738298793 ], [ 115.179679133281738, -8.847076279760545 ], [ 115.179712625806332, -8.847068486691906 ], [ 115.1797526186363, -8.847059180149689 ], [ 115.179833305861564, -8.847037641246418 ], [ 115.179913412474704, -8.847013834784143 ], [ 115.179993783424848, -8.846988027956924 ], [ 115.180194483700376, -8.846919496041288 ], [ 115.180262661833893, -8.846896215555965 ], [ 115.180301365936202, -8.846877980329831 ], [ 115.180313862358119, -8.846871931293542 ], [ 115.180409918502946, -8.846825435702838 ], [ 115.180446290275327, -8.846808653733012 ], [ 115.180482981970158, -8.846792804515029 ], [ 115.180520156022567, -8.84677831375533 ], [ 115.180559270824517, -8.846765103556773 ], [ 115.180598937068993, -8.846753436583857 ], [ 115.180639021957603, -8.846742960504455 ], [ 115.180679420416581, -8.846733415337239 ], [ 115.180760871245155, -8.846716473545495 ], [ 115.180842900840318, -8.846701989121529 ], [ 115.180925360109526, -8.846690336533891 ], [ 115.180966753943906, -8.846685964790096 ], [ 115.18100987674481, -8.846682687239765 ], [ 115.181053094661735, -8.846680401921418 ], [ 115.181055063845122, -8.846680335544374 ], [ 115.181226207177204, -8.846674600532317 ], [ 115.18126254952243, -8.846672875773443 ], [ 115.181404448608802, -8.846644459028074 ], [ 115.181521953561614, -8.846622099525918 ], [ 115.181571349312222, -8.846612700110324 ], [ 115.181716747913541, -8.846585033440192 ], [ 115.181843570778923, -8.846557499823097 ], [ 115.181872107810051, -8.846551304400332 ], [ 115.181944638477788, -8.846532749538309 ], [ 115.182024823755725, -8.846509735834742 ], [ 115.182104276801113, -8.846484414961642 ], [ 115.182214080619318, -8.846445420736829 ], [ 115.18224726740111, -8.846432122800232 ], [ 115.182274537793745, -8.84642119556878 ], [ 115.182345620961442, -8.84639271221935 ], [ 115.182409566321567, -8.846364323491718 ], [ 115.182458203215802, -8.84634117824729 ], [ 115.182470451272977, -8.846335349422372 ], [ 115.182559209428533, -8.846289297841965 ] ], [ [ 115.190921129794333, -8.842952672440118 ], [ 115.190989294890542, -8.842952698756996 ], [ 115.191139682635239, -8.842957182345188 ], [ 115.19117173220009, -8.842958138121677 ], [ 115.191222769392652, -8.842959659318334 ], [ 115.191263003124263, -8.842960858927501 ], [ 115.191363301365911, -8.842961109037734 ], [ 115.191496496215535, -8.842955451533239 ], [ 115.1915205459308, -8.842953413205928 ], [ 115.191572746555948, -8.842948988382945 ], [ 115.191578185409412, -8.842948527337825 ], [ 115.191633778567521, -8.842942194087588 ], [ 115.191680933081273, -8.842935236958478 ], [ 115.19175638994929, -8.842924103053933 ], [ 115.192016019541313, -8.842877585280007 ], [ 115.19211488776736, -8.842858873239882 ], [ 115.192131405533203, -8.842855747070811 ], [ 115.192156545654299, -8.842850989051215 ], [ 115.192296009507629, -8.842820967486341 ], [ 115.192302136288419, -8.842819423039707 ], [ 115.192311682305174, -8.842817017226153 ], [ 115.192363712601534, -8.842803904112834 ], [ 115.192375718717543, -8.842800484031995 ], [ 115.192428447318491, -8.842785463946758 ], [ 115.192433877871707, -8.842783722664096 ], [ 115.192489437025031, -8.842765908139164 ], [ 115.192490183719585, -8.84276563509197 ], [ 115.192585451112066, -8.842730777569184 ], [ 115.192631540198008, -8.842712281757436 ], [ 115.192737524155461, -8.842667042751062 ], [ 115.192816847093283, -8.842631816218912 ], [ 115.192908255607165, -8.842591223454493 ], [ 115.193417376182282, -8.842517264808858 ], [ 115.193536363711587, -8.84250432071163 ], [ 115.193650478348843, -8.842491906379266 ], [ 115.194359473687683, -8.842341380199501 ], [ 115.194518929021456, -8.842307705746377 ], [ 115.194522927186938, -8.842306861612867 ], [ 115.194622761237056, -8.842285778475272 ], [ 115.194654439922786, -8.84227908901277 ], [ 115.194664894845801, -8.842276880987821 ], [ 115.194808792421071, -8.842246492820097 ], [ 115.194894964965656, -8.8422335257545 ], [ 115.195183245198521, -8.842172803037711 ], [ 115.195354663549949, -8.842136695976986 ], [ 115.195499674296826, -8.842122977909924 ], [ 115.195649051971358, -8.842108846855204 ], [ 115.195693813437728, -8.842104612520792 ], [ 115.195739642539735, -8.842100276640322 ], [ 115.195912975263795, -8.8420665761639 ], [ 115.195943703291931, -8.842060601659023 ], [ 115.196049445808697, -8.842040042002884 ], [ 115.196133939007638, -8.842023613840112 ], [ 115.196243173476731, -8.842002375695662 ], [ 115.196659953797564, -8.841921340797908 ], [ 115.196702965558416, -8.841912977989098 ], [ 115.19736304684254, -8.841784637005702 ], [ 115.197379162828298, -8.841781503228999 ], [ 115.19738442260882, -8.84178048069888 ], [ 115.197610750676219, -8.841718513107452 ], [ 115.197969063606791, -8.841620407347708 ], [ 115.19797993582128, -8.841617432755086 ], [ 115.198137475431807, -8.841598748043085 ], [ 115.198213826960412, -8.841586401048568 ], [ 115.198233765048755, -8.841584979873426 ], [ 115.198259970906989, -8.84158311057649 ], [ 115.198345399989023, -8.841577020099272 ], [ 115.198350332003528, -8.841576667715595 ], [ 115.198400494120378, -8.841573090966362 ], [ 115.198563348686037, -8.84156147989445 ], [ 115.198565747404146, -8.841561308802138 ], [ 115.198571276990364, -8.841556952370786 ], [ 115.198604611447777, -8.841530690675009 ], [ 115.1986395089735, -8.841503196081716 ], [ 115.198710603361192, -8.841447185180943 ], [ 115.198826668669128, -8.841318571585333 ], [ 115.198852676187499, -8.841289801051239 ], [ 115.19889513282385, -8.841242834350304 ], [ 115.198972907657989, -8.841156799083601 ], [ 115.199009981997563, -8.841128021156454 ], [ 115.199028956670546, -8.841113292548668 ], [ 115.199050751120808, -8.841097789128332 ], [ 115.199054913173384, -8.841094828354887 ], [ 115.19906398887241, -8.841088372487928 ], [ 115.199108263686341, -8.841056878017248 ], [ 115.199116873812159, -8.84105120646767 ], [ 115.1991534545392, -8.841027109326653 ], [ 115.199160417904451, -8.841022870977644 ], [ 115.199223831202914, -8.840984272835694 ], [ 115.199315644918812, -8.840934567926613 ], [ 115.199417765630287, -8.840886148409766 ], [ 115.199521007096536, -8.840842031377623 ], [ 115.199582290736217, -8.840817440819707 ], [ 115.199705860404663, -8.840771481232141 ], [ 115.199743647723636, -8.840758710814558 ], [ 115.199763740021226, -8.840751920002775 ], [ 115.199846858383069, -8.840726727303048 ], [ 115.199925895979746, -8.840706474808671 ], [ 115.200021393228354, -8.840686244407909 ], [ 115.200184698695651, -8.840657149632781 ], [ 115.200251957094949, -8.840646952716378 ], [ 115.200337649485803, -8.84063808111876 ], [ 115.200391465624634, -8.840635434753699 ], [ 115.200444311818643, -8.840634112733115 ], [ 115.200540604239833, -8.840631703794552 ], [ 115.200552339657037, -8.8406314102702 ], [ 115.200558426911556, -8.84063125778156 ], [ 115.200608887126293, -8.840627296996578 ], [ 115.200639890530923, -8.840624863802363 ], [ 115.200680349636116, -8.840620077464026 ], [ 115.200776896602207, -8.840605116409323 ], [ 115.200815124196978, -8.84059788914899 ], [ 115.200900258995119, -8.840581793780437 ], [ 115.200948704511944, -8.840571547991404 ], [ 115.200967278535671, -8.840567620302027 ], [ 115.201002659547655, -8.840559386664035 ], [ 115.201115455623608, -8.840533138224314 ], [ 115.201189572402313, -8.840514292086469 ], [ 115.201196468234542, -8.840512538710236 ], [ 115.201387062349511, -8.840459028351292 ], [ 115.201609503646111, -8.840391220672212 ], [ 115.201665493114021, -8.840374152565197 ], [ 115.201686396465519, -8.84036711600284 ], [ 115.201742644043236, -8.840348181272608 ], [ 115.201802096449512, -8.840328167964003 ], [ 115.201807734952908, -8.840326270215773 ], [ 115.20187322377781, -8.840301591829128 ], [ 115.201874734534158, -8.840301022269589 ], [ 115.201922308439336, -8.840281752961301 ], [ 115.201984094389388, -8.84025457415364 ], [ 115.202531924503802, -8.839849782450063 ], [ 115.202894521553802, -8.839468788549306 ], [ 115.203136175812105, -8.839230740419303 ], [ 115.203372631312945, -8.839052532394987 ], [ 115.203374770258833, -8.839049504905486 ], [ 115.2034285474314, -8.83896557652476 ], [ 115.203493342237152, -8.838858391686095 ], [ 115.203505351519283, -8.838838525812571 ], [ 115.203536925128063, -8.838786296872334 ], [ 115.203573387336078, -8.838730286043376 ], [ 115.203597203670896, -8.838696456124433 ], [ 115.203610424790597, -8.838677677346091 ], [ 115.203675559829421, -8.838594614316357 ], [ 115.203731098751675, -8.83853088626663 ], [ 115.203818453893234, -8.838438568741605 ], [ 115.203827490035877, -8.838429742918379 ], [ 115.203932433139187, -8.838327234655207 ], [ 115.204050807866125, -8.838220267546404 ], [ 115.204111801216129, -8.838168778913694 ], [ 115.204136079323675, -8.838149753833674 ] ] ] } },
{ "type": "Feature", "properties": { "Kerentanan Geologi": "Sedang (Batuan Sedimen)", "Kerentanan Lereng": "Sangat Rendah (>12%)", "Geomorfologi": "Pantai Bertebing Sangat Curam", "Kerentanan Geomorfologi": "Sangat Rendah", "Kerentanan Tunggang Pasut": "Sedang (≥2-<4)", "Kerentanan Laju Perubahan Garis Pantai": "Sedang (-1-1 m/tahun)", "Kerentanan Kenaikan Muka Air Laut": "Tinggi (2 – 4 mm/tahun)", "Kerentanan Gelombang": "Sangat Rendah (0-3 m)", "Desa": "Pecatu", "Kec": "Kuta Selatan", "CVI": 3.9279220242499999, "Kerentanan": "Rendah ( 3.51 - 5.5 )", "Panjang (km)": 13.930915089100001 }, "geometry": { "type": "MultiLineString", "coordinates": [ [ [ 115.116411432334544, -8.845958785443054 ], [ 115.116594431262158, -8.845968598102328 ], [ 115.116833596293588, -8.846014121869116 ], [ 115.116900018298026, -8.84602582701069 ], [ 115.116961640812747, -8.846036685322892 ], [ 115.117037695097409, -8.846048008551511 ], [ 115.11711729922169, -8.84605764729228 ], [ 115.117199637678169, -8.846065100215903 ], [ 115.117283869126581, -8.846070119901297 ], [ 115.117306147752515, -8.846070785189607 ], [ 115.117369177532836, -8.8460726660823 ], [ 115.117454781552709, -8.846072847835808 ], [ 115.117539916486763, -8.846070897273707 ], [ 115.117623805194782, -8.84606716939666 ], [ 115.117630064569639, -8.846066744317076 ], [ 115.117669545734572, -8.846064062481757 ], [ 115.117796811827631, -8.846055416709351 ], [ 115.117861131370375, -8.846051047082206 ], [ 115.117893947218903, -8.846049256562878 ], [ 115.117943124170964, -8.84604657280315 ], [ 115.117999643839426, -8.846043489284659 ], [ 115.118070934576494, -8.846041714922103 ], [ 115.118142730565268, -8.846041754798387 ], [ 115.118214376451363, -8.84604378823798 ], [ 115.118285209457866, -8.846047845360481 ], [ 115.118319475161769, -8.84605122963147 ], [ 115.118421819846347, -8.846061338566793 ], [ 115.118497505022418, -8.846071624517979 ], [ 115.118651601753953, -8.84609676828906 ], [ 115.118808231203786, -8.846126676405888 ], [ 115.11890531520099, -8.846148010581583 ], [ 115.119052589139514, -8.846180373111009 ], [ 115.119075691631792, -8.846185449673552 ], [ 115.119119060546637, -8.846194557029367 ], [ 115.11915815195097, -8.846202766871821 ], [ 115.119180278046613, -8.846206806100097 ], [ 115.119231203033408, -8.846216102372439 ], [ 115.119240818101801, -8.846217857510101 ], [ 115.11931432577164, -8.846228451499547 ], [ 115.119391010825609, -8.84623606450964 ], [ 115.119469741930047, -8.846239918798426 ], [ 115.119549244208855, -8.846239580346648 ], [ 115.119628191899594, -8.84623497017188 ], [ 115.119669299806944, -8.846230383326366 ], [ 115.119705263766548, -8.846226370935319 ], [ 115.119921932128165, -8.846170379869918 ], [ 115.1199616536109, -8.84616011492639 ], [ 115.119999376410064, -8.846150367004588 ], [ 115.12013819088051, -8.846114495095106 ], [ 115.120451310551999, -8.846020387666835 ], [ 115.120685493258719, -8.846003652885301 ], [ 115.120764066088654, -8.845998037984797 ], [ 115.121052409241315, -8.846047323613611 ], [ 115.121129495500213, -8.846124771631706 ], [ 115.121216181406211, -8.846211864297244 ], [ 115.121299980684427, -8.846296056739755 ], [ 115.121315611375096, -8.846311761668698 ], [ 115.12135154708794, -8.846359921713944 ], [ 115.12145893447348, -8.84650383831865 ], [ 115.121600922518311, -8.846959024859808 ], [ 115.121611459069101, -8.846969609904729 ], [ 115.121704510964818, -8.847063098967761 ], [ 115.121816270248601, -8.847175383044894 ], [ 115.121825341568808, -8.847178440844784 ], [ 115.121995762981342, -8.847235892856121 ], [ 115.122104372051041, -8.847272506507 ], [ 115.122345467351792, -8.847154116977986 ], [ 115.122411383798308, -8.846976618043016 ], [ 115.122442997018936, -8.846891489324985 ], [ 115.122539798188569, -8.84677237602657 ], [ 115.122780165724421, -8.846797500553729 ], [ 115.122900410122966, -8.846798103375454 ], [ 115.12282717267702, -8.847013014250534 ], [ 115.122729764441374, -8.847251723282104 ], [ 115.122805411925611, -8.847289817755135 ], [ 115.12287369386172, -8.847324203937937 ], [ 115.122977703280895, -8.847255989474299 ], [ 115.123018472755149, -8.847229250424817 ], [ 115.123068715395561, -8.847114253864506 ], [ 115.123091467750683, -8.847062178859067 ], [ 115.123188512108086, -8.846895226906746 ], [ 115.123405072775455, -8.846872392951479 ], [ 115.123500324883437, -8.846908465537751 ], [ 115.123597100231407, -8.846945114385232 ], [ 115.123524226654112, -8.84708826732172 ], [ 115.123450625893412, -8.847374935622767 ], [ 115.123448929245299, -8.84770980305707 ], [ 115.123521212149583, -8.847800603918628 ], [ 115.123544518560081, -8.847829880903411 ], [ 115.12364156301193, -8.847662928839402 ], [ 115.123731026343634, -8.847400404016856 ], [ 115.123739212298204, -8.84737638190353 ], [ 115.123860426223956, -8.847185631459903 ], [ 115.124029132290275, -8.84711471677941 ], [ 115.124365937734822, -8.84709248472492 ], [ 115.124614969431505, -8.847118621588878 ], [ 115.124618792287322, -8.847119023150459 ], [ 115.124715570184122, -8.847129180322813 ], [ 115.125071158729597, -8.847166500299355 ], [ 115.125121632195203, -8.847164345553406 ], [ 115.125340513059228, -8.847162470799733 ], [ 115.125421891880947, -8.847159796326158 ], [ 115.125452317455327, -8.847157809666122 ], [ 115.125503100400508, -8.847154492902149 ], [ 115.125583973376138, -8.847146163725336 ], [ 115.125664323862466, -8.847134210281112 ], [ 115.125730857735903, -8.84712109104068 ], [ 115.125799891757126, -8.847104815598476 ], [ 115.125868528792466, -8.847086338595636 ], [ 115.125995558207222, -8.847047007146411 ], [ 115.126001181643701, -8.847045266060981 ], [ 115.126290957762308, -8.846947399764641 ], [ 115.126546554052879, -8.846861076913306 ], [ 115.126688003330273, -8.846810367516976 ], [ 115.126712976934655, -8.846800479170284 ], [ 115.126752675134043, -8.84678475921336 ], [ 115.126754520373666, -8.846784028929534 ], [ 115.126848774607495, -8.846743414866634 ], [ 115.126940437147923, -8.846700871218973 ], [ 115.127055823978949, -8.846644917963555 ], [ 115.127244449537386, -8.846553449101156 ], [ 115.127374235665172, -8.846495759637964 ], [ 115.127444431596857, -8.846468257706556 ], [ 115.127515347258665, -8.846444202897843 ], [ 115.127531709687389, -8.846439646926369 ], [ 115.127575074314777, -8.846427571358936 ], [ 115.127605122223812, -8.846420631120539 ], [ 115.127640696395261, -8.846414268176733 ], [ 115.127667274675957, -8.846409513761815 ], [ 115.127731742705578, -8.846402619954624 ], [ 115.127796994204473, -8.846400232239052 ], [ 115.127829586426245, -8.84640063657578 ], [ 115.127897387768513, -8.846404500464004 ], [ 115.127905921761339, -8.846405439047228 ], [ 115.127965202771179, -8.846411957117121 ], [ 115.128032895402669, -8.846422585470565 ], [ 115.128090679964615, -8.84643402222834 ], [ 115.128147396432723, -8.846447272594384 ], [ 115.128193482018375, -8.846459750184319 ], [ 115.128216673224742, -8.846466029045613 ], [ 115.128301105146434, -8.846492504108856 ], [ 115.128384348324843, -8.846522725940616 ], [ 115.12843832860834, -8.84654484220664 ], [ 115.128490009561148, -8.846568153885666 ], [ 115.128551392869838, -8.846598814284933 ], [ 115.128567078472528, -8.84660750379248 ], [ 115.128610919306439, -8.846631790622247 ], [ 115.128668047698838, -8.846666610990122 ], [ 115.128709028337767, -8.846693541435073 ], [ 115.128775656532468, -8.846740544381396 ], [ 115.128827320310009, -8.846779322491841 ], [ 115.1289725736641, -8.846892312856065 ], [ 115.129028572692675, -8.84693587335841 ], [ 115.129078489869215, -8.846971880832088 ], [ 115.12912921390452, -8.847005609596094 ], [ 115.129192582441902, -8.847042583803335 ], [ 115.129231263642851, -8.84706192764834 ], [ 115.129283057365996, -8.847083635109263 ], [ 115.129335282703863, -8.847100512551195 ], [ 115.129375970653626, -8.847110186701929 ], [ 115.129418230265088, -8.847117147497407 ], [ 115.129436182694931, -8.847118850018179 ], [ 115.129461517787931, -8.847121252996171 ], [ 115.129489226699178, -8.847122111954121 ], [ 115.129505165523568, -8.847122606540422 ], [ 115.12956395388872, -8.847120700659 ], [ 115.129626554049025, -8.847115090009847 ], [ 115.129689607624542, -8.847106990040993 ], [ 115.129902600098688, -8.847074457442901 ], [ 115.130044284770847, -8.847056678965215 ], [ 115.130112719355139, -8.8470512845084 ], [ 115.13016206932781, -8.847049332298541 ], [ 115.130210667815874, -8.847049316430445 ], [ 115.1302575455517, -8.847051299868552 ], [ 115.130301677250401, -8.847055098491044 ], [ 115.130378574381822, -8.847066425146847 ], [ 115.13045405350482, -8.847083702427978 ], [ 115.130501510755366, -8.847098013708209 ], [ 115.130549690790858, -8.847115355367231 ], [ 115.130599428529308, -8.847135990133173 ], [ 115.130649529931262, -8.847159131845066 ], [ 115.130801698496114, -8.847233772707265 ], [ 115.130871207821713, -8.847263082012425 ], [ 115.130906602287098, -8.847275777151667 ], [ 115.130959949399227, -8.847291759548083 ], [ 115.130965242285228, -8.847293018196359 ], [ 115.130996750845412, -8.847300510983265 ], [ 115.131034802963114, -8.847307653111868 ], [ 115.131073744515064, -8.847313081068039 ], [ 115.13110345250125, -8.847316056336677 ], [ 115.131168300968454, -8.847319556871783 ], [ 115.131233784229138, -8.84731974810644 ], [ 115.131299754006804, -8.847317373337274 ], [ 115.131358416197912, -8.847313647589358 ], [ 115.131648912161211, -8.847289243116853 ], [ 115.131732459517977, -8.847284506896033 ], [ 115.131790767074463, -8.847282611828943 ], [ 115.131817637627748, -8.847281737880847 ], [ 115.131892968965545, -8.847281312751548 ], [ 115.131903471396654, -8.847281253049088 ], [ 115.131989008484666, -8.847283183257598 ], [ 115.132073281139142, -8.847287471243703 ], [ 115.132155276299812, -8.847293851586755 ], [ 115.132233921210528, -8.847301819898393 ], [ 115.132413121452572, -8.847323004416312 ], [ 115.132500125324214, -8.847333289876993 ], [ 115.13257645861917, -8.847339306486274 ], [ 115.13263964724274, -8.847341755210762 ], [ 115.132702120359781, -8.847341530679563 ], [ 115.132762005403094, -8.84733883419913 ], [ 115.132859374230165, -8.84733017886386 ], [ 115.133153775496041, -8.847295084135785 ], [ 115.13326046827757, -8.847285019650737 ], [ 115.133296843110799, -8.847281588395569 ], [ 115.133375855000978, -8.847276452199246 ], [ 115.133457685130651, -8.847273028756797 ], [ 115.133540938854878, -8.847271557921658 ], [ 115.133624205983253, -8.847272117644998 ], [ 115.133706259235979, -8.84727474430035 ], [ 115.133785682148286, -8.847279317821615 ], [ 115.133930355135533, -8.847292859313123 ], [ 115.134023476965467, -8.847304841997881 ], [ 115.13416714224357, -8.84732770824264 ], [ 115.134236600066444, -8.847340797947993 ], [ 115.134375076394335, -8.84736974606742 ], [ 115.134522387931469, -8.847402471010714 ], [ 115.134898157951454, -8.847485947757061 ], [ 115.135231413576449, -8.847559980183952 ], [ 115.135387237746784, -8.847588556910004 ], [ 115.13546737322568, -8.847600216024073 ], [ 115.135550639084272, -8.847610088924595 ], [ 115.135636339474146, -8.847618092587259 ], [ 115.13572445542853, -8.847624383317598 ], [ 115.135850301153411, -8.847630210964427 ], [ 115.135902830625866, -8.847632644050062 ], [ 115.136072601796755, -8.84763689214858 ], [ 115.136388443050663, -8.847641398065168 ], [ 115.136550434200203, -8.84764370960592 ], [ 115.136718902347681, -8.847647525116866 ], [ 115.136896478116142, -8.847653551996661 ], [ 115.137222542363702, -8.847668959493161 ], [ 115.137223754727813, -8.847668998071185 ], [ 115.137349249639712, -8.84767303705693 ], [ 115.13740407717529, -8.847673453565342 ], [ 115.137513094951956, -8.847671417523484 ], [ 115.137660748557664, -8.847663899763285 ], [ 115.137798582433518, -8.847654431867781 ], [ 115.137823773084634, -8.8476527011283 ], [ 115.138059428732859, -8.847633304003072 ], [ 115.138074555618402, -8.847632058400649 ], [ 115.13836794985761, -8.847601761386208 ], [ 115.138475435257902, -8.84759066148367 ], [ 115.138643198470703, -8.84757688325517 ], [ 115.138730173812604, -8.847571607415352 ], [ 115.138907797379176, -8.847563999465029 ], [ 115.139354993274736, -8.847550840448816 ], [ 115.139526374342907, -8.84754228084511 ], [ 115.139609857493767, -8.847536455856494 ], [ 115.13976069954326, -8.847522659029643 ], [ 115.139964684369261, -8.847499242975662 ], [ 115.140074268112187, -8.847484798057524 ], [ 115.140408300212684, -8.847435891391532 ], [ 115.140481843794547, -8.847427357994226 ], [ 115.140558927709009, -8.847420471279575 ], [ 115.140638202990601, -8.847415786871675 ], [ 115.140670433971891, -8.847414884661523 ], [ 115.140718285895915, -8.847413545610276 ], [ 115.140797770537418, -8.847413691694818 ], [ 115.140949098139913, -8.847419601668955 ], [ 115.141230388484033, -8.847440051302831 ], [ 115.141407592562359, -8.847457194127884 ], [ 115.141622225945198, -8.847484868718194 ], [ 115.1417403938691, -8.847503602424901 ], [ 115.141796533309517, -8.84751250307329 ], [ 115.141813828992724, -8.847515245040956 ], [ 115.141954785059426, -8.847540798100141 ], [ 115.142052627613936, -8.847560625110935 ], [ 115.142508488975096, -8.847662264945345 ], [ 115.14271716622028, -8.847708791609268 ], [ 115.142756662123318, -8.847717597807922 ], [ 115.143345372967957, -8.847844138992311 ], [ 115.143383235632669, -8.847851830460538 ], [ 115.143835236846741, -8.847943654174561 ], [ 115.144022547158897, -8.847979717313249 ], [ 115.144039128013461, -8.847982909480738 ], [ 115.144151306690063, -8.848001196018423 ], [ 115.144192108762965, -8.84800784784626 ], [ 115.144273893983708, -8.848019300869138 ], [ 115.144527459961054, -8.84805120983737 ], [ 115.144634153546889, -8.848065956775281 ], [ 115.144694416444878, -8.848074286197747 ], [ 115.144850676590835, -8.848100735879527 ], [ 115.145155370267972, -8.848159904828192 ], [ 115.145296424181993, -8.848183669876237 ], [ 115.145376655030503, -8.848194427884799 ], [ 115.145459743559357, -8.848203214712706 ], [ 115.145544884781202, -8.848209776849265 ], [ 115.145631309201562, -8.848214033636113 ], [ 115.145718279527145, -8.848216008542101 ], [ 115.145805071790932, -8.848215786579091 ], [ 115.145890938148796, -8.848213501460634 ], [ 115.146056572730075, -8.848203638419085 ], [ 115.146208957426254, -8.848189384659873 ], [ 115.146284661881324, -8.848181214312429 ], [ 115.14633434119321, -8.848175853295693 ], [ 115.146457979620706, -8.848161255493386 ], [ 115.146545275809316, -8.848149160988894 ], [ 115.146631800826285, -8.848134232929239 ], [ 115.146670924630783, -8.848126074876761 ], [ 115.146746947310447, -8.848107169358096 ], [ 115.146858416067985, -8.848073025910118 ], [ 115.147004503850781, -8.848024709005141 ], [ 115.147038360825562, -8.848013511601252 ], [ 115.147122963216944, -8.847988615649458 ], [ 115.147177106987598, -8.84797479197764 ], [ 115.147231607550523, -8.847962871307157 ], [ 115.147290344067656, -8.847952554604207 ], [ 115.14735164972025, -8.847944704231415 ], [ 115.147414618311828, -8.847939674616677 ], [ 115.147478196129811, -8.847937509364986 ], [ 115.14754127827544, -8.847937945351422 ], [ 115.147602765773527, -8.847940443741811 ], [ 115.147790760913722, -8.847953862574967 ], [ 115.147853080030941, -8.84795692646253 ], [ 115.147916218598169, -8.847957534437551 ], [ 115.147979843752665, -8.847954813335813 ], [ 115.148042316419875, -8.847948439530803 ], [ 115.148103405996707, -8.84793853935502 ], [ 115.148387378199985, -8.847929649317496 ], [ 115.148676926576812, -8.847739720772321 ], [ 115.148893489261894, -8.84771687093842 ], [ 115.149134699448226, -8.847574543308131 ], [ 115.149135295832551, -8.847455199881871 ], [ 115.149135536162106, -8.847407106680388 ], [ 115.149280429993624, -8.847288222487542 ], [ 115.149523360664446, -8.847270843771559 ], [ 115.14959318991167, -8.847265848571798 ], [ 115.149593989142389, -8.847265799181869 ], [ 115.149954047685199, -8.847243711141186 ], [ 115.14998789141535, -8.847243878364267 ], [ 115.150074294096044, -8.847244305269134 ], [ 115.150154900216492, -8.847264219553544 ], [ 115.150176937350423, -8.847269664216551 ], [ 115.150339356162277, -8.847309791607243 ], [ 115.150415448793893, -8.847322887691183 ], [ 115.150416330645939, -8.84732303940995 ], [ 115.150417358716609, -8.84732321626077 ] ], [ [ 115.110927363116289, -8.845264566282482 ], [ 115.111038276584438, -8.845307638469039 ], [ 115.111126419729828, -8.84534186812718 ], [ 115.111176134100489, -8.845366905080905 ], [ 115.111190746057844, -8.845374263575073 ], [ 115.111351210155391, -8.845455077257673 ], [ 115.113279562599644, -8.84564868050108 ], [ 115.113505650150898, -8.84566481583323 ], [ 115.113953559413204, -8.845683575335809 ], [ 115.113997017843161, -8.845685395275641 ], [ 115.114612665344154, -8.845782042528175 ], [ 115.114864750506115, -8.845867030899413 ], [ 115.114991646963986, -8.845889366818247 ], [ 115.115117536353722, -8.845911519530786 ], [ 115.115481960386987, -8.845959034273095 ], [ 115.115613368454859, -8.845955027965601 ], [ 115.115859336437168, -8.845947529822798 ] ], [ [ 115.106864693371051, -8.843761346150801 ], [ 115.107236695720843, -8.843941814515 ], [ 115.108149071481307, -8.844233457917861 ], [ 115.108634874142894, -8.844429341618836 ] ], [ [ 115.105489412449913, -8.843208420491949 ], [ 115.105581717750283, -8.843256782599632 ], [ 115.105841217306548, -8.843377043425159 ], [ 115.105912095626721, -8.843409891323988 ], [ 115.106012146119383, -8.843442069465295 ] ], [ [ 115.09905478849636, -8.840958822793493 ], [ 115.099056085967646, -8.840959093355872 ], [ 115.099920593757474, -8.84120267300384 ], [ 115.10049701455462, -8.841349112207702 ], [ 115.100977488707585, -8.841447226099696 ], [ 115.101367857543465, -8.841513523447857 ], [ 115.101642379285749, -8.841685300896593 ], [ 115.101649613012853, -8.841689827016292 ], [ 115.101961750175732, -8.841787085862993 ], [ 115.10232198427957, -8.841884589020671 ], [ 115.102633876980136, -8.842029685278554 ], [ 115.102873625243035, -8.842174415985372 ], [ 115.102945157776276, -8.842294375647718 ], [ 115.103236864194685, -8.842225381801706 ], [ 115.10341268946145, -8.84223919616919 ], [ 115.103479227575036, -8.842244423890335 ], [ 115.103521140381915, -8.842248678042285 ], [ 115.103561671417992, -8.842252792300666 ], [ 115.10360074786324, -8.842257852955241 ], [ 115.103642613793667, -8.842263275782601 ], [ 115.103715765445926, -8.842295836285857 ], [ 115.103927671717145, -8.842390157165084 ], [ 115.104083545201675, -8.842471826170099 ] ], [ [ 115.091173627319449, -8.83821179696074 ], [ 115.091176317665031, -8.838213748915111 ], [ 115.091893675070509, -8.838501579168392 ], [ 115.092240800839591, -8.838651267441763 ], [ 115.092597629951783, -8.838805139898316 ], [ 115.093643897974474, -8.839343034327023 ], [ 115.093858724468404, -8.839466583428774 ], [ 115.093920954328098, -8.839502372563009 ], [ 115.093958435618916, -8.839523928313152 ], [ 115.094041416461877, -8.839561434877542 ], [ 115.09411380753356, -8.839594154933584 ], [ 115.094654230086491, -8.839838418506504 ], [ 115.09473654930008, -8.839862681052177 ] ], [ [ 115.115823862688373, -8.803820242933197 ], [ 115.115410221345769, -8.804152548045161 ], [ 115.115390869632094, -8.804168094763853 ], [ 115.115210996091648, -8.804312599030339 ], [ 115.115080618679926, -8.804411070220324 ], [ 115.115056571311143, -8.804429233210211 ], [ 115.114951599807654, -8.804502387187389 ], [ 115.11489815091474, -8.804536940594188 ], [ 115.114843956168428, -8.804569815955174 ], [ 115.114838770895147, -8.804572746209072 ], [ 115.114789060967183, -8.804600842632444 ], [ 115.114732641463476, -8.804630464905067 ], [ 115.114623658455201, -8.804682754914435 ], [ 115.11439881511744, -8.804784463440654 ], [ 115.114339639221541, -8.804813509506655 ], [ 115.114297969452238, -8.804833962646677 ], [ 115.114223106004786, -8.804873217215913 ], [ 115.114133510491769, -8.804924775234824 ], [ 115.114063946476207, -8.804968519620433 ], [ 115.113996947699022, -8.805013961997696 ], [ 115.113933173449055, -8.805061207831187 ], [ 115.113858921770245, -8.805123560194504 ], [ 115.113844654577491, -8.805136670581282 ], [ 115.113528685942129, -8.805427030310049 ], [ 115.113276242813669, -8.8056558687391 ], [ 115.113199650187227, -8.80572529872434 ], [ 115.112999336276573, -8.805903806967335 ], [ 115.112864580010211, -8.806021067505903 ], [ 115.112831866263932, -8.80604842890455 ], [ 115.112728072516958, -8.806135240004204 ], [ 115.112658754758698, -8.806190388938955 ], [ 115.112588401467391, -8.806243632351883 ], [ 115.11251668045513, -8.806294343878582 ], [ 115.112342665397364, -8.806407443796292 ], [ 115.112271321072626, -8.806457522511723 ], [ 115.112238891048278, -8.806482328619332 ], [ 115.112195648363368, -8.806517716566283 ], [ 115.112117282093664, -8.806587705088837 ], [ 115.112055167751237, -8.806646610189423 ], [ 115.111877179445713, -8.806820505136265 ], [ 115.111769633410304, -8.806919878663141 ], [ 115.111707470105387, -8.806973366386455 ], [ 115.111655168360798, -8.80701564461085 ], [ 115.111601587634638, -8.807055816301817 ], [ 115.111548477005471, -8.807092002591901 ], [ 115.111493200609047, -8.807125674690232 ], [ 115.111434486444509, -8.807157113695032 ], [ 115.11137320416411, -8.807185626952036 ], [ 115.11131073686343, -8.807210712428068 ], [ 115.11124735184093, -8.807232351576284 ], [ 115.111202609649851, -8.807245305148973 ], [ 115.111157555900618, -8.807256253783057 ], [ 115.111114235774963, -8.807264608368143 ], [ 115.111070690977513, -8.807270671868828 ], [ 115.111057618242242, -8.807271708237998 ], [ 115.111042866184235, -8.807272877202744 ], [ 115.111024645461939, -8.807274320750647 ], [ 115.110978877697619, -8.807274996708097 ], [ 115.110934628640805, -8.807272805420315 ], [ 115.110893216355919, -8.807268238982335 ], [ 115.110855781928535, -8.807262098688524 ], [ 115.110814752438117, -8.807253382783069 ], [ 115.110733533136269, -8.807231676325639 ], [ 115.110524956864666, -8.807167294536017 ], [ 115.110451453292143, -8.8071446061226 ], [ 115.110382398593501, -8.807125132238864 ], [ 115.110303488645727, -8.807106668364808 ], [ 115.110235948987167, -8.807095075409869 ], [ 115.110168315109675, -8.807087540234161 ], [ 115.110077376446924, -8.807084127002845 ], [ 115.110058440099422, -8.807084749650798 ], [ 115.109996932426725, -8.807086771168061 ], [ 115.109976406313208, -8.807088325126196 ], [ 115.109926139332899, -8.807092131660811 ], [ 115.109859817478068, -8.80710023669562 ], [ 115.109818098950271, -8.807108018781063 ], [ 115.109756836993824, -8.807124647262205 ], [ 115.109724256216197, -8.807136332830495 ], [ 115.109664236312241, -8.80716322574871 ], [ 115.109624135009341, -8.807184885814117 ], [ 115.109584849625719, -8.807208736863151 ], [ 115.109536372515791, -8.807241453785867 ], [ 115.109487802760142, -8.807277377789953 ], [ 115.10943910911584, -8.80731568151595 ], [ 115.10941557187256, -8.807334784107132 ], [ 115.109292501200144, -8.807434665432543 ], [ 115.109242696559789, -8.807473393864381 ], [ 115.109172887356593, -8.80752460602028 ], [ 115.109101468530227, -8.807574035423499 ], [ 115.109083520135428, -8.807585736641244 ], [ 115.108955458507978, -8.807669222263081 ], [ 115.10873321656365, -8.807808049942256 ], [ 115.108586049272361, -8.807901832219917 ], [ 115.108513658349665, -8.807950266660105 ], [ 115.108442582836858, -8.808000426289675 ], [ 115.108335137456976, -8.808082999199423 ], [ 115.108268328501921, -8.808137896653811 ], [ 115.108107957734177, -8.808276250404177 ], [ 115.107986471873161, -8.8083839166353 ], [ 115.107887295236949, -8.808471811506042 ], [ 115.107796265364442, -8.808547049120879 ], [ 115.107723616435237, -8.808601316768591 ], [ 115.107489626854942, -8.808756891473314 ], [ 115.107231311669281, -8.808936213933368 ], [ 115.107171214095303, -8.808977933200898 ], [ 115.107035164132242, -8.809068300933498 ], [ 115.106987433729657, -8.809099219426576 ], [ 115.106962499824149, -8.809115371211865 ], [ 115.10686109913145, -8.809181055705476 ], [ 115.106785844413352, -8.809227616576548 ], [ 115.106709807600296, -8.809271589730971 ], [ 115.106630519198475, -8.809312823509615 ], [ 115.106515637323056, -8.809365837616527 ], [ 115.106473594917162, -8.80938523912225 ], [ 115.106427788858923, -8.809407691801463 ], [ 115.106387208778159, -8.809429595822925 ], [ 115.106330509639619, -8.809464812067988 ], [ 115.106264228593687, -8.809513208014492 ], [ 115.10618586318607, -8.809576640613129 ], [ 115.106062696890689, -8.809685722321756 ], [ 115.106058299102926, -8.809689617390786 ], [ 115.105997445848388, -8.809743511892496 ], [ 115.105974722434695, -8.80976283074803 ], [ 115.105944356090788, -8.809788646431706 ], [ 115.105890328978731, -8.809830986358104 ], [ 115.105843964991806, -8.809863396893501 ], [ 115.105820732708963, -8.809878054633662 ], [ 115.105774255170715, -8.809904026888335 ], [ 115.105751024567553, -8.809915319779744 ], [ 115.105704073865184, -8.809934796795764 ], [ 115.105657521177889, -8.809950002394638 ], [ 115.105614152180408, -8.809960930724765 ], [ 115.105577336775582, -8.80996814390728 ], [ 115.105481077968832, -8.809982611727056 ], [ 115.105424469720305, -8.809994242657577 ], [ 115.105385946056913, -8.810005125765423 ], [ 115.105344434860882, -8.810019779947996 ], [ 115.105300973478691, -8.810038316205159 ], [ 115.105246096516495, -8.810065841687967 ], [ 115.105191507643354, -8.810096937777654 ], [ 115.104965486298823, -8.810242109847989 ], [ 115.104872570779051, -8.810297314274585 ], [ 115.104827951950753, -8.810321820358077 ], [ 115.104616489648151, -8.810431971494495 ], [ 115.104550135489021, -8.810468605081576 ], [ 115.104485348701218, -8.810507277942648 ], [ 115.104422836670977, -8.810548823557138 ], [ 115.104376130133019, -8.810583853863521 ], [ 115.104335017707783, -8.810618506456413 ], [ 115.104298343163336, -8.810652992477678 ], [ 115.104277610677173, -8.810674320983551 ], [ 115.104264644189811, -8.810687660747542 ], [ 115.104128091705235, -8.810841075292192 ], [ 115.104056613590188, -8.810916519712249 ], [ 115.103997167605073, -8.810972214504586 ], [ 115.103937417483024, -8.811020709758854 ], [ 115.103874976440963, -8.811064882757735 ], [ 115.103810520469111, -8.811104773071843 ], [ 115.103744598259595, -8.811140075189762 ], [ 115.103677660487548, -8.811170099791907 ], [ 115.103613103737743, -8.811192672614 ], [ 115.103610080031629, -8.811193729554372 ], [ 115.103542175963526, -8.811209348754616 ], [ 115.103474229399708, -8.811214764699828 ], [ 115.103450507885185, -8.811213759053903 ], [ 115.103408834507533, -8.811208139904494 ], [ 115.103355853792735, -8.811194725996048 ], [ 115.103303120773958, -8.811175692897111 ], [ 115.103250509849374, -8.811152323715106 ], [ 115.103195693906883, -8.811124526247927 ], [ 115.103140780056393, -8.811094187016479 ], [ 115.103120630742168, -8.811082415052725 ], [ 115.10293581728186, -8.810974444665554 ], [ 115.102838569211158, -8.810919460906526 ], [ 115.102816569053147, -8.810907417416995 ], [ 115.1027315638581, -8.810860880419375 ], [ 115.102610701068144, -8.810799655251776 ], [ 115.102547452408217, -8.810770701366462 ], [ 115.102483733642757, -8.81074375388159 ], [ 115.102453868481362, -8.810732203155768 ], [ 115.102421583265539, -8.810719717184634 ], [ 115.10236172439231, -8.810699012593854 ], [ 115.102302481885545, -8.81068148429468 ], [ 115.102250401110751, -8.810668955333693 ], [ 115.102197229476687, -8.810659144738212 ], [ 115.102144253174259, -8.810652377223796 ], [ 115.10209314565769, -8.810648603380361 ], [ 115.102004221046869, -8.810647959142401 ], [ 115.101870776901293, -8.810655893654893 ], [ 115.101806007860205, -8.810658277832717 ], [ 115.101722516828545, -8.810657015478343 ], [ 115.101617422594572, -8.810649107787476 ], [ 115.101356937536337, -8.810619693732015 ], [ 115.101285605634871, -8.810613361352956 ], [ 115.101025278443586, -8.810590250853258 ], [ 115.100933861625379, -8.810579676439513 ], [ 115.100863016410358, -8.810569702250392 ], [ 115.100792570778012, -8.810558366772844 ], [ 115.100653490232844, -8.810532263243649 ], [ 115.100581349487769, -8.810516323922313 ], [ 115.100575069118108, -8.81051493612763 ], [ 115.100388130535663, -8.810473632425849 ], [ 115.100346180268147, -8.810466211617427 ], [ 115.100299103142817, -8.810460394883108 ], [ 115.100248570113493, -8.810458045757683 ], [ 115.100197899852944, -8.810460856199221 ], [ 115.100150593043097, -8.810469581596536 ], [ 115.100109730081329, -8.810483630906866 ], [ 115.100077366465541, -8.810500933417881 ], [ 115.10005374493646, -8.81051862726043 ], [ 115.100035938029109, -8.810536009665357 ], [ 115.100009446331441, -8.810570784415209 ], [ 115.099990178593544, -8.8106040597083 ], [ 115.099987063738865, -8.810609438378092 ], [ 115.099958256087547, -8.810664886780337 ], [ 115.099948914964102, -8.810681416063405 ], [ 115.099927358371957, -8.810719562507607 ], [ 115.099884577890037, -8.810782853344875 ], [ 115.099835190957549, -8.810845959804828 ], [ 115.099800188071171, -8.810886371597567 ], [ 115.099780815154858, -8.810908739086178 ], [ 115.099722720459951, -8.810971130707268 ], [ 115.09966189030628, -8.811033124268949 ], [ 115.099651176486873, -8.811043486465469 ], [ 115.099534841538613, -8.811156003777873 ], [ 115.099403688182434, -8.811277660097835 ], [ 115.099306597889083, -8.811365502089879 ], [ 115.099297273540586, -8.811373937554919 ], [ 115.099203750599273, -8.811458551138236 ], [ 115.098602667230949, -8.811994962790974 ], [ 115.098442559434446, -8.812137843681096 ], [ 115.098266803192317, -8.812294688658483 ], [ 115.098214572522565, -8.812340623540065 ], [ 115.097998083069896, -8.812531016377358 ], [ 115.097990626404069, -8.812537312345917 ], [ 115.097918919523067, -8.81259786005017 ], [ 115.097861550901797, -8.81264630017322 ], [ 115.097792113414272, -8.812702403317244 ], [ 115.097742105876279, -8.81274101940493 ], [ 115.097721485121269, -8.812756942755987 ], [ 115.097649800105387, -8.812809291763902 ], [ 115.097503222265502, -8.812909802247884 ], [ 115.097479010292403, -8.812925606149534 ], [ 115.097421304972514, -8.812963272844744 ], [ 115.09735415322227, -8.813007105169511 ], [ 115.097203892959044, -8.813102915742995 ], [ 115.096826466906535, -8.813339706267655 ], [ 115.096598718149252, -8.813477549768555 ], [ 115.096522195702946, -8.813521416709561 ], [ 115.096445117496998, -8.813563414879139 ], [ 115.096409774986483, -8.813581280476441 ], [ 115.096374229274915, -8.813599248100806 ], [ 115.096374040655149, -8.813599342973491 ], [ 115.096367243875321, -8.81360277915009 ], [ 115.096288258304753, -8.813638493586842 ], [ 115.096207745863964, -8.81366923257394 ], [ 115.096133250185503, -8.813692138692188 ], [ 115.095976820933785, -8.813733112746199 ], [ 115.095855750620586, -8.813761179932277 ], [ 115.095784196592902, -8.813775804513886 ], [ 115.095726519804657, -8.813786553273117 ], [ 115.095707836710261, -8.813790034975382 ], [ 115.095406483250187, -8.813841483520269 ], [ 115.095386589990511, -8.813844879516461 ], [ 115.095288526803799, -8.813863311245937 ], [ 115.095098305515762, -8.813899064563117 ], [ 115.0950292602666, -8.813910250087508 ], [ 115.09496700918713, -8.81391833393214 ], [ 115.09490241073307, -8.813924247925844 ], [ 115.094836241211496, -8.813927432787452 ], [ 115.094769404747765, -8.813927571262749 ], [ 115.094702852338557, -8.813924599466555 ], [ 115.094641760631987, -8.813919092398129 ], [ 115.094637517305699, -8.813918710171633 ], [ 115.094574249882783, -8.813910347956657 ], [ 115.094447021267925, -8.813887125368288 ], [ 115.094309357585871, -8.813858143533224 ], [ 115.094186380755303, -8.813834194785713 ], [ 115.094154701357496, -8.813828025884666 ], [ 115.093740399097086, -8.813757039507218 ], [ 115.093585278282248, -8.813725738612058 ], [ 115.093425788567515, -8.813690371732191 ], [ 115.09337846629434, -8.813679878045965 ], [ 115.093307330548726, -8.813666285630935 ], [ 115.093232082209582, -8.813654645850297 ], [ 115.093153563507769, -8.813645899557937 ], [ 115.093072867219078, -8.813640691451136 ], [ 115.092991178522666, -8.81363937017252 ], [ 115.092909721203895, -8.813642022390765 ], [ 115.092829744921843, -8.813648474544115 ], [ 115.092752504450203, -8.813658264709968 ], [ 115.092679188974188, -8.81367060608461 ], [ 115.092668531847067, -8.813672880794723 ], [ 115.092436252263767, -8.813722469806363 ], [ 115.092340201143699, -8.813739167971557 ], [ 115.092263145499544, -8.813748006113219 ], [ 115.092173103117872, -8.813751719315645 ], [ 115.092112955266288, -8.813749871662315 ], [ 115.092020853973267, -8.813740901584806 ], [ 115.091911120715736, -8.813723100826433 ], [ 115.091741325569544, -8.813690606400664 ], [ 115.091685893016233, -8.813682006869776 ], [ 115.091627857805562, -8.813675295303566 ], [ 115.091568022258826, -8.813671218893356 ], [ 115.091507412702001, -8.813670264701885 ], [ 115.091447125349291, -8.813672583845735 ], [ 115.091388193632284, -8.813677987205544 ], [ 115.091331442647601, -8.813685971807839 ], [ 115.091324103009299, -8.813687330361875 ], [ 115.091267271766625, -8.813697847656703 ], [ 115.091135394899524, -8.813728433958715 ], [ 115.09101175681036, -8.813761676535767 ], [ 115.090991591409789, -8.813767098662701 ], [ 115.090847991009724, -8.813811165954251 ], [ 115.090699247951065, -8.813864144357321 ], [ 115.090469424743404, -8.813952868524398 ], [ 115.090326230409232, -8.814005448247151 ], [ 115.089797475485042, -8.814183857245066 ], [ 115.089757179496516, -8.814198528310515 ], [ 115.089662068601569, -8.814233157547303 ], [ 115.089611538011624, -8.814253830891053 ], [ 115.089513820910298, -8.814297398595603 ], [ 115.089420527191862, -8.814343267834341 ], [ 115.089374203239387, -8.814367918588514 ], [ 115.089274578645686, -8.814425762088959 ], [ 115.089010198186827, -8.814594248821356 ], [ 115.088931724637717, -8.814639679789041 ], [ 115.088910649100839, -8.814651881039891 ], [ 115.088845023898699, -8.814685322924841 ], [ 115.088780472664524, -8.814714048482251 ], [ 115.088660009332543, -8.814759920322196 ], [ 115.088601182584227, -8.814784480238947 ], [ 115.088562139911616, -8.814805497526324 ], [ 115.088540301813154, -8.814820175545041 ], [ 115.088523097333933, -8.814833919760966 ], [ 115.088497309137225, -8.814859771444437 ], [ 115.088475430397963, -8.814888715829394 ], [ 115.088444191465243, -8.814945558125755 ], [ 115.088429963988943, -8.814978294985103 ], [ 115.088402010061628, -8.815053440808489 ], [ 115.088387856473204, -8.815096728129408 ], [ 115.088369084797947, -8.815161787334164 ], [ 115.088353342207142, -8.815228817375695 ], [ 115.088350081494795, -8.815248204993518 ], [ 115.088344386056448, -8.815282063768706 ], [ 115.088341784425594, -8.815297532131583 ], [ 115.08833862307894, -8.815325521243718 ], [ 115.08833472694559, -8.815397600924886 ], [ 115.088335526486787, -8.815464633764835 ], [ 115.088337742051635, -8.815513635598908 ], [ 115.088349555599109, -8.815715254832421 ], [ 115.088351127962582, -8.815788591824209 ], [ 115.088348883528212, -8.815860962870584 ], [ 115.088342291653859, -8.815924388970222 ], [ 115.088330372771196, -8.815985903050613 ], [ 115.088313017871954, -8.816043550032441 ], [ 115.088290859072117, -8.81609618048655 ], [ 115.088264200345634, -8.816144774124473 ], [ 115.088232625249617, -8.816191310470513 ], [ 115.088195839143935, -8.816237059096858 ], [ 115.088154040025387, -8.816282929564295 ], [ 115.088021093442279, -8.816416682957195 ], [ 115.087948867132155, -8.816492812072548 ], [ 115.08789325092765, -8.81655644516292 ], [ 115.087892757905593, -8.816557056493117 ], [ 115.087852605470076, -8.816606833490065 ], [ 115.087812521269569, -8.816659951235877 ], [ 115.08773657198337, -8.816768442957555 ], [ 115.087688278095499, -8.816843266349053 ], [ 115.087666838876103, -8.81687648263965 ], [ 115.087633580373165, -8.816932389694497 ], [ 115.0876018211369, -8.816989600762261 ], [ 115.08757200648175, -8.817047768249076 ], [ 115.087550681274706, -8.817092912036271 ], [ 115.087517896858472, -8.817170248912541 ], [ 115.087493232871466, -8.817237215360709 ], [ 115.087470037350414, -8.817308998745204 ], [ 115.087448328682854, -8.817384321759125 ], [ 115.087386552592307, -8.817615077523376 ], [ 115.087364913300704, -8.817688036827381 ], [ 115.087342368379041, -8.817756656671689 ], [ 115.087306735388765, -8.817852724154001 ], [ 115.087278137706278, -8.817922519149928 ], [ 115.08721668979544, -8.818060504507857 ], [ 115.087184168653849, -8.81812903284556 ], [ 115.087155527736726, -8.81818938315554 ], [ 115.087155166629557, -8.818190145225513 ], [ 115.087038350027612, -8.818427258865874 ], [ 115.087002142019088, -8.818504873827751 ], [ 115.086959548752276, -8.818608527701652 ], [ 115.08693537529139, -8.818677263049093 ], [ 115.086912673450385, -8.81875020151128 ], [ 115.086853990442407, -8.81896665471983 ], [ 115.086811236959875, -8.819124350896466 ], [ 115.086748300741789, -8.819324299140428 ], [ 115.086747503508633, -8.81932662387069 ], [ 115.08670129728614, -8.819461340864232 ], [ 115.086697682904614, -8.819470834696208 ], [ 115.086649802276952, -8.819596593207969 ], [ 115.086615227126302, -8.819676353543146 ], [ 115.086585931050436, -8.819736450909801 ], [ 115.086577282676018, -8.819754191905282 ], [ 115.086552917908591, -8.819799151935307 ], [ 115.086527627017048, -8.819841989996121 ], [ 115.086492492709681, -8.819895836040423 ], [ 115.086455207155097, -8.819947023202223 ], [ 115.086416155941194, -8.819995331053388 ], [ 115.086411381307713, -8.820000690244948 ], [ 115.086374795867528, -8.82004175939888 ], [ 115.086332387014622, -8.820085174672572 ], [ 115.086288064250766, -8.820126790199003 ], [ 115.086244020415961, -8.820164893160349 ], [ 115.086198497022266, -8.820201390242557 ], [ 115.086154120598408, -8.820234538293786 ], [ 115.086070158087182, -8.820292247870013 ], [ 115.085903054312752, -8.820401727114708 ], [ 115.085829583353103, -8.820452985577782 ], [ 115.085793624289806, -8.820479889831274 ], [ 115.085745571346706, -8.82051957784069 ], [ 115.085730519999956, -8.820532009319587 ], [ 115.085664722889035, -8.820595382034256 ], [ 115.085633219044084, -8.82062899792289 ], [ 115.085577550452243, -8.820692354448965 ], [ 115.085523444065942, -8.820757146396195 ], [ 115.085409184604387, -8.82089782174538 ], [ 115.085213884658373, -8.820995618635861 ], [ 115.085083595040061, -8.82106086184131 ], [ 115.085058932256999, -8.821180332413284 ], [ 115.085096009343388, -8.821245646241103 ], [ 115.085154256368071, -8.821348253625743 ], [ 115.085322089458316, -8.82144478605079 ], [ 115.08535647900446, -8.821537445824331 ], [ 115.085359403146256, -8.821545324016732 ], [ 115.08539324319915, -8.821636502893865 ], [ 115.085391517265521, -8.821971364281618 ], [ 115.085342191622644, -8.822210304561855 ], [ 115.085310573577587, -8.822289312214414 ], [ 115.085236665191616, -8.822473993579376 ], [ 115.085180099891417, -8.822639812124827 ], [ 115.085136956041197, -8.822772991191453 ], [ 115.085117209483798, -8.822841097958042 ], [ 115.085102428163125, -8.82289826503162 ], [ 115.085098460879806, -8.822913608837089 ], [ 115.085081213276624, -8.822990438703458 ], [ 115.085065792859353, -8.823070549583283 ], [ 115.085070647666242, -8.823572317196087 ], [ 115.085044257883283, -8.824026648998691 ], [ 115.084946466560154, -8.82433710035629 ], [ 115.08483471707261, -8.824487055279063 ], [ 115.084680100634102, -8.82469453017055 ], [ 115.084439631518023, -8.824693302997524 ], [ 115.08441489060489, -8.824693176729822 ], [ 115.084247256431951, -8.824692321149271 ], [ 115.084102851956075, -8.824715502960949 ], [ 115.084101988110206, -8.824882933501332 ], [ 115.084150886768271, -8.824902678565579 ], [ 115.08422197590464, -8.824931383753752 ], [ 115.08422188831095, -8.824948361941511 ], [ 115.084220672796889, -8.825183960172215 ], [ 115.084220618474234, -8.825194489161616 ], [ 115.084340236186875, -8.825314695999873 ], [ 115.084370719494032, -8.825376124207297 ], [ 115.08445923701035, -8.825554495950422 ], [ 115.084501920607082, -8.826195124189825 ], [ 115.084503572322788, -8.826219911250496 ], [ 115.084503875134899, -8.826224461888238 ], [ 115.084359223214364, -8.826295481103289 ], [ 115.084341148640206, -8.82633098150262 ], [ 115.084286341856625, -8.826438625123354 ], [ 115.084405713088742, -8.826606668549454 ], [ 115.084457274917327, -8.826627489455715 ], [ 115.084645689845729, -8.826703570881959 ], [ 115.084719260001535, -8.826794585609791 ], [ 115.084956327154771, -8.827087864117448 ], [ 115.08495922728369, -8.827134756635445 ], [ 115.084964880683486, -8.827226176876245 ], [ 115.084973547512021, -8.827366310935567 ], [ 115.084977899800009, -8.827436683172715 ], [ 115.084978523088679, -8.827446766319509 ], [ 115.084962762237765, -8.82755261863541 ], [ 115.084928701215091, -8.82778138114803 ], [ 115.084914661554421, -8.827918982829205 ], [ 115.084889011750917, -8.828170380935699 ], [ 115.084873631798175, -8.828245195213556 ], [ 115.084855922740715, -8.828320462273169 ], [ 115.08483579029766, -8.828393668421759 ], [ 115.084812491531068, -8.828464005277159 ], [ 115.084786439921047, -8.82852743392332 ], [ 115.08475791318719, -8.828582446946987 ], [ 115.08467445522821, -8.828769847225793 ], [ 115.084561577165445, -8.829023308602002 ], [ 115.08429656371419, -8.82911763189829 ], [ 115.084130736303052, -8.829128562809364 ], [ 115.084074676770257, -8.829132257874399 ], [ 115.083959780097857, -8.82913983087149 ], [ 115.08386309703458, -8.829235014406132 ], [ 115.083910574195542, -8.82935485312508 ], [ 115.084075747973557, -8.829405061409776 ], [ 115.084150675850552, -8.829427836952039 ], [ 115.084534813703272, -8.829549394808561 ], [ 115.08474045942279, -8.829623632551833 ], [ 115.084870858133797, -8.829670706799066 ], [ 115.085014153861209, -8.829862792219132 ], [ 115.085157202899623, -8.830102715056762 ], [ 115.085203940085719, -8.830366065145371 ], [ 115.085157389460292, -8.830662813125794 ], [ 115.085140090422925, -8.830871362010193 ], [ 115.08512846595977, -8.8310115000608 ], [ 115.085343163551201, -8.831347465214922 ], [ 115.085678099297624, -8.831684044057091 ], [ 115.085899226393423, -8.83186707587179 ], [ 115.086085176776891, -8.832020991790598 ], [ 115.08661261646931, -8.832334633523594 ], [ 115.086888192218709, -8.832773595276082 ], [ 115.086898841603059, -8.832790559551805 ], [ 115.086992935124272, -8.833197667539054 ], [ 115.087061007202777, -8.833987350037754 ], [ 115.087059729340467, -8.834235142735931 ], [ 115.087058910265526, -8.834393967309286 ], [ 115.087128832500426, -8.834824870944344 ], [ 115.087126024903284, -8.835369254781794 ], [ 115.087125748548118, -8.835422837248192 ], [ 115.08729235528439, -8.835758556728441 ], [ 115.087373140525798, -8.835845538256502 ], [ 115.087627172048954, -8.836119054172064 ], [ 115.088201604449992, -8.83664820792678 ], [ 115.088348368855776, -8.836795689300111 ], [ 115.088704017737044, -8.837153074956753 ], [ 115.08871607110413, -8.837169600690777 ], [ 115.088791985247084, -8.837273678706781 ], [ 115.088798821060621, -8.837283050428825 ], [ 115.088966693882071, -8.837513203845583 ], [ 115.089013680224653, -8.837728717506879 ], [ 115.088961877419138, -8.837897322479581 ], [ 115.088940304153567, -8.837967536407982 ], [ 115.088891468593772, -8.838110802842792 ], [ 115.088914585366382, -8.838110920718862 ], [ 115.089012853921332, -8.838111421789804 ], [ 115.089276233745508, -8.838112764635381 ], [ 115.089588609125087, -8.838162195848483 ], [ 115.0899733744873, -8.838164156936939 ], [ 115.090096897414284, -8.838109069853257 ], [ 115.090238517519467, -8.838045911500608 ], [ 115.090303628384731, -8.837918030309151 ], [ 115.090321888725484, -8.837882166260528 ], [ 115.090330354520546, -8.837883902653374 ], [ 115.090392194585974, -8.837896588553189 ], [ 115.090398336009557, -8.837897848427763 ], [ 115.090497825452687, -8.837918256747495 ], [ 115.090614995404238, -8.837919556121047 ] ], [ [ 115.117682781999477, -8.799521036405437 ], [ 115.117665656331113, -8.799689076105874 ], [ 115.117545070389767, -8.800069643226568 ], [ 115.117496701248967, -8.800179652937723 ], [ 115.117426447729315, -8.800350153463036 ], [ 115.11742140065958, -8.800363514488357 ], [ 115.117377841436195, -8.800478831497456 ], [ 115.117353962150901, -8.800548133153233 ], [ 115.117308168009501, -8.800691139061373 ], [ 115.117199730979124, -8.801040347334615 ], [ 115.117172580915209, -8.801122904957625 ], [ 115.117154387945575, -8.801178225873048 ], [ 115.117126330589315, -8.801256518160551 ], [ 115.11710486351204, -8.801316420686819 ], [ 115.117078653219792, -8.801382607033648 ], [ 115.117051728701924, -8.801445711512402 ], [ 115.116993549247326, -8.801568637880068 ], [ 115.116980689368489, -8.8015932143144 ], [ 115.116955375229992, -8.80164159263148 ], [ 115.116899672470495, -8.801740943798176 ], [ 115.116806190722826, -8.801901074098907 ], [ 115.116777213230307, -8.801953358540549 ], [ 115.116749970883461, -8.802006326987692 ], [ 115.116726062371129, -8.802058175726431 ], [ 115.116709670081605, -8.802098324802971 ], [ 115.116694580458102, -8.802140031747495 ], [ 115.116668834622203, -8.802225943111136 ], [ 115.116640864609778, -8.802344597060452 ], [ 115.116579473975676, -8.802631528066696 ], [ 115.116575834342456, -8.802648538528205 ], [ 115.116575407091105, -8.802650533435335 ], [ 115.116545034370816, -8.802770193294918 ], [ 115.116528211891705, -8.802827635572898 ], [ 115.116506712259735, -8.802893746872437 ], [ 115.11649561875187, -8.802924495925879 ], [ 115.116483131523552, -8.802959108237991 ], [ 115.11645773072091, -8.803022961574131 ], [ 115.116430790480223, -8.80308480834581 ], [ 115.116401942669796, -8.803145736089432 ], [ 115.116379558075792, -8.80318933481886 ], [ 115.116371180494284, -8.803205650749215 ], [ 115.11633897844473, -8.803263459896167 ], [ 115.116332004653856, -8.803274999526993 ], [ 115.11632018980346, -8.803294551016092 ] ], [ [ 115.122248905197566, -8.793628650314426 ], [ 115.122138206478226, -8.793741076065487 ], [ 115.121820241778522, -8.794064000255991 ], [ 115.121591640629461, -8.794227323569594 ], [ 115.121329534264333, -8.794242513297142 ], [ 115.121355075393879, -8.794131199065298 ], [ 115.121364432859181, -8.794090415117955 ], [ 115.121363258189149, -8.794085640381562 ], [ 115.121233400753553, -8.794056254571645 ], [ 115.121233146571598, -8.794056197252381 ], [ 115.121147089988142, -8.794036722265766 ], [ 115.121117612829693, -8.794080231894988 ], [ 115.121050185164336, -8.794179758017032 ], [ 115.120857942369412, -8.794154878513098 ], [ 115.120762242694568, -8.794058722435572 ], [ 115.120696029358299, -8.79400880477224 ], [ 115.120666423357051, -8.793986485157406 ], [ 115.120474421996107, -8.793913766966151 ], [ 115.120418675687631, -8.793924568816903 ], [ 115.120233726459759, -8.793960405393586 ], [ 115.120143985072716, -8.793959957461466 ], [ 115.120139175697176, -8.793959933455508 ], [ 115.119969226260636, -8.793959085114905 ], [ 115.119801391753825, -8.793862568752687 ], [ 115.119802377035313, -8.793667274997672 ], [ 115.119802719177983, -8.793599457458438 ], [ 115.11973227262196, -8.793264229655758 ], [ 115.119684302368398, -8.793240070776688 ], [ 115.119605393552249, -8.793252748513602 ], [ 115.119539909829825, -8.793263269293728 ], [ 115.119394550809417, -8.793477820798905 ], [ 115.1193220527352, -8.793549218783841 ], [ 115.119132496852075, -8.79355823032555 ], [ 115.118905756674607, -8.793569009707245 ], [ 115.118847669884929, -8.793617865618238 ], [ 115.118791270815848, -8.793671032326742 ], [ 115.118774536782368, -8.79368811305727 ], [ 115.118746779185173, -8.793716445691688 ], [ 115.118703297577326, -8.79376593413263 ], [ 115.118674164856273, -8.793805441194781 ], [ 115.118642306929317, -8.793859818937561 ], [ 115.118631319276133, -8.793883218751693 ], [ 115.118612870421529, -8.793933214638306 ], [ 115.118599031387561, -8.793989996758004 ], [ 115.118594028072039, -8.794020648025127 ], [ 115.118587038715233, -8.794089694364676 ] ] ] } },
{ "type": "Feature", "properties": { "Kerentanan Geologi": "Sedang (Batuan Sedimen)", "Kerentanan Lereng": "Sangat Rendah (>12%)", "Geomorfologi": "Pantai Bertebing Sangat Curam", "Kerentanan Geomorfologi": "Sangat Rendah", "Kerentanan Tunggang Pasut": "Sedang (≥2-<4)", "Kerentanan Laju Perubahan Garis Pantai": "Sedang (-1-1 m/tahun)", "Kerentanan Kenaikan Muka Air Laut": "Tinggi (2 – 4 mm/tahun)", "Kerentanan Gelombang": "Sangat Rendah (0-3 m)", "Desa": "Ungasan", "Kec": "Kuta Selatan", "CVI": 3.9279220242499999, "Kerentanan": "Rendah ( 3.51 - 5.5 )", "Panjang (km)": 0.95695104825 }, "geometry": { "type": "MultiLineString", "coordinates": [ [ [ 115.166733547937767, -8.849215711141156 ], [ 115.166890300766838, -8.849200895276134 ], [ 115.166971780078455, -8.849193194675143 ], [ 115.167061749423553, -8.849174815134512 ], [ 115.167071558170463, -8.849172811821308 ], [ 115.167174545484755, -8.849151772925346 ], [ 115.167324585661575, -8.849121122621913 ], [ 115.167429196223935, -8.849099752569616 ], [ 115.167494826687332, -8.84907401395286 ], [ 115.16750426660991, -8.849070311877316 ], [ 115.167670166053995, -8.849005250486258 ], [ 115.167700843778718, -8.848967492868658 ], [ 115.167717293819933, -8.848947246210454 ], [ 115.167766956697605, -8.848886123529036 ], [ 115.167914486082495, -8.848910240256199 ], [ 115.167969598555075, -8.848919249644318 ], [ 115.168437974817536, -8.848995816541406 ], [ 115.168561489052564, -8.848990518134672 ], [ 115.168681108269809, -8.848979895530018 ], [ 115.168747047539597, -8.848971840048781 ], [ 115.168789351702188, -8.848966672272844 ], [ 115.168936186583394, -8.848948734955494 ], [ 115.169008842950603, -8.848942759103164 ], [ 115.169084203901704, -8.848939284474266 ], [ 115.169160895742593, -8.848938723839332 ], [ 115.16923751518253, -8.848941041404803 ], [ 115.169312727456585, -8.848945762333617 ], [ 115.169698027756084, -8.848983354553861 ], [ 115.169787445291121, -8.848989988249288 ], [ 115.169827905406962, -8.848991939056106 ], [ 115.169853409949312, -8.848993168522652 ], [ 115.169919199615023, -8.848994236916569 ], [ 115.16997070431708, -8.848993157000931 ], [ 115.170022025204233, -8.848990094449496 ], [ 115.170061343979427, -8.84898609084523 ], [ 115.170072508278992, -8.848984953849703 ], [ 115.17012155672559, -8.848977840773305 ], [ 115.170185031726959, -8.848965560905542 ], [ 115.170248941492204, -8.848949914571204 ], [ 115.170312415442012, -8.848931407412486 ], [ 115.170375505216015, -8.848910441994681 ], [ 115.170500460560277, -8.84886313222718 ], [ 115.170536527358166, -8.848847828926464 ], [ 115.170687801114028, -8.84878364206525 ], [ 115.171064941739459, -8.848616562070527 ], [ 115.17119131938999, -8.848562646581627 ], [ 115.171323215994704, -8.8485097244565 ], [ 115.1714471393027, -8.848462258299261 ], [ 115.171654154387213, -8.848382966730327 ], [ 115.171708629693995, -8.848360877709537 ], [ 115.171764088668183, -8.848338389361665 ], [ 115.171868802615663, -8.848291975602125 ], [ 115.17197705963936, -8.848237666644149 ], [ 115.172015082640854, -8.84821680362611 ], [ 115.172034324277462, -8.848206246668466 ], [ 115.172255280678201, -8.84807768198006 ], [ 115.172274874099244, -8.848066752437489 ], [ 115.17231047877965, -8.848046891044724 ], [ 115.172421316157966, -8.847990213193075 ], [ 115.17247694064551, -8.847964744791556 ], [ 115.1725114673565, -8.847953521072537 ] ], [ [ 115.162248476897346, -8.848479180470655 ], [ 115.16226505288472, -8.848442573766357 ], [ 115.162266391939411, -8.848439616797355 ], [ 115.162271808821941, -8.848427653608502 ], [ 115.162314468938362, -8.848415757515259 ], [ 115.162315624036609, -8.848415434103696 ], [ 115.162440393060521, -8.848380640427671 ], [ 115.162445010048728, -8.848381498450257 ], [ 115.162578917202353, -8.848406393810551 ], [ 115.162642622372545, -8.848418236981685 ], [ 115.162669374385928, -8.848423210475399 ] ], [ [ 115.153864459030856, -8.84769357480533 ], [ 115.154040282700436, -8.847694441728127 ], [ 115.154492923566451, -8.847696673156413 ], [ 115.154629992726271, -8.847721907739317 ], [ 115.154831941256305, -8.847759086516037 ] ], [ [ 115.152147544047196, -8.847629557399371 ], [ 115.152753139073496, -8.847688603272662 ], [ 115.152802163742891, -8.84768947799528 ], [ 115.153306624673036, -8.847698478505782 ] ] ] } },
{ "type": "Feature", "properties": { "Kerentanan Geologi": "Sedang (Batuan Sedimen)", "Kerentanan Lereng": "Sangat Rendah (>12%)", "Geomorfologi": "Pantai Bertebing Sangat Curam", "Kerentanan Geomorfologi": "Sangat Rendah", "Kerentanan Tunggang Pasut": "Sedang (≥2-<4)", "Kerentanan Laju Perubahan Garis Pantai": "Tinggi (<-1- (-2) m/tahun)", "Kerentanan Kenaikan Muka Air Laut": "Tinggi (2 – 4 mm/tahun)", "Kerentanan Gelombang": "Sangat Rendah (0-3 m)", "Desa": "Benoa", "Kec": "Kuta Selatan", "CVI": 4.5355736761100003, "Kerentanan": "Rendah ( 3.51 - 5.5 )", "Panjang (km)": 0.42346296743 }, "geometry": { "type": "MultiLineString", "coordinates": [ [ [ 115.220295334305973, -8.827242188894795 ], [ 115.220283400841325, -8.826994134360671 ], [ 115.220282360151643, -8.826972505188142 ], [ 115.220279546499668, -8.826914005687689 ], [ 115.220288180461921, -8.826847867500362 ], [ 115.220307549800836, -8.826699487333695 ] ], [ [ 115.220611684134951, -8.826096820483562 ], [ 115.220682519953556, -8.826051041848221 ], [ 115.220778027089509, -8.826195020378814 ], [ 115.221066384457657, -8.826244229550859 ], [ 115.22135497112221, -8.826245597373688 ], [ 115.221620195825224, -8.826103328469154 ], [ 115.221644931731561, -8.825959918971753 ], [ 115.221548622262063, -8.825983384173439 ], [ 115.221428148804591, -8.826030654594382 ], [ 115.221307675318613, -8.826077925874527 ], [ 115.221067186694512, -8.82607678602945 ], [ 115.220995727939737, -8.82593292154945 ], [ 115.220973512233101, -8.825550080288306 ], [ 115.221046461620205, -8.825382978733513 ], [ 115.221166704793347, -8.825383548633194 ], [ 115.221672532456182, -8.825218498228045 ], [ 115.221683205499318, -8.825187148512709 ] ] ] } },
{ "type": "Feature", "properties": { "Kerentanan Geologi": "Sedang (Batuan Sedimen)", "Kerentanan Lereng": "Sangat Rendah (>12%)", "Geomorfologi": "Pantai Bertebing Sangat Curam", "Kerentanan Geomorfologi": "Sangat Rendah", "Kerentanan Tunggang Pasut": "Sedang (≥2-<4)", "Kerentanan Laju Perubahan Garis Pantai": "Tinggi (<-1- (-2) m/tahun)", "Kerentanan Kenaikan Muka Air Laut": "Tinggi (2 – 4 mm/tahun)", "Kerentanan Gelombang": "Sangat Rendah (0-3 m)", "Desa": "Jimbaran", "Kec": "Kuta Selatan", "CVI": 4.5355736761100003, "Kerentanan": "Rendah ( 3.51 - 5.5 )", "Panjang (km)": 0.57713361039 }, "geometry": { "type": "MultiLineString", "coordinates": [ [ [ 115.125406537665839, -8.789846756043261 ], [ 115.125376337649541, -8.789823989054536 ], [ 115.125208622233586, -8.789703555394171 ], [ 115.125016020101739, -8.78975043686572 ], [ 115.124991012944861, -8.789941670916573 ], [ 115.125097407509912, -8.790012995967393 ], [ 115.125206697842771, -8.790086262849568 ], [ 115.125205735614699, -8.790277616574219 ], [ 115.125180728459938, -8.790468850645597 ], [ 115.125025076810871, -8.790677790472856 ], [ 115.1244320765813, -8.791110959947719 ], [ 115.124142449583985, -8.791324795771592 ], [ 115.124039381689627, -8.791405980083564 ], [ 115.123831180069217, -8.791646887924054 ], [ 115.123781204733319, -8.791704712724732 ], [ 115.123368665541619, -8.792182054811899 ], [ 115.122593672980983, -8.793278503463625 ], [ 115.122526297090019, -8.79334692989276 ] ] ] } },
{ "type": "Feature", "properties": { "Kerentanan Geologi": "Sedang (Batuan Sedimen)", "Kerentanan Lereng": "Sangat Rendah (>12%)", "Geomorfologi": "Pantai Bertebing Sangat Curam", "Kerentanan Geomorfologi": "Sangat Rendah", "Kerentanan Tunggang Pasut": "Sedang (≥2-<4)", "Kerentanan Laju Perubahan Garis Pantai": "Tinggi (<-1- (-2) m/tahun)", "Kerentanan Kenaikan Muka Air Laut": "Tinggi (2 – 4 mm/tahun)", "Kerentanan Gelombang": "Sangat Rendah (0-3 m)", "Desa": "Kutuh", "Kec": "Kuta Selatan", "CVI": 4.5355736761100003, "Kerentanan": "Rendah ( 3.51 - 5.5 )", "Panjang (km)": 0.06318216845000001 }, "geometry": { "type": "MultiLineString", "coordinates": [ [ [ 115.182559209428533, -8.846289297841965 ], [ 115.182669247386244, -8.846232205817811 ], [ 115.182671244960659, -8.846231169491507 ], [ 115.182719143924828, -8.846206317338 ], [ 115.182829578995836, -8.846152204320161 ], [ 115.182917532183225, -8.846114025982233 ] ], [ [ 115.190746544348585, -8.842961181116534 ], [ 115.190827350497685, -8.842955271726108 ], [ 115.19090875679845, -8.842952667835837 ], [ 115.190921129794333, -8.842952672440118 ] ] ] } },
{ "type": "Feature", "properties": { "Kerentanan Geologi": "Sedang (Batuan Sedimen)", "Kerentanan Lereng": "Sangat Rendah (>12%)", "Geomorfologi": "Pantai Bertebing Sangat Curam", "Kerentanan Geomorfologi": "Sangat Rendah", "Kerentanan Tunggang Pasut": "Sedang (≥2-<4)", "Kerentanan Laju Perubahan Garis Pantai": "Tinggi (<-1- (-2) m/tahun)", "Kerentanan Kenaikan Muka Air Laut": "Tinggi (2 – 4 mm/tahun)", "Kerentanan Gelombang": "Sangat Rendah (0-3 m)", "Desa": "Pecatu", "Kec": "Kuta Selatan", "CVI": 4.5355736761100003, "Kerentanan": "Rendah ( 3.51 - 5.5 )", "Panjang (km)": 1.64498878705 }, "geometry": { "type": "MultiLineString", "coordinates": [ [ [ 115.150417358716609, -8.84732321626077 ], [ 115.15070285623203, -8.847372353857248 ] ], [ [ 115.115859336437168, -8.845947529822798 ], [ 115.116077521732436, -8.845940878965036 ], [ 115.116140361170224, -8.845944248972087 ], [ 115.116411432334544, -8.845958785443054 ] ], [ [ 115.108634874142894, -8.844429341618836 ], [ 115.108822150300583, -8.844469134986936 ], [ 115.109299159488501, -8.844547516504001 ], [ 115.109361655058748, -8.844557785520239 ], [ 115.10942287554532, -8.844567845584269 ], [ 115.109479150901791, -8.844595279915284 ], [ 115.110135989370789, -8.844915494238576 ], [ 115.110166550236784, -8.844930392519418 ], [ 115.110814397714549, -8.845220696293866 ], [ 115.110927363116289, -8.845264566282482 ] ], [ [ 115.106012146119383, -8.843442069465295 ], [ 115.106588975698671, -8.843627587030456 ], [ 115.106864693371051, -8.843761346150801 ] ], [ [ 115.104083545201675, -8.842471826170099 ], [ 115.104676214162708, -8.842782351404267 ], [ 115.105236975165042, -8.843076157868461 ], [ 115.105459970848997, -8.843192995075194 ], [ 115.105489412449913, -8.843208420491949 ] ], [ [ 115.097967060460633, -8.840699141924439 ], [ 115.097993749709204, -8.840706677870225 ], [ 115.098041018163443, -8.840720024572173 ], [ 115.098067320775058, -8.840727450970045 ], [ 115.098411968610435, -8.840824761735758 ], [ 115.09905478849636, -8.840958822793493 ] ], [ [ 115.09473654930008, -8.839862681052177 ], [ 115.095589264853928, -8.840114004264395 ], [ 115.096239122064858, -8.840352303976736 ], [ 115.096390284569992, -8.840391598458769 ], [ 115.096614701841816, -8.840441192259643 ], [ 115.096763607044707, -8.840470325502707 ], [ 115.097000171323998, -8.840512311835901 ], [ 115.097111008739731, -8.840530332633371 ] ], [ [ 115.090614995404238, -8.837919556121047 ], [ 115.090734130330645, -8.83792087722043 ], [ 115.09080615146722, -8.837945163066786 ], [ 115.091173627319449, -8.83821179696074 ] ], [ [ 115.11632018980346, -8.803294551016092 ], [ 115.116304789531185, -8.803320035007127 ], [ 115.116268743655326, -8.803374849671007 ], [ 115.116221468614455, -8.803439974839229 ], [ 115.116191528348168, -8.803477725390294 ], [ 115.116150131673706, -8.80352597244503 ], [ 115.116088411781362, -8.803590303824949 ], [ 115.116079299799395, -8.803599801341832 ], [ 115.116069882443767, -8.80360876032384 ], [ 115.116035638581977, -8.80364133893584 ], [ 115.115954272209009, -8.803713376558047 ], [ 115.11586684045993, -8.803785715565052 ], [ 115.115823862688373, -8.803820242933197 ] ], [ [ 115.117971603695111, -8.797896006021901 ], [ 115.117813223892142, -8.79818510069696 ], [ 115.117714503428402, -8.798686921026922 ], [ 115.117711723150322, -8.79923706069364 ], [ 115.117682781999477, -8.799521036405437 ] ], [ [ 115.118394195807412, -8.795136427463662 ], [ 115.118260060467207, -8.795412646280495 ], [ 115.118210157262951, -8.795771192976147 ], [ 115.11808835910206, -8.796081540651416 ], [ 115.11803797311731, -8.796535763246601 ], [ 115.118039906980869, -8.796564754066635 ] ], [ [ 115.118587038715233, -8.794089694364676 ], [ 115.118578601885787, -8.794292612588182 ], [ 115.11857540553612, -8.794369479835066 ], [ 115.118569903111663, -8.794447142877974 ], [ 115.118564142390142, -8.794503422013969 ], [ 115.118562035401993, -8.794524008482734 ], [ 115.118551857783544, -8.794598468618751 ], [ 115.118536885765479, -8.794681456218663 ] ], [ [ 115.122526297090019, -8.79334692989276 ], [ 115.1223063916634, -8.793570266596134 ], [ 115.122248905197566, -8.793628650314426 ] ] ] } },
{ "type": "Feature", "properties": { "Kerentanan Geologi": "Sedang (Batuan Sedimen)", "Kerentanan Lereng": "Sangat Rendah (>12%)", "Geomorfologi": "Pantai Bertebing Sangat Curam", "Kerentanan Geomorfologi": "Sangat Rendah", "Kerentanan Tunggang Pasut": "Sedang (≥2-<4)", "Kerentanan Laju Perubahan Garis Pantai": "Tinggi (<-1- (-2) m/tahun)", "Kerentanan Kenaikan Muka Air Laut": "Tinggi (2 – 4 mm/tahun)", "Kerentanan Gelombang": "Sangat Rendah (0-3 m)", "Desa": "Ungasan", "Kec": "Kuta Selatan", "CVI": 4.5355736761100003, "Kerentanan": "Rendah ( 3.51 - 5.5 )", "Panjang (km)": 0.22312889742 }, "geometry": { "type": "MultiLineString", "coordinates": [ [ [ 115.153306624673036, -8.847698478505782 ], [ 115.153364858244387, -8.847699517913387 ], [ 115.153559295441838, -8.847692069958303 ], [ 115.153864459030856, -8.84769357480533 ] ], [ [ 115.15070285623203, -8.847372353857248 ], [ 115.151071705735873, -8.847435836314837 ], [ 115.151346448735268, -8.847483122160693 ], [ 115.151391910028181, -8.847490946192652 ], [ 115.151699605291626, -8.8475327431811 ], [ 115.151929625779758, -8.847599978447962 ], [ 115.1519660424118, -8.847610622753615 ], [ 115.151972397759906, -8.847612480334721 ], [ 115.152109606582854, -8.847625858770213 ], [ 115.152147544047196, -8.847629557399371 ] ] ] } },
{ "type": "Feature", "properties": { "Kerentanan Geologi": "Sedang (Batuan Sedimen)", "Kerentanan Lereng": "Sangat Tinggi (<3%)", "Geomorfologi": "Dataran Aluvial", "Kerentanan Geomorfologi": "Sedang", "Kerentanan Tunggang Pasut": "Sedang (≥2-<4)", "Kerentanan Laju Perubahan Garis Pantai": "Sedang (-1-1 m/tahun)", "Kerentanan Kenaikan Muka Air Laut": "Tinggi (2 – 4 mm/tahun)", "Kerentanan Gelombang": "Sangat Rendah (0-3 m)", "Desa": "Benoa", "Kec": "Kuta Selatan", "CVI": 15.2127765851, "Kerentanan": "Sangat Tinggi ( > 12.5 )", "Panjang (km)": 0.34991748584 }, "geometry": { "type": "MultiLineString", "coordinates": [ [ [ 115.20330996784547, -8.781955693154151 ], [ 115.203222211049777, -8.781949958987301 ], [ 115.203138822945377, -8.781942355157952 ], [ 115.203059672239718, -8.781932402778587 ], [ 115.202986255946342, -8.781920068301261 ], [ 115.202920239414681, -8.781905842450707 ], [ 115.20284042449191, -8.781883975442987 ], [ 115.202762467128792, -8.781856847317089 ], [ 115.202716077175253, -8.781837471229752 ], [ 115.202669170208253, -8.78181524206995 ], [ 115.202620534692343, -8.781789606183581 ], [ 115.202569235823788, -8.781760106164613 ], [ 115.202466591714384, -8.781694889349881 ], [ 115.202214852573064, -8.781520230252367 ], [ 115.202207568982942, -8.781515176915937 ], [ 115.202155448193665, -8.781480479829982 ], [ 115.202102707606443, -8.781447288713979 ], [ 115.202050452046663, -8.781416612376907 ], [ 115.201997379289566, -8.781387856950646 ], [ 115.201947484830569, -8.781363231194547 ], [ 115.201899469601614, -8.781342051750958 ], [ 115.201852081953405, -8.781323790991562 ], [ 115.201773764954794, -8.781299106551806 ], [ 115.201693845393919, -8.781280143687946 ], [ 115.201629005637457, -8.781269011631835 ], [ 115.20155775781879, -8.781260874100447 ], [ 115.201482061032678, -8.781256557731345 ], [ 115.201403778508222, -8.781256414057806 ], [ 115.201324635320375, -8.781260419661544 ] ], [ [ 115.197763852118015, -8.781737341847386 ], [ 115.197755973508535, -8.78174222335158 ], [ 115.197693939172908, -8.78178291020517 ], [ 115.1976657823122, -8.781803491059119 ], [ 115.197634755219951, -8.781826170147427 ], [ 115.197579725641106, -8.781873546365048 ], [ 115.197526620388743, -8.781929884068846 ], [ 115.197478182269762, -8.781990676822748 ], [ 115.19743287604183, -8.782053901169673 ], [ 115.197346521070756, -8.782179857569988 ], [ 115.197303181186385, -8.782238445173148 ], [ 115.197258245976499, -8.782290888179809 ], [ 115.19721244449893, -8.782333012275748 ], [ 115.197164128092197, -8.782364073650411 ], [ 115.197113247150469, -8.782380796549015 ], [ 115.197067441031862, -8.782381550353774 ], [ 115.19702030660288, -8.782371310398892 ] ] ] } },
{ "type": "Feature", "properties": { "Kerentanan Geologi": "Sedang (Batuan Sedimen)", "Kerentanan Lereng": "Sangat Tinggi (<3%)", "Geomorfologi": "Dataran Aluvial", "Kerentanan Geomorfologi": "Sedang", "Kerentanan Tunggang Pasut": "Sedang (≥2-<4)", "Kerentanan Laju Perubahan Garis Pantai": "Sedang (-1-1 m/tahun)", "Kerentanan Kenaikan Muka Air Laut": "Tinggi (2 – 4 mm/tahun)", "Kerentanan Gelombang": "Sangat Rendah (0-3 m)", "Desa": "Jimbaran", "Kec": "Kuta Selatan", "CVI": 15.2127765851, "Kerentanan": "Sangat Tinggi ( > 12.5 )", "Panjang (km)": 0.02416626078 }, "geometry": { "type": "MultiLineString", "coordinates": [ [ [ 115.19702030660288, -8.782371310398892 ], [ 115.196972486763656, -8.782352261327134 ], [ 115.196927403335621, -8.782328152486389 ], [ 115.196828296173692, -8.782266420202756 ] ] ] } },
{ "type": "Feature", "properties": { "Kerentanan Geologi": "Sedang (Batuan Sedimen)", "Kerentanan Lereng": "Sangat Tinggi (<3%)", "Geomorfologi": "Dataran Reklamasi", "Kerentanan Geomorfologi": "Sangat Tinggi", "Kerentanan Tunggang Pasut": "Sedang (≥2-<4)", "Kerentanan Laju Perubahan Garis Pantai": "Rendah (>1-2 m/tahun)", "Kerentanan Kenaikan Muka Air Laut": "Tinggi (2 – 4 mm/tahun)", "Kerentanan Gelombang": "Sangat Rendah (0-3 m)", "Desa": "Ungasan", "Kec": "Kuta Selatan", "CVI": 16.035674514699998, "Kerentanan": "Sangat Tinggi ( > 12.5 )", "Panjang (km)": 0.19948426652000001 }, "geometry": { "type": "MultiLineString", "coordinates": [ [ [ 115.161779949392312, -8.849964800362439 ], [ 115.161807174820211, -8.849931921950196 ], [ 115.161824171198901, -8.849905140978068 ], [ 115.161836600580273, -8.849885555671827 ], [ 115.161838976150577, -8.849881812735124 ], [ 115.161841206051861, -8.849878299620903 ], [ 115.161842995292389, -8.849875479572489 ], [ 115.161852850777677, -8.849856924018278 ], [ 115.161871166135668, -8.849822441419086 ], [ 115.161876527421583, -8.84981234758699 ], [ 115.161879745581842, -8.849805498786761 ], [ 115.161902546518149, -8.849756964554166 ], [ 115.161910684255687, -8.849739643658355 ], [ 115.161912672873711, -8.849600338045223 ], [ 115.161914011724818, -8.84950659617663 ], [ 115.161915373070002, -8.849411251501831 ], [ 115.161915565411206, -8.849410408948962 ], [ 115.161919484578746, -8.849393267136181 ], [ 115.161929859482768, -8.849347892177411 ], [ 115.161964540965954, -8.849196210345024 ], [ 115.161972709911026, -8.849181754595575 ], [ 115.16197910622445, -8.849170436306018 ], [ 115.161983981186651, -8.849161808291553 ], [ 115.162018648760792, -8.849100459250234 ], [ 115.162056999127159, -8.849032593666022 ], [ 115.16208585727, -8.848981524298287 ], [ 115.162174542944612, -8.848642457847237 ], [ 115.162198391397837, -8.848589790785152 ], [ 115.162207244608453, -8.848570240333009 ] ], [ [ 115.166397697481301, -8.849238223041972 ], [ 115.166490550501365, -8.849238677843221 ], [ 115.16653073451107, -8.849234879565172 ], [ 115.166647106895297, -8.849223881011543 ], [ 115.166716090032196, -8.849217361463204 ] ] ] } },
{ "type": "Feature", "properties": { "Kerentanan Geologi": "Sedang (Batuan Sedimen)", "Kerentanan Lereng": "Sangat Tinggi (<3%)", "Geomorfologi": "Dataran Reklamasi", "Kerentanan Geomorfologi": "Sangat Tinggi", "Kerentanan Tunggang Pasut": "Sedang (≥2-<4)", "Kerentanan Laju Perubahan Garis Pantai": "Sangat Rendah (>2 m/tahun)", "Kerentanan Kenaikan Muka Air Laut": "Tinggi (2 – 4 mm/tahun)", "Kerentanan Gelombang": "Sangat Rendah (0-3 m)", "Desa": "Ungasan", "Kec": "Kuta Selatan", "CVI": 11.3389341903, "Kerentanan": "Tinggi ( 8.51 - 12.5 )", "Panjang (km)": 0.75145710535 }, "geometry": { "type": "MultiLineString", "coordinates": [ [ [ 115.161208322473215, -8.848761067240954 ], [ 115.161209560665029, -8.84900725511504 ], [ 115.161210144425738, -8.849034308651412 ], [ 115.16121131908308, -8.849088809029444 ], [ 115.161212715363249, -8.849153594288619 ], [ 115.16121280543129, -8.849157788710267 ], [ 115.16121372972809, -8.849200651577561 ], [ 115.161218166720573, -8.849273455501551 ], [ 115.161224522593656, -8.84933746773301 ], [ 115.161225466208421, -8.849346967811933 ], [ 115.161236565147718, -8.849420314355555 ], [ 115.161242675713453, -8.849447875101092 ], [ 115.161252591466436, -8.849492603835918 ], [ 115.16127197411393, -8.849556581513164 ], [ 115.161289157681921, -8.849604319433439 ], [ 115.161307931655273, -8.849651205395539 ], [ 115.161345991761877, -8.849737026733823 ], [ 115.16137574246676, -8.849800598783316 ], [ 115.161406289889442, -8.849860969818439 ], [ 115.161438752530685, -8.849916217856094 ], [ 115.161447169103923, -8.849927504920442 ], [ 115.161455137809867, -8.849938190386606 ], [ 115.161463602244666, -8.849949540970734 ], [ 115.161467263786179, -8.849954450876877 ], [ 115.161474390022576, -8.849964006637977 ], [ 115.161508242289784, -8.849995500736595 ], [ 115.16151464376874, -8.85000145564379 ], [ 115.161520827982031, -8.850004668344182 ], [ 115.161564760301559, -8.850027488579281 ] ], [ [ 115.162888223135667, -8.848573762577747 ], [ 115.162919959770321, -8.848670037285855 ], [ 115.16291990332428, -8.84867133796635 ], [ 115.163031845765431, -8.848674670906192 ], [ 115.16307825230551, -8.848676052209484 ], [ 115.163351812882425, -8.848684197541516 ], [ 115.1634249985579, -8.848686376481135 ], [ 115.163559105861751, -8.848789555096291 ], [ 115.163688477347819, -8.848889089643372 ], [ 115.163692814362122, -8.848900767103537 ], [ 115.16375967704019, -8.849080800869112 ], [ 115.163795235888571, -8.849143407716024 ], [ 115.16383367020839, -8.849211076094161 ], [ 115.163855045538355, -8.849248710733995 ], [ 115.163975056350608, -8.849297140094086 ], [ 115.164033396417977, -8.849314957976201 ], [ 115.164050371389578, -8.849320142903556 ], [ 115.16429318355965, -8.849394302189712 ], [ 115.164305606357857, -8.849402788149016 ], [ 115.164440716227318, -8.849495079210918 ], [ 115.164575109546277, -8.849553146721041 ], [ 115.164844465350086, -8.849554467340878 ], [ 115.164959903304805, -8.84955503326028 ], [ 115.165190874960516, -8.849537029882329 ], [ 115.165344886765538, -8.849518648267983 ], [ 115.165369265992894, -8.849518767753827 ], [ 115.165498804674627, -8.849519402613536 ], [ 115.165641131836153, -8.849608849210195 ], [ 115.165652248630721, -8.849615835205595 ], [ 115.165661701772123, -8.84963295673402 ], [ 115.165747593566607, -8.849788529013797 ], [ 115.165959507113399, -8.849904426104855 ], [ 115.166078271988667, -8.849930347331938 ], [ 115.166342936523236, -8.849907723098051 ], [ 115.166416032943815, -8.849716718923997 ], [ 115.166391778800005, -8.84968747904794 ], [ 115.166309646164891, -8.84958846504815 ], [ 115.16629649532959, -8.849572611911325 ], [ 115.166053126933036, -8.849552792155794 ], [ 115.165983968504193, -8.849547159980743 ], [ 115.165984283091618, -8.849483643233057 ], [ 115.165984399007215, -8.84946023918558 ], [ 115.165985242210979, -8.849289989384847 ], [ 115.16598527165938, -8.849284043447675 ], [ 115.165987516835628, -8.849283311300347 ], [ 115.166054383207054, -8.849261506307069 ], [ 115.166083368374757, -8.849252054295635 ], [ 115.166129806006822, -8.849236910759833 ], [ 115.16625195298117, -8.849237509127741 ], [ 115.166397697481301, -8.849238223041972 ] ] ] } },
{ "type": "Feature", "properties": { "Kerentanan Geologi": "Sedang (Batuan Sedimen)", "Kerentanan Lereng": "Sangat Tinggi (<3%)", "Geomorfologi": "Dataran Reklamasi", "Kerentanan Geomorfologi": "Sangat Tinggi", "Kerentanan Tunggang Pasut": "Sedang (≥2-<4)", "Kerentanan Laju Perubahan Garis Pantai": "Sedang (-1-1 m/tahun)", "Kerentanan Kenaikan Muka Air Laut": "Tinggi (2 – 4 mm/tahun)", "Kerentanan Gelombang": "Sangat Rendah (0-3 m)", "Desa": "Ungasan", "Kec": "Kuta Selatan", "CVI": 19.6396101212, "Kerentanan": "Sangat Tinggi ( > 12.5 )", "Panjang (km)": 0.01104666167 }, "geometry": { "type": "MultiLineString", "coordinates": [ [ [ 115.162207244608453, -8.848570240333009 ], [ 115.162215434270152, -8.848552153929022 ], [ 115.162221045995295, -8.848539760456619 ], [ 115.162248476897346, -8.848479180470655 ] ] ] } },
{ "type": "Feature", "properties": { "Kerentanan Geologi": "Sedang (Batuan Sedimen)", "Kerentanan Lereng": "Sangat Tinggi (<3%)", "Geomorfologi": "Dataran Reklamasi", "Kerentanan Geomorfologi": "Sangat Tinggi", "Kerentanan Tunggang Pasut": "Sedang (≥2-<4)", "Kerentanan Laju Perubahan Garis Pantai": "Tinggi (<-1- (-2) m/tahun)", "Kerentanan Kenaikan Muka Air Laut": "Tinggi (2 – 4 mm/tahun)", "Kerentanan Gelombang": "Sangat Rendah (0-3 m)", "Desa": "Ungasan", "Kec": "Kuta Selatan", "CVI": 22.6778683806, "Kerentanan": "Sangat Tinggi ( > 12.5 )", "Panjang (km)": 0.02634152456 }, "geometry": { "type": "MultiLineString", "coordinates": [ [ [ 115.161564760301559, -8.850027488579281 ], [ 115.161618713642198, -8.850038328474497 ], [ 115.161673066884561, -8.850034166383145 ], [ 115.161720570984954, -8.850015532650565 ], [ 115.161724410731068, -8.850014026342118 ], [ 115.161768049465039, -8.849979171782353 ], [ 115.161771789627139, -8.849974654431412 ], [ 115.161779949392312, -8.849964800362439 ] ] ] } },
{ "type": "Feature", "properties": { "Kerentanan Geologi": "Sedang (Batuan Sedimen)", "Kerentanan Lereng": "Sangat Tinggi (<3%)", "Geomorfologi": "Mangrove", "Kerentanan Geomorfologi": "Sangat Tinggi", "Kerentanan Tunggang Pasut": "Sedang (≥2-<4)", "Kerentanan Laju Perubahan Garis Pantai": "Sedang (-1-1 m/tahun)", "Kerentanan Kenaikan Muka Air Laut": "Tinggi (2 – 4 mm/tahun)", "Kerentanan Gelombang": "Sangat Rendah (0-3 m)", "Desa": "Benoa", "Kec": "Kuta Selatan", "CVI": 19.6396101212, "Kerentanan": "Sangat Tinggi ( > 12.5 )", "Panjang (km)": 1.4122214029 }, "geometry": { "type": "MultiLineString", "coordinates": [ [ [ 115.211143543212273, -8.785807954607249 ], [ 115.211141970629654, -8.785807822379358 ], [ 115.211075983279756, -8.785799189740517 ], [ 115.211011443405184, -8.785786455746544 ], [ 115.210934505419715, -8.785766439172464 ], [ 115.210742710284748, -8.785708265227843 ], [ 115.210707215729983, -8.785698686016458 ], [ 115.210678273671249, -8.785690874672916 ], [ 115.210607753558577, -8.785674743568061 ], [ 115.210531988178317, -8.785660951763248 ], [ 115.210452191088478, -8.785650205690562 ], [ 115.210369650508284, -8.785642804389939 ], [ 115.210285635323288, -8.785638719527704 ], [ 115.210201378297654, -8.785637684822557 ], [ 115.210118107610043, -8.785639253153375 ], [ 115.210037095813504, -8.785642821202329 ], [ 115.209994874783973, -8.785645580732266 ], [ 115.209777242078573, -8.785659802974182 ], [ 115.209695622709887, -8.785662521829233 ], [ 115.209613379389367, -8.785661554417311 ], [ 115.209532628632118, -8.785656372854309 ], [ 115.209409828979588, -8.785642896275107 ], [ 115.209186007936452, -8.785611501572777 ], [ 115.209033568734711, -8.785586914682712 ], [ 115.208830253032829, -8.785550822782572 ], [ 115.208718786119505, -8.785533135218992 ], [ 115.208618810690965, -8.785521122991595 ], [ 115.208471257270716, -8.785506249196512 ], [ 115.208419109122403, -8.785498943095492 ], [ 115.208367425035988, -8.785488684610545 ], [ 115.208316560929887, -8.785474411313833 ], [ 115.208268308016756, -8.785455959941347 ], [ 115.208223269593816, -8.785433556673265 ], [ 115.208188275617928, -8.785412314987902 ], [ 115.208152890348956, -8.785387391773698 ], [ 115.208116632152795, -8.785358586744669 ], [ 115.208081210117172, -8.7853278861843 ], [ 115.20793393946316, -8.785190040367684 ], [ 115.207832244295062, -8.785099401502457 ], [ 115.207766385714294, -8.785045301103922 ], [ 115.207715809062336, -8.785006211707381 ], [ 115.207663751744974, -8.784968292397977 ], [ 115.207620194781157, -8.784938335174845 ], [ 115.207528452359071, -8.784879319079467 ], [ 115.207206002310741, -8.784684376512944 ], [ 115.207092090610431, -8.784612310089301 ], [ 115.207038810626656, -8.784576175912592 ], [ 115.206935498116749, -8.784501990033206 ], [ 115.206648016836212, -8.784286176042993 ], [ 115.20644865986992, -8.784146949240478 ], [ 115.206380571918046, -8.784097652365476 ], [ 115.206318065950285, -8.784049708342989 ], [ 115.206207515131567, -8.78395825585037 ], [ 115.206160497203641, -8.783917028778207 ], [ 115.206067032786862, -8.783831224960291 ], [ 115.205928977209467, -8.783697565012487 ], [ 115.205838614714295, -8.78360629258774 ], [ 115.205827658115865, -8.78359487237512 ], [ 115.205749660636059, -8.783513576684982 ], [ 115.205619664199546, -8.78337155417619 ], [ 115.205536016511289, -8.783274014840302 ], [ 115.205455596604835, -8.783174113992926 ], [ 115.205377551618895, -8.783069660574126 ], [ 115.205224644144565, -8.782854974523163 ], [ 115.205146087982797, -8.782750820614829 ], [ 115.205064610310103, -8.782651882069485 ], [ 115.204978794273174, -8.782556642304481 ], [ 115.204888637403315, -8.782466370652607 ], [ 115.20484194047485, -8.782423286189971 ], [ 115.204794000860716, -8.782381778875468 ], [ 115.20476122750371, -8.7823550958502 ], [ 115.204693905079367, -8.782304533974829 ], [ 115.204623999058356, -8.782257896213427 ], [ 115.20458796900617, -8.782236199117415 ], [ 115.204531003274937, -8.782204999771432 ], [ 115.204470621144367, -8.782175520011613 ], [ 115.204409298274825, -8.782148517500845 ], [ 115.204347112559702, -8.782123291937109 ], [ 115.204236846614037, -8.78208202934821 ], [ 115.204150227396994, -8.782052539428586 ], [ 115.20410370190109, -8.782038450889027 ], [ 115.204047959613817, -8.7820236675045 ], [ 115.203983001364747, -8.782009339281551 ], [ 115.203910392792395, -8.781996658938223 ], [ 115.203831818590416, -8.78198625289359 ], [ 115.203747501622772, -8.781978079712884 ], [ 115.203574595706769, -8.781967496429891 ], [ 115.20330996784547, -8.781955693154151 ] ], [ [ 115.201324635320375, -8.781260419661544 ], [ 115.201246221686134, -8.7812682467077 ], [ 115.201169972922969, -8.781279272794102 ], [ 115.201097078572744, -8.781292579613723 ], [ 115.200824359937201, -8.781352110528498 ], [ 115.200689937482451, -8.781377130076173 ], [ 115.200620749766927, -8.781387707850085 ], [ 115.200484951721009, -8.78140378652428 ], [ 115.20035162725803, -8.781413133332657 ], [ 115.200241882021444, -8.781414843647701 ], [ 115.200154554728641, -8.781411513924287 ], [ 115.200090315007643, -8.781406573880384 ], [ 115.199962115526887, -8.781392353650761 ], [ 115.199759320644006, -8.781365757427318 ], [ 115.199633200451288, -8.781351195324566 ], [ 115.199535600254563, -8.781343243529848 ], [ 115.199433012935813, -8.781341396734165 ], [ 115.199320669206784, -8.781346541677115 ], [ 115.198717546290084, -8.781389919401791 ], [ 115.198636057390047, -8.781397705885929 ], [ 115.198555711846737, -8.781407365664132 ], [ 115.198477583255752, -8.781419408347727 ], [ 115.198402598608965, -8.781434213563605 ], [ 115.198331706161895, -8.781451897950527 ], [ 115.198265736835609, -8.781472221375784 ], [ 115.198205119610847, -8.781494616314333 ], [ 115.198144995554344, -8.781520466318984 ], [ 115.198086935485634, -8.781548567413708 ], [ 115.197973581159971, -8.781610362831822 ], [ 115.197819740729599, -8.781702716466764 ], [ 115.197763852118015, -8.781737341847386 ] ] ] } },
{ "type": "Feature", "properties": { "Kerentanan Geologi": "Sedang (Batuan Sedimen)", "Kerentanan Lereng": "Sangat Tinggi (<3%)", "Geomorfologi": "Mangrove", "Kerentanan Geomorfologi": "Sangat Tinggi", "Kerentanan Tunggang Pasut": "Sedang (≥2-<4)", "Kerentanan Laju Perubahan Garis Pantai": "Sedang (-1-1 m/tahun)", "Kerentanan Kenaikan Muka Air Laut": "Tinggi (2 – 4 mm/tahun)", "Kerentanan Gelombang": "Sangat Rendah (0-3 m)", "Desa": "Jimbaran", "Kec": "Kuta Selatan", "CVI": 19.6396101212, "Kerentanan": "Sangat Tinggi ( > 12.5 )", "Panjang (km)": 0.07355751872000001 }, "geometry": { "type": "MultiLineString", "coordinates": [ [ [ 115.196828296173692, -8.782266420202756 ], [ 115.196775802748832, -8.782233722323774 ], [ 115.196714652218589, -8.782198867472736 ], [ 115.196647604038148, -8.78216462812329 ], [ 115.196579855555157, -8.78213312842316 ], [ 115.196397615793771, -8.782053533286563 ], [ 115.196351932035043, -8.782029921481342 ], [ 115.196314888822428, -8.78200399674871 ], [ 115.196289441795912, -8.781973853845473 ], [ 115.19628040575617, -8.781950626157382 ], [ 115.196277852305215, -8.781925352781085 ] ] ] } },
{ "type": "Feature", "properties": { "Kerentanan Geologi": "Sedang (Batuan Sedimen)", "Kerentanan Lereng": "Sangat Tinggi (<3%)", "Geomorfologi": "Pantai Berpasir", "Kerentanan Geomorfologi": "Sangat Tinggi", "Kerentanan Tunggang Pasut": "Sedang (≥2-<4)", "Kerentanan Laju Perubahan Garis Pantai": "Rendah (>1-2 m/tahun)", "Kerentanan Kenaikan Muka Air Laut": "Tinggi (2 – 4 mm/tahun)", "Kerentanan Gelombang": "Sangat Rendah (0-3 m)", "Desa": "Benoa", "Kec": "Kuta Selatan", "CVI": 16.035674514699998, "Kerentanan": "Sangat Tinggi ( > 12.5 )", "Panjang (km)": 0.11236927702000001 }, "geometry": { "type": "MultiLineString", "coordinates": [ [ [ 115.218959027189484, -8.830987487331987 ], [ 115.218981653726601, -8.83096519573642 ], [ 115.21898847410867, -8.830958476315834 ], [ 115.219133413562346, -8.830815682288502 ], [ 115.219153494766829, -8.830795898315628 ], [ 115.21923623975465, -8.830714378038065 ], [ 115.219277493411155, -8.830698191619913 ], [ 115.219344170425146, -8.830672029816986 ], [ 115.219438982781909, -8.830634828705579 ], [ 115.219530647823674, -8.830598862995855 ], [ 115.219579583923149, -8.830579662575774 ], [ 115.219597664490948, -8.830572568042264 ], [ 115.21962998917094, -8.830572721462913 ], [ 115.219806825532061, -8.830573560721231 ], [ 115.219822906523589, -8.83057363703684 ], [ 115.219832259530847, -8.83057368142312 ], [ 115.219840335475425, -8.830573719748692 ] ] ] } },
{ "type": "Feature", "properties": { "Kerentanan Geologi": "Sedang (Batuan Sedimen)", "Kerentanan Lereng": "Sangat Tinggi (<3%)", "Geomorfologi": "Pantai Berpasir", "Kerentanan Geomorfologi": "Sangat Tinggi", "Kerentanan Tunggang Pasut": "Sedang (≥2-<4)", "Kerentanan Laju Perubahan Garis Pantai": "Rendah (>1-2 m/tahun)", "Kerentanan Kenaikan Muka Air Laut": "Tinggi (2 – 4 mm/tahun)", "Kerentanan Gelombang": "Sangat Rendah (0-3 m)", "Desa": "Ungasan", "Kec": "Kuta Selatan", "CVI": 16.035674514699998, "Kerentanan": "Sangat Tinggi ( > 12.5 )", "Panjang (km)": 0.0348742314 }, "geometry": { "type": "MultiLineString", "coordinates": [ [ [ 115.159589214113709, -8.848557678400127 ], [ 115.159676389484773, -8.848523492859039 ], [ 115.159722181187689, -8.848505535323035 ], [ 115.159784610455517, -8.848496977801734 ], [ 115.159785240806102, -8.84849689139738 ], [ 115.159801338848951, -8.848494685040153 ], [ 115.159894617090714, -8.848481898919848 ] ] ] } },
{ "type": "Feature", "properties": { "Kerentanan Geologi": "Sedang (Batuan Sedimen)", "Kerentanan Lereng": "Sangat Tinggi (<3%)", "Geomorfologi": "Pantai Berpasir", "Kerentanan Geomorfologi": "Sangat Tinggi", "Kerentanan Tunggang Pasut": "Sedang (≥2-<4)", "Kerentanan Laju Perubahan Garis Pantai": "Sangat Rendah (>2 m/tahun)", "Kerentanan Kenaikan Muka Air Laut": "Tinggi (2 – 4 mm/tahun)", "Kerentanan Gelombang": "Sangat Rendah (0-3 m)", "Desa": "Ungasan", "Kec": "Kuta Selatan", "CVI": 11.3389341903, "Kerentanan": "Tinggi ( 8.51 - 12.5 )", "Panjang (km)": 0.15413814759 }, "geometry": { "type": "MultiLineString", "coordinates": [ [ [ 115.159894617090714, -8.848481898919848 ], [ 115.159991725640097, -8.848468588255075 ], [ 115.160027722557061, -8.848473243029423 ], [ 115.16017615046097, -8.848492438109663 ], [ 115.160299368646648, -8.848508372131118 ], [ 115.160722545079182, -8.848529587866402 ], [ 115.16100518205721, -8.848606040347763 ], [ 115.16101075842019, -8.848607548606379 ], [ 115.161208099166288, -8.848716704348316 ], [ 115.161208322473215, -8.848761067240954 ] ] ] } },
{ "type": "Feature", "properties": { "Kerentanan Geologi": "Sedang (Batuan Sedimen)", "Kerentanan Lereng": "Sangat Tinggi (<3%)", "Geomorfologi": "Pantai Berpasir", "Kerentanan Geomorfologi": "Sangat Tinggi", "Kerentanan Tunggang Pasut": "Sedang (≥2-<4)", "Kerentanan Laju Perubahan Garis Pantai": "Sangat Tinggi (<-2 m/tahun)", "Kerentanan Kenaikan Muka Air Laut": "Tinggi (2 – 4 mm/tahun)", "Kerentanan Gelombang": "Sangat Rendah (0-3 m)", "Desa": "Kutuh", "Kec": "Kuta Selatan", "CVI": 25.354627641899999, "Kerentanan": "Sangat Tinggi ( > 12.5 )", "Panjang (km)": 0.03069325674 }, "geometry": { "type": "MultiLineString", "coordinates": [ [ [ 115.183043347408656, -8.846068578995128 ], [ 115.183070885247517, -8.846059640161824 ], [ 115.18314563681389, -8.846037859203388 ], [ 115.183221178860379, -8.846018184050312 ], [ 115.183312545728228, -8.845996028007432 ] ] ] } },
{ "type": "Feature", "properties": { "Kerentanan Geologi": "Sedang (Batuan Sedimen)", "Kerentanan Lereng": "Sangat Tinggi (<3%)", "Geomorfologi": "Pantai Berpasir", "Kerentanan Geomorfologi": "Sangat Tinggi", "Kerentanan Tunggang Pasut": "Sedang (≥2-<4)", "Kerentanan Laju Perubahan Garis Pantai": "Sangat Tinggi (<-2 m/tahun)", "Kerentanan Kenaikan Muka Air Laut": "Tinggi (2 – 4 mm/tahun)", "Kerentanan Gelombang": "Sangat Rendah (0-3 m)", "Desa": "Ungasan", "Kec": "Kuta Selatan", "CVI": 25.354627641899999, "Kerentanan": "Sangat Tinggi ( > 12.5 )", "Panjang (km)": 0.06534011384000001 }, "geometry": { "type": "MultiLineString", "coordinates": [ [ [ 115.158712950863702, -8.84847289668893 ], [ 115.15918337758491, -8.848522022786788 ], [ 115.15928805623841, -8.848582200602019 ] ] ] } },
{ "type": "Feature", "properties": { "Kerentanan Geologi": "Sedang (Batuan Sedimen)", "Kerentanan Lereng": "Sangat Tinggi (<3%)", "Geomorfologi": "Pantai Berpasir", "Kerentanan Geomorfologi": "Sangat Tinggi", "Kerentanan Tunggang Pasut": "Sedang (≥2-<4)", "Kerentanan Laju Perubahan Garis Pantai": "Sedang (-1-1 m/tahun)", "Kerentanan Kenaikan Muka Air Laut": "Tinggi (2 – 4 mm/tahun)", "Kerentanan Gelombang": "Sangat Rendah (0-3 m)", "Desa": "Benoa", "Kec": "Kuta Selatan", "CVI": 19.6396101212, "Kerentanan": "Sangat Tinggi ( > 12.5 )", "Panjang (km)": 1.12832427001 }, "geometry": { "type": "MultiLineString", "coordinates": [ [ [ 115.214424045545712, -8.834301675435652 ], [ 115.214650217214299, -8.83423363427115 ], [ 115.214737146854489, -8.834207482211491 ], [ 115.214920017455341, -8.834117623186076 ], [ 115.214930002448881, -8.834112717178339 ], [ 115.214941490706494, -8.834110868746743 ], [ 115.215218823527692, -8.834066249965097 ], [ 115.2154346920329, -8.834004213962153 ], [ 115.215559598805683, -8.833968319066022 ], [ 115.215560289666712, -8.833968120740222 ], [ 115.215628237177796, -8.833948593743994 ], [ 115.215675588633758, -8.833932224379554 ], [ 115.215705724688817, -8.833921806126254 ], [ 115.215946838577679, -8.833838451080565 ], [ 115.216037764769808, -8.833807016978941 ], [ 115.216094653439555, -8.83377772185308 ], [ 115.216188881346383, -8.833729198811875 ], [ 115.216489844090916, -8.833574216205522 ], [ 115.216544064635158, -8.833546295191825 ], [ 115.216601571633689, -8.833514479579502 ], [ 115.216901519079443, -8.833299668549994 ], [ 115.217017139241477, -8.833261945152723 ], [ 115.217209165424563, -8.833339404394771 ], [ 115.217324786496434, -8.833301680903258 ], [ 115.217325614057799, -8.833129454317666 ], [ 115.217519111308746, -8.832900732468442 ], [ 115.217809080506527, -8.832615058742588 ], [ 115.218139044956146, -8.832304905516894 ], [ 115.218270064165978, -8.832202310757785 ], [ 115.218311385460751, -8.832156179283778 ], [ 115.218326814231418, -8.832138954476475 ], [ 115.218362857032176, -8.8320987161425 ], [ 115.218363810192358, -8.832097652026814 ], [ 115.218454789858882, -8.832091125361869 ], [ 115.218728537405497, -8.832309068252002 ], [ 115.218823470641752, -8.832572649602746 ], [ 115.218944061383638, -8.83250145953625 ], [ 115.218920931104222, -8.832309981977332 ], [ 115.218921160753538, -8.832262140913672 ], [ 115.219017816409476, -8.832166916506051 ], [ 115.219138177366418, -8.832143566507771 ], [ 115.219307210932641, -8.832000843507002 ], [ 115.219284080440787, -8.831809365934737 ], [ 115.219211818200336, -8.831832943473103 ], [ 115.21911516177515, -8.831928168859191 ], [ 115.218821663410324, -8.831908459012704 ], [ 115.218766218544189, -8.831808066850018 ], [ 115.218702450858316, -8.831692603625088 ], [ 115.218705604378627, -8.831672844171958 ], [ 115.218711995757019, -8.831632797672738 ], [ 115.218726266718647, -8.831543376929266 ], [ 115.218752042155515, -8.831381866513055 ], [ 115.218828552474392, -8.831186790079249 ], [ 115.218873780602095, -8.831071471969473 ], [ 115.218907651469308, -8.831038102518281 ], [ 115.218923976372139, -8.83102201928164 ], [ 115.218959027189484, -8.830987487331987 ] ], [ [ 115.219840335475425, -8.830573719748692 ], [ 115.219886254288156, -8.830573937659814 ], [ 115.219957942574041, -8.830669962218444 ], [ 115.219976457187471, -8.830666370395514 ], [ 115.219982854967029, -8.830665128688281 ], [ 115.219995688731956, -8.830662639126039 ], [ 115.220066667479742, -8.83064886928171 ], [ 115.220078303027464, -8.830646611808751 ], [ 115.220073671251328, -8.830608267802479 ], [ 115.220055172072634, -8.830455134208925 ], [ 115.219911565156636, -8.830310927120776 ], [ 115.219851186048771, -8.830286571687319 ], [ 115.219671533881609, -8.830214103666362 ], [ 115.219654655129034, -8.830145564322846 ], [ 115.219647943221005, -8.830118308256374 ], [ 115.219647957034184, -8.83011542876838 ], [ 115.219648043352407, -8.830097434906707 ], [ 115.219648231050371, -8.830058307320877 ], [ 115.219648236740412, -8.83005712117073 ], [ 115.219648861199929, -8.829926944806779 ], [ 115.219648974912033, -8.829903239885004 ], [ 115.219649779036715, -8.829735606669313 ], [ 115.219649893904176, -8.829711660358491 ], [ 115.219686785702308, -8.829603302027534 ], [ 115.220010115003049, -8.829114762355989 ] ] ] } },
{ "type": "Feature", "properties": { "Kerentanan Geologi": "Sedang (Batuan Sedimen)", "Kerentanan Lereng": "Sangat Tinggi (<3%)", "Geomorfologi": "Pantai Berpasir", "Kerentanan Geomorfologi": "Sangat Tinggi", "Kerentanan Tunggang Pasut": "Sedang (≥2-<4)", "Kerentanan Laju Perubahan Garis Pantai": "Sedang (-1-1 m/tahun)", "Kerentanan Kenaikan Muka Air Laut": "Tinggi (2 – 4 mm/tahun)", "Kerentanan Gelombang": "Sangat Rendah (0-3 m)", "Desa": "Jimbaran", "Kec": "Kuta Selatan", "CVI": 19.6396101212, "Kerentanan": "Sangat Tinggi ( > 12.5 )", "Panjang (km)": 0.20824102328 }, "geometry": { "type": "MultiLineString", "coordinates": [ [ [ 115.163284995491651, -8.78146727140458 ], [ 115.163031105538806, -8.781688249768225 ], [ 115.16296838485988, -8.781742840497369 ], [ 115.162742465054464, -8.781939473435674 ], [ 115.16266884917701, -8.781983958626435 ], [ 115.162627307288616, -8.782007200657285 ], [ 115.162440407120201, -8.782105101579731 ], [ 115.162354689902728, -8.782152619657955 ], [ 115.162278195466087, -8.782198449548762 ], [ 115.162151838984769, -8.782280044741295 ], [ 115.162042910917847, -8.782346859153545 ], [ 115.161847437721235, -8.782460418059662 ], [ 115.161729657941791, -8.782524412803618 ] ] ] } },
{ "type": "Feature", "properties": { "Kerentanan Geologi": "Sedang (Batuan Sedimen)", "Kerentanan Lereng": "Sangat Tinggi (<3%)", "Geomorfologi": "Pantai Berpasir", "Kerentanan Geomorfologi": "Sangat Tinggi", "Kerentanan Tunggang Pasut": "Sedang (≥2-<4)", "Kerentanan Laju Perubahan Garis Pantai": "Sedang (-1-1 m/tahun)", "Kerentanan Kenaikan Muka Air Laut": "Tinggi (2 – 4 mm/tahun)", "Kerentanan Gelombang": "Sangat Rendah (0-3 m)", "Desa": "Kutuh", "Kec": "Kuta Selatan", "CVI": 19.6396101212, "Kerentanan": "Sangat Tinggi ( > 12.5 )", "Panjang (km)": 0.25469810677 }, "geometry": { "type": "MultiLineString", "coordinates": [ [ [ 115.187872597420579, -8.845026389658766 ], [ 115.188108898183131, -8.844763038083389 ], [ 115.188353274460709, -8.84458064348852 ], [ 115.188512854549074, -8.844455479294909 ], [ 115.18878623533152, -8.844241057333749 ], [ 115.188895544965447, -8.844153068021342 ], [ 115.188938231042115, -8.844117105666829 ], [ 115.189002801854002, -8.844062705467588 ], [ 115.189082713926311, -8.843991481203782 ], [ 115.189176534615171, -8.843904005452922 ], [ 115.189361769478211, -8.84372595567952 ], [ 115.189468180939485, -8.843628491801459 ], [ 115.189553895250853, -8.843555324542589 ], [ 115.189604050548908, -8.843514656267223 ], [ 115.189609056821922, -8.843510828162943 ] ] ] } },
{ "type": "Feature", "properties": { "Kerentanan Geologi": "Sedang (Batuan Sedimen)", "Kerentanan Lereng": "Sangat Tinggi (<3%)", "Geomorfologi": "Pantai Berpasir", "Kerentanan Geomorfologi": "Sangat Tinggi", "Kerentanan Tunggang Pasut": "Sedang (≥2-<4)", "Kerentanan Laju Perubahan Garis Pantai": "Sedang (-1-1 m/tahun)", "Kerentanan Kenaikan Muka Air Laut": "Tinggi (2 – 4 mm/tahun)", "Kerentanan Gelombang": "Sangat Rendah (0-3 m)", "Desa": "Ungasan", "Kec": "Kuta Selatan", "CVI": 19.6396101212, "Kerentanan": "Sangat Tinggi ( > 12.5 )", "Panjang (km)": 0.43611918954000001 }, "geometry": { "type": "MultiLineString", "coordinates": [ [ [ 115.154831941256305, -8.847759086516037 ], [ 115.155210902778464, -8.847828853002756 ], [ 115.15541876781387, -8.847904577505039 ], [ 115.155434617919411, -8.847910351217095 ], [ 115.155570835985444, -8.847949011205202 ], [ 115.155914939015403, -8.848046670268987 ], [ 115.15625648671822, -8.848120498814174 ], [ 115.157218017809939, -8.848328341610902 ], [ 115.15739378827665, -8.848366335918714 ], [ 115.157877668558186, -8.848448996606786 ], [ 115.157933090829545, -8.84845846458766 ], [ 115.158062512251348, -8.848459101371667 ], [ 115.158111563049985, -8.848459342701508 ], [ 115.15823817308987, -8.848459965592982 ], [ 115.158425985755841, -8.848460889508068 ], [ 115.158492962052577, -8.84846121896472 ], [ 115.158606475905827, -8.848461777312423 ], [ 115.158712950863702, -8.84847289668893 ] ] ] } },
{ "type": "Feature", "properties": { "Kerentanan Geologi": "Sedang (Batuan Sedimen)", "Kerentanan Lereng": "Sangat Tinggi (<3%)", "Geomorfologi": "Pantai Berpasir", "Kerentanan Geomorfologi": "Sangat Tinggi", "Kerentanan Tunggang Pasut": "Sedang (≥2-<4)", "Kerentanan Laju Perubahan Garis Pantai": "Tinggi (<-1- (-2) m/tahun)", "Kerentanan Kenaikan Muka Air Laut": "Tinggi (2 – 4 mm/tahun)", "Kerentanan Gelombang": "Sangat Rendah (0-3 m)", "Desa": "Benoa", "Kec": "Kuta Selatan", "CVI": 22.6778683806, "Kerentanan": "Sangat Tinggi ( > 12.5 )", "Panjang (km)": 0.24804813898 }, "geometry": { "type": "MultiLineString", "coordinates": [ [ [ 115.220010115003049, -8.829114762355989 ], [ 115.220139683244597, -8.828918986927466 ], [ 115.220213321190059, -8.828608363348609 ], [ 115.220238517641562, -8.828369272795271 ], [ 115.220304229853866, -8.82799822318124 ], [ 115.220361524344042, -8.827985843872472 ], [ 115.220520899423491, -8.827951409495256 ], [ 115.220593160829921, -8.827927830629857 ], [ 115.220569570856071, -8.827832035252777 ], [ 115.220425965425704, -8.827687827603995 ], [ 115.220354276509539, -8.827591804110131 ], [ 115.220312933881274, -8.827346580963669 ], [ 115.220295334305973, -8.827242188894795 ] ] ] } },
{ "type": "Feature", "properties": { "Kerentanan Geologi": "Sedang (Batuan Sedimen)", "Kerentanan Lereng": "Sangat Tinggi (<3%)", "Geomorfologi": "Pantai Berpasir", "Kerentanan Geomorfologi": "Sangat Tinggi", "Kerentanan Tunggang Pasut": "Sedang (≥2-<4)", "Kerentanan Laju Perubahan Garis Pantai": "Tinggi (<-1- (-2) m/tahun)", "Kerentanan Kenaikan Muka Air Laut": "Tinggi (2 – 4 mm/tahun)", "Kerentanan Gelombang": "Sangat Rendah (0-3 m)", "Desa": "Kutuh", "Kec": "Kuta Selatan", "CVI": 22.6778683806, "Kerentanan": "Sangat Tinggi ( > 12.5 )", "Panjang (km)": 0.67283069492000003 }, "geometry": { "type": "MultiLineString", "coordinates": [ [ [ 115.182917532183225, -8.846114025982233 ], [ 115.183015947043685, -8.846077473289172 ], [ 115.183043347408656, -8.846068578995128 ] ], [ [ 115.183312545728228, -8.845996028007432 ], [ 115.183387439507129, -8.845977866719506 ], [ 115.184218353396574, -8.845831722435918 ], [ 115.184715450151359, -8.84575612466752 ], [ 115.185428403380328, -8.845580042922006 ], [ 115.18631906065805, -8.845416914234658 ], [ 115.187533364424596, -8.845217563597453 ], [ 115.187601357306761, -8.845198596813351 ], [ 115.187720375555472, -8.845165397145943 ], [ 115.187734424872573, -8.845161478126508 ], [ 115.187752657581129, -8.845156392289232 ], [ 115.187757047594374, -8.845155167706382 ], [ 115.187758542844733, -8.845153500580729 ], [ 115.187771554965678, -8.84513899877367 ], [ 115.187782231905629, -8.845127099369325 ], [ 115.187796774914304, -8.845110891732073 ], [ 115.187872597420579, -8.845026389658766 ] ], [ [ 115.189609056821922, -8.843510828162943 ], [ 115.189706283632873, -8.843436476999964 ], [ 115.189807888710092, -8.843365340185521 ], [ 115.189925591144245, -8.843288562791148 ], [ 115.190037286212899, -8.843219949131068 ], [ 115.190152090154584, -8.843154644027388 ], [ 115.190239124771566, -8.843109438120056 ], [ 115.19032849547682, -8.843068134651213 ], [ 115.190412187103263, -8.843035159267501 ], [ 115.190466619734792, -8.843016863175505 ], [ 115.190521732777881, -8.843000884816394 ], [ 115.190592443842675, -8.842984171731061 ], [ 115.190667778921807, -8.842970800762108 ], [ 115.190746544348585, -8.842961181116534 ] ] ] } },
{ "type": "Feature", "properties": { "Kerentanan Geologi": "Sedang (Batuan Sedimen)", "Kerentanan Lereng": "Sangat Tinggi (<3%)", "Geomorfologi": "Pantai Berpasir", "Kerentanan Geomorfologi": "Sangat Tinggi", "Kerentanan Tunggang Pasut": "Sedang (≥2-<4)", "Kerentanan Laju Perubahan Garis Pantai": "Tinggi (<-1- (-2) m/tahun)", "Kerentanan Kenaikan Muka Air Laut": "Tinggi (2 – 4 mm/tahun)", "Kerentanan Gelombang": "Sangat Rendah (0-3 m)", "Desa": "Ungasan", "Kec": "Kuta Selatan", "CVI": 22.6778683806, "Kerentanan": "Sangat Tinggi ( > 12.5 )", "Panjang (km)": 0.03421589071 }, "geometry": { "type": "MultiLineString", "coordinates": [ [ [ 115.15928805623841, -8.848582200602019 ], [ 115.159317674256386, -8.848599227904669 ], [ 115.159529405014339, -8.848581132453136 ], [ 115.159546713861204, -8.848574344814912 ], [ 115.159589214113709, -8.848557678400127 ] ] ] } },
{ "type": "Feature", "properties": { "Kerentanan Geologi": "Sedang (Batuan Sedimen)", "Kerentanan Lereng": "Sangat Tinggi (<3%)", "Geomorfologi": "Pantai Bertebing Sangat Curam", "Kerentanan Geomorfologi": "Sangat Rendah", "Kerentanan Tunggang Pasut": "Sedang (≥2-<4)", "Kerentanan Laju Perubahan Garis Pantai": "Sedang (-1-1 m/tahun)", "Kerentanan Kenaikan Muka Air Laut": "Tinggi (2 – 4 mm/tahun)", "Kerentanan Gelombang": "Sangat Rendah (0-3 m)", "Desa": "Benoa", "Kec": "Kuta Selatan", "CVI": 8.7831006565400003, "Kerentanan": "Tinggi ( 8.51 - 12.5 )", "Panjang (km)": 0.00415871769 }, "geometry": { "type": "MultiLineString", "coordinates": [ [ [ 115.237527503789636, -8.80277055066983 ], [ 115.237528531977617, -8.802808135639195 ] ] ] } },
{ "type": "Feature", "properties": { "Kerentanan Geologi": "Sedang (Batuan Sedimen)", "Kerentanan Lereng": "Sangat Tinggi (<3%)", "Geomorfologi": "Pantai Bertebing Sangat Curam", "Kerentanan Geomorfologi": "Sangat Rendah", "Kerentanan Tunggang Pasut": "Sedang (≥2-<4)", "Kerentanan Laju Perubahan Garis Pantai": "Sedang (-1-1 m/tahun)", "Kerentanan Kenaikan Muka Air Laut": "Tinggi (2 – 4 mm/tahun)", "Kerentanan Gelombang": "Sangat Rendah (0-3 m)", "Desa": "Jimbaran", "Kec": "Kuta Selatan", "CVI": 8.7831006565400003, "Kerentanan": "Tinggi ( 8.51 - 12.5 )", "Panjang (km)": 0.01564568104 }, "geometry": { "type": "MultiLineString", "coordinates": [ [ [ 115.161729657941791, -8.782524412803618 ], [ 115.161603759249658, -8.782590152560662 ] ] ] } }
]
}
