{
"type": "FeatureCollection",
"name": "LRRCLIP",
"crs": { "type": "name", "properties": { "name": "urn:ogc:def:crs:OGC:1.3:CRS84" } },
"features": [
{ "type": "Feature", "properties": { "LRR": -1.3, "LR2": 0.07, "Kec": "Mengwi", "Desa": "Cemagi", "KLRR": "Abrasi", "Panjang": 38.0686335101 }, "geometry": { "type": "MultiLineString", "coordinates": [ [ [ 115.099185299228267, -8.637714016313993 ], [ 115.098902636565839, -8.637912293881111 ] ] ] } },
{ "type": "Feature", "properties": { "LRR": -0.85, "LR2": 0.03, "Kec": "Mengwi", "Desa": "Cemagi", "KLRR": "Abrasi", "Panjang": 36.795422003699997 }, "geometry": { "type": "MultiLineString", "coordinates": [ [ [ 115.099336308710193, -8.637977699577471 ], [ 115.099066517010627, -8.638174082008316 ] ] ] } },
{ "type": "Feature", "properties": { "LRR": -1.28, "LR2": 0.08, "Kec": "Mengwi", "Desa": "Cemagi", "KLRR": "Abrasi", "Panjang": 32.645372553599998 }, "geometry": { "type": "MultiLineString", "coordinates": [ [ [ 115.099540765459111, -8.638253150110735 ], [ 115.099307922498255, -8.638435923789123 ] ] ] } },
{ "type": "Feature", "properties": { "LRR": -1.95, "LR2": 0.22, "Kec": "Mengwi", "Desa": "Cemagi", "KLRR": "Abrasi", "Panjang": 33.176141410200003 }, "geometry": { "type": "MultiLineString", "coordinates": [ [ [ 115.099743842989213, -8.638528335196165 ], [ 115.099513991533016, -8.638722325878874 ] ] ] } },
{ "type": "Feature", "properties": { "LRR": -1.17, "LR2": 0.12, "Kec": "Mengwi", "Desa": "Cemagi", "KLRR": "Abrasi", "Panjang": 32.013577900599998 }, "geometry": { "type": "MultiLineString", "coordinates": [ [ [ 115.099928535905761, -8.638812574417264 ], [ 115.099712973554318, -8.639006846704158 ] ] ] } },
{ "type": "Feature", "properties": { "LRR": -0.94, "LR2": 0.11, "Kec": "Mengwi", "Desa": "Cemagi", "KLRR": "Abrasi", "Panjang": 25.003421018299999 }, "geometry": { "type": "MultiLineString", "coordinates": [ [ [ 115.100090109586134, -8.63908804722025 ], [ 115.099925887647416, -8.639244205478494 ] ] ] } },
{ "type": "Feature", "properties": { "LRR": 0.13, "LR2": 0.09, "Kec": "Mengwi", "Desa": "Cemagi", "KLRR": "Akresi", "Panjang": 3.40778397958 }, "geometry": { "type": "MultiLineString", "coordinates": [ [ [ 115.100449347626295, -8.639540371851126 ], [ 115.100427643115282, -8.639562339296724 ] ] ] } },
{ "type": "Feature", "properties": { "LRR": 0.08, "LR2": 0.09, "Kec": "Mengwi", "Desa": "Cemagi", "KLRR": "Akresi", "Panjang": 2.0462552432300001 }, "geometry": { "type": "MultiLineString", "coordinates": [ [ [ 115.100768753492005, -8.639629837004566 ], [ 115.100755863226283, -8.639643165681948 ] ] ] } },
{ "type": "Feature", "properties": { "LRR": -0.08, "LR2": 0.09, "Kec": "Mengwi", "Desa": "Cemagi", "KLRR": "Abrasi", "Panjang": 2.1048738962 }, "geometry": { "type": "MultiLineString", "coordinates": [ [ [ 115.101062072953624, -8.639747399743536 ], [ 115.101048953007549, -8.63976124260148 ] ] ] } },
{ "type": "Feature", "properties": { "LRR": 0.1, "LR2": 0.09, "Kec": "Mengwi", "Desa": "Cemagi", "KLRR": "Akresi", "Panjang": 2.6318116380699998 }, "geometry": { "type": "MultiLineString", "coordinates": [ [ [ 115.101239155274072, -8.639965619819012 ], [ 115.101222847974057, -8.639983018782711 ] ] ] } },
{ "type": "Feature", "properties": { "LRR": 0.0, "LR2": 0.0, "Kec": "Mengwi", "Desa": "Cemagi", "KLRR": "Stabil", "Panjang": 0.0 }, "geometry": { "type": "MultiLineString", "coordinates": [ ] } },
{ "type": "Feature", "properties": { "LRR": 0.0, "LR2": 0.0, "Kec": "Mengwi", "Desa": "Cemagi", "KLRR": "Stabil", "Panjang": 0.0 }, "geometry": { "type": "MultiLineString", "coordinates": [ ] } },
{ "type": "Feature", "properties": { "LRR": 0.0, "LR2": 0.0, "Kec": "Mengwi", "Desa": "Cemagi", "KLRR": "Stabil", "Panjang": 0.0 }, "geometry": { "type": "MultiLineString", "coordinates": [ ] } },
{ "type": "Feature", "properties": { "LRR": 0.0, "LR2": 0.0, "Kec": "Mengwi", "Desa": "Cemagi", "KLRR": "Stabil", "Panjang": 0.0 }, "geometry": { "type": "MultiLineString", "coordinates": [ ] } },
{ "type": "Feature", "properties": { "LRR": 0.02, "LR2": 0.09, "Kec": "Mengwi", "Desa": "Cemagi", "KLRR": "Akresi", "Panjang": 0.56825803926999996 }, "geometry": { "type": "MultiLineString", "coordinates": [ [ [ 115.102074517518105, -8.640663520244114 ], [ 115.102070599924119, -8.640666865706393 ] ] ] } },
{ "type": "Feature", "properties": { "LRR": 0.0, "LR2": 0.09, "Kec": "Mengwi", "Desa": "Cemagi", "KLRR": "Stabil", "Panjang": 0.0 }, "geometry": { "type": "MultiLineString", "coordinates": [ [ [ 115.102243812307023, -8.640845869476815 ], [ 115.102243812307023, -8.640845869476815 ] ] ] } },
{ "type": "Feature", "properties": { "LRR": 0.0, "LR2": 0.0, "Kec": "Mengwi", "Desa": "Cemagi", "KLRR": "Stabil", "Panjang": 0.0 }, "geometry": { "type": "MultiLineString", "coordinates": [ ] } },
{ "type": "Feature", "properties": { "LRR": 0.0, "LR2": 0.0, "Kec": "Mengwi", "Desa": "Cemagi", "KLRR": "Stabil", "Panjang": 0.0 }, "geometry": { "type": "MultiLineString", "coordinates": [ ] } },
{ "type": "Feature", "properties": { "LRR": 0.0, "LR2": 0.0, "Kec": "Mengwi", "Desa": "Cemagi", "KLRR": "Stabil", "Panjang": 0.0 }, "geometry": { "type": "MultiLineString", "coordinates": [ ] } },
{ "type": "Feature", "properties": { "LRR": 0.01, "LR2": 0.16, "Kec": "Mengwi", "Desa": "Cemagi", "KLRR": "Akresi", "Panjang": 0.24191670084 }, "geometry": { "type": "MultiLineString", "coordinates": [ [ [ 115.102786002977879, -8.64182673413883 ], [ 115.102784337923154, -8.641828161522339 ] ] ] } },
{ "type": "Feature", "properties": { "LRR": 0.0, "LR2": 0.0, "Kec": "Mengwi", "Desa": "Cemagi", "KLRR": "Stabil", "Panjang": 0.0 }, "geometry": { "type": "MultiLineString", "coordinates": [ ] } },
{ "type": "Feature", "properties": { "LRR": -0.44, "LR2": 0.17, "Kec": "Mengwi", "Desa": "Cemagi", "KLRR": "Abrasi", "Panjang": 6.9529329895399998 }, "geometry": { "type": "MultiLineString", "coordinates": [ [ [ 115.10310285240628, -8.6423945323941 ], [ 115.103056951494807, -8.642437712104138 ] ] ] } },
{ "type": "Feature", "properties": { "LRR": -0.51, "LR2": 0.08, "Kec": "Mengwi", "Desa": "Cemagi", "KLRR": "Abrasi", "Panjang": 13.520488614 }, "geometry": { "type": "MultiLineString", "coordinates": [ [ [ 115.103405742244789, -8.642537987205818 ], [ 115.103318911007989, -8.642624436404551 ] ] ] } },
{ "type": "Feature", "properties": { "LRR": -0.95, "LR2": 0.24, "Kec": "Mengwi", "Desa": "Cemagi", "KLRR": "Abrasi", "Panjang": 16.207738132300001 }, "geometry": { "type": "MultiLineString", "coordinates": [ [ [ 115.103672503720105, -8.642749136307943 ], [ 115.103571767419638, -8.642855998872323 ] ] ] } },
{ "type": "Feature", "properties": { "LRR": -0.53, "LR2": 0.09, "Kec": "Mengwi", "Desa": "Cemagi", "KLRR": "Abrasi", "Panjang": 11.9491034447 }, "geometry": { "type": "MultiLineString", "coordinates": [ [ [ 115.103924456889075, -8.642992262357462 ], [ 115.103853185878705, -8.643073741403606 ] ] ] } },
{ "type": "Feature", "properties": { "LRR": -0.88, "LR2": 0.15, "Kec": "Mengwi", "Desa": "Cemagi", "KLRR": "Abrasi", "Panjang": 15.3186161276 }, "geometry": { "type": "MultiLineString", "coordinates": [ [ [ 115.104218381296732, -8.643175135903579 ], [ 115.104130886064226, -8.643282825378231 ] ] ] } },
{ "type": "Feature", "properties": { "LRR": -0.98, "LR2": 0.13, "Kec": "Mengwi", "Desa": "Cemagi", "KLRR": "Abrasi", "Panjang": 22.219624779499998 }, "geometry": { "type": "MultiLineString", "coordinates": [ [ [ 115.104536944591018, -8.643337013517108 ], [ 115.104415955543473, -8.643497803936896 ] ] ] } },
{ "type": "Feature", "properties": { "LRR": -1.12, "LR2": 0.2, "Kec": "Mengwi", "Desa": "Cemagi", "KLRR": "Abrasi", "Panjang": 20.558356765199999 }, "geometry": { "type": "MultiLineString", "coordinates": [ [ [ 115.10485174248673, -8.643502017479443 ], [ 115.104745477452624, -8.643654854724426 ] ] ] } },
{ "type": "Feature", "properties": { "LRR": -1.3, "LR2": 0.34, "Kec": "Mengwi", "Desa": "Cemagi", "KLRR": "Abrasi", "Panjang": 21.7816056333 }, "geometry": { "type": "MultiLineString", "coordinates": [ [ [ 115.10517363077075, -8.643670737616569 ], [ 115.105068555758507, -8.643837594545586 ] ] ] } },
{ "type": "Feature", "properties": { "LRR": -1.14, "LR2": 0.45, "Kec": "Mengwi", "Desa": "Cemagi", "KLRR": "Abrasi", "Panjang": 14.5419971703 }, "geometry": { "type": "MultiLineString", "coordinates": [ [ [ 115.105493401263445, -8.643862110716597 ], [ 115.105428871261694, -8.643976824707449 ] ] ] } },
{ "type": "Feature", "properties": { "LRR": -0.82, "LR2": 0.32, "Kec": "Mengwi", "Desa": "Cemagi", "KLRR": "Abrasi", "Panjang": 12.549915200199999 }, "geometry": { "type": "MultiLineString", "coordinates": [ [ [ 115.105843934973095, -8.644026042337412 ], [ 115.105793586032391, -8.644127835337745 ] ] ] } },
{ "type": "Feature", "properties": { "LRR": -0.49, "LR2": 0.07, "Kec": "Mengwi", "Desa": "Cemagi", "KLRR": "Abrasi", "Panjang": 13.077065194 }, "geometry": { "type": "MultiLineString", "coordinates": [ [ [ 115.106176244072387, -8.644169510773111 ], [ 115.106128240002562, -8.644277651019399 ] ] ] } },
{ "type": "Feature", "properties": { "LRR": -0.36, "LR2": 0.04, "Kec": "Mengwi", "Desa": "Cemagi", "KLRR": "Abrasi", "Panjang": 11.1156882731 }, "geometry": { "type": "MultiLineString", "coordinates": [ [ [ 115.106473012832481, -8.644320635026601 ], [ 115.106434794812429, -8.644413650118182 ] ] ] } },
{ "type": "Feature", "properties": { "LRR": -0.55, "LR2": 0.12, "Kec": "Mengwi", "Desa": "Cemagi", "KLRR": "Abrasi", "Panjang": 11.3674694119 }, "geometry": { "type": "MultiLineString", "coordinates": [ [ [ 115.106765004267416, -8.644441195713847 ], [ 115.106727849396876, -8.644537080138374 ] ] ] } },
{ "type": "Feature", "properties": { "LRR": -0.84, "LR2": 0.23, "Kec": "Mengwi", "Desa": "Cemagi", "KLRR": "Abrasi", "Panjang": 14.2976335176 }, "geometry": { "type": "MultiLineString", "coordinates": [ [ [ 115.107060958337399, -8.644547979977437 ], [ 115.107016646008034, -8.644669481524817 ] ] ] } },
{ "type": "Feature", "properties": { "LRR": -1.19, "LR2": 0.27, "Kec": "Mengwi", "Desa": "Cemagi", "KLRR": "Abrasi", "Panjang": 18.687116632199999 }, "geometry": { "type": "MultiLineString", "coordinates": [ [ [ 115.107375314925847, -8.644648996750064 ], [ 115.107321836915233, -8.644809334505663 ] ] ] } },
{ "type": "Feature", "properties": { "LRR": -1.23, "LR2": 0.26, "Kec": "Mengwi", "Desa": "Cemagi", "KLRR": "Abrasi", "Panjang": 17.360160453399999 }, "geometry": { "type": "MultiLineString", "coordinates": [ [ [ 115.107677717437937, -8.644746173476602 ], [ 115.107631298088592, -8.644896164050897 ] ] ] } },
{ "type": "Feature", "properties": { "LRR": -1.03, "LR2": 0.19, "Kec": "Mengwi", "Desa": "Cemagi", "KLRR": "Abrasi", "Panjang": 17.050309395799999 }, "geometry": { "type": "MultiLineString", "coordinates": [ [ [ 115.10796012528553, -8.644836923735808 ], [ 115.107916229632423, -8.644984746262208 ] ] ] } },
{ "type": "Feature", "properties": { "LRR": -0.97, "LR2": 0.19, "Kec": "Mengwi", "Desa": "Cemagi", "KLRR": "Abrasi", "Panjang": 15.951195634299999 }, "geometry": { "type": "MultiLineString", "coordinates": [ [ [ 115.108253516081405, -8.644929407805995 ], [ 115.108214746701833, -8.645068356225066 ] ] ] } },
{ "type": "Feature", "properties": { "LRR": -0.95, "LR2": 0.24, "Kec": "Mengwi", "Desa": "Cemagi", "KLRR": "Abrasi", "Panjang": 14.2460582569 }, "geometry": { "type": "MultiLineString", "coordinates": [ [ [ 115.108559230748725, -8.645014514919952 ], [ 115.108527259173826, -8.645139313294834 ] ] ] } },
{ "type": "Feature", "properties": { "LRR": -0.59, "LR2": 0.16, "Kec": "Mengwi", "Desa": "Cemagi", "KLRR": "Abrasi", "Panjang": 12.074877217399999 }, "geometry": { "type": "MultiLineString", "coordinates": [ [ [ 115.10885409802583, -8.645099375678189 ], [ 115.108828712047739, -8.645205574101752 ] ] ] } },
{ "type": "Feature", "properties": { "LRR": -0.45, "LR2": 0.1, "Kec": "Mengwi", "Desa": "Cemagi", "KLRR": "Abrasi", "Panjang": 11.7870984273 }, "geometry": { "type": "MultiLineString", "coordinates": [ [ [ 115.109133441241681, -8.645173042436182 ], [ 115.109109457874482, -8.645276895475202 ] ] ] } },
{ "type": "Feature", "properties": { "LRR": -0.55, "LR2": 0.11, "Kec": "Mengwi", "Desa": "Cemagi", "KLRR": "Abrasi", "Panjang": 13.040917088200001 }, "geometry": { "type": "MultiLineString", "coordinates": [ [ [ 115.10941269848071, -8.645213512672838 ], [ 115.109386643687856, -8.645328521472385 ] ] ] } },
{ "type": "Feature", "properties": { "LRR": -0.61, "LR2": 0.12, "Kec": "Mengwi", "Desa": "Cemagi", "KLRR": "Abrasi", "Panjang": 11.048058603299999 }, "geometry": { "type": "MultiLineString", "coordinates": [ [ [ 115.109682745995826, -8.645251041567589 ], [ 115.109660665290946, -8.645348473536533 ] ] ] } },
{ "type": "Feature", "properties": { "LRR": -0.66, "LR2": 0.14, "Kec": "Mengwi", "Desa": "Cemagi", "KLRR": "Abrasi", "Panjang": 12.6030436256 }, "geometry": { "type": "MultiLineString", "coordinates": [ [ [ 115.109941205954101, -8.645278051379972 ], [ 115.109915324879836, -8.645389038973443 ] ] ] } },
{ "type": "Feature", "properties": { "LRR": -0.61, "LR2": 0.13, "Kec": "Mengwi", "Desa": "Cemagi", "KLRR": "Abrasi", "Panjang": 12.5447258185 }, "geometry": { "type": "MultiLineString", "coordinates": [ [ [ 115.110183070601266, -8.645316110721984 ], [ 115.110155931929185, -8.645426257697492 ] ] ] } },
{ "type": "Feature", "properties": { "LRR": -0.54, "LR2": 0.09, "Kec": "Mengwi", "Desa": "Cemagi", "KLRR": "Abrasi", "Panjang": 13.729984138300001 }, "geometry": { "type": "MultiLineString", "coordinates": [ [ [ 115.110423207550838, -8.645355059119519 ], [ 115.110391979969819, -8.645475230882049 ] ] ] } },
{ "type": "Feature", "properties": { "LRR": -0.44, "LR2": 0.06, "Kec": "Mengwi", "Desa": "Cemagi", "KLRR": "Abrasi", "Panjang": 14.896860052599999 }, "geometry": { "type": "MultiLineString", "coordinates": [ [ [ 115.110658483711532, -8.645393218561377 ], [ 115.11062270638962, -8.645523100945107 ] ] ] } },
{ "type": "Feature", "properties": { "LRR": -0.27, "LR2": 0.02, "Kec": "Mengwi", "Desa": "Cemagi", "KLRR": "Abrasi", "Panjang": 16.0214441374 }, "geometry": { "type": "MultiLineString", "coordinates": [ [ [ 115.110882655733249, -8.6454295773531 ], [ 115.110841351063343, -8.645568463090585 ] ] ] } },
{ "type": "Feature", "properties": { "LRR": -0.42, "LR2": 0.04, "Kec": "Mengwi", "Desa": "Cemagi", "KLRR": "Abrasi", "Panjang": 15.983030125699999 }, "geometry": { "type": "MultiLineString", "coordinates": [ [ [ 115.1111086332984, -8.645466227898641 ], [ 115.111064606546591, -8.645603918649023 ] ] ] } },
{ "type": "Feature", "properties": { "LRR": -0.93, "LR2": 0.19, "Kec": "Mengwi", "Desa": "Cemagi", "KLRR": "Abrasi", "Panjang": 18.897925425 }, "geometry": { "type": "MultiLineString", "coordinates": [ [ [ 115.111335897419153, -8.645504134068357 ], [ 115.111280523406521, -8.645665848355279 ] ] ] } },
{ "type": "Feature", "properties": { "LRR": -1.29, "LR2": 0.36, "Kec": "Mengwi", "Desa": "Cemagi", "KLRR": "Abrasi", "Panjang": 19.508137806200001 }, "geometry": { "type": "MultiLineString", "coordinates": [ [ [ 115.111548205585336, -8.645579259471004 ], [ 115.111487458340235, -8.645744936890377 ] ] ] } },
{ "type": "Feature", "properties": { "LRR": -1.56, "LR2": 0.46, "Kec": "Mengwi", "Desa": "Cemagi", "KLRR": "Abrasi", "Panjang": 20.105808469199999 }, "geometry": { "type": "MultiLineString", "coordinates": [ [ [ 115.111753095726357, -8.645651758977968 ], [ 115.111686205559437, -8.64582089670029 ] ] ] } },
{ "type": "Feature", "properties": { "LRR": -1.84, "LR2": 0.51, "Kec": "Mengwi", "Desa": "Cemagi", "KLRR": "Abrasi", "Panjang": 22.154701149099999 }, "geometry": { "type": "MultiLineString", "coordinates": [ [ [ 115.111954479125146, -8.64572301791309 ], [ 115.111875658146687, -8.645907307556488 ] ] ] } },
{ "type": "Feature", "properties": { "LRR": -2.1, "LR2": 0.51, "Kec": "Mengwi", "Desa": "Cemagi", "KLRR": "Abrasi", "Panjang": 25.059865321 }, "geometry": { "type": "MultiLineString", "coordinates": [ [ [ 115.112154671905571, -8.645793855926087 ], [ 115.112059477903699, -8.645999650988408 ] ] ] } },
{ "type": "Feature", "properties": { "LRR": -2.1, "LR2": 0.44, "Kec": "Mengwi", "Desa": "Cemagi", "KLRR": "Abrasi", "Panjang": 27.1556673459 }, "geometry": { "type": "MultiLineString", "coordinates": [ [ [ 115.112349193312838, -8.645873988494937 ], [ 115.112239282579296, -8.646093775428559 ] ] ] } },
{ "type": "Feature", "properties": { "LRR": -1.9, "LR2": 0.34, "Kec": "Mengwi", "Desa": "Cemagi", "KLRR": "Abrasi", "Panjang": 27.077875494800001 }, "geometry": { "type": "MultiLineString", "coordinates": [ [ [ 115.112548212858584, -8.645982540408459 ], [ 115.11243370369435, -8.646199195701143 ] ] ] } },
{ "type": "Feature", "properties": { "LRR": -1.6, "LR2": 0.25, "Kec": "Mengwi", "Desa": "Cemagi", "KLRR": "Abrasi", "Panjang": 24.940925540199999 }, "geometry": { "type": "MultiLineString", "coordinates": [ [ [ 115.112749357085903, -8.646115069198613 ], [ 115.112640717502146, -8.646312936514621 ] ] ] } },
{ "type": "Feature", "properties": { "LRR": -1.08, "LR2": 0.36, "Kec": "Mengwi", "Desa": "Cemagi", "KLRR": "Abrasi", "Panjang": 15.881944044300001 }, "geometry": { "type": "MultiLineString", "coordinates": [ [ [ 115.112929726874896, -8.646309263230007 ], [ 115.112859320406912, -8.646434586986054 ] ] ] } },
{ "type": "Feature", "properties": { "LRR": 0.47, "LR2": 0.11, "Kec": "Mengwi", "Desa": "Cemagi", "KLRR": "Akresi", "Panjang": 12.6289611949 }, "geometry": { "type": "MultiLineString", "coordinates": [ [ [ 115.113107424220232, -8.646536298289758 ], [ 115.113051165676737, -8.646635800597508 ] ] ] } },
{ "type": "Feature", "properties": { "LRR": -0.05, "LR2": 0.0, "Kec": "Mengwi", "Desa": "Cemagi", "KLRR": "Abrasi", "Panjang": 14.005704356000001 }, "geometry": { "type": "MultiLineString", "coordinates": [ [ [ 115.113348051381266, -8.646644795514156 ], [ 115.113285196519072, -8.6467548843834 ] ] ] } },
{ "type": "Feature", "properties": { "LRR": -1.41, "LR2": 0.26, "Kec": "Mengwi", "Desa": "Cemagi", "KLRR": "Abrasi", "Panjang": 23.472717822300002 }, "geometry": { "type": "MultiLineString", "coordinates": [ [ [ 115.113632020963138, -8.646664673759476 ], [ 115.113525329700479, -8.646848406144622 ] ] ] } },
{ "type": "Feature", "properties": { "LRR": -1.43, "LR2": 0.26, "Kec": "Mengwi", "Desa": "Cemagi", "KLRR": "Abrasi", "Panjang": 24.1138474563 }, "geometry": { "type": "MultiLineString", "coordinates": [ [ [ 115.113860461771637, -8.646816183454838 ], [ 115.113751074069071, -8.647005059359541 ] ] ] } },
{ "type": "Feature", "properties": { "LRR": -0.87, "LR2": 0.12, "Kec": "Mengwi", "Desa": "Cemagi", "KLRR": "Abrasi", "Panjang": 20.713190499900001 }, "geometry": { "type": "MultiLineString", "coordinates": [ [ [ 115.114092526291074, -8.647015975691327 ], [ 115.114000891552919, -8.647179527960681 ] ] ] } },
{ "type": "Feature", "properties": { "LRR": -0.63, "LR2": 0.16, "Kec": "Mengwi", "Desa": "Cemagi", "KLRR": "Abrasi", "Panjang": 13.6133649753 }, "geometry": { "type": "MultiLineString", "coordinates": [ [ [ 115.114316831899046, -8.647215576830487 ], [ 115.114257715394103, -8.647323676404817 ] ] ] } },
{ "type": "Feature", "properties": { "LRR": -0.65, "LR2": 0.19, "Kec": "Mengwi", "Desa": "Cemagi", "KLRR": "Abrasi", "Panjang": 12.247697496700001 }, "geometry": { "type": "MultiLineString", "coordinates": [ [ [ 115.114564057855119, -8.647356828236193 ], [ 115.114511439370517, -8.647454388746997 ] ] ] } },
{ "type": "Feature", "properties": { "LRR": -0.49, "LR2": 0.09, "Kec": "Mengwi", "Desa": "Cemagi", "KLRR": "Abrasi", "Panjang": 13.3166578299 }, "geometry": { "type": "MultiLineString", "coordinates": [ [ [ 115.114804634860192, -8.647493713636644 ], [ 115.114747645533498, -8.647599907184274 ] ] ] } },
{ "type": "Feature", "properties": { "LRR": -0.2, "LR2": 0.01, "Kec": "Mengwi", "Desa": "Cemagi", "KLRR": "Abrasi", "Panjang": 13.051504683199999 }, "geometry": { "type": "MultiLineString", "coordinates": [ [ [ 115.115037296143797, -8.647628861220989 ], [ 115.114981323347166, -8.64773287742806 ] ] ] } },
{ "type": "Feature", "properties": { "LRR": -0.61, "LR2": 0.14, "Kec": "Mengwi", "Desa": "Cemagi", "KLRR": "Abrasi", "Panjang": 13.3149686001 }, "geometry": { "type": "MultiLineString", "coordinates": [ [ [ 115.115261145867166, -8.64776630591083 ], [ 115.115203566838915, -8.647872166659374 ] ] ] } },
{ "type": "Feature", "properties": { "LRR": -0.72, "LR2": 0.14, "Kec": "Mengwi", "Desa": "Munggu", "KLRR": "Abrasi", "Panjang": 17.1438522507 }, "geometry": { "type": "MultiLineString", "coordinates": [ [ [ 115.115495104228799, -8.647872150183421 ], [ 115.11542001291582, -8.648007933979514 ] ] ] } },
{ "type": "Feature", "properties": { "LRR": -0.72, "LR2": 0.09, "Kec": "Mengwi", "Desa": "Munggu", "KLRR": "Abrasi", "Panjang": 20.8806108257 }, "geometry": { "type": "MultiLineString", "coordinates": [ [ [ 115.115721455287712, -8.647974145391178 ], [ 115.115628321041427, -8.648138596624195 ] ] ] } },
{ "type": "Feature", "properties": { "LRR": -0.91, "LR2": 0.15, "Kec": "Mengwi", "Desa": "Munggu", "KLRR": "Abrasi", "Panjang": 18.854174238399999 }, "geometry": { "type": "MultiLineString", "coordinates": [ [ [ 115.115951390850739, -8.648097982948517 ], [ 115.115867314327389, -8.648246485185156 ] ] ] } },
{ "type": "Feature", "properties": { "LRR": -1.57, "LR2": 0.27, "Kec": "Mengwi", "Desa": "Munggu", "KLRR": "Abrasi", "Panjang": 25.814047131799999 }, "geometry": { "type": "MultiLineString", "coordinates": [ [ [ 115.116251238292989, -8.648109849970879 ], [ 115.116136177568535, -8.648313199856975 ] ] ] } },
{ "type": "Feature", "properties": { "LRR": -1.59, "LR2": 0.26, "Kec": "Mengwi", "Desa": "Munggu", "KLRR": "Abrasi", "Panjang": 27.597731578499999 }, "geometry": { "type": "MultiLineString", "coordinates": [ [ [ 115.116498581088848, -8.648179257426724 ], [ 115.11637342625275, -8.648395443246523 ] ] ] } },
{ "type": "Feature", "properties": { "LRR": -1.58, "LR2": 0.31, "Kec": "Mengwi", "Desa": "Munggu", "KLRR": "Abrasi", "Panjang": 26.3638838906 }, "geometry": { "type": "MultiLineString", "coordinates": [ [ [ 115.116706690285653, -8.648311859609906 ], [ 115.116584692079485, -8.648516962850797 ] ] ] } },
{ "type": "Feature", "properties": { "LRR": -1.57, "LR2": 0.29, "Kec": "Mengwi", "Desa": "Munggu", "KLRR": "Abrasi", "Panjang": 25.076817950300001 }, "geometry": { "type": "MultiLineString", "coordinates": [ [ [ 115.116923937181127, -8.648450283586449 ], [ 115.116806560491042, -8.648644581766899 ] ] ] } },
{ "type": "Feature", "properties": { "LRR": -1.83, "LR2": 0.36, "Kec": "Mengwi", "Desa": "Munggu", "KLRR": "Abrasi", "Panjang": 23.104808168000002 }, "geometry": { "type": "MultiLineString", "coordinates": [ [ [ 115.117140375208663, -8.648595392606882 ], [ 115.117031250898137, -8.648773822784705 ] ] ] } },
{ "type": "Feature", "properties": { "LRR": -2.02, "LR2": 0.53, "Kec": "Mengwi", "Desa": "Munggu", "KLRR": "Abrasi", "Panjang": 18.696440991100001 }, "geometry": { "type": "MultiLineString", "coordinates": [ [ [ 115.117341243744036, -8.648774397592913 ], [ 115.117252565860582, -8.648918556187425 ] ] ] } },
{ "type": "Feature", "properties": { "LRR": -1.94, "LR2": 0.52, "Kec": "Mengwi", "Desa": "Munggu", "KLRR": "Abrasi", "Panjang": 20.313062611399999 }, "geometry": { "type": "MultiLineString", "coordinates": [ [ [ 115.117554404615802, -8.64892147021239 ], [ 115.117457455002864, -8.649077724234747 ] ] ] } },
{ "type": "Feature", "properties": { "LRR": -1.64, "LR2": 0.38, "Kec": "Mengwi", "Desa": "Munggu", "KLRR": "Abrasi", "Panjang": 18.906818634099999 }, "geometry": { "type": "MultiLineString", "coordinates": [ [ [ 115.117733952074246, -8.649051740076214 ], [ 115.117640510243731, -8.649195159333653 ] ] ] } },
{ "type": "Feature", "properties": { "LRR": -1.3, "LR2": 0.22, "Kec": "Mengwi", "Desa": "Munggu", "KLRR": "Abrasi", "Panjang": 21.0210672481 }, "geometry": { "type": "MultiLineString", "coordinates": [ [ [ 115.117919706268069, -8.649169402592117 ], [ 115.117811863037034, -8.649326239604456 ] ] ] } },
{ "type": "Feature", "properties": { "LRR": -1.19, "LR2": 0.18, "Kec": "Mengwi", "Desa": "Munggu", "KLRR": "Abrasi", "Panjang": 22.760062266199999 }, "geometry": { "type": "MultiLineString", "coordinates": [ [ [ 115.118128837069136, -8.64930945414544 ], [ 115.118010419504074, -8.649478128477957 ] ] ] } },
{ "type": "Feature", "properties": { "LRR": -1.26, "LR2": 0.18, "Kec": "Mengwi", "Desa": "Munggu", "KLRR": "Abrasi", "Panjang": 24.0694581126 }, "geometry": { "type": "MultiLineString", "coordinates": [ [ [ 115.118345358435192, -8.649460124845403 ], [ 115.118219464603385, -8.649638039925518 ] ] ] } },
{ "type": "Feature", "properties": { "LRR": -0.86, "LR2": 0.11, "Kec": "Mengwi", "Desa": "Munggu", "KLRR": "Abrasi", "Panjang": 20.956985055000001 }, "geometry": { "type": "MultiLineString", "coordinates": [ [ [ 115.118556961591423, -8.649608217316832 ], [ 115.118446368755087, -8.64976243552343 ] ] ] } },
{ "type": "Feature", "properties": { "LRR": -0.52, "LR2": 0.07, "Kec": "Mengwi", "Desa": "Munggu", "KLRR": "Abrasi", "Panjang": 18.362726675200001 }, "geometry": { "type": "MultiLineString", "coordinates": [ [ [ 115.118781969482896, -8.649772959626183 ], [ 115.118685545652895, -8.64990842599444 ] ] ] } },
{ "type": "Feature", "properties": { "LRR": -0.33, "LR2": 0.03, "Kec": "Mengwi", "Desa": "Munggu", "KLRR": "Abrasi", "Panjang": 15.2267628317 }, "geometry": { "type": "MultiLineString", "coordinates": [ [ [ 115.119010471067924, -8.649946040863405 ], [ 115.118931302268408, -8.650058923779909 ] ] ] } },
{ "type": "Feature", "properties": { "LRR": -0.01, "LR2": 0.0, "Kec": "Mengwi", "Desa": "Munggu", "KLRR": "Abrasi", "Panjang": 17.592546190699998 }, "geometry": { "type": "MultiLineString", "coordinates": [ [ [ 115.119241487701061, -8.650109569438461 ], [ 115.119150728137498, -8.650240481109906 ] ] ] } },
{ "type": "Feature", "properties": { "LRR": -0.05, "LR2": 0.0, "Kec": "Mengwi", "Desa": "Munggu", "KLRR": "Abrasi", "Panjang": 19.891649895299999 }, "geometry": { "type": "MultiLineString", "coordinates": [ [ [ 115.119463248995757, -8.650266141814837 ], [ 115.119360659661467, -8.6504141833503 ] ] ] } },
{ "type": "Feature", "properties": { "LRR": -0.24, "LR2": 0.01, "Kec": "Mengwi", "Desa": "Pererenan", "KLRR": "Abrasi", "Panjang": 17.783085472500002 }, "geometry": { "type": "MultiLineString", "coordinates": [ [ [ 115.119632868882633, -8.650430876471397 ], [ 115.119538790833232, -8.650561572141578 ] ] ] } },
{ "type": "Feature", "properties": { "LRR": -0.85, "LR2": 0.24, "Kec": "Mengwi", "Desa": "Pererenan", "KLRR": "Abrasi", "Panjang": 12.368556054600001 }, "geometry": { "type": "MultiLineString", "coordinates": [ [ [ 115.119775732603998, -8.650611329554399 ], [ 115.119708259719033, -8.650700742918676 ] ] ] } },
{ "type": "Feature", "properties": { "LRR": -0.73, "LR2": 0.22, "Kec": "Mengwi", "Desa": "Pererenan", "KLRR": "Abrasi", "Panjang": 11.1739910755 }, "geometry": { "type": "MultiLineString", "coordinates": [ [ [ 115.119957575532567, -8.650728251610003 ], [ 115.119894685247502, -8.650807547614379 ] ] ] } },
{ "type": "Feature", "properties": { "LRR": -0.66, "LR2": 0.14, "Kec": "Mengwi", "Desa": "Pererenan", "KLRR": "Abrasi", "Panjang": 12.920282840400001 }, "geometry": { "type": "MultiLineString", "coordinates": [ [ [ 115.12019366946258, -8.650866001112139 ], [ 115.120120967860942, -8.650957703260408 ] ] ] } },
{ "type": "Feature", "properties": { "LRR": -0.73, "LR2": 0.14, "Kec": "Mengwi", "Desa": "Pererenan", "KLRR": "Abrasi", "Panjang": 12.864125834599999 }, "geometry": { "type": "MultiLineString", "coordinates": [ [ [ 115.120410412652163, -8.650993748781366 ], [ 115.120337201179467, -8.651084397956044 ] ] ] } },
{ "type": "Feature", "properties": { "LRR": -0.62, "LR2": 0.09, "Kec": "Mengwi", "Desa": "Pererenan", "KLRR": "Abrasi", "Panjang": 16.949005905300002 }, "geometry": { "type": "MultiLineString", "coordinates": [ [ [ 115.120614534187567, -8.651111854963476 ], [ 115.120516245954704, -8.651229802896198 ] ] ] } },
{ "type": "Feature", "properties": { "LRR": -0.78, "LR2": 0.11, "Kec": "Mengwi", "Desa": "Pererenan", "KLRR": "Abrasi", "Panjang": 20.7171610099 }, "geometry": { "type": "MultiLineString", "coordinates": [ [ [ 115.120826472975608, -8.65125457808643 ], [ 115.120705276216881, -8.6513978700325 ] ] ] } },
{ "type": "Feature", "properties": { "LRR": -0.39, "LR2": 0.03, "Kec": "Mengwi", "Desa": "Pererenan", "KLRR": "Abrasi", "Panjang": 17.076719152100001 }, "geometry": { "type": "MultiLineString", "coordinates": [ [ [ 115.121018200092664, -8.651471863527441 ], [ 115.120919087424198, -8.651590631116951 ] ] ] } },
{ "type": "Feature", "properties": { "LRR": -0.21, "LR2": 0.01, "Kec": "Mengwi", "Desa": "Pererenan", "KLRR": "Abrasi", "Panjang": 25.356389357299999 }, "geometry": { "type": "MultiLineString", "coordinates": [ [ [ 115.121158137218202, -8.651738531022128 ], [ 115.12101165594963, -8.651915448291689 ] ] ] } },
{ "type": "Feature", "properties": { "LRR": -0.44, "LR2": 0.02, "Kec": "Mengwi", "Desa": "Pererenan", "KLRR": "Abrasi", "Panjang": 25.538415386200001 }, "geometry": { "type": "MultiLineString", "coordinates": [ [ [ 115.121361747651335, -8.651910381604804 ], [ 115.121214507577449, -8.652088808624562 ] ] ] } },
{ "type": "Feature", "properties": { "LRR": -0.2, "LR2": 0.0, "Kec": "Mengwi", "Desa": "Pererenan", "KLRR": "Abrasi", "Panjang": 25.6031381393 }, "geometry": { "type": "MultiLineString", "coordinates": [ [ [ 115.121564801812781, -8.652032486273255 ], [ 115.121415552105887, -8.652210015727169 ] ] ] } },
{ "type": "Feature", "properties": { "LRR": 0.52, "LR2": 0.04, "Kec": "Mengwi", "Desa": "Pererenan", "KLRR": "Akresi", "Panjang": 23.1763793567 }, "geometry": { "type": "MultiLineString", "coordinates": [ [ [ 115.121783304451668, -8.652158885038428 ], [ 115.121647082346257, -8.652318649609111 ] ] ] } },
{ "type": "Feature", "properties": { "LRR": 0.62, "LR2": 0.06, "Kec": "Mengwi", "Desa": "Pererenan", "KLRR": "Akresi", "Panjang": 20.930985139699999 }, "geometry": { "type": "MultiLineString", "coordinates": [ [ [ 115.121994472917478, -8.652321055667416 ], [ 115.121871056116106, -8.652465009719116 ] ] ] } },
{ "type": "Feature", "properties": { "LRR": -0.19, "LR2": 0.01, "Kec": "Mengwi", "Desa": "Pererenan", "KLRR": "Abrasi", "Panjang": 23.095349454800001 }, "geometry": { "type": "MultiLineString", "coordinates": [ [ [ 115.122181926786553, -8.652495642785405 ], [ 115.122044581321532, -8.652653484482498 ] ] ] } },
{ "type": "Feature", "properties": { "LRR": -1.11, "LR2": 0.14, "Kec": "Mengwi", "Desa": "Pererenan", "KLRR": "Abrasi", "Panjang": 25.725464755600001 }, "geometry": { "type": "MultiLineString", "coordinates": [ [ [ 115.122377690711645, -8.652669865612927 ], [ 115.122224003654182, -8.652845076412223 ] ] ] } },
{ "type": "Feature", "properties": { "LRR": -1.61, "LR2": 0.23, "Kec": "Mengwi", "Desa": "Pererenan", "KLRR": "Abrasi", "Panjang": 25.054779850900001 }, "geometry": { "type": "MultiLineString", "coordinates": [ [ [ 115.122596698588325, -8.652832127832914 ], [ 115.122447197887013, -8.653002926671643 ] ] ] } },
{ "type": "Feature", "properties": { "LRR": -1.8, "LR2": 0.25, "Kec": "Mengwi", "Desa": "Pererenan", "KLRR": "Abrasi", "Panjang": 25.2584979606 }, "geometry": { "type": "MultiLineString", "coordinates": [ [ [ 115.122820068330824, -8.653010333658878 ], [ 115.122670604459188, -8.653183599043905 ] ] ] } },
{ "type": "Feature", "properties": { "LRR": -1.47, "LR2": 0.2, "Kec": "Mengwi", "Desa": "Pererenan", "KLRR": "Abrasi", "Panjang": 23.6405515778 }, "geometry": { "type": "MultiLineString", "coordinates": [ [ [ 115.123054351682285, -8.653199955160854 ], [ 115.122916816863906, -8.653364104785064 ] ] ] } },
{ "type": "Feature", "properties": { "LRR": -1.22, "LR2": 0.16, "Kec": "Mengwi", "Desa": "Pererenan", "KLRR": "Abrasi", "Panjang": 20.7205372355 }, "geometry": { "type": "MultiLineString", "coordinates": [ [ [ 115.123292215797662, -8.653392474466528 ], [ 115.123174054387732, -8.653538295410041 ] ] ] } },
{ "type": "Feature", "properties": { "LRR": -0.74, "LR2": 0.08, "Kec": "Mengwi", "Desa": "Pererenan", "KLRR": "Abrasi", "Panjang": 18.7905807325 }, "geometry": { "type": "MultiLineString", "coordinates": [ [ [ 115.123511261833855, -8.653569763789239 ], [ 115.123404737504714, -8.653702506815602 ] ] ] } },
{ "type": "Feature", "properties": { "LRR": -0.44, "LR2": 0.04, "Kec": "Mengwi", "Desa": "Pererenan", "KLRR": "Abrasi", "Panjang": 17.586224510200001 }, "geometry": { "type": "MultiLineString", "coordinates": [ [ [ 115.123696987579763, -8.653720083319577 ], [ 115.123595369846072, -8.653842767494611 ] ] ] } },
{ "type": "Feature", "properties": { "LRR": -0.26, "LR2": 0.02, "Kec": "Mengwi", "Desa": "Pererenan", "KLRR": "Abrasi", "Panjang": 16.310544682700002 }, "geometry": { "type": "MultiLineString", "coordinates": [ [ [ 115.123892853331256, -8.653878609852825 ], [ 115.123797592366515, -8.653991555090903 ] ] ] } },
{ "type": "Feature", "properties": { "LRR": -0.26, "LR2": 0.02, "Kec": "Mengwi", "Desa": "Pererenan", "KLRR": "Abrasi", "Panjang": 13.7714304059 }, "geometry": { "type": "MultiLineString", "coordinates": [ [ [ 115.124082541170736, -8.654046750530155 ], [ 115.124001349343814, -8.654141472980067 ] ] ] } },
{ "type": "Feature", "properties": { "LRR": -0.47, "LR2": 0.09, "Kec": "Mengwi", "Desa": "Pererenan", "KLRR": "Abrasi", "Panjang": 12.1692527662 }, "geometry": { "type": "MultiLineString", "coordinates": [ [ [ 115.124285552607617, -8.65424837234365 ], [ 115.124214340159597, -8.654332524690467 ] ] ] } },
{ "type": "Feature", "properties": { "LRR": -0.56, "LR2": 0.07, "Kec": "Kuta Utara", "Desa": "Canggu", "KLRR": "Abrasi", "Panjang": 14.6721332328 }, "geometry": { "type": "MultiLineString", "coordinates": [ [ [ 115.124501320795787, -8.654417243787723 ], [ 115.124415550964045, -8.654518778574371 ] ] ] } },
{ "type": "Feature", "properties": { "LRR": -0.55, "LR2": 0.04, "Kec": "Kuta Utara", "Desa": "Canggu", "KLRR": "Abrasi", "Panjang": 22.028519990300001 }, "geometry": { "type": "MultiLineString", "coordinates": [ [ [ 115.124721892661782, -8.654567522295794 ], [ 115.12459267397783, -8.654719591697461 ] ] ] } },
{ "type": "Feature", "properties": { "LRR": -0.72, "LR2": 0.06, "Kec": "Kuta Utara", "Desa": "Canggu", "KLRR": "Abrasi", "Panjang": 25.900737163199999 }, "geometry": { "type": "MultiLineString", "coordinates": [ [ [ 115.124906406783751, -8.654735969130364 ], [ 115.124752676723546, -8.654913242045639 ] ] ] } },
{ "type": "Feature", "properties": { "LRR": -0.71, "LR2": 0.07, "Kec": "Kuta Utara", "Desa": "Canggu", "KLRR": "Abrasi", "Panjang": 26.2892710524 }, "geometry": { "type": "MultiLineString", "coordinates": [ [ [ 115.125062138745108, -8.654918091567364 ], [ 115.124903420362202, -8.655095685438534 ] ] ] } },
{ "type": "Feature", "properties": { "LRR": -0.77, "LR2": 0.09, "Kec": "Kuta Utara", "Desa": "Canggu", "KLRR": "Abrasi", "Panjang": 21.730884626400002 }, "geometry": { "type": "MultiLineString", "coordinates": [ [ [ 115.125203317623757, -8.655152912630975 ], [ 115.125071656783177, -8.65529930176039 ] ] ] } },
{ "type": "Feature", "properties": { "LRR": -1.3, "LR2": 0.26, "Kec": "Kuta Utara", "Desa": "Canggu", "KLRR": "Abrasi", "Panjang": 18.2644281872 }, "geometry": { "type": "MultiLineString", "coordinates": [ [ [ 115.125362916443166, -8.655395048310471 ], [ 115.125252891427309, -8.655518647317503 ] ] ] } },
{ "type": "Feature", "properties": { "LRR": -2.1, "LR2": 0.68, "Kec": "Kuta Utara", "Desa": "Canggu", "KLRR": "Abrasi", "Panjang": 19.808971841599998 }, "geometry": { "type": "MultiLineString", "coordinates": [ [ [ 115.125554120902166, -8.655575704552627 ], [ 115.125434669036679, -8.655709647774849 ] ] ] } },
{ "type": "Feature", "properties": { "LRR": -1.16, "LR2": 0.45, "Kec": "Kuta Utara", "Desa": "Canggu", "KLRR": "Abrasi", "Panjang": 12.3150561734 }, "geometry": { "type": "MultiLineString", "coordinates": [ [ [ 115.125760728669931, -8.655742114097368 ], [ 115.125686423638356, -8.655825347505965 ] ] ] } },
{ "type": "Feature", "properties": { "LRR": 0.02, "LR2": 0.0, "Kec": "Kuta Utara", "Desa": "Canggu", "KLRR": "Akresi", "Panjang": 15.8953581571 }, "geometry": { "type": "MultiLineString", "coordinates": [ [ [ 115.125985869059306, -8.655878211727591 ], [ 115.125889484483935, -8.655985219550763 ] ] ] } },
{ "type": "Feature", "properties": { "LRR": 0.08, "LR2": 0.0, "Kec": "Kuta Utara", "Desa": "Canggu", "KLRR": "Akresi", "Panjang": 18.248149037200001 }, "geometry": { "type": "MultiLineString", "coordinates": [ [ [ 115.126183186913138, -8.656029023034598 ], [ 115.126071260734207, -8.656150720776731 ] ] ] } },
{ "type": "Feature", "properties": { "LRR": -0.26, "LR2": 0.01, "Kec": "Kuta Utara", "Desa": "Canggu", "KLRR": "Abrasi", "Panjang": 23.738249407200001 }, "geometry": { "type": "MultiLineString", "coordinates": [ [ [ 115.126378949385995, -8.656178774323989 ], [ 115.126231472949058, -8.656335356508039 ] ] ] } },
{ "type": "Feature", "properties": { "LRR": -0.48, "LR2": 0.01, "Kec": "Kuta Utara", "Desa": "Canggu", "KLRR": "Abrasi", "Panjang": 27.219239914 }, "geometry": { "type": "MultiLineString", "coordinates": [ [ [ 115.12658061938717, -8.656369408996961 ], [ 115.126412123896159, -8.656549516810291 ] ] ] } },
{ "type": "Feature", "properties": { "LRR": -0.8, "LR2": 0.03, "Kec": "Kuta Utara", "Desa": "Canggu", "KLRR": "Abrasi", "Panjang": 32.110332389100002 }, "geometry": { "type": "MultiLineString", "coordinates": [ [ [ 115.126796043970501, -8.656556967561128 ], [ 115.126598898722648, -8.656770935940086 ] ] ] } },
{ "type": "Feature", "properties": { "LRR": -0.71, "LR2": 0.03, "Kec": "Kuta Utara", "Desa": "Canggu", "KLRR": "Abrasi", "Panjang": 26.486111020300001 }, "geometry": { "type": "MultiLineString", "coordinates": [ [ [ 115.127021336369964, -8.656730479162782 ], [ 115.126860142146413, -8.656908256111704 ] ] ] } },
{ "type": "Feature", "properties": { "LRR": -0.01, "LR2": 0.0, "Kec": "Kuta Utara", "Desa": "Canggu", "KLRR": "Abrasi", "Panjang": 30.7945839142 }, "geometry": { "type": "MultiLineString", "coordinates": [ [ [ 115.127269627833641, -8.656889604881119 ], [ 115.127084299840703, -8.657098156408681 ] ] ] } },
{ "type": "Feature", "properties": { "LRR": 0.28, "LR2": 0.0, "Kec": "Kuta Utara", "Desa": "Canggu", "KLRR": "Akresi", "Panjang": 32.714753746699998 }, "geometry": { "type": "MultiLineString", "coordinates": [ [ [ 115.127495632495652, -8.657058245076026 ], [ 115.127299822350295, -8.657280741154972 ] ] ] } },
{ "type": "Feature", "properties": { "LRR": 0.36, "LR2": 0.01, "Kec": "Kuta Utara", "Desa": "Canggu", "KLRR": "Akresi", "Panjang": 35.8794253557 }, "geometry": { "type": "MultiLineString", "coordinates": [ [ [ 115.127703564724825, -8.657196921976556 ], [ 115.127486095911067, -8.657438546913587 ] ] ] } },
{ "type": "Feature", "properties": { "LRR": 0.16, "LR2": 0.0, "Kec": "Kuta Utara", "Desa": "Canggu", "KLRR": "Akresi", "Panjang": 32.248085123300001 }, "geometry": { "type": "MultiLineString", "coordinates": [ [ [ 115.127898565570021, -8.657358936210068 ], [ 115.127701295332272, -8.657574478552002 ] ] ] } },
{ "type": "Feature", "properties": { "LRR": -0.06, "LR2": 0.0, "Kec": "Kuta Utara", "Desa": "Canggu", "KLRR": "Abrasi", "Panjang": 25.850508401300001 }, "geometry": { "type": "MultiLineString", "coordinates": [ [ [ 115.128091014515562, -8.65754100172323 ], [ 115.12793267495276, -8.657713597485239 ] ] ] } },
{ "type": "Feature", "properties": { "LRR": -0.27, "LR2": 0.01, "Kec": "Kuta Utara", "Desa": "Canggu", "KLRR": "Abrasi", "Panjang": 24.450713627399999 }, "geometry": { "type": "MultiLineString", "coordinates": [ [ [ 115.128295798747956, -8.657735662375858 ], [ 115.12814692071116, -8.657899714151455 ] ] ] } },
{ "type": "Feature", "properties": { "LRR": -0.49, "LR2": 0.06, "Kec": "Kuta Utara", "Desa": "Canggu", "KLRR": "Abrasi", "Panjang": 17.641329322000001 }, "geometry": { "type": "MultiLineString", "coordinates": [ [ [ 115.128468496421121, -8.657975069745548 ], [ 115.128362015306408, -8.65809426798242 ] ] ] } },
{ "type": "Feature", "properties": { "LRR": -0.75, "LR2": 0.16, "Kec": "Kuta Utara", "Desa": "Canggu", "KLRR": "Abrasi", "Panjang": 15.378556106 }, "geometry": { "type": "MultiLineString", "coordinates": [ [ [ 115.128640388724733, -8.658158179014945 ], [ 115.128546524146671, -8.658261157807113 ] ] ] } },
{ "type": "Feature", "properties": { "LRR": -0.86, "LR2": 0.18, "Kec": "Kuta Utara", "Desa": "Canggu", "KLRR": "Abrasi", "Panjang": 13.731643912399999 }, "geometry": { "type": "MultiLineString", "coordinates": [ [ [ 115.128822636395412, -8.658321962161871 ], [ 115.128737682078579, -8.65841286927769 ] ] ] } },
{ "type": "Feature", "properties": { "LRR": -0.74, "LR2": 0.13, "Kec": "Kuta Utara", "Desa": "Canggu", "KLRR": "Abrasi", "Panjang": 15.8297348569 }, "geometry": { "type": "MultiLineString", "coordinates": [ [ [ 115.129023222990284, -8.658473472855658 ], [ 115.128924214987052, -8.658577266447255 ] ] ] } },
{ "type": "Feature", "properties": { "LRR": -0.47, "LR2": 0.06, "Kec": "Kuta Utara", "Desa": "Canggu", "KLRR": "Abrasi", "Panjang": 13.4718494477 }, "geometry": { "type": "MultiLineString", "coordinates": [ [ [ 115.129201657542566, -8.658658493532407 ], [ 115.129116778793119, -8.6587462386951 ] ] ] } },
{ "type": "Feature", "properties": { "LRR": -0.33, "LR2": 0.03, "Kec": "Kuta Utara", "Desa": "Canggu", "KLRR": "Abrasi", "Panjang": 13.582483274199999 }, "geometry": { "type": "MultiLineString", "coordinates": [ [ [ 115.129405917942378, -8.658836401699523 ], [ 115.129320286371694, -8.658924814038871 ] ] ] } },
{ "type": "Feature", "properties": { "LRR": -0.45, "LR2": 0.04, "Kec": "Kuta Utara", "Desa": "Canggu", "KLRR": "Abrasi", "Panjang": 14.9147533907 }, "geometry": { "type": "MultiLineString", "coordinates": [ [ [ 115.129627411304057, -8.659017190372195 ], [ 115.129533978179893, -8.659114844790746 ] ] ] } },
{ "type": "Feature", "properties": { "LRR": -0.62, "LR2": 0.08, "Kec": "Kuta Utara", "Desa": "Canggu", "KLRR": "Abrasi", "Panjang": 18.186065172199999 }, "geometry": { "type": "MultiLineString", "coordinates": [ [ [ 115.129867049742217, -8.659197009066435 ], [ 115.129754588996676, -8.659317454084711 ] ] ] } },
{ "type": "Feature", "properties": { "LRR": -0.54, "LR2": 0.08, "Kec": "Kuta Utara", "Desa": "Canggu", "KLRR": "Abrasi", "Panjang": 15.453429294799999 }, "geometry": { "type": "MultiLineString", "coordinates": [ [ [ 115.130063486554832, -8.659411554736339 ], [ 115.129968801584326, -8.659514706167288 ] ] ] } },
{ "type": "Feature", "properties": { "LRR": -0.73, "LR2": 0.14, "Kec": "Kuta Utara", "Desa": "Canggu", "KLRR": "Abrasi", "Panjang": 16.133315307899998 }, "geometry": { "type": "MultiLineString", "coordinates": [ [ [ 115.130297282437553, -8.659620709529561 ], [ 115.130200579593179, -8.659730313388897 ] ] ] } },
{ "type": "Feature", "properties": { "LRR": -0.64, "LR2": 0.1, "Kec": "Kuta Utara", "Desa": "Canggu", "KLRR": "Abrasi", "Panjang": 17.056433779599999 }, "geometry": { "type": "MultiLineString", "coordinates": [ [ [ 115.130528572969084, -8.659836846711736 ], [ 115.130428825111068, -8.659954849849386 ] ] ] } },
{ "type": "Feature", "properties": { "LRR": -0.58, "LR2": 0.07, "Kec": "Kuta Utara", "Desa": "Canggu", "KLRR": "Abrasi", "Panjang": 19.3340349797 }, "geometry": { "type": "MultiLineString", "coordinates": [ [ [ 115.130758455297894, -8.660034460809586 ], [ 115.130647448432995, -8.660169919740824 ] ] ] } },
{ "type": "Feature", "properties": { "LRR": -0.63, "LR2": 0.07, "Kec": "Kuta Utara", "Desa": "Canggu", "KLRR": "Abrasi", "Panjang": 20.0977703141 }, "geometry": { "type": "MultiLineString", "coordinates": [ [ [ 115.130975788458443, -8.660238929538057 ], [ 115.130862222292308, -8.660381201694561 ] ] ] } },
{ "type": "Feature", "properties": { "LRR": -0.58, "LR2": 0.05, "Kec": "Kuta Utara", "Desa": "Canggu", "KLRR": "Abrasi", "Panjang": 21.979718213400002 }, "geometry": { "type": "MultiLineString", "coordinates": [ [ [ 115.131197019114794, -8.660433140760546 ], [ 115.131074599579662, -8.660590126717617 ] ] ] } },
{ "type": "Feature", "properties": { "LRR": -0.69, "LR2": 0.07, "Kec": "Kuta Utara", "Desa": "Canggu", "KLRR": "Abrasi", "Panjang": 23.346547133200001 }, "geometry": { "type": "MultiLineString", "coordinates": [ [ [ 115.131409846185292, -8.660625538854061 ], [ 115.131281113916572, -8.660793283108239 ] ] ] } },
{ "type": "Feature", "properties": { "LRR": -0.48, "LR2": 0.04, "Kec": "Kuta Utara", "Desa": "Canggu", "KLRR": "Abrasi", "Panjang": 19.4165682983 }, "geometry": { "type": "MultiLineString", "coordinates": [ [ [ 115.131612667567126, -8.66081031281624 ], [ 115.131505763801954, -8.660949940811456 ] ] ] } },
{ "type": "Feature", "properties": { "LRR": -0.36, "LR2": 0.03, "Kec": "Kuta Utara", "Desa": "Canggu", "KLRR": "Abrasi", "Panjang": 19.695069851100001 }, "geometry": { "type": "MultiLineString", "coordinates": [ [ [ 115.131837409509728, -8.660961426184318 ], [ 115.131728874553275, -8.66110298277993 ] ] ] } },
{ "type": "Feature", "properties": { "LRR": -0.37, "LR2": 0.03, "Kec": "Kuta Utara", "Desa": "Canggu", "KLRR": "Abrasi", "Panjang": 17.6969531407 }, "geometry": { "type": "MultiLineString", "coordinates": [ [ [ 115.13204175177529, -8.661127681362617 ], [ 115.131944057801945, -8.661254747340898 ] ] ] } },
{ "type": "Feature", "properties": { "LRR": -0.21, "LR2": 0.01, "Kec": "Kuta Utara", "Desa": "Canggu", "KLRR": "Abrasi", "Panjang": 16.330045697700001 }, "geometry": { "type": "MultiLineString", "coordinates": [ [ [ 115.13223855924258, -8.661285246854183 ], [ 115.132147998907683, -8.661402183365247 ] ] ] } },
{ "type": "Feature", "properties": { "LRR": -0.15, "LR2": 0.01, "Kec": "Kuta Utara", "Desa": "Canggu", "KLRR": "Abrasi", "Panjang": 15.9947932191 }, "geometry": { "type": "MultiLineString", "coordinates": [ [ [ 115.132450196285419, -8.661438063369271 ], [ 115.132361179840146, -8.66155235676591 ] ] ] } },
{ "type": "Feature", "properties": { "LRR": -0.4, "LR2": 0.04, "Kec": "Kuta Utara", "Desa": "Canggu", "KLRR": "Abrasi", "Panjang": 18.0350057952 }, "geometry": { "type": "MultiLineString", "coordinates": [ [ [ 115.132678476120859, -8.66156241530496 ], [ 115.132577379133622, -8.661690724197625 ] ] ] } },
{ "type": "Feature", "properties": { "LRR": -0.16, "LR2": 0.01, "Kec": "Kuta Utara", "Desa": "Canggu", "KLRR": "Abrasi", "Panjang": 13.1769180403 }, "geometry": { "type": "MultiLineString", "coordinates": [ [ [ 115.132927185399026, -8.661697894708874 ], [ 115.132853685478466, -8.661791924412627 ] ] ] } },
{ "type": "Feature", "properties": { "LRR": -0.13, "LR2": 0.0, "Kec": "Kuta Utara", "Desa": "Canggu", "KLRR": "Abrasi", "Panjang": 14.4393192613 }, "geometry": { "type": "MultiLineString", "coordinates": [ [ [ 115.133210643102927, -8.661834207303842 ], [ 115.133131808463872, -8.661938544461787 ] ] ] } },
{ "type": "Feature", "properties": { "LRR": -0.21, "LR2": 0.01, "Kec": "Kuta Utara", "Desa": "Canggu", "KLRR": "Abrasi", "Panjang": 14.5592677037 }, "geometry": { "type": "MultiLineString", "coordinates": [ [ [ 115.133474995832628, -8.662017151164997 ], [ 115.133397935219065, -8.662124129683169 ] ] ] } },
{ "type": "Feature", "properties": { "LRR": -0.16, "LR2": 0.0, "Kec": "Kuta Utara", "Desa": "Canggu", "KLRR": "Abrasi", "Panjang": 18.259818533299999 }, "geometry": { "type": "MultiLineString", "coordinates": [ [ [ 115.133700234994535, -8.662195797624367 ], [ 115.133604690860054, -8.662330747169085 ] ] ] } },
{ "type": "Feature", "properties": { "LRR": -0.04, "LR2": 0.0, "Kec": "Kuta Utara", "Desa": "Canggu", "KLRR": "Abrasi", "Panjang": 12.607915161399999 }, "geometry": { "type": "MultiLineString", "coordinates": [ [ [ 115.133864576363933, -8.662444914059384 ], [ 115.133798977067229, -8.66253835240836 ] ] ] } },
{ "type": "Feature", "properties": { "LRR": -0.26, "LR2": 0.04, "Kec": "Kuta Utara", "Desa": "Canggu", "KLRR": "Abrasi", "Panjang": 10.2645054322 }, "geometry": { "type": "MultiLineString", "coordinates": [ [ [ 115.134004763071772, -8.662657413634644 ], [ 115.133950355814719, -8.66273277926638 ] ] ] } },
{ "type": "Feature", "properties": { "LRR": -0.19, "LR2": 0.02, "Kec": "Kuta Utara", "Desa": "Canggu", "KLRR": "Abrasi", "Panjang": 13.1102326027 }, "geometry": { "type": "MultiLineString", "coordinates": [ [ [ 115.134166999012805, -8.662855832462375 ], [ 115.134096708862131, -8.662951516254731 ] ] ] } },
{ "type": "Feature", "properties": { "LRR": -0.49, "LR2": 0.09, "Kec": "Kuta Utara", "Desa": "Canggu", "KLRR": "Abrasi", "Panjang": 14.1288890044 }, "geometry": { "type": "MultiLineString", "coordinates": [ [ [ 115.13435405550409, -8.663010069661267 ], [ 115.1342772357889, -8.6631124026467 ] ] ] } },
{ "type": "Feature", "properties": { "LRR": 0.3, "LR2": 0.01, "Kec": "Kuta Utara", "Desa": "Tibubeneng", "KLRR": "Akresi", "Panjang": 17.3659587231 }, "geometry": { "type": "MultiLineString", "coordinates": [ [ [ 115.138193338322239, -8.665858884821985 ], [ 115.138081846422352, -8.665969968280486 ] ] ] } },
{ "type": "Feature", "properties": { "LRR": 0.56, "LR2": 0.06, "Kec": "Kuta Utara", "Desa": "Tibubeneng", "KLRR": "Akresi", "Panjang": 18.822947709899999 }, "geometry": { "type": "MultiLineString", "coordinates": [ [ [ 115.138346105276213, -8.666110162389048 ], [ 115.138226102276406, -8.666231397749842 ] ] ] } },
{ "type": "Feature", "properties": { "LRR": 0.46, "LR2": 0.08, "Kec": "Kuta Utara", "Desa": "Tibubeneng", "KLRR": "Akresi", "Panjang": 14.4955159989 }, "geometry": { "type": "MultiLineString", "coordinates": [ [ [ 115.138456213051654, -8.666320012946134 ], [ 115.13836227664892, -8.666411859417394 ] ] ] } },
{ "type": "Feature", "properties": { "LRR": 0.35, "LR2": 0.03, "Kec": "Kuta Utara", "Desa": "Tibubeneng", "KLRR": "Akresi", "Panjang": 13.2842387301 }, "geometry": { "type": "MultiLineString", "coordinates": [ [ [ 115.138581682889878, -8.666508320320039 ], [ 115.138494181051101, -8.666591034559563 ] ] ] } },
{ "type": "Feature", "properties": { "LRR": 0.41, "LR2": 0.05, "Kec": "Kuta Utara", "Desa": "Tibubeneng", "KLRR": "Akresi", "Panjang": 13.163296757099999 }, "geometry": { "type": "MultiLineString", "coordinates": [ [ [ 115.138721113095684, -8.666690193657578 ], [ 115.138633121077916, -8.666770785501575 ] ] ] } },
{ "type": "Feature", "properties": { "LRR": 0.52, "LR2": 0.06, "Kec": "Kuta Utara", "Desa": "Tibubeneng", "KLRR": "Akresi", "Panjang": 16.2935210218 }, "geometry": { "type": "MultiLineString", "coordinates": [ [ [ 115.138893210331844, -8.66687114939786 ], [ 115.138783372473796, -8.666969900588974 ] ] ] } },
{ "type": "Feature", "properties": { "LRR": 0.66, "LR2": 0.08, "Kec": "Kuta Utara", "Desa": "Tibubeneng", "KLRR": "Akresi", "Panjang": 18.080118606 }, "geometry": { "type": "MultiLineString", "coordinates": [ [ [ 115.1390582545299, -8.667062878845906 ], [ 115.138935447359032, -8.667171430254042 ] ] ] } },
{ "type": "Feature", "properties": { "LRR": 0.34, "LR2": 0.02, "Kec": "Kuta Utara", "Desa": "Tibubeneng", "KLRR": "Akresi", "Panjang": 18.6963663553 }, "geometry": { "type": "MultiLineString", "coordinates": [ [ [ 115.139230123088055, -8.667241260411201 ], [ 115.13910211563784, -8.667352364933283 ] ] ] } },
{ "type": "Feature", "properties": { "LRR": 0.59, "LR2": 0.06, "Kec": "Kuta Utara", "Desa": "Tibubeneng", "KLRR": "Akresi", "Panjang": 16.268087095799999 }, "geometry": { "type": "MultiLineString", "coordinates": [ [ [ 115.139409617724326, -8.667419324686701 ], [ 115.139297433279438, -8.667515075742429 ] ] ] } },
{ "type": "Feature", "properties": { "LRR": 0.64, "LR2": 0.08, "Kec": "Kuta Utara", "Desa": "Tibubeneng", "KLRR": "Akresi", "Panjang": 18.188846852499999 }, "geometry": { "type": "MultiLineString", "coordinates": [ [ [ 115.1396402563647, -8.667580190446028 ], [ 115.13951486061876, -8.66768728653847 ] ] ] } },
{ "type": "Feature", "properties": { "LRR": 0.61, "LR2": 0.06, "Kec": "Kuta Utara", "Desa": "Tibubeneng", "KLRR": "Akresi", "Panjang": 20.5894875119 }, "geometry": { "type": "MultiLineString", "coordinates": [ [ [ 115.139864980575737, -8.667759368106335 ], [ 115.139723689546358, -8.667881354581247 ] ] ] } },
{ "type": "Feature", "properties": { "LRR": 0.37, "LR2": 0.03, "Kec": "Kuta Utara", "Desa": "Tibubeneng", "KLRR": "Akresi", "Panjang": 17.579769398100002 }, "geometry": { "type": "MultiLineString", "coordinates": [ [ [ 115.140076069914116, -8.667958291905524 ], [ 115.139956307477092, -8.6680634419969 ] ] ] } },
{ "type": "Feature", "properties": { "LRR": 0.14, "LR2": 0.01, "Kec": "Kuta Utara", "Desa": "Tibubeneng", "KLRR": "Akresi", "Panjang": 12.523254160500001 }, "geometry": { "type": "MultiLineString", "coordinates": [ [ [ 115.1402495063369, -8.668192699535371 ], [ 115.140164846472715, -8.668268337387845 ] ] ] } },
{ "type": "Feature", "properties": { "LRR": 0.17, "LR2": 0.01, "Kec": "Kuta Utara", "Desa": "Tibubeneng", "KLRR": "Akresi", "Panjang": 13.501638374500001 }, "geometry": { "type": "MultiLineString", "coordinates": [ [ [ 115.140445335451005, -8.66839459832252 ], [ 115.14035441208604, -8.668476532378543 ] ] ] } },
{ "type": "Feature", "properties": { "LRR": 0.6, "LR2": 0.13, "Kec": "Kuta Utara", "Desa": "Tibubeneng", "KLRR": "Akresi", "Panjang": 13.1062714523 }, "geometry": { "type": "MultiLineString", "coordinates": [ [ [ 115.140631763453868, -8.66862362754142 ], [ 115.140544336151507, -8.668704068868525 ] ] ] } },
{ "type": "Feature", "properties": { "LRR": 0.9, "LR2": 0.4, "Kec": "Kuta Utara", "Desa": "Tibubeneng", "KLRR": "Akresi", "Panjang": 12.166235738699999 }, "geometry": { "type": "MultiLineString", "coordinates": [ [ [ 115.140842572926687, -8.6688624670167 ], [ 115.140763028040183, -8.6689388368761 ] ] ] } },
{ "type": "Feature", "properties": { "LRR": 0.84, "LR2": 0.47, "Kec": "Kuta Utara", "Desa": "Tibubeneng", "KLRR": "Akresi", "Panjang": 10.0765794423 }, "geometry": { "type": "MultiLineString", "coordinates": [ [ [ 115.141027448518187, -8.669114263844493 ], [ 115.14096267984435, -8.669178645414016 ] ] ] } },
{ "type": "Feature", "properties": { "LRR": 0.8, "LR2": 0.28, "Kec": "Kuta Utara", "Desa": "Tibubeneng", "KLRR": "Akresi", "Panjang": 13.383505168899999 }, "geometry": { "type": "MultiLineString", "coordinates": [ [ [ 115.141208691814384, -8.669361113972768 ], [ 115.141123890127673, -8.669447825252576 ] ] ] } },
{ "type": "Feature", "properties": { "LRR": 1.25, "LR2": 0.24, "Kec": "Kuta Utara", "Desa": "Tibubeneng", "KLRR": "Akresi", "Panjang": 20.896342157 }, "geometry": { "type": "MultiLineString", "coordinates": [ [ [ 115.14139481711868, -8.669575940433123 ], [ 115.141263179274532, -8.669712066118036 ] ] ] } },
{ "type": "Feature", "properties": { "LRR": 1.11, "LR2": 0.1, "Kec": "Kuta Utara", "Desa": "Tibubeneng", "KLRR": "Akresi", "Panjang": 26.746115983599999 }, "geometry": { "type": "MultiLineString", "coordinates": [ [ [ 115.141580718037162, -8.669757717555514 ], [ 115.141411568854721, -8.669931316040502 ] ] ] } },
{ "type": "Feature", "properties": { "LRR": 1.06, "LR2": 0.08, "Kec": "Kuta Utara", "Desa": "Tibubeneng", "KLRR": "Akresi", "Panjang": 28.276099027400001 }, "geometry": { "type": "MultiLineString", "coordinates": [ [ [ 115.141783957271173, -8.66991331131009 ], [ 115.141603909029087, -8.670095652516977 ] ] ] } },
{ "type": "Feature", "properties": { "LRR": 1.29, "LR2": 0.18, "Kec": "Kuta Utara", "Desa": "Tibubeneng", "KLRR": "Akresi", "Panjang": 24.1910271707 }, "geometry": { "type": "MultiLineString", "coordinates": [ [ [ 115.141989861298782, -8.670068003944088 ], [ 115.141834806769111, -8.670223000402373 ] ] ] } },
{ "type": "Feature", "properties": { "LRR": 1.1, "LR2": 0.17, "Kec": "Kuta Utara", "Desa": "Tibubeneng", "KLRR": "Akresi", "Panjang": 21.950271808 }, "geometry": { "type": "MultiLineString", "coordinates": [ [ [ 115.142235480071321, -8.67019204835902 ], [ 115.142094081260936, -8.670331984510044 ] ] ] } },
{ "type": "Feature", "properties": { "LRR": 0.46, "LR2": 0.03, "Kec": "Kuta Utara", "Desa": "Tibubeneng", "KLRR": "Akresi", "Panjang": 25.932943208699999 }, "geometry": { "type": "MultiLineString", "coordinates": [ [ [ 115.142456435313875, -8.670314184413614 ], [ 115.142289196562587, -8.670479326012106 ] ] ] } },
{ "type": "Feature", "properties": { "LRR": -0.22, "LR2": 0.0, "Kec": "Kuta Utara", "Desa": "Tibubeneng", "KLRR": "Abrasi", "Panjang": 32.844474975799997 }, "geometry": { "type": "MultiLineString", "coordinates": [ [ [ 115.142681831779399, -8.670444614197638 ], [ 115.142469862937517, -8.670653609800667 ] ] ] } },
{ "type": "Feature", "properties": { "LRR": -0.68, "LR2": 0.04, "Kec": "Kuta Utara", "Desa": "Tibubeneng", "KLRR": "Abrasi", "Panjang": 31.968803549699999 }, "geometry": { "type": "MultiLineString", "coordinates": [ [ [ 115.142892287616164, -8.670602772214338 ], [ 115.142685741245359, -8.670805965789263 ] ] ] } },
{ "type": "Feature", "properties": { "LRR": -0.36, "LR2": 0.02, "Kec": "Kuta Utara", "Desa": "Tibubeneng", "KLRR": "Abrasi", "Panjang": 25.319462835 }, "geometry": { "type": "MultiLineString", "coordinates": [ [ [ 115.14307100367877, -8.670794087085573 ], [ 115.142906861004803, -8.670954455171456 ] ] ] } },
{ "type": "Feature", "properties": { "LRR": -0.33, "LR2": 0.02, "Kec": "Kuta Utara", "Desa": "Tibubeneng", "KLRR": "Abrasi", "Panjang": 19.812616009799999 }, "geometry": { "type": "MultiLineString", "coordinates": [ [ [ 115.143224999243984, -8.671007287615804 ], [ 115.143095897175613, -8.671132104641277 ] ] ] } },
{ "type": "Feature", "properties": { "LRR": -1.02, "LR2": 0.14, "Kec": "Kuta Utara", "Desa": "Tibubeneng", "KLRR": "Abrasi", "Panjang": 26.661689516799999 }, "geometry": { "type": "MultiLineString", "coordinates": [ [ [ 115.143464190680177, -8.6711373637714 ], [ 115.143289542560282, -8.671304385508144 ] ] ] } },
{ "type": "Feature", "properties": { "LRR": -0.65, "LR2": 0.06, "Kec": "Kuta Utara", "Desa": "Tibubeneng", "KLRR": "Abrasi", "Panjang": 24.150399862499999 }, "geometry": { "type": "MultiLineString", "coordinates": [ [ [ 115.143624727052398, -8.671342632077495 ], [ 115.143465701828347, -8.671493060639259 ] ] ] } },
{ "type": "Feature", "properties": { "LRR": -0.38, "LR2": 0.02, "Kec": "Kuta Utara", "Desa": "Tibubeneng", "KLRR": "Abrasi", "Panjang": 20.390911343300001 }, "geometry": { "type": "MultiLineString", "coordinates": [ [ [ 115.143760923724699, -8.67156790476645 ], [ 115.1436258512894, -8.671694070735784 ] ] ] } },
{ "type": "Feature", "properties": { "LRR": -0.1, "LR2": 0.0, "Kec": "Kuta Utara", "Desa": "Kerobokan Kelod", "KLRR": "Abrasi", "Panjang": 19.0877238164 }, "geometry": { "type": "MultiLineString", "coordinates": [ [ [ 115.143892594694123, -8.671751629745602 ], [ 115.143763603544258, -8.671866968364649 ] ] ] } },
{ "type": "Feature", "properties": { "LRR": 0.08, "LR2": 0.0, "Kec": "Kuta Utara", "Desa": "Kerobokan Kelod", "KLRR": "Akresi", "Panjang": 20.973984242699999 }, "geometry": { "type": "MultiLineString", "coordinates": [ [ [ 115.144045410315684, -8.671913872860078 ], [ 115.143900801313407, -8.672037356289456 ] ] ] } },
{ "type": "Feature", "properties": { "LRR": -0.36, "LR2": 0.05, "Kec": "Kuta Utara", "Desa": "Kerobokan Kelod", "KLRR": "Abrasi", "Panjang": 13.046502030499999 }, "geometry": { "type": "MultiLineString", "coordinates": [ [ [ 115.144138756591047, -8.672144965498878 ], [ 115.1440475743143, -8.672220325657266 ] ] ] } },
{ "type": "Feature", "properties": { "LRR": -0.64, "LR2": 0.16, "Kec": "Kuta Utara", "Desa": "Kerobokan Kelod", "KLRR": "Abrasi", "Panjang": 10.4552749476 }, "geometry": { "type": "MultiLineString", "coordinates": [ [ [ 115.144263243249327, -8.672362169332088 ], [ 115.144189493404525, -8.672421740622251 ] ] ] } },
{ "type": "Feature", "properties": { "LRR": -0.49, "LR2": 0.11, "Kec": "Kuta Utara", "Desa": "Kerobokan Kelod", "KLRR": "Abrasi", "Panjang": 11.8663369185 }, "geometry": { "type": "MultiLineString", "coordinates": [ [ [ 115.144419357962306, -8.672561467217575 ], [ 115.144335118191961, -8.672628415370163 ] ] ] } },
{ "type": "Feature", "properties": { "LRR": -0.21, "LR2": 0.02, "Kec": "Kuta Utara", "Desa": "Kerobokan Kelod", "KLRR": "Abrasi", "Panjang": 11.547142406900001 }, "geometry": { "type": "MultiLineString", "coordinates": [ [ [ 115.144569535764504, -8.672779590573715 ], [ 115.144487396369044, -8.672844531082276 ] ] ] } },
{ "type": "Feature", "properties": { "LRR": -0.03, "LR2": 0.0, "Kec": "Kuta Utara", "Desa": "Kerobokan Kelod", "KLRR": "Abrasi", "Panjang": 10.272942091499999 }, "geometry": { "type": "MultiLineString", "coordinates": [ [ [ 115.144727194015971, -8.673027275353395 ], [ 115.144654713962765, -8.673085787898611 ] ] ] } },
{ "type": "Feature", "properties": { "LRR": 0.13, "LR2": 0.01, "Kec": "Kuta Utara", "Desa": "Kerobokan Kelod", "KLRR": "Akresi", "Panjang": 11.348625869099999 }, "geometry": { "type": "MultiLineString", "coordinates": [ [ [ 115.144903780711587, -8.673254853389382 ], [ 115.144824238908129, -8.673320134761704 ] ] ] } },
{ "type": "Feature", "properties": { "LRR": 0.11, "LR2": 0.0, "Kec": "Kuta Utara", "Desa": "Kerobokan Kelod", "KLRR": "Akresi", "Panjang": 13.234675875600001 }, "geometry": { "type": "MultiLineString", "coordinates": [ [ [ 115.145082136003381, -8.673469953878676 ], [ 115.144989675972724, -8.673546446244291 ] ] ] } },
{ "type": "Feature", "properties": { "LRR": 0.24, "LR2": 0.02, "Kec": "Kuta Utara", "Desa": "Kerobokan Kelod", "KLRR": "Akresi", "Panjang": 12.463305481100001 }, "geometry": { "type": "MultiLineString", "coordinates": [ [ [ 115.145248800174073, -8.673678237784095 ], [ 115.145161614959221, -8.673750135122045 ] ] ] } },
{ "type": "Feature", "properties": { "LRR": -0.06, "LR2": 0.0, "Kec": "Kuta Utara", "Desa": "Kerobokan Kelod", "KLRR": "Abrasi", "Panjang": 14.3700151654 }, "geometry": { "type": "MultiLineString", "coordinates": [ [ [ 115.145426223593262, -8.673857623821226 ], [ 115.145324989730398, -8.673939659872625 ] ] ] } },
{ "type": "Feature", "properties": { "LRR": -0.42, "LR2": 0.04, "Kec": "Kuta Utara", "Desa": "Kerobokan Kelod", "KLRR": "Abrasi", "Panjang": 18.376484926900002 }, "geometry": { "type": "MultiLineString", "coordinates": [ [ [ 115.14558885012552, -8.674027479538093 ], [ 115.145457695853167, -8.67413028136829 ] ] ] } },
{ "type": "Feature", "properties": { "LRR": -0.69, "LR2": 0.06, "Kec": "Kuta Utara", "Desa": "Kerobokan Kelod", "KLRR": "Abrasi", "Panjang": 18.296145278800001 }, "geometry": { "type": "MultiLineString", "coordinates": [ [ [ 115.145753013490676, -8.67418930459802 ], [ 115.145620458361435, -8.674289112629241 ] ] ] } },
{ "type": "Feature", "properties": { "LRR": -0.84, "LR2": 0.1, "Kec": "Kuta Utara", "Desa": "Kerobokan Kelod", "KLRR": "Abrasi", "Panjang": 17.799922002 }, "geometry": { "type": "MultiLineString", "coordinates": [ [ [ 115.145931028364018, -8.674356753319413 ], [ 115.145800701385838, -8.67445203018908 ] ] ] } },
{ "type": "Feature", "properties": { "LRR": -0.88, "LR2": 0.12, "Kec": "Kuta Utara", "Desa": "Kerobokan Kelod", "KLRR": "Abrasi", "Panjang": 17.175084169600002 }, "geometry": { "type": "MultiLineString", "coordinates": [ [ [ 115.14611091477758, -8.674545545318496 ], [ 115.145984800438001, -8.674636985044906 ] ] ] } },
{ "type": "Feature", "properties": { "LRR": -0.46, "LR2": 0.06, "Kec": "Kuta Utara", "Desa": "Kerobokan Kelod", "KLRR": "Abrasi", "Panjang": 13.8694399062 }, "geometry": { "type": "MultiLineString", "coordinates": [ [ [ 115.146269029805282, -8.674746567548565 ], [ 115.146166828126994, -8.674819913709378 ] ] ] } },
{ "type": "Feature", "properties": { "LRR": -0.21, "LR2": 0.03, "Kec": "Kuta Utara", "Desa": "Kerobokan Kelod", "KLRR": "Abrasi", "Panjang": 10.8281084909 }, "geometry": { "type": "MultiLineString", "coordinates": [ [ [ 115.146432994970766, -8.674950031123009 ], [ 115.146352988596135, -8.675006994899197 ] ] ] } },
{ "type": "Feature", "properties": { "LRR": -0.14, "LR2": 0.02, "Kec": "Kuta Utara", "Desa": "Kerobokan Kelod", "KLRR": "Abrasi", "Panjang": 8.4802143891800004 }, "geometry": { "type": "MultiLineString", "coordinates": [ [ [ 115.146572780207364, -8.675186459855894 ], [ 115.146510169173027, -8.675231137756676 ] ] ] } },
{ "type": "Feature", "properties": { "LRR": -0.5, "LR2": 0.09, "Kec": "Kuta Utara", "Desa": "Kerobokan Kelod", "KLRR": "Abrasi", "Panjang": 12.478596248800001 }, "geometry": { "type": "MultiLineString", "coordinates": [ [ [ 115.146711893746385, -8.675435387692934 ], [ 115.14662012600445, -8.675501633433058 ] ] ] } },
{ "type": "Feature", "properties": { "LRR": -0.98, "LR2": 0.24, "Kec": "Kuta Utara", "Desa": "Kerobokan Kelod", "KLRR": "Abrasi", "Panjang": 13.277151482200001 }, "geometry": { "type": "MultiLineString", "coordinates": [ [ [ 115.146846015150217, -8.675675385275605 ], [ 115.146748583971217, -8.675746156431174 ] ] ] } },
{ "type": "Feature", "properties": { "LRR": -0.83, "LR2": 0.16, "Kec": "Kuta Utara", "Desa": "Kerobokan Kelod", "KLRR": "Abrasi", "Panjang": 12.960076883699999 }, "geometry": { "type": "MultiLineString", "coordinates": [ [ [ 115.146963459926639, -8.675927860296046 ], [ 115.146868805072756, -8.675997550126455 ] ] ] } },
{ "type": "Feature", "properties": { "LRR": -0.34, "LR2": 0.03, "Kec": "Kuta Utara", "Desa": "Kerobokan Kelod", "KLRR": "Abrasi", "Panjang": 12.1929272255 }, "geometry": { "type": "MultiLineString", "coordinates": [ [ [ 115.147076294705514, -8.676176843101613 ], [ 115.146987599614533, -8.676242885040335 ] ] ] } },
{ "type": "Feature", "properties": { "LRR": -0.26, "LR2": 0.02, "Kec": "Kuta Utara", "Desa": "Kerobokan Kelod", "KLRR": "Abrasi", "Panjang": 12.5116059474 }, "geometry": { "type": "MultiLineString", "coordinates": [ [ [ 115.147206558157052, -8.676398264065805 ], [ 115.147115221871829, -8.676465600487649 ] ] ] } },
{ "type": "Feature", "properties": { "LRR": -0.47, "LR2": 0.05, "Kec": "Kuta Utara", "Desa": "Kerobokan Kelod", "KLRR": "Abrasi", "Panjang": 16.236223415200001 }, "geometry": { "type": "MultiLineString", "coordinates": [ [ [ 115.147352625741718, -8.67658398407572 ], [ 115.147232784919765, -8.676669572709629 ] ] ] } },
{ "type": "Feature", "properties": { "LRR": -0.4, "LR2": 0.03, "Kec": "Kuta Utara", "Desa": "Kerobokan Kelod", "KLRR": "Abrasi", "Panjang": 19.442448860500001 }, "geometry": { "type": "MultiLineString", "coordinates": [ [ [ 115.147514031262332, -8.676770155524789 ], [ 115.147369337617477, -8.676870979161205 ] ] ] } },
{ "type": "Feature", "properties": { "LRR": -0.65, "LR2": 0.07, "Kec": "Kuta Utara", "Desa": "Kerobokan Kelod", "KLRR": "Abrasi", "Panjang": 21.2883923875 }, "geometry": { "type": "MultiLineString", "coordinates": [ [ [ 115.147684206983158, -8.67696304336307 ], [ 115.147525065294829, -8.677072423546091 ] ] ] } },
{ "type": "Feature", "properties": { "LRR": -0.82, "LR2": 0.11, "Kec": "Kuta Utara", "Desa": "Kerobokan Kelod", "KLRR": "Abrasi", "Panjang": 21.565751349599999 }, "geometry": { "type": "MultiLineString", "coordinates": [ [ [ 115.147839991183702, -8.677167644045054 ], [ 115.147678749319155, -8.677278410875932 ] ] ] } },
{ "type": "Feature", "properties": { "LRR": -0.93, "LR2": 0.11, "Kec": "Kuta Utara", "Desa": "Kerobokan Kelod", "KLRR": "Abrasi", "Panjang": 23.6867451502 }, "geometry": { "type": "MultiLineString", "coordinates": [ [ [ 115.148053150916937, -8.677358319357872 ], [ 115.147876876805782, -8.677481162197056 ] ] ] } },
{ "type": "Feature", "properties": { "LRR": -0.65, "LR2": 0.07, "Kec": "Kuta Utara", "Desa": "Kerobokan Kelod", "KLRR": "Abrasi", "Panjang": 17.5683256895 }, "geometry": { "type": "MultiLineString", "coordinates": [ [ [ 115.148238368440744, -8.677575829205958 ], [ 115.148108477626778, -8.677668138083535 ] ] ] } },
{ "type": "Feature", "properties": { "LRR": -0.49, "LR2": 0.04, "Kec": "Kuta Utara", "Desa": "Kerobokan Kelod", "KLRR": "Abrasi", "Panjang": 18.559056289099999 }, "geometry": { "type": "MultiLineString", "coordinates": [ [ [ 115.148436274412546, -8.677782536369275 ], [ 115.148299804107509, -8.677881081295508 ] ] ] } },
{ "type": "Feature", "properties": { "LRR": -0.33, "LR2": 0.02, "Kec": "Kuta Utara", "Desa": "Kerobokan Kelod", "KLRR": "Abrasi", "Panjang": 16.942466447600001 }, "geometry": { "type": "MultiLineString", "coordinates": [ [ [ 115.14863677551692, -8.677989041801437 ], [ 115.148512776937309, -8.67807979908536 ] ] ] } },
{ "type": "Feature", "properties": { "LRR": -0.54, "LR2": 0.06, "Kec": "Kuta Utara", "Desa": "Kerobokan Kelod", "KLRR": "Abrasi", "Panjang": 17.0169549429 }, "geometry": { "type": "MultiLineString", "coordinates": [ [ [ 115.148804577846704, -8.678187392893328 ], [ 115.148679513184234, -8.678277840380353 ] ] ] } },
{ "type": "Feature", "properties": { "LRR": -0.33, "LR2": 0.04, "Kec": "Kuta Utara", "Desa": "Kerobokan Kelod", "KLRR": "Abrasi", "Panjang": 15.625730646799999 }, "geometry": { "type": "MultiLineString", "coordinates": [ [ [ 115.148946993737312, -8.678399398803727 ], [ 115.148831531134746, -8.678481592650373 ] ] ] } },
{ "type": "Feature", "properties": { "LRR": -0.09, "LR2": 0.0, "Kec": "Kuta Utara", "Desa": "Kerobokan Kelod", "KLRR": "Abrasi", "Panjang": 13.854307476500001 }, "geometry": { "type": "MultiLineString", "coordinates": [ [ [ 115.149074769625571, -8.678597610761608 ], [ 115.148971196753891, -8.678668788368697 ] ] ] } },
{ "type": "Feature", "properties": { "LRR": 0.42, "LR2": 0.07, "Kec": "Kuta Utara", "Desa": "Kerobokan Kelod", "KLRR": "Akresi", "Panjang": 13.782223627300001 }, "geometry": { "type": "MultiLineString", "coordinates": [ [ [ 115.14917527444419, -8.678763908668776 ], [ 115.149069770791542, -8.678831018553586 ] ] ] } },
{ "type": "Feature", "properties": { "LRR": 0.95, "LR2": 0.32, "Kec": "Kuta Utara", "Desa": "Kerobokan Kelod", "KLRR": "Akresi", "Panjang": 12.2249264108 }, "geometry": { "type": "MultiLineString", "coordinates": [ [ [ 115.149276566769558, -8.67896753496383 ], [ 115.149181776140637, -8.679025138105491 ] ] ] } },
{ "type": "Feature", "properties": { "LRR": 1.2, "LR2": 0.43, "Kec": "Kuta Utara", "Desa": "Kerobokan Kelod", "KLRR": "Akresi", "Panjang": 12.594659958599999 }, "geometry": { "type": "MultiLineString", "coordinates": [ [ [ 115.149371988789795, -8.679170087665222 ], [ 115.149273052464537, -8.679227297326493 ] ] ] } },
{ "type": "Feature", "properties": { "LRR": 1.14, "LR2": 0.32, "Kec": "Kuta Utara", "Desa": "Kerobokan Kelod", "KLRR": "Akresi", "Panjang": 14.002288915399999 }, "geometry": { "type": "MultiLineString", "coordinates": [ [ [ 115.149469061105535, -8.679361089817787 ], [ 115.1493574853464, -8.679421904180499 ] ] ] } },
{ "type": "Feature", "properties": { "LRR": 0.9, "LR2": 0.18, "Kec": "Kuta Utara", "Desa": "Kerobokan Kelod", "KLRR": "Akresi", "Panjang": 13.6805868164 }, "geometry": { "type": "MultiLineString", "coordinates": [ [ [ 115.149557831020658, -8.679563228718566 ], [ 115.149447483558163, -8.679620153414023 ] ] ] } },
{ "type": "Feature", "properties": { "LRR": 0.43, "LR2": 0.05, "Kec": "Kuta Utara", "Desa": "Kerobokan Kelod", "KLRR": "Akresi", "Panjang": 14.954828042100001 }, "geometry": { "type": "MultiLineString", "coordinates": [ [ [ 115.149657025998522, -8.679776833899147 ], [ 115.1495354184636, -8.679837138550242 ] ] ] } },
{ "type": "Feature", "properties": { "LRR": 0.07, "LR2": 0.0, "Kec": "Kuta Utara", "Desa": "Kerobokan Kelod", "KLRR": "Akresi", "Panjang": 17.2829848459 }, "geometry": { "type": "MultiLineString", "coordinates": [ [ [ 115.149763782641145, -8.680003685143394 ], [ 115.149622632784556, -8.680072145561397 ] ] ] } },
{ "type": "Feature", "properties": { "LRR": -0.31, "LR2": 0.02, "Kec": "Kuta Utara", "Desa": "Kerobokan Kelod", "KLRR": "Abrasi", "Panjang": 16.615942740099999 }, "geometry": { "type": "MultiLineString", "coordinates": [ [ [ 115.14987384485643, -8.680237559873909 ], [ 115.149737791175511, -8.680302655678183 ] ] ] } },
{ "type": "Feature", "properties": { "LRR": -0.71, "LR2": 0.09, "Kec": "Kuta Utara", "Desa": "Kerobokan Kelod", "KLRR": "Abrasi", "Panjang": 15.878801838399999 }, "geometry": { "type": "MultiLineString", "coordinates": [ [ [ 115.150002426260357, -8.680510786443914 ], [ 115.149873444062521, -8.680575093877541 ] ] ] } },
{ "type": "Feature", "properties": { "LRR": -0.82, "LR2": 0.11, "Kec": "Kuta Utara", "Desa": "Kerobokan Kelod", "KLRR": "Abrasi", "Panjang": 19.599063692600001 }, "geometry": { "type": "MultiLineString", "coordinates": [ [ [ 115.150136745677187, -8.680786738586953 ], [ 115.149978942001169, -8.680868830358083 ] ] ] } },
{ "type": "Feature", "properties": { "LRR": -1.07, "LR2": 0.13, "Kec": "Kuta Utara", "Desa": "Kerobokan Kelod", "KLRR": "Abrasi", "Panjang": 25.022578465399999 }, "geometry": { "type": "MultiLineString", "coordinates": [ [ [ 115.150272901722104, -8.681072839693769 ], [ 115.150073666562122, -8.68118179932587 ] ] ] } },
{ "type": "Feature", "properties": { "LRR": -0.95, "LR2": 0.14, "Kec": "Kuta Utara", "Desa": "Kerobokan Kelod", "KLRR": "Abrasi", "Panjang": 18.173048567799999 }, "geometry": { "type": "MultiLineString", "coordinates": [ [ [ 115.150396030819351, -8.681370646811173 ], [ 115.150253164221809, -8.681453009095087 ] ] ] } },
{ "type": "Feature", "properties": { "LRR": -0.44, "LR2": 0.05, "Kec": "Kuta Utara", "Desa": "Kerobokan Kelod", "KLRR": "Abrasi", "Panjang": 15.344047529299999 }, "geometry": { "type": "MultiLineString", "coordinates": [ [ [ 115.150504621133706, -8.681668279442247 ], [ 115.150385400240069, -8.681740180610978 ] ] ] } },
{ "type": "Feature", "properties": { "LRR": -0.07, "LR2": 0.0, "Kec": "Kuta Utara", "Desa": "Kerobokan Kelod", "KLRR": "Abrasi", "Panjang": 16.510703446499999 }, "geometry": { "type": "MultiLineString", "coordinates": [ [ [ 115.150626493508369, -8.681952641433146 ], [ 115.150499635241189, -8.682032305911971 ] ] ] } },
{ "type": "Feature", "properties": { "LRR": -0.56, "LR2": 0.07, "Kec": "Kuta Utara", "Desa": "Kerobokan Kelod", "KLRR": "Abrasi", "Panjang": 18.602783940999998 }, "geometry": { "type": "MultiLineString", "coordinates": [ [ [ 115.150755780946696, -8.682233645494565 ], [ 115.150614421348862, -8.682325837907044 ] ] ] } },
{ "type": "Feature", "properties": { "LRR": -1.82, "LR2": 0.43, "Kec": "Kuta", "Desa": "Seminyak", "KLRR": "Abrasi", "Panjang": 21.782412501300001 }, "geometry": { "type": "MultiLineString", "coordinates": [ [ [ 115.150901275764895, -8.682488643866593 ], [ 115.150737111989031, -8.682598627244847 ] ] ] } },
{ "type": "Feature", "properties": { "LRR": -1.92, "LR2": 0.39, "Kec": "Kuta", "Desa": "Seminyak", "KLRR": "Abrasi", "Panjang": 22.6860234076 }, "geometry": { "type": "MultiLineString", "coordinates": [ [ [ 115.151095178879203, -8.682713495624936 ], [ 115.150925972966135, -8.682830612161222 ] ] ] } },
{ "type": "Feature", "properties": { "LRR": -1.67, "LR2": 0.28, "Kec": "Kuta", "Desa": "Seminyak", "KLRR": "Abrasi", "Panjang": 26.396867012800001 }, "geometry": { "type": "MultiLineString", "coordinates": [ [ [ 115.151303607457223, -8.682916097126098 ], [ 115.151108148232467, -8.683054386374254 ] ] ] } },
{ "type": "Feature", "properties": { "LRR": -1.54, "LR2": 0.3, "Kec": "Kuta", "Desa": "Seminyak", "KLRR": "Abrasi", "Panjang": 24.5931885245 }, "geometry": { "type": "MultiLineString", "coordinates": [ [ [ 115.151505445760264, -8.68308914051677 ], [ 115.151323300899094, -8.683217923012924 ] ] ] } },
{ "type": "Feature", "properties": { "LRR": -1.39, "LR2": 0.32, "Kec": "Kuta", "Desa": "Seminyak", "KLRR": "Abrasi", "Panjang": 21.162177137099999 }, "geometry": { "type": "MultiLineString", "coordinates": [ [ [ 115.15170122792091, -8.683259915995345 ], [ 115.151544016432737, -8.683370059970397 ] ] ] } },
{ "type": "Feature", "properties": { "LRR": -1.14, "LR2": 0.34, "Kec": "Kuta", "Desa": "Seminyak", "KLRR": "Abrasi", "Panjang": 16.2141422451 }, "geometry": { "type": "MultiLineString", "coordinates": [ [ [ 115.151885437214659, -8.683438417563584 ], [ 115.151764387160569, -8.683521958296696 ] ] ] } },
{ "type": "Feature", "properties": { "LRR": -0.99, "LR2": 0.35, "Kec": "Kuta", "Desa": "Seminyak", "KLRR": "Abrasi", "Panjang": 12.3282702356 }, "geometry": { "type": "MultiLineString", "coordinates": [ [ [ 115.152065876054692, -8.683636974822639 ], [ 115.151973772502132, -8.683700401991016 ] ] ] } },
{ "type": "Feature", "properties": { "LRR": -0.63, "LR2": 0.19, "Kec": "Kuta", "Desa": "Seminyak", "KLRR": "Abrasi", "Panjang": 11.7333357044 }, "geometry": { "type": "MultiLineString", "coordinates": [ [ [ 115.152242777949198, -8.683855589817815 ], [ 115.15215538750671, -8.683916340307809 ] ] ] } },
{ "type": "Feature", "properties": { "LRR": -0.51, "LR2": 0.13, "Kec": "Kuta", "Desa": "Seminyak", "KLRR": "Abrasi", "Panjang": 12.306186802499999 }, "geometry": { "type": "MultiLineString", "coordinates": [ [ [ 115.152416935679923, -8.684084509650093 ], [ 115.152325735133005, -8.684148871558904 ] ] ] } },
{ "type": "Feature", "properties": { "LRR": -0.54, "LR2": 0.22, "Kec": "Kuta", "Desa": "Seminyak", "KLRR": "Abrasi", "Panjang": 9.4724314609599993 }, "geometry": { "type": "MultiLineString", "coordinates": [ [ [ 115.152541067452773, -8.684307690252259 ], [ 115.152470488520692, -8.684356695197048 ] ] ] } },
{ "type": "Feature", "properties": { "LRR": -0.44, "LR2": 0.08, "Kec": "Kuta", "Desa": "Seminyak", "KLRR": "Abrasi", "Panjang": 12.846685238399999 }, "geometry": { "type": "MultiLineString", "coordinates": [ [ [ 115.152669142225633, -8.684494555273009 ], [ 115.152572109444421, -8.684559105038725 ] ] ] } },
{ "type": "Feature", "properties": { "LRR": -0.81, "LR2": 0.19, "Kec": "Kuta", "Desa": "Seminyak", "KLRR": "Abrasi", "Panjang": 16.471936405800001 }, "geometry": { "type": "MultiLineString", "coordinates": [ [ [ 115.152775501581715, -8.684689524027524 ], [ 115.152649272400168, -8.684769523056339 ] ] ] } },
{ "type": "Feature", "properties": { "LRR": -1.12, "LR2": 0.26, "Kec": "Kuta", "Desa": "Seminyak", "KLRR": "Abrasi", "Panjang": 18.9917416742 }, "geometry": { "type": "MultiLineString", "coordinates": [ [ [ 115.152890336518908, -8.684896500147483 ], [ 115.152743458554639, -8.684986611545174 ] ] ] } },
{ "type": "Feature", "properties": { "LRR": -1.3, "LR2": 0.28, "Kec": "Kuta", "Desa": "Seminyak", "KLRR": "Abrasi", "Panjang": 19.623915434400001 }, "geometry": { "type": "MultiLineString", "coordinates": [ [ [ 115.152987356037698, -8.685117249368199 ], [ 115.152834551327274, -8.685208664672432 ] ] ] } },
{ "type": "Feature", "properties": { "LRR": -1.41, "LR2": 0.27, "Kec": "Kuta", "Desa": "Seminyak", "KLRR": "Abrasi", "Panjang": 22.1084522019 }, "geometry": { "type": "MultiLineString", "coordinates": [ [ [ 115.153092894001375, -8.685328067032943 ], [ 115.152919523282392, -8.685429010178654 ] ] ] } },
{ "type": "Feature", "properties": { "LRR": -1.42, "LR2": 0.28, "Kec": "Kuta", "Desa": "Seminyak", "KLRR": "Abrasi", "Panjang": 23.8701763312 }, "geometry": { "type": "MultiLineString", "coordinates": [ [ [ 115.15321977435903, -8.685540779063853 ], [ 115.153031416154519, -8.685647747600763 ] ] ] } },
{ "type": "Feature", "properties": { "LRR": -1.38, "LR2": 0.24, "Kec": "Kuta", "Desa": "Seminyak", "KLRR": "Abrasi", "Panjang": 25.606524496700001 }, "geometry": { "type": "MultiLineString", "coordinates": [ [ [ 115.153352976647923, -8.685766505098115 ], [ 115.153150409885001, -8.685880366198743 ] ] ] } },
{ "type": "Feature", "properties": { "LRR": -1.61, "LR2": 0.26, "Kec": "Kuta", "Desa": "Seminyak", "KLRR": "Abrasi", "Panjang": 27.402366064900001 }, "geometry": { "type": "MultiLineString", "coordinates": [ [ [ 115.153490405272706, -8.685999391958434 ], [ 115.153273568796109, -8.686121127158 ] ] ] } },
{ "type": "Feature", "properties": { "LRR": -1.73, "LR2": 0.32, "Kec": "Kuta", "Desa": "Seminyak", "KLRR": "Abrasi", "Panjang": 25.603309008299998 }, "geometry": { "type": "MultiLineString", "coordinates": [ [ [ 115.153626347179298, -8.686250008606265 ], [ 115.153424481337808, -8.686365037655467 ] ] ] } },
{ "type": "Feature", "properties": { "LRR": -1.73, "LR2": 0.37, "Kec": "Kuta", "Desa": "Seminyak", "KLRR": "Abrasi", "Panjang": 21.655205045599999 }, "geometry": { "type": "MultiLineString", "coordinates": [ [ [ 115.153758367305855, -8.686506485428536 ], [ 115.153588392900687, -8.686605091045804 ] ] ] } },
{ "type": "Feature", "properties": { "LRR": -1.53, "LR2": 0.44, "Kec": "Kuta", "Desa": "Seminyak", "KLRR": "Abrasi", "Panjang": 18.285759183100001 }, "geometry": { "type": "MultiLineString", "coordinates": [ [ [ 115.153909061053696, -8.686780910847233 ], [ 115.153767218450184, -8.686866984923144 ] ] ] } },
{ "type": "Feature", "properties": { "LRR": -1.21, "LR2": 0.29, "Kec": "Kuta", "Desa": "Seminyak", "KLRR": "Abrasi", "Panjang": 17.161956637 }, "geometry": { "type": "MultiLineString", "coordinates": [ [ [ 115.154091843897547, -8.687066369482482 ], [ 115.153961302640695, -8.687151226324637 ] ] ] } },
{ "type": "Feature", "properties": { "LRR": -0.78, "LR2": 0.14, "Kec": "Kuta", "Desa": "Seminyak", "KLRR": "Abrasi", "Panjang": 16.236147322299999 }, "geometry": { "type": "MultiLineString", "coordinates": [ [ [ 115.154284466834397, -8.687363364702943 ], [ 115.154164057373023, -8.687448163991634 ] ] ] } },
{ "type": "Feature", "properties": { "LRR": -0.54, "LR2": 0.06, "Kec": "Kuta", "Desa": "Seminyak", "KLRR": "Abrasi", "Panjang": 15.1829268528 }, "geometry": { "type": "MultiLineString", "coordinates": [ [ [ 115.154462576636291, -8.687643767658308 ], [ 115.154352203536106, -8.687726105893546 ] ] ] } },
{ "type": "Feature", "properties": { "LRR": -0.13, "LR2": 0.0, "Kec": "Kuta", "Desa": "Seminyak", "KLRR": "Abrasi", "Panjang": 17.517477979199999 }, "geometry": { "type": "MultiLineString", "coordinates": [ [ [ 115.154617731842194, -8.687911244180146 ], [ 115.154491986899458, -8.688008329382154 ] ] ] } },
{ "type": "Feature", "properties": { "LRR": 0.07, "LR2": 0.0, "Kec": "Kuta", "Desa": "Seminyak", "KLRR": "Akresi", "Panjang": 20.576874526299999 }, "geometry": { "type": "MultiLineString", "coordinates": [ [ [ 115.154776994162503, -8.688152687884237 ], [ 115.154630245560554, -8.688267946352733 ] ] ] } },
{ "type": "Feature", "properties": { "LRR": -0.04, "LR2": 0.0, "Kec": "Kuta", "Desa": "Seminyak", "KLRR": "Abrasi", "Panjang": 21.8393091971 }, "geometry": { "type": "MultiLineString", "coordinates": [ [ [ 115.154966370111936, -8.688367148837608 ], [ 115.154811452649298, -8.688490523462066 ] ] ] } },
{ "type": "Feature", "properties": { "LRR": 0.08, "LR2": 0.0, "Kec": "Kuta", "Desa": "Seminyak", "KLRR": "Akresi", "Panjang": 26.337791065400001 }, "geometry": { "type": "MultiLineString", "coordinates": [ [ [ 115.155170410020872, -8.688553163541251 ], [ 115.154983643685938, -8.688702027172809 ] ] ] } },
{ "type": "Feature", "properties": { "LRR": 0.55, "LR2": 0.02, "Kec": "Kuta", "Desa": "Seminyak", "KLRR": "Akresi", "Panjang": 30.4934210445 }, "geometry": { "type": "MultiLineString", "coordinates": [ [ [ 115.155358607142702, -8.688724679694339 ], [ 115.155140856887826, -8.688895131847708 ] ] ] } },
{ "type": "Feature", "properties": { "LRR": 0.1, "LR2": 0.0, "Kec": "Kuta", "Desa": "Seminyak", "KLRR": "Akresi", "Panjang": 24.9172192618 }, "geometry": { "type": "MultiLineString", "coordinates": [ [ [ 115.155552334899795, -8.688863695793568 ], [ 115.155371971689362, -8.688999845882325 ] ] ] } },
{ "type": "Feature", "properties": { "LRR": -0.51, "LR2": 0.03, "Kec": "Kuta", "Desa": "Seminyak", "KLRR": "Abrasi", "Panjang": 22.0675014672 }, "geometry": { "type": "MultiLineString", "coordinates": [ [ [ 115.155715310742295, -8.689049925594556 ], [ 115.15555455934765, -8.689169160544106 ] ] ] } },
{ "type": "Feature", "properties": { "LRR": -0.79, "LR2": 0.08, "Kec": "Kuta", "Desa": "Seminyak", "KLRR": "Abrasi", "Panjang": 24.743700047800001 }, "geometry": { "type": "MultiLineString", "coordinates": [ [ [ 115.155894907580986, -8.689213655652388 ], [ 115.15571306853343, -8.689345197916806 ] ] ] } },
{ "type": "Feature", "properties": { "LRR": -1.08, "LR2": 0.22, "Kec": "Kuta", "Desa": "Seminyak", "KLRR": "Abrasi", "Panjang": 18.738600690399998 }, "geometry": { "type": "MultiLineString", "coordinates": [ [ [ 115.156076167440148, -8.689388136815825 ], [ 115.155937576522533, -8.689486535391163 ] ] ] } },
{ "type": "Feature", "properties": { "LRR": -0.8, "LR2": 0.18, "Kec": "Kuta", "Desa": "Seminyak", "KLRR": "Abrasi", "Panjang": 14.8995052461 }, "geometry": { "type": "MultiLineString", "coordinates": [ [ [ 115.156237028714344, -8.689605194220643 ], [ 115.156126812595829, -8.689683406586965 ] ] ] } },
{ "type": "Feature", "properties": { "LRR": -0.73, "LR2": 0.2, "Kec": "Kuta", "Desa": "Seminyak", "KLRR": "Abrasi", "Panjang": 12.918768010599999 }, "geometry": { "type": "MultiLineString", "coordinates": [ [ [ 115.156400155785022, -8.68982530747887 ], [ 115.156304669980742, -8.689893231384831 ] ] ] } },
{ "type": "Feature", "properties": { "LRR": -1.15, "LR2": 0.33, "Kec": "Kuta", "Desa": "Seminyak", "KLRR": "Abrasi", "Panjang": 18.408249353799999 }, "geometry": { "type": "MultiLineString", "coordinates": [ [ [ 115.156557951153459, -8.690038226500601 ], [ 115.156421610428779, -8.690134620933122 ] ] ] } },
{ "type": "Feature", "properties": { "LRR": -1.53, "LR2": 0.42, "Kec": "Kuta", "Desa": "Seminyak", "KLRR": "Abrasi", "Panjang": 21.373096073300001 }, "geometry": { "type": "MultiLineString", "coordinates": [ [ [ 115.156714161659394, -8.690249006015641 ], [ 115.156555536734757, -8.690360469359829 ] ] ] } },
{ "type": "Feature", "properties": { "LRR": -1.94, "LR2": 0.4, "Kec": "Kuta", "Desa": "Seminyak", "KLRR": "Abrasi", "Panjang": 26.187767038699999 }, "geometry": { "type": "MultiLineString", "coordinates": [ [ [ 115.156849316072837, -8.690437218284286 ], [ 115.156652914306278, -8.690570864778827 ] ] ] } },
{ "type": "Feature", "properties": { "LRR": -1.92, "LR2": 0.27, "Kec": "Kuta", "Desa": "Seminyak", "KLRR": "Abrasi", "Panjang": 26.469208256999998 }, "geometry": { "type": "MultiLineString", "coordinates": [ [ [ 115.156944592501787, -8.690657791513587 ], [ 115.156744022592846, -8.690789831221052 ] ] ] } },
{ "type": "Feature", "properties": { "LRR": -1.43, "LR2": 0.13, "Kec": "Kuta", "Desa": "Seminyak", "KLRR": "Abrasi", "Panjang": 26.845054082600001 }, "geometry": { "type": "MultiLineString", "coordinates": [ [ [ 115.157041141190163, -8.690881310944487 ], [ 115.156836031650968, -8.691012646143115 ] ] ] } },
{ "type": "Feature", "properties": { "LRR": -0.7, "LR2": 0.03, "Kec": "Kuta", "Desa": "Seminyak", "KLRR": "Abrasi", "Panjang": 29.2249206077 }, "geometry": { "type": "MultiLineString", "coordinates": [ [ [ 115.157138831887451, -8.691107471273632 ], [ 115.156914052903616, -8.691248125463247 ] ] ] } },
{ "type": "Feature", "properties": { "LRR": -0.17, "LR2": 0.0, "Kec": "Kuta", "Desa": "Seminyak", "KLRR": "Abrasi", "Panjang": 31.8212456276 }, "geometry": { "type": "MultiLineString", "coordinates": [ [ [ 115.157240172564627, -8.691353886963995 ], [ 115.15699480208697, -8.691506048068479 ] ] ] } },
{ "type": "Feature", "properties": { "LRR": 0.0, "LR2": 0.0, "Kec": "Kuta", "Desa": "Seminyak", "KLRR": "Stabil", "Panjang": 27.3671325776 }, "geometry": { "type": "MultiLineString", "coordinates": [ [ [ 115.157370963897577, -8.691591687347159 ], [ 115.157159916995141, -8.691722515683608 ] ] ] } },
{ "type": "Feature", "properties": { "LRR": 0.48, "LR2": 0.03, "Kec": "Kuta", "Desa": "Seminyak", "KLRR": "Akresi", "Panjang": 27.3459036197 }, "geometry": { "type": "MultiLineString", "coordinates": [ [ [ 115.157539087066255, -8.691812322719674 ], [ 115.157328534081017, -8.691943575727041 ] ] ] } },
{ "type": "Feature", "properties": { "LRR": 0.48, "LR2": 0.03, "Kec": "Kuta", "Desa": "Seminyak", "KLRR": "Akresi", "Panjang": 25.374389257099999 }, "geometry": { "type": "MultiLineString", "coordinates": [ [ [ 115.157701302377376, -8.692054047761513 ], [ 115.157507097642167, -8.692177674496241 ] ] ] } },
{ "type": "Feature", "properties": { "LRR": 0.62, "LR2": 0.06, "Kec": "Kuta", "Desa": "Seminyak", "KLRR": "Akresi", "Panjang": 22.895777677200002 }, "geometry": { "type": "MultiLineString", "coordinates": [ [ [ 115.157865363960454, -8.692306226478905 ], [ 115.157691704253011, -8.692420189555161 ] ] ] } },
{ "type": "Feature", "properties": { "LRR": 0.68, "LR2": 0.07, "Kec": "Kuta", "Desa": "Seminyak", "KLRR": "Akresi", "Panjang": 23.0032784528 }, "geometry": { "type": "MultiLineString", "coordinates": [ [ [ 115.158039235842395, -8.692535157315145 ], [ 115.157865595498549, -8.692650905196043 ] ] ] } },
{ "type": "Feature", "properties": { "LRR": 0.56, "LR2": 0.04, "Kec": "Kuta", "Desa": "Seminyak", "KLRR": "Akresi", "Panjang": 25.968129240100001 }, "geometry": { "type": "MultiLineString", "coordinates": [ [ [ 115.15823251877309, -8.692746873465769 ], [ 115.158037264387261, -8.692878670902846 ] ] ] } },
{ "type": "Feature", "properties": { "LRR": 0.54, "LR2": 0.03, "Kec": "Kuta", "Desa": "Seminyak", "KLRR": "Akresi", "Panjang": 27.5061054488 }, "geometry": { "type": "MultiLineString", "coordinates": [ [ [ 115.158415523809708, -8.692966413451849 ], [ 115.158209611431261, -8.693107336693734 ] ] ] } },
{ "type": "Feature", "properties": { "LRR": 0.66, "LR2": 0.06, "Kec": "Kuta", "Desa": "Seminyak", "KLRR": "Akresi", "Panjang": 21.735762869799998 }, "geometry": { "type": "MultiLineString", "coordinates": [ [ [ 115.15852787497407, -8.693202441127427 ], [ 115.158364493191897, -8.693312830627136 ] ] ] } },
{ "type": "Feature", "properties": { "LRR": 0.45, "LR2": 0.05, "Kec": "Kuta", "Desa": "Seminyak", "KLRR": "Akresi", "Panjang": 15.1902481066 }, "geometry": { "type": "MultiLineString", "coordinates": [ [ [ 115.158643393749628, -8.69342151371773 ], [ 115.158528344457039, -8.693497372566437 ] ] ] } },
{ "type": "Feature", "properties": { "LRR": 0.06, "LR2": 0.0, "Kec": "Kuta", "Desa": "Seminyak", "KLRR": "Akresi", "Panjang": 15.305055338400001 }, "geometry": { "type": "MultiLineString", "coordinates": [ [ [ 115.158813840429033, -8.693600536438556 ], [ 115.158696961878476, -8.693675507728525 ] ] ] } },
{ "type": "Feature", "properties": { "LRR": -0.13, "LR2": 0.01, "Kec": "Kuta", "Desa": "Seminyak", "KLRR": "Abrasi", "Panjang": 13.799955369299999 }, "geometry": { "type": "MultiLineString", "coordinates": [ [ [ 115.158966089857884, -8.693799091383031 ], [ 115.15886005366103, -8.693865673782645 ] ] ] } },
{ "type": "Feature", "properties": { "LRR": -0.18, "LR2": 0.01, "Kec": "Kuta", "Desa": "Seminyak", "KLRR": "Abrasi", "Panjang": 15.5783794092 }, "geometry": { "type": "MultiLineString", "coordinates": [ [ [ 115.159125247869667, -8.694010602546461 ], [ 115.159005312646542, -8.694085395502524 ] ] ] } },
{ "type": "Feature", "properties": { "LRR": -0.28, "LR2": 0.02, "Kec": "Kuta", "Desa": "Seminyak", "KLRR": "Abrasi", "Panjang": 17.804501486300001 }, "geometry": { "type": "MultiLineString", "coordinates": [ [ [ 115.159286346047168, -8.694224691533936 ], [ 115.159149090212807, -8.694309882651105 ] ] ] } },
{ "type": "Feature", "properties": { "LRR": -0.39, "LR2": 0.03, "Kec": "Kuta", "Desa": "Seminyak", "KLRR": "Abrasi", "Panjang": 18.145229173000001 }, "geometry": { "type": "MultiLineString", "coordinates": [ [ [ 115.159431100610405, -8.694431120818729 ], [ 115.15929041942502, -8.694516655242815 ] ] ] } },
{ "type": "Feature", "properties": { "LRR": -0.68, "LR2": 0.07, "Kec": "Kuta", "Desa": "Seminyak", "KLRR": "Abrasi", "Panjang": 17.7971967772 }, "geometry": { "type": "MultiLineString", "coordinates": [ [ [ 115.159541568676033, -8.694633379307481 ], [ 115.159401996845673, -8.694714629285908 ] ] ] } },
{ "type": "Feature", "properties": { "LRR": -1.05, "LR2": 0.14, "Kec": "Kuta", "Desa": "Seminyak", "KLRR": "Abrasi", "Panjang": 21.5159426345 }, "geometry": { "type": "MultiLineString", "coordinates": [ [ [ 115.159652219657744, -8.694835972274223 ], [ 115.159481729047044, -8.694931151999755 ] ] ] } },
{ "type": "Feature", "properties": { "LRR": -1.32, "LR2": 0.18, "Kec": "Kuta", "Desa": "Seminyak", "KLRR": "Abrasi", "Panjang": 25.5505588784 }, "geometry": { "type": "MultiLineString", "coordinates": [ [ [ 115.159771614223956, -8.695054574367175 ], [ 115.159568113157476, -8.695165736842791 ] ] ] } },
{ "type": "Feature", "properties": { "LRR": -1.12, "LR2": 0.13, "Kec": "Kuta", "Desa": "Seminyak", "KLRR": "Abrasi", "Panjang": 23.643068900900001 }, "geometry": { "type": "MultiLineString", "coordinates": [ [ [ 115.159879916329501, -8.695306565502353 ], [ 115.159691811978831, -8.695409798651134 ] ] ] } },
{ "type": "Feature", "properties": { "LRR": -0.73, "LR2": 0.06, "Kec": "Kuta", "Desa": "Seminyak", "KLRR": "Abrasi", "Panjang": 23.615176348599999 }, "geometry": { "type": "MultiLineString", "coordinates": [ [ [ 115.160006791843784, -8.695554172121147 ], [ 115.159819249232783, -8.695657894421117 ] ] ] } },
{ "type": "Feature", "properties": { "LRR": -0.82, "LR2": 0.08, "Kec": "Kuta", "Desa": "Seminyak", "KLRR": "Abrasi", "Panjang": 21.109568254900001 }, "geometry": { "type": "MultiLineString", "coordinates": [ [ [ 115.160106129854569, -8.69581510643825 ], [ 115.159938735201848, -8.695908268897066 ] ] ] } },
{ "type": "Feature", "properties": { "LRR": -0.29, "LR2": 0.01, "Kec": "Kuta", "Desa": "Seminyak", "KLRR": "Abrasi", "Panjang": 27.3716325605 }, "geometry": { "type": "MultiLineString", "coordinates": [ [ [ 115.160236387879607, -8.696069330042933 ], [ 115.160020203064747, -8.696191658190878 ] ] ] } },
{ "type": "Feature", "properties": { "LRR": -0.19, "LR2": 0.0, "Kec": "Kuta", "Desa": "Seminyak", "KLRR": "Abrasi", "Panjang": 31.502942525999998 }, "geometry": { "type": "MultiLineString", "coordinates": [ [ [ 115.16037989828429, -8.696320347629674 ], [ 115.160132273477245, -8.696463201012602 ] ] ] } },
{ "type": "Feature", "properties": { "LRR": -0.56, "LR2": 0.02, "Kec": "Kuta", "Desa": "Seminyak", "KLRR": "Abrasi", "Panjang": 33.810637112400002 }, "geometry": { "type": "MultiLineString", "coordinates": [ [ [ 115.160518822116231, -8.696560585437782 ], [ 115.160253704515526, -8.696715007889638 ] ] ] } },
{ "type": "Feature", "properties": { "LRR": -0.87, "LR2": 0.06, "Kec": "Kuta", "Desa": "Seminyak", "KLRR": "Abrasi", "Panjang": 29.146189888 }, "geometry": { "type": "MultiLineString", "coordinates": [ [ [ 115.16066572495761, -8.696801679064047 ], [ 115.160438250640311, -8.696936597246333 ] ] ] } },
{ "type": "Feature", "properties": { "LRR": -1.08, "LR2": 0.1, "Kec": "Kuta", "Desa": "Seminyak", "KLRR": "Abrasi", "Panjang": 27.8079500031 }, "geometry": { "type": "MultiLineString", "coordinates": [ [ [ 115.160824062295674, -8.697050139174817 ], [ 115.160608581997892, -8.697181415002913 ] ] ] } },
{ "type": "Feature", "properties": { "LRR": -1.46, "LR2": 0.18, "Kec": "Kuta", "Desa": "Seminyak", "KLRR": "Abrasi", "Panjang": 27.681028469200001 }, "geometry": { "type": "MultiLineString", "coordinates": [ [ [ 115.160982423812328, -8.697297593139227 ], [ 115.160769508032956, -8.697430805302494 ] ] ] } },
{ "type": "Feature", "properties": { "LRR": -1.56, "LR2": 0.24, "Kec": "Kuta", "Desa": "Seminyak", "KLRR": "Abrasi", "Panjang": 24.0135692054 }, "geometry": { "type": "MultiLineString", "coordinates": [ [ [ 115.161133145964627, -8.69753312066816 ], [ 115.160949095930647, -8.697649716212208 ] ] ] } },
{ "type": "Feature", "properties": { "LRR": -1.57, "LR2": 0.32, "Kec": "Kuta", "Desa": "Seminyak", "KLRR": "Abrasi", "Panjang": 21.946621208900002 }, "geometry": { "type": "MultiLineString", "coordinates": [ [ [ 115.161298959806416, -8.697746590190757 ], [ 115.161130769261604, -8.697853177449991 ] ] ] } },
{ "type": "Feature", "properties": { "LRR": -1.43, "LR2": 0.4, "Kec": "Kuta", "Desa": "Legian", "KLRR": "Abrasi", "Panjang": 17.716200431600001 }, "geometry": { "type": "MultiLineString", "coordinates": [ [ [ 115.161426727306676, -8.69795023845554 ], [ 115.161289805755175, -8.698034454461999 ] ] ] } },
{ "type": "Feature", "properties": { "LRR": -1.1, "LR2": 0.3, "Kec": "Kuta", "Desa": "Legian", "KLRR": "Abrasi", "Panjang": 16.674013765200002 }, "geometry": { "type": "MultiLineString", "coordinates": [ [ [ 115.161567018521509, -8.698154405558729 ], [ 115.161437350000597, -8.698232362461699 ] ] ] } },
{ "type": "Feature", "properties": { "LRR": -0.61, "LR2": 0.15, "Kec": "Kuta", "Desa": "Legian", "KLRR": "Abrasi", "Panjang": 13.807810752 }, "geometry": { "type": "MultiLineString", "coordinates": [ [ [ 115.161684930678575, -8.698391928037985 ], [ 115.161577356524219, -8.698456162030919 ] ] ] } },
{ "type": "Feature", "properties": { "LRR": -0.43, "LR2": 0.08, "Kec": "Kuta", "Desa": "Legian", "KLRR": "Abrasi", "Panjang": 13.7520022038 }, "geometry": { "type": "MultiLineString", "coordinates": [ [ [ 115.161825079508048, -8.698633163357254 ], [ 115.161718157193121, -8.698697496360374 ] ] ] } },
{ "type": "Feature", "properties": { "LRR": 0.01, "LR2": 0.0, "Kec": "Kuta", "Desa": "Legian", "KLRR": "Akresi", "Panjang": 13.567159063 }, "geometry": { "type": "MultiLineString", "coordinates": [ [ [ 115.161969774291208, -8.698852976821859 ], [ 115.161864038450446, -8.6989160308949 ] ] ] } },
{ "type": "Feature", "properties": { "LRR": 0.05, "LR2": 0.0, "Kec": "Kuta", "Desa": "Legian", "KLRR": "Akresi", "Panjang": 13.708307983099999 }, "geometry": { "type": "MultiLineString", "coordinates": [ [ [ 115.162101753622323, -8.699073815560647 ], [ 115.1619945032473, -8.699136832512995 ] ] ] } },
{ "type": "Feature", "properties": { "LRR": 0.18, "LR2": 0.01, "Kec": "Kuta", "Desa": "Legian", "KLRR": "Akresi", "Panjang": 15.4432012758 }, "geometry": { "type": "MultiLineString", "coordinates": [ [ [ 115.16222888604922, -8.699278547355462 ], [ 115.162107078906885, -8.699347856025941 ] ] ] } },
{ "type": "Feature", "properties": { "LRR": 0.07, "LR2": 0.0, "Kec": "Kuta", "Desa": "Legian", "KLRR": "Akresi", "Panjang": 17.777475510799999 }, "geometry": { "type": "MultiLineString", "coordinates": [ [ [ 115.162347938703647, -8.699489154589498 ], [ 115.162206655204045, -8.699567057413457 ] ] ] } },
{ "type": "Feature", "properties": { "LRR": -0.21, "LR2": 0.01, "Kec": "Kuta", "Desa": "Legian", "KLRR": "Abrasi", "Panjang": 15.9451240224 }, "geometry": { "type": "MultiLineString", "coordinates": [ [ [ 115.16245007290992, -8.699709663840968 ], [ 115.162322471016267, -8.699777932013516 ] ] ] } },
{ "type": "Feature", "properties": { "LRR": -0.32, "LR2": 0.03, "Kec": "Kuta", "Desa": "Legian", "KLRR": "Abrasi", "Panjang": 15.7255281388 }, "geometry": { "type": "MultiLineString", "coordinates": [ [ [ 115.162548438317515, -8.699932399712626 ], [ 115.16242176621941, -8.699998173527602 ] ] ] } },
{ "type": "Feature", "properties": { "LRR": -0.1, "LR2": 0.0, "Kec": "Kuta", "Desa": "Legian", "KLRR": "Abrasi", "Panjang": 14.4796325352 }, "geometry": { "type": "MultiLineString", "coordinates": [ [ [ 115.162652768848503, -8.700162410555741 ], [ 115.162535634539907, -8.700222014014523 ] ] ] } },
{ "type": "Feature", "properties": { "LRR": 0.05, "LR2": 0.0, "Kec": "Kuta", "Desa": "Legian", "KLRR": "Akresi", "Panjang": 13.053655728800001 }, "geometry": { "type": "MultiLineString", "coordinates": [ [ [ 115.162754769297663, -8.700401651616993 ], [ 115.162648901174322, -8.700454857999816 ] ] ] } },
{ "type": "Feature", "properties": { "LRR": 0.18, "LR2": 0.01, "Kec": "Kuta", "Desa": "Legian", "KLRR": "Akresi", "Panjang": 13.7181670283 }, "geometry": { "type": "MultiLineString", "coordinates": [ [ [ 115.162842535688355, -8.70064587141515 ], [ 115.162730956725085, -8.700701148599505 ] ] ] } },
{ "type": "Feature", "properties": { "LRR": 0.22, "LR2": 0.02, "Kec": "Kuta", "Desa": "Legian", "KLRR": "Akresi", "Panjang": 15.8111105045 }, "geometry": { "type": "MultiLineString", "coordinates": [ [ [ 115.162955414358024, -8.700878024588986 ], [ 115.162826445895718, -8.700940998322691 ] ] ] } },
{ "type": "Feature", "properties": { "LRR": -0.11, "LR2": 0.0, "Kec": "Kuta", "Desa": "Legian", "KLRR": "Abrasi", "Panjang": 18.4349419172 }, "geometry": { "type": "MultiLineString", "coordinates": [ [ [ 115.163068733948748, -8.701111083960422 ], [ 115.162917951651451, -8.701183667613259 ] ] ] } },
{ "type": "Feature", "properties": { "LRR": -0.22, "LR2": 0.01, "Kec": "Kuta", "Desa": "Legian", "KLRR": "Abrasi", "Panjang": 23.124093134900001 }, "geometry": { "type": "MultiLineString", "coordinates": [ [ [ 115.163215080160924, -8.701329613311554 ], [ 115.163025483372579, -8.701419705119319 ] ] ] } },
{ "type": "Feature", "properties": { "LRR": -0.16, "LR2": 0.0, "Kec": "Kuta", "Desa": "Legian", "KLRR": "Abrasi", "Panjang": 23.459711960500002 }, "geometry": { "type": "MultiLineString", "coordinates": [ [ [ 115.163340167712235, -8.701572144523952 ], [ 115.163147886943563, -8.701663685309583 ] ] ] } },
{ "type": "Feature", "properties": { "LRR": -0.31, "LR2": 0.02, "Kec": "Kuta", "Desa": "Legian", "KLRR": "Abrasi", "Panjang": 19.348331611599999 }, "geometry": { "type": "MultiLineString", "coordinates": [ [ [ 115.163434859523946, -8.701836989897833 ], [ 115.163276578101801, -8.701913112167931 ] ] ] } },
{ "type": "Feature", "properties": { "LRR": -0.67, "LR2": 0.06, "Kec": "Kuta", "Desa": "Legian", "KLRR": "Abrasi", "Panjang": 25.627091650099999 }, "geometry": { "type": "MultiLineString", "coordinates": [ [ [ 115.163617951508897, -8.702054080070024 ], [ 115.163408485910821, -8.702155274913395 ] ] ] } },
{ "type": "Feature", "properties": { "LRR": -0.8, "LR2": 0.07, "Kec": "Kuta", "Desa": "Legian", "KLRR": "Abrasi", "Panjang": 27.569499245900001 }, "geometry": { "type": "MultiLineString", "coordinates": [ [ [ 115.163754829879082, -8.702293422512724 ], [ 115.163529681968527, -8.702402684734711 ] ] ] } },
{ "type": "Feature", "properties": { "LRR": -1.1, "LR2": 0.12, "Kec": "Kuta", "Desa": "Legian", "KLRR": "Abrasi", "Panjang": 30.489959277499999 }, "geometry": { "type": "MultiLineString", "coordinates": [ [ [ 115.163922946796504, -8.702518056285083 ], [ 115.163674184834619, -8.702639373487832 ] ] ] } },
{ "type": "Feature", "properties": { "LRR": -1.82, "LR2": 0.39, "Kec": "Kuta", "Desa": "Kuta", "KLRR": "Abrasi", "Panjang": 24.6256896308 }, "geometry": { "type": "MultiLineString", "coordinates": [ [ [ 115.167153318598608, -8.712651323873196 ], [ 115.166937027452548, -8.71270835953502 ] ] ] } },
{ "type": "Feature", "properties": { "LRR": -2.06, "LR2": 0.43, "Kec": "Kuta", "Desa": "Kuta", "KLRR": "Abrasi", "Panjang": 29.108946687 }, "geometry": { "type": "MultiLineString", "coordinates": [ [ [ 115.167250236900315, -8.712921600856035 ], [ 115.166995046126914, -8.712990788675281 ] ] ] } },
{ "type": "Feature", "properties": { "LRR": -2.11, "LR2": 0.43, "Kec": "Kuta", "Desa": "Kuta", "KLRR": "Abrasi", "Panjang": 31.2763306708 }, "geometry": { "type": "MultiLineString", "coordinates": [ [ [ 115.167326763164908, -8.713197140677387 ], [ 115.167053097694421, -8.71327337619285 ] ] ] } },
{ "type": "Feature", "properties": { "LRR": -2.01, "LR2": 0.41, "Kec": "Kuta", "Desa": "Kuta", "KLRR": "Abrasi", "Panjang": 30.714071334700002 }, "geometry": { "type": "MultiLineString", "coordinates": [ [ [ 115.167382826488478, -8.713478312767133 ], [ 115.167114610339866, -8.71355503564831 ] ] ] } },
{ "type": "Feature", "properties": { "LRR": -1.86, "LR2": 0.42, "Kec": "Kuta", "Desa": "Kuta", "KLRR": "Abrasi", "Panjang": 27.417587002299999 }, "geometry": { "type": "MultiLineString", "coordinates": [ [ [ 115.167429572031537, -8.713762385411295 ], [ 115.167190627256375, -8.713832528559443 ] ] ] } },
{ "type": "Feature", "properties": { "LRR": -1.69, "LR2": 0.38, "Kec": "Kuta", "Desa": "Kuta", "KLRR": "Abrasi", "Panjang": 25.156627583300001 }, "geometry": { "type": "MultiLineString", "coordinates": [ [ [ 115.167484505174812, -8.714040737663721 ], [ 115.167265614864888, -8.714106266392259 ] ] ] } },
{ "type": "Feature", "properties": { "LRR": -1.49, "LR2": 0.3, "Kec": "Kuta", "Desa": "Kuta", "KLRR": "Abrasi", "Panjang": 25.3030970963 }, "geometry": { "type": "MultiLineString", "coordinates": [ [ [ 115.167556360465738, -8.714297962755447 ], [ 115.167336071725387, -8.714363462149798 ] ] ] } },
{ "type": "Feature", "properties": { "LRR": -1.29, "LR2": 0.23, "Kec": "Kuta", "Desa": "Kuta", "KLRR": "Abrasi", "Panjang": 25.882248040099999 }, "geometry": { "type": "MultiLineString", "coordinates": [ [ [ 115.167629978234118, -8.714546685354669 ], [ 115.167404279749434, -8.714612447976041 ] ] ] } },
{ "type": "Feature", "properties": { "LRR": -1.15, "LR2": 0.17, "Kec": "Kuta", "Desa": "Kuta", "KLRR": "Abrasi", "Panjang": 26.011379917700001 }, "geometry": { "type": "MultiLineString", "coordinates": [ [ [ 115.167702833520949, -8.714792834887737 ], [ 115.167475567795421, -8.714857408334586 ] ] ] } },
{ "type": "Feature", "properties": { "LRR": -1.07, "LR2": 0.17, "Kec": "Kuta", "Desa": "Kuta", "KLRR": "Abrasi", "Panjang": 23.8483941806 }, "geometry": { "type": "MultiLineString", "coordinates": [ [ [ 115.167769412743809, -8.715048879130975 ], [ 115.167560862641295, -8.715107443040795 ] ] ] } },
{ "type": "Feature", "properties": { "LRR": -1.06, "LR2": 0.18, "Kec": "Kuta", "Desa": "Kuta", "KLRR": "Abrasi", "Panjang": 22.309703254 }, "geometry": { "type": "MultiLineString", "coordinates": [ [ [ 115.167841712227229, -8.715304133677241 ], [ 115.167646470212816, -8.715358396895803 ] ] ] } },
{ "type": "Feature", "properties": { "LRR": -1.12, "LR2": 0.23, "Kec": "Kuta", "Desa": "Kuta", "KLRR": "Abrasi", "Panjang": 20.015721916099999 }, "geometry": { "type": "MultiLineString", "coordinates": [ [ [ 115.167908106709632, -8.715563244575227 ], [ 115.167732857285586, -8.715611631885052 ] ] ] } },
{ "type": "Feature", "properties": { "LRR": -1.32, "LR2": 0.31, "Kec": "Kuta", "Desa": "Kuta", "KLRR": "Abrasi", "Panjang": 20.865820856399999 }, "geometry": { "type": "MultiLineString", "coordinates": [ [ [ 115.168002068236504, -8.71581486703548 ], [ 115.167819292804936, -8.715865011761297 ] ] ] } },
{ "type": "Feature", "properties": { "LRR": -1.6, "LR2": 0.39, "Kec": "Kuta", "Desa": "Kuta", "KLRR": "Abrasi", "Panjang": 22.457598384000001 }, "geometry": { "type": "MultiLineString", "coordinates": [ [ [ 115.168102542460872, -8.716064759755863 ], [ 115.167905734690521, -8.716118407942437 ] ] ] } },
{ "type": "Feature", "properties": { "LRR": -1.77, "LR2": 0.46, "Kec": "Kuta", "Desa": "Kuta", "KLRR": "Abrasi", "Panjang": 23.887489741700001 }, "geometry": { "type": "MultiLineString", "coordinates": [ [ [ 115.168202679219945, -8.71631381366935 ], [ 115.16799322098467, -8.716370442194343 ] ] ] } },
{ "type": "Feature", "properties": { "LRR": -2.0, "LR2": 0.53, "Kec": "Kuta", "Desa": "Kuta", "KLRR": "Abrasi", "Panjang": 25.227605413100001 }, "geometry": { "type": "MultiLineString", "coordinates": [ [ [ 115.168299804920252, -8.716555378137116 ], [ 115.168078245850211, -8.716613887581424 ] ] ] } },
{ "type": "Feature", "properties": { "LRR": -2.34, "LR2": 0.6, "Kec": "Kuta", "Desa": "Kuta", "KLRR": "Abrasi", "Panjang": 26.572098524800001 }, "geometry": { "type": "MultiLineString", "coordinates": [ [ [ 115.168397104898062, -8.716797373784285 ], [ 115.168163377458427, -8.716857634541844 ] ] ] } },
{ "type": "Feature", "properties": { "LRR": -2.51, "LR2": 0.64, "Kec": "Kuta", "Desa": "Kuta", "KLRR": "Abrasi", "Panjang": 26.081736653899998 }, "geometry": { "type": "MultiLineString", "coordinates": [ [ [ 115.168472927298396, -8.717045082710893 ], [ 115.168243167065114, -8.71710288725018 ] ] ] } },
{ "type": "Feature", "properties": { "LRR": -2.57, "LR2": 0.62, "Kec": "Kuta", "Desa": "Kuta", "KLRR": "Abrasi", "Panjang": 25.866192884 }, "geometry": { "type": "MultiLineString", "coordinates": [ [ [ 115.168543732944599, -8.717294305287913 ], [ 115.168315536105965, -8.717350296565675 ] ] ] } },
{ "type": "Feature", "properties": { "LRR": -2.59, "LR2": 0.6, "Kec": "Kuta", "Desa": "Kuta", "KLRR": "Abrasi", "Panjang": 25.709564205100001 }, "geometry": { "type": "MultiLineString", "coordinates": [ [ [ 115.168611693790155, -8.717544428174515 ], [ 115.168384553512396, -8.717598752013322 ] ] ] } },
{ "type": "Feature", "properties": { "LRR": -2.76, "LR2": 0.64, "Kec": "Kuta", "Desa": "Kuta", "KLRR": "Abrasi", "Panjang": 27.243770253400001 }, "geometry": { "type": "MultiLineString", "coordinates": [ [ [ 115.168673784442618, -8.717796103089634 ], [ 115.16843275343885, -8.717852259419193 ] ] ] } },
{ "type": "Feature", "properties": { "LRR": -3.01, "LR2": 0.71, "Kec": "Kuta", "Desa": "Kuta", "KLRR": "Abrasi", "Panjang": 27.804085410799999 }, "geometry": { "type": "MultiLineString", "coordinates": [ [ [ 115.16872825447426, -8.718055180929444 ], [ 115.168482082106365, -8.718111704837538 ] ] ] } },
{ "type": "Feature", "properties": { "LRR": -2.73, "LR2": 0.69, "Kec": "Kuta", "Desa": "Kuta", "KLRR": "Abrasi", "Panjang": 24.4116493746 }, "geometry": { "type": "MultiLineString", "coordinates": [ [ [ 115.16874775898917, -8.718322500823643 ], [ 115.168531471034711, -8.718371470594519 ] ] ] } },
{ "type": "Feature", "properties": { "LRR": -2.5, "LR2": 0.69, "Kec": "Kuta", "Desa": "Kuta", "KLRR": "Abrasi", "Panjang": 21.022933957700001 }, "geometry": { "type": "MultiLineString", "coordinates": [ [ [ 115.168767248202499, -8.718589601858151 ], [ 115.168580855592964, -8.718631207404037 ] ] ] } },
{ "type": "Feature", "properties": { "LRR": -2.16, "LR2": 0.69, "Kec": "Kuta", "Desa": "Kuta", "KLRR": "Abrasi", "Panjang": 17.610780915599999 }, "geometry": { "type": "MultiLineString", "coordinates": [ [ [ 115.168805077830001, -8.71885541261088 ], [ 115.168648878771265, -8.718890002547056 ] ] ] } },
{ "type": "Feature", "properties": { "LRR": -2.01, "LR2": 0.73, "Kec": "Kuta", "Desa": "Kuta", "KLRR": "Abrasi", "Panjang": 17.1183538025 }, "geometry": { "type": "MultiLineString", "coordinates": [ [ [ 115.168856880992621, -8.719127181726131 ], [ 115.168705133535212, -8.71916117835519 ] ] ] } },
{ "type": "Feature", "properties": { "LRR": -2.1, "LR2": 0.66, "Kec": "Kuta", "Desa": "Kuta", "KLRR": "Abrasi", "Panjang": 20.207909592699998 }, "geometry": { "type": "MultiLineString", "coordinates": [ [ [ 115.168932291818805, -8.719394377935563 ], [ 115.168753270991374, -8.719435012794358 ] ] ] } },
{ "type": "Feature", "properties": { "LRR": -2.28, "LR2": 0.61, "Kec": "Kuta", "Desa": "Kuta", "KLRR": "Abrasi", "Panjang": 23.232829901700001 }, "geometry": { "type": "MultiLineString", "coordinates": [ [ [ 115.169013570014044, -8.719655970931647 ], [ 115.168807792822165, -8.719702868613638 ] ] ] } },
{ "type": "Feature", "properties": { "LRR": -2.2, "LR2": 0.69, "Kec": "Kuta", "Desa": "Kuta", "KLRR": "Abrasi", "Panjang": 20.694743214500001 }, "geometry": { "type": "MultiLineString", "coordinates": [ [ [ 115.169080617197054, -8.719906274785867 ], [ 115.168897074306486, -8.719946966515943 ] ] ] } },
{ "type": "Feature", "properties": { "LRR": -2.0, "LR2": 0.69, "Kec": "Kuta", "Desa": "Kuta", "KLRR": "Abrasi", "Panjang": 19.262294576399999 }, "geometry": { "type": "MultiLineString", "coordinates": [ [ [ 115.169124517493685, -8.720150510056843 ], [ 115.168953266261354, -8.720186492946373 ] ] ] } },
{ "type": "Feature", "properties": { "LRR": -1.88, "LR2": 0.54, "Kec": "Kuta", "Desa": "Kuta", "KLRR": "Abrasi", "Panjang": 20.4911842938 }, "geometry": { "type": "MultiLineString", "coordinates": [ [ [ 115.169197888735596, -8.720387459520678 ], [ 115.169015279867111, -8.720423642603638 ] ] ] } },
{ "type": "Feature", "properties": { "LRR": -1.97, "LR2": 0.42, "Kec": "Kuta", "Desa": "Kuta", "KLRR": "Abrasi", "Panjang": 26.615226549900001 }, "geometry": { "type": "MultiLineString", "coordinates": [ [ [ 115.16931498586132, -8.720616445132947 ], [ 115.169077271215514, -8.720660708077181 ] ] ] } },
{ "type": "Feature", "properties": { "LRR": -1.99, "LR2": 0.45, "Kec": "Kuta", "Desa": "Kuta", "KLRR": "Abrasi", "Panjang": 25.479248824599999 }, "geometry": { "type": "MultiLineString", "coordinates": [ [ [ 115.169367287574588, -8.720857942688834 ], [ 115.169139240310841, -8.720897688462941 ] ] ] } },
{ "type": "Feature", "properties": { "LRR": -2.11, "LR2": 0.51, "Kec": "Kuta", "Desa": "Kuta", "KLRR": "Abrasi", "Panjang": 25.79234941 }, "geometry": { "type": "MultiLineString", "coordinates": [ [ [ 115.169432393326659, -8.721096658654449 ], [ 115.169201082796391, -8.721134181846619 ] ] ] } },
{ "type": "Feature", "properties": { "LRR": -2.1, "LR2": 0.53, "Kec": "Kuta", "Desa": "Kuta", "KLRR": "Abrasi", "Panjang": 25.58253731 }, "geometry": { "type": "MultiLineString", "coordinates": [ [ [ 115.169490441923983, -8.721327634225986 ], [ 115.169260441831881, -8.721361182180585 ] ] ] } },
{ "type": "Feature", "properties": { "LRR": -2.0, "LR2": 0.56, "Kec": "Kuta", "Desa": "Kuta", "KLRR": "Abrasi", "Panjang": 22.678498222999998 }, "geometry": { "type": "MultiLineString", "coordinates": [ [ [ 115.169520807381559, -8.72154956753006 ], [ 115.169316304067934, -8.721574807886924 ] ] ] } },
{ "type": "Feature", "properties": { "LRR": -1.86, "LR2": 0.53, "Kec": "Kuta", "Desa": "Kuta", "KLRR": "Abrasi", "Panjang": 20.26275085 }, "geometry": { "type": "MultiLineString", "coordinates": [ [ [ 115.169548283414116, -8.721770724766278 ], [ 115.169365088351839, -8.721789063059465 ] ] ] } },
{ "type": "Feature", "properties": { "LRR": -2.11, "LR2": 0.49, "Kec": "Kuta", "Desa": "Kuta", "KLRR": "Abrasi", "Panjang": 24.066289994600002 }, "geometry": { "type": "MultiLineString", "coordinates": [ [ [ 115.16958702627052, -8.721989420276458 ], [ 115.169368980260899, -8.722005993907747 ] ] ] } },
{ "type": "Feature", "properties": { "LRR": -2.35, "LR2": 0.56, "Kec": "Kuta", "Desa": "Kuta", "KLRR": "Abrasi", "Panjang": 25.7925697105 }, "geometry": { "type": "MultiLineString", "coordinates": [ [ [ 115.169606118674665, -8.722206332222379 ], [ 115.169372045537244, -8.722218017043479 ] ] ] } },
{ "type": "Feature", "properties": { "LRR": -2.45, "LR2": 0.58, "Kec": "Kuta", "Desa": "Kuta", "KLRR": "Abrasi", "Panjang": 26.9670163517 }, "geometry": { "type": "MultiLineString", "coordinates": [ [ [ 115.169620080281433, -8.722424262737638 ], [ 115.169375111348486, -8.722430112506668 ] ] ] } },
{ "type": "Feature", "properties": { "LRR": -2.5, "LR2": 0.57, "Kec": "Kuta", "Desa": "Kuta", "KLRR": "Abrasi", "Panjang": 28.222459804 }, "geometry": { "type": "MultiLineString", "coordinates": [ [ [ 115.169634603296785, -8.722641476313392 ], [ 115.169378156907797, -8.722640764960538 ] ] ] } },
{ "type": "Feature", "properties": { "LRR": -2.47, "LR2": 0.6, "Kec": "Kuta", "Desa": "Kuta", "KLRR": "Abrasi", "Panjang": 26.261355176 }, "geometry": { "type": "MultiLineString", "coordinates": [ [ [ 115.169618967395778, -8.722846558183829 ], [ 115.169380489227891, -8.722838155653887 ] ] ] } },
{ "type": "Feature", "properties": { "LRR": -2.57, "LR2": 0.61, "Kec": "Kuta", "Desa": "Kuta", "KLRR": "Abrasi", "Panjang": 27.441808630400001 }, "geometry": { "type": "MultiLineString", "coordinates": [ [ [ 115.169608545464868, -8.723043240076816 ], [ 115.169359834997579, -8.72302542552508 ] ] ] } },
{ "type": "Feature", "properties": { "LRR": -2.95, "LR2": 0.64, "Kec": "Kuta", "Desa": "Kuta", "KLRR": "Abrasi", "Panjang": 28.6719929285 }, "geometry": { "type": "MultiLineString", "coordinates": [ [ [ 115.169598244928181, -8.723240177501198 ], [ 115.169339238767392, -8.723212159550215 ] ] ] } },
{ "type": "Feature", "properties": { "LRR": -3.28, "LR2": 0.66, "Kec": "Kuta", "Desa": "Kuta", "KLRR": "Abrasi", "Panjang": 29.857737726700002 }, "geometry": { "type": "MultiLineString", "coordinates": [ [ [ 115.16957953154531, -8.723444634261135 ], [ 115.169310919889824, -8.723406678413218 ] ] ] } },
{ "type": "Feature", "properties": { "LRR": -3.16, "LR2": 0.65, "Kec": "Kuta", "Desa": "Kuta", "KLRR": "Abrasi", "Panjang": 29.660568457499998 }, "geometry": { "type": "MultiLineString", "coordinates": [ [ [ 115.169540181363899, -8.723652590630524 ], [ 115.169274597450752, -8.723606954713452 ] ] ] } },
{ "type": "Feature", "properties": { "LRR": -3.05, "LR2": 0.65, "Kec": "Kuta", "Desa": "Kuta", "KLRR": "Abrasi", "Panjang": 30.061739602700001 }, "geometry": { "type": "MultiLineString", "coordinates": [ [ [ 115.169505588415916, -8.723863454844599 ], [ 115.169237870587253, -8.723809469357411 ] ] ] } },
{ "type": "Feature", "properties": { "LRR": -2.95, "LR2": 0.66, "Kec": "Kuta", "Desa": "Kuta", "KLRR": "Abrasi", "Panjang": 29.6206771196 }, "geometry": { "type": "MultiLineString", "coordinates": [ [ [ 115.169463304626817, -8.72407258409207 ], [ 115.169201175433116, -8.724011804229177 ] ] ] } },
{ "type": "Feature", "properties": { "LRR": -2.92, "LR2": 0.7, "Kec": "Kuta", "Desa": "Kuta", "KLRR": "Abrasi", "Panjang": 26.428208998599999 }, "geometry": { "type": "MultiLineString", "coordinates": [ [ [ 115.16939670570811, -8.724274942927046 ], [ 115.169164506378038, -8.724213991848535 ] ] ] } },
{ "type": "Feature", "properties": { "LRR": -2.94, "LR2": 0.73, "Kec": "Kuta", "Desa": "Kuta", "KLRR": "Abrasi", "Panjang": 24.010647976800001 }, "geometry": { "type": "MultiLineString", "coordinates": [ [ [ 115.169328805161641, -8.724475499954606 ], [ 115.169119566162465, -8.724414004119195 ] ] ] } },
{ "type": "Feature", "properties": { "LRR": -3.08, "LR2": 0.83, "Kec": "Kuta", "Desa": "Kuta", "KLRR": "Abrasi", "Panjang": 23.7247823308 }, "geometry": { "type": "MultiLineString", "coordinates": [ [ [ 115.169254667074483, -8.72466734861068 ], [ 115.169049989912139, -8.724600001827948 ] ] ] } },
{ "type": "Feature", "properties": { "LRR": -2.9, "LR2": 0.84, "Kec": "Kuta", "Desa": "Kuta", "KLRR": "Abrasi", "Panjang": 22.616864953699999 }, "geometry": { "type": "MultiLineString", "coordinates": [ [ [ 115.169169619723888, -8.724866378141753 ], [ 115.168976313810077, -8.72479695886063 ] ] ] } },
{ "type": "Feature", "properties": { "LRR": -2.66, "LR2": 0.8, "Kec": "Kuta", "Desa": "Kuta", "KLRR": "Abrasi", "Panjang": 20.8581161436 }, "geometry": { "type": "MultiLineString", "coordinates": [ [ [ 115.169076168942098, -8.725070596282661 ], [ 115.168899418923687, -8.725002520721718 ] ] ] } },
{ "type": "Feature", "properties": { "LRR": -2.5, "LR2": 0.7, "Kec": "Kuta", "Desa": "Kuta", "KLRR": "Abrasi", "Panjang": 20.8170356408 }, "geometry": { "type": "MultiLineString", "coordinates": [ [ [ 115.168987000995827, -8.725266168543442 ], [ 115.16881252424335, -8.725193472300443 ] ] ] } },
{ "type": "Feature", "properties": { "LRR": -2.71, "LR2": 0.68, "Kec": "Kuta", "Desa": "Kuta", "KLRR": "Abrasi", "Panjang": 22.360600339699999 }, "geometry": { "type": "MultiLineString", "coordinates": [ [ [ 115.168909383846085, -8.725450793860167 ], [ 115.16872476424254, -8.725366374254422 ] ] ] } },
{ "type": "Feature", "properties": { "LRR": -2.94, "LR2": 0.66, "Kec": "Kuta", "Desa": "Kuta", "KLRR": "Abrasi", "Panjang": 23.834027549799998 }, "geometry": { "type": "MultiLineString", "coordinates": [ [ [ 115.168836306322291, -8.725624619228315 ], [ 115.168643342202998, -8.725526787981059 ] ] ] } },
{ "type": "Feature", "properties": { "LRR": -3.2, "LR2": 0.64, "Kec": "Kuta", "Desa": "Kuta", "KLRR": "Abrasi", "Panjang": 25.6617395958 }, "geometry": { "type": "MultiLineString", "coordinates": [ [ [ 115.168768261707925, -8.725794757612299 ], [ 115.168565333164182, -8.725680477337413 ] ] ] } },
{ "type": "Feature", "properties": { "LRR": -3.33, "LR2": 0.66, "Kec": "Kuta", "Desa": "Kuta", "KLRR": "Abrasi", "Panjang": 24.526856970499999 }, "geometry": { "type": "MultiLineString", "coordinates": [ [ [ 115.168678027049069, -8.725940654501343 ], [ 115.168489636937764, -8.72582217980081 ] ] ] } },
{ "type": "Feature", "properties": { "LRR": -3.4, "LR2": 0.67, "Kec": "Kuta", "Desa": "Kuta", "KLRR": "Abrasi", "Panjang": 26.1059049855 }, "geometry": { "type": "MultiLineString", "coordinates": [ [ [ 115.168586014634698, -8.726116244465768 ], [ 115.168390164057371, -8.725983077682084 ] ] ] } },
{ "type": "Feature", "properties": { "LRR": -3.4, "LR2": 0.69, "Kec": "Kuta", "Desa": "Kuta", "KLRR": "Abrasi", "Panjang": 26.7900867185 }, "geometry": { "type": "MultiLineString", "coordinates": [ [ [ 115.168473222784272, -8.726292677948795 ], [ 115.168276465043107, -8.726150063619578 ] ] ] } },
{ "type": "Feature", "properties": { "LRR": -3.43, "LR2": 0.67, "Kec": "Kuta", "Desa": "Kuta", "KLRR": "Abrasi", "Panjang": 29.9437024749 }, "geometry": { "type": "MultiLineString", "coordinates": [ [ [ 115.1683568622514, -8.726474921838038 ], [ 115.168141281140748, -8.726309757452226 ] ] ] } },
{ "type": "Feature", "properties": { "LRR": -3.12, "LR2": 0.55, "Kec": "Kuta", "Desa": "Kuta", "KLRR": "Abrasi", "Panjang": 33.232065397500001 }, "geometry": { "type": "MultiLineString", "coordinates": [ [ [ 115.168234541188525, -8.726655746419404 ], [ 115.168000089252899, -8.726466398967114 ] ] ] } },
{ "type": "Feature", "properties": { "LRR": -2.0, "LR2": 0.38, "Kec": "Kuta", "Desa": "Kuta", "KLRR": "Abrasi", "Panjang": 26.154980314900001 }, "geometry": { "type": "MultiLineString", "coordinates": [ [ [ 115.168035532958726, -8.726787478996576 ], [ 115.167854131531328, -8.726634708026731 ] ] ] } },
{ "type": "Feature", "properties": { "LRR": -1.01, "LR2": 0.41, "Kec": "Kuta", "Desa": "Kuta", "KLRR": "Abrasi", "Panjang": 14.116732577100001 }, "geometry": { "type": "MultiLineString", "coordinates": [ [ [ 115.167778540904422, -8.726883373144734 ], [ 115.167681773105855, -8.726799595048863 ] ] ] } },
{ "type": "Feature", "properties": { "LRR": -0.44, "LR2": 0.09, "Kec": "Kuta", "Desa": "Kuta", "KLRR": "Abrasi", "Panjang": 12.914497003299999 }, "geometry": { "type": "MultiLineString", "coordinates": [ [ [ 115.167576823734265, -8.727020859454997 ], [ 115.167489390245791, -8.72694298391392 ] ] ] } },
{ "type": "Feature", "properties": { "LRR": -0.46, "LR2": 0.09, "Kec": "Kuta", "Desa": "Kuta", "KLRR": "Abrasi", "Panjang": 11.6257908069 }, "geometry": { "type": "MultiLineString", "coordinates": [ [ [ 115.167404919229966, -8.727163980996146 ], [ 115.16732753401233, -8.727092432773361 ] ] ] } },
{ "type": "Feature", "properties": { "LRR": -0.72, "LR2": 0.2, "Kec": "Kuta", "Desa": "Kuta", "KLRR": "Abrasi", "Panjang": 12.9322070244 }, "geometry": { "type": "MultiLineString", "coordinates": [ [ [ 115.167245326982737, -8.727317591349786 ], [ 115.167160805854266, -8.727236364824666 ] ] ] } },
{ "type": "Feature", "properties": { "LRR": -0.79, "LR2": 0.24, "Kec": "Kuta", "Desa": "Kuta", "KLRR": "Abrasi", "Panjang": 13.939054651299999 }, "geometry": { "type": "MultiLineString", "coordinates": [ [ [ 115.167074794439955, -8.727481730984744 ], [ 115.166985096192207, -8.727392757682065 ] ] ] } },
{ "type": "Feature", "properties": { "LRR": -0.58, "LR2": 0.15, "Kec": "Kuta", "Desa": "Kuta", "KLRR": "Abrasi", "Panjang": 13.222741275500001 }, "geometry": { "type": "MultiLineString", "coordinates": [ [ [ 115.16689952814572, -8.727643875846193 ], [ 115.166815764937738, -8.727558172298945 ] ] ] } },
{ "type": "Feature", "properties": { "LRR": -0.34, "LR2": 0.07, "Kec": "Kuta", "Desa": "Kuta", "KLRR": "Abrasi", "Panjang": 11.0912548227 }, "geometry": { "type": "MultiLineString", "coordinates": [ [ [ 115.166685233217009, -8.727826209904363 ], [ 115.166614680741503, -8.727754605052606 ] ] ] } },
{ "type": "Feature", "properties": { "LRR": -0.23, "LR2": 0.03, "Kec": "Kuta", "Desa": "Kuta", "KLRR": "Abrasi", "Panjang": 10.8983475676 }, "geometry": { "type": "MultiLineString", "coordinates": [ [ [ 115.166472076720609, -8.72803198389097 ], [ 115.166401961452166, -8.727962403534848 ] ] ] } },
{ "type": "Feature", "properties": { "LRR": -0.36, "LR2": 0.08, "Kec": "Kuta", "Desa": "Kuta", "KLRR": "Abrasi", "Panjang": 11.5516921981 }, "geometry": { "type": "MultiLineString", "coordinates": [ [ [ 115.166258392095955, -8.728254495051331 ], [ 115.166182807924784, -8.728182027719461 ] ] ] } },
{ "type": "Feature", "properties": { "LRR": -0.16, "LR2": 0.03, "Kec": "Kuta", "Desa": "Kuta", "KLRR": "Abrasi", "Panjang": 7.4148691496500003 }, "geometry": { "type": "MultiLineString", "coordinates": [ [ [ 115.166032988506032, -8.728472969635522 ], [ 115.165983572200972, -8.728427401206895 ] ] ] } },
{ "type": "Feature", "properties": { "LRR": -0.19, "LR2": 0.03, "Kec": "Kuta", "Desa": "Kuta", "KLRR": "Abrasi", "Panjang": 9.3521769506400005 }, "geometry": { "type": "MultiLineString", "coordinates": [ [ [ 115.165797141453595, -8.728728579128774 ], [ 115.165732860234726, -8.728673276016865 ] ] ] } },
{ "type": "Feature", "properties": { "LRR": -0.15, "LR2": 0.02, "Kec": "Kuta", "Desa": "Kuta", "KLRR": "Abrasi", "Panjang": 8.4978833977400008 }, "geometry": { "type": "MultiLineString", "coordinates": [ [ [ 115.165537362894881, -8.728972277183155 ], [ 115.165477092527638, -8.728924250449502 ] ] ] } },
{ "type": "Feature", "properties": { "LRR": -0.22, "LR2": 0.06, "Kec": "Kuta", "Desa": "Kuta", "KLRR": "Abrasi", "Panjang": 6.8205088697600003 }, "geometry": { "type": "MultiLineString", "coordinates": [ [ [ 115.165292047518648, -8.729193303796157 ], [ 115.165242708141847, -8.729155988056412 ] ] ] } },
{ "type": "Feature", "properties": { "LRR": -0.46, "LR2": 0.15, "Kec": "Kuta", "Desa": "Kuta", "KLRR": "Abrasi", "Panjang": 8.4394546514499993 }, "geometry": { "type": "MultiLineString", "coordinates": [ [ [ 115.165082699259273, -8.729422765633299 ], [ 115.165020796826113, -8.729377728848418 ] ] ] } },
{ "type": "Feature", "properties": { "LRR": -0.78, "LR2": 0.27, "Kec": "Kuta", "Desa": "Kuta", "KLRR": "Abrasi", "Panjang": 10.1396813108 }, "geometry": { "type": "MultiLineString", "coordinates": [ [ [ 115.164925878596677, -8.729672648669089 ], [ 115.164850867468147, -8.729619417167967 ] ] ] } },
{ "type": "Feature", "properties": { "LRR": -1.55, "LR2": 0.66, "Kec": "Kuta", "Desa": "Kuta", "KLRR": "Abrasi", "Panjang": 12.143173925599999 }, "geometry": { "type": "MultiLineString", "coordinates": [ [ [ 115.164803094125304, -8.729960349258814 ], [ 115.1647121958312, -8.729898113097885 ] ] ] } },
{ "type": "Feature", "properties": { "LRR": -1.68, "LR2": 0.68, "Kec": "Kuta", "Desa": "Kuta", "KLRR": "Abrasi", "Panjang": 14.4560442762 }, "geometry": { "type": "MultiLineString", "coordinates": [ [ [ 115.164648079537656, -8.730299628676141 ], [ 115.164536583855252, -8.730230526682869 ] ] ] } },
{ "type": "Feature", "properties": { "LRR": -1.56, "LR2": 0.59, "Kec": "Kuta", "Desa": "Kuta", "KLRR": "Abrasi", "Panjang": 16.265766878800001 }, "geometry": { "type": "MultiLineString", "coordinates": [ [ [ 115.164486779458855, -8.730600939792224 ], [ 115.164358828498479, -8.730527325411838 ] ] ] } },
{ "type": "Feature", "properties": { "LRR": -1.43, "LR2": 0.38, "Kec": "Kuta", "Desa": "Kuta", "KLRR": "Abrasi", "Panjang": 20.087112063900001 }, "geometry": { "type": "MultiLineString", "coordinates": [ [ [ 115.164349167258919, -8.730912951266605 ], [ 115.164188202214817, -8.730827326388326 ] ] ] } },
{ "type": "Feature", "properties": { "LRR": -1.75, "LR2": 0.38, "Kec": "Kuta", "Desa": "Kuta", "KLRR": "Abrasi", "Panjang": 19.7032967785 }, "geometry": { "type": "MultiLineString", "coordinates": [ [ [ 115.16422619099302, -8.731240966023321 ], [ 115.164065290976083, -8.731162837081357 ] ] ] } },
{ "type": "Feature", "properties": { "LRR": -2.62, "LR2": 0.46, "Kec": "Kuta", "Desa": "Kuta", "KLRR": "Abrasi", "Panjang": 26.6796254707 }, "geometry": { "type": "MultiLineString", "coordinates": [ [ [ 115.164133027034779, -8.731582885960464 ], [ 115.163911279168715, -8.731485395391163 ] ] ] } },
{ "type": "Feature", "properties": { "LRR": -2.46, "LR2": 0.73, "Kec": "Kuta", "Desa": "Kuta", "KLRR": "Abrasi", "Panjang": 22.0058143764 }, "geometry": { "type": "MultiLineString", "coordinates": [ [ [ 115.1638761019112, -8.731850978066328 ], [ 115.16369035627423, -8.731777301444522 ] ] ] } },
{ "type": "Feature", "properties": { "LRR": -1.55, "LR2": 0.27, "Kec": "Kuta", "Desa": "Kuta", "KLRR": "Abrasi", "Panjang": 25.3588545633 }, "geometry": { "type": "MultiLineString", "coordinates": [ [ [ 115.163552031200851, -8.732069093803434 ], [ 115.163335969144825, -8.73198940092016 ] ] ] } },
{ "type": "Feature", "properties": { "LRR": -3.54, "LR2": 0.64, "Kec": "Kuta", "Desa": "Kuta", "KLRR": "Abrasi", "Panjang": 35.818701364500001 }, "geometry": { "type": "MultiLineString", "coordinates": [ [ [ 115.16336064019616, -8.732284495917565 ], [ 115.163055050840768, -8.732173031250634 ] ] ] } },
{ "type": "Feature", "properties": { "LRR": -3.31, "LR2": 0.6, "Kec": "Kuta", "Desa": "Kuta", "KLRR": "Abrasi", "Panjang": 28.4431283851 }, "geometry": { "type": "MultiLineString", "coordinates": [ [ [ 115.163347048907255, -8.732551152316397 ], [ 115.163104284677374, -8.732462911166058 ] ] ] } },
{ "type": "Feature", "properties": { "LRR": -1.62, "LR2": 0.34, "Kec": "Kuta", "Desa": "Kuta", "KLRR": "Abrasi", "Panjang": 24.202422409099999 }, "geometry": { "type": "MultiLineString", "coordinates": [ [ [ 115.163428803268346, -8.732865943357595 ], [ 115.163222005739001, -8.73279148188074 ] ] ] } },
{ "type": "Feature", "properties": { "LRR": -1.27, "LR2": 0.45, "Kec": "Kuta", "Desa": "Kuta", "KLRR": "Abrasi", "Panjang": 17.090602415399999 }, "geometry": { "type": "MultiLineString", "coordinates": [ [ [ 115.16340065877101, -8.733146414962336 ], [ 115.163254483019543, -8.733094234231924 ] ] ] } },
{ "type": "Feature", "properties": { "LRR": -1.24, "LR2": 0.67, "Kec": "Kuta", "Desa": "Kuta", "KLRR": "Abrasi", "Panjang": 14.2942290065 }, "geometry": { "type": "MultiLineString", "coordinates": [ [ [ 115.163374657026537, -8.733430945383519 ], [ 115.163252222149964, -8.73338779472318 ] ] ] } },
{ "type": "Feature", "properties": { "LRR": -0.91, "LR2": 0.36, "Kec": "Kuta", "Desa": "Kuta", "KLRR": "Abrasi", "Panjang": 14.83356866 }, "geometry": { "type": "MultiLineString", "coordinates": [ [ [ 115.163326707979621, -8.73371127219956 ], [ 115.163199400502833, -8.733667210098464 ] ] ] } },
{ "type": "Feature", "properties": { "LRR": -0.24, "LR2": 0.05, "Kec": "Kuta", "Desa": "Kuta", "KLRR": "Abrasi", "Panjang": 9.9586772395099992 }, "geometry": { "type": "MultiLineString", "coordinates": [ [ [ 115.163231027217648, -8.733982202225775 ], [ 115.163145306354366, -8.733953350124134 ] ] ] } },
{ "type": "Feature", "properties": { "LRR": 0.04, "LR2": 0.0, "Kec": "Kuta", "Desa": "Kuta", "KLRR": "Akresi", "Panjang": 8.4389213219499997 }, "geometry": { "type": "MultiLineString", "coordinates": [ [ [ 115.163152887673377, -8.734270984983311 ], [ 115.163079940627526, -8.734247460081608 ] ] ] } },
{ "type": "Feature", "properties": { "LRR": -0.25, "LR2": 0.05, "Kec": "Kuta", "Desa": "Kuta", "KLRR": "Abrasi", "Panjang": 11.2780256 }, "geometry": { "type": "MultiLineString", "coordinates": [ [ [ 115.163040408436572, -8.734550060593101 ], [ 115.16294249983136, -8.734519940617387 ] ] ] } },
{ "type": "Feature", "properties": { "LRR": -0.38, "LR2": 0.08, "Kec": "Kuta", "Desa": "Kuta", "KLRR": "Abrasi", "Panjang": 13.6853569114 }, "geometry": { "type": "MultiLineString", "coordinates": [ [ [ 115.16294741102584, -8.734780798316399 ], [ 115.162828944339665, -8.734743169779364 ] ] ] } },
{ "type": "Feature", "properties": { "LRR": -0.42, "LR2": 0.07, "Kec": "Kuta", "Desa": "Kuta", "KLRR": "Abrasi", "Panjang": 16.271291445700001 }, "geometry": { "type": "MultiLineString", "coordinates": [ [ [ 115.162869057894227, -8.73497520255853 ], [ 115.162729497485941, -8.734926622849965 ] ] ] } },
{ "type": "Feature", "properties": { "LRR": -0.31, "LR2": 0.03, "Kec": "Kuta", "Desa": "Kuta", "KLRR": "Abrasi", "Panjang": 17.730331421399999 }, "geometry": { "type": "MultiLineString", "coordinates": [ [ [ 115.162787182464243, -8.735178343856626 ], [ 115.162636405563603, -8.735121852421235 ] ] ] } },
{ "type": "Feature", "properties": { "LRR": -0.07, "LR2": 0.0, "Kec": "Kuta", "Desa": "Kuta", "KLRR": "Abrasi", "Panjang": 15.233257158500001 }, "geometry": { "type": "MultiLineString", "coordinates": [ [ [ 115.162698631385311, -8.735376703653277 ], [ 115.162570365364587, -8.735324922125081 ] ] ] } },
{ "type": "Feature", "properties": { "LRR": -0.41, "LR2": 0.04, "Kec": "Kuta", "Desa": "Kuta", "KLRR": "Abrasi", "Panjang": 18.719826454300001 }, "geometry": { "type": "MultiLineString", "coordinates": [ [ [ 115.162615038851797, -8.735560431480245 ], [ 115.162459549720722, -8.735491797076742 ] ] ] } },
{ "type": "Feature", "properties": { "LRR": -0.67, "LR2": 0.11, "Kec": "Kuta", "Desa": "Kuta", "KLRR": "Abrasi", "Panjang": 16.466819997000002 }, "geometry": { "type": "MultiLineString", "coordinates": [ [ [ 115.162535538548653, -8.735735163670221 ], [ 115.162401033725445, -8.735669935347559 ] ] ] } },
{ "type": "Feature", "properties": { "LRR": -0.82, "LR2": 0.17, "Kec": "Kuta", "Desa": "Kuta", "KLRR": "Abrasi", "Panjang": 15.5890076841 }, "geometry": { "type": "MultiLineString", "coordinates": [ [ [ 115.162467792626074, -8.735920021495565 ], [ 115.162342608278394, -8.735854061724956 ] ] ] } },
{ "type": "Feature", "properties": { "LRR": -0.83, "LR2": 0.15, "Kec": "Kuta", "Desa": "Kuta", "KLRR": "Abrasi", "Panjang": 16.1587328715 }, "geometry": { "type": "MultiLineString", "coordinates": [ [ [ 115.162367354136279, -8.736189486875332 ], [ 115.162237104606334, -8.736122045130006 ] ] ] } },
{ "type": "Feature", "properties": { "LRR": -1.39, "LR2": 0.31, "Kec": "Kuta", "Desa": "Kuta", "KLRR": "Abrasi", "Panjang": 20.119636021600002 }, "geometry": { "type": "MultiLineString", "coordinates": [ [ [ 115.162254538826943, -8.736491617892343 ], [ 115.162090492059647, -8.736411319898936 ] ] ] } },
{ "type": "Feature", "properties": { "LRR": -1.71, "LR2": 0.38, "Kec": "Kuta", "Desa": "Kuta", "KLRR": "Abrasi", "Panjang": 25.525410843100001 }, "geometry": { "type": "MultiLineString", "coordinates": [ [ [ 115.162122112738174, -8.73678127604814 ], [ 115.161911802630115, -8.736683950481629 ] ] ] } },
{ "type": "Feature", "properties": { "LRR": -1.14, "LR2": 0.17, "Kec": "Kuta", "Desa": "Kuta", "KLRR": "Abrasi", "Panjang": 21.7977343674 }, "geometry": { "type": "MultiLineString", "coordinates": [ [ [ 115.161909043474196, -8.737033616974394 ], [ 115.161727654768598, -8.736954449762715 ] ] ] } },
{ "type": "Feature", "properties": { "LRR": -0.62, "LR2": 0.04, "Kec": "Kuta", "Desa": "Kuta", "KLRR": "Abrasi", "Panjang": 20.3272421892 }, "geometry": { "type": "MultiLineString", "coordinates": [ [ [ 115.161675937241782, -8.737268649657523 ], [ 115.16150548652837, -8.73719784111662 ] ] ] } },
{ "type": "Feature", "properties": { "LRR": -0.84, "LR2": 0.03, "Kec": "Kuta", "Desa": "Kuta", "KLRR": "Abrasi", "Panjang": 35.552727179000001 }, "geometry": { "type": "MultiLineString", "coordinates": [ [ [ 115.161357588316619, -8.73745126349958 ], [ 115.161057915753645, -8.737331180464208 ] ] ] } },
{ "type": "Feature", "properties": { "LRR": -2.47, "LR2": 0.52, "Kec": "Kuta", "Desa": "Kuta", "KLRR": "Abrasi", "Panjang": 29.123368102800001 }, "geometry": { "type": "MultiLineString", "coordinates": [ [ [ 115.160912669654579, -8.737578314071239 ], [ 115.160665985227268, -8.737482976528216 ] ] ] } },
{ "type": "Feature", "properties": { "LRR": -3.27, "LR2": 0.75, "Kec": "Kuta", "Desa": "Kuta", "KLRR": "Abrasi", "Panjang": 33.833041834500001 }, "geometry": { "type": "MultiLineString", "coordinates": [ [ [ 115.160794915736389, -8.737828339339901 ], [ 115.160507162811811, -8.737720644361323 ] ] ] } },
{ "type": "Feature", "properties": { "LRR": -2.6, "LR2": 0.95, "Kec": "Kuta", "Desa": "Kuta", "KLRR": "Abrasi", "Panjang": 21.383455579100001 }, "geometry": { "type": "MultiLineString", "coordinates": [ [ [ 115.160923451018661, -8.738174838461388 ], [ 115.160740805195218, -8.738108864998186 ] ] ] } },
{ "type": "Feature", "properties": { "LRR": -1.69, "LR2": 0.71, "Kec": "Kuta", "Desa": "Kuta", "KLRR": "Abrasi", "Panjang": 15.3267829001 }, "geometry": { "type": "MultiLineString", "coordinates": [ [ [ 115.16101056312732, -8.738521120280099 ], [ 115.160878901899736, -8.738475935746433 ] ] ] } },
{ "type": "Feature", "properties": { "LRR": -1.99, "LR2": 0.8, "Kec": "Kuta", "Desa": "Kuta", "KLRR": "Abrasi", "Panjang": 17.850355325100001 }, "geometry": { "type": "MultiLineString", "coordinates": [ [ [ 115.161009014498532, -8.738836969210487 ], [ 115.160854832318137, -8.738786841261598 ] ] ] } },
{ "type": "Feature", "properties": { "LRR": -1.91, "LR2": 0.77, "Kec": "Kuta", "Desa": "Kuta", "KLRR": "Abrasi", "Panjang": 16.530236327099999 }, "geometry": { "type": "MultiLineString", "coordinates": [ [ [ 115.16096695840676, -8.739149813478358 ], [ 115.1608232408513, -8.739106351393586 ] ] ] } },
{ "type": "Feature", "properties": { "LRR": -1.42, "LR2": 0.56, "Kec": "Kuta", "Desa": "Kuta", "KLRR": "Abrasi", "Panjang": 13.618044536699999 }, "geometry": { "type": "MultiLineString", "coordinates": [ [ [ 115.16090757926392, -8.739458243123797 ], [ 115.160788452527129, -8.739424914792817 ] ] ] } },
{ "type": "Feature", "properties": { "LRR": -0.66, "LR2": 0.21, "Kec": "Kuta", "Desa": "Kuta", "KLRR": "Abrasi", "Panjang": 10.227623595800001 }, "geometry": { "type": "MultiLineString", "coordinates": [ [ [ 115.160838011096814, -8.739761564981031 ], [ 115.160748068299299, -8.739738277894906 ] ] ] } },
{ "type": "Feature", "properties": { "LRR": -0.34, "LR2": 0.07, "Kec": "Kuta", "Desa": "Kuta", "KLRR": "Abrasi", "Panjang": 8.91906158 }, "geometry": { "type": "MultiLineString", "coordinates": [ [ [ 115.160786849803713, -8.740067635941358 ], [ 115.160708056154618, -8.740048751551752 ] ] ] } },
{ "type": "Feature", "properties": { "LRR": -0.46, "LR2": 0.08, "Kec": "Kuta", "Desa": "Kuta", "KLRR": "Abrasi", "Panjang": 12.0008283813 }, "geometry": { "type": "MultiLineString", "coordinates": [ [ [ 115.160739530686854, -8.740406815543331 ], [ 115.160632752252042, -8.740384777463401 ] ] ] } },
{ "type": "Feature", "properties": { "LRR": -0.4, "LR2": 0.05, "Kec": "Kuta", "Desa": "Kuta", "KLRR": "Abrasi", "Panjang": 14.1845734205 }, "geometry": { "type": "MultiLineString", "coordinates": [ [ [ 115.16068158653205, -8.740735476160973 ], [ 115.160554688570897, -8.740712985960574 ] ] ] } },
{ "type": "Feature", "properties": { "LRR": -0.29, "LR2": 0.02, "Kec": "Kuta", "Desa": "Kuta", "KLRR": "Abrasi", "Panjang": 16.344249655700001 }, "geometry": { "type": "MultiLineString", "coordinates": [ [ [ 115.160643920768251, -8.74098139942055 ], [ 115.160497973750424, -8.74095400973304 ] ] ] } },
{ "type": "Feature", "properties": { "LRR": -0.07, "LR2": 0.0, "Kec": "Kuta", "Desa": "Kuta", "KLRR": "Abrasi", "Panjang": 18.85462495 }, "geometry": { "type": "MultiLineString", "coordinates": [ [ [ 115.16060882395864, -8.741243603949325 ], [ 115.160440562053807, -8.741211475200441 ] ] ] } },
{ "type": "Feature", "properties": { "LRR": 0.05, "LR2": 0.0, "Kec": "Kuta", "Desa": "Kuta", "KLRR": "Akresi", "Panjang": 17.372888915899999 }, "geometry": { "type": "MultiLineString", "coordinates": [ [ [ 115.160534054106662, -8.741516967366163 ], [ 115.160378866843473, -8.741488144065212 ] ] ] } },
{ "type": "Feature", "properties": { "LRR": 0.08, "LR2": 0.0, "Kec": "Kuta", "Desa": "Kuta", "KLRR": "Akresi", "Panjang": 9.6715651418699995 }, "geometry": { "type": "MultiLineString", "coordinates": [ [ [ 115.160403637262021, -8.741780463755545 ], [ 115.160317163123622, -8.741764853539937 ] ] ] } },
{ "type": "Feature", "properties": { "LRR": 2.5, "LR2": 0.19, "Kec": "Kuta", "Desa": "Kuta", "KLRR": "Akresi", "Panjang": 50.1721448423 }, "geometry": { "type": "MultiLineString", "coordinates": [ [ [ 115.16013490312713, -8.742018836658179 ], [ 115.159685903416317, -8.741940121128282 ] ] ] } },
{ "type": "Feature", "properties": { "LRR": 24.61, "LR2": 0.65, "Kec": "Kuta", "Desa": "Kuta", "KLRR": "Akresi", "Panjang": 163.66226230800001 }, "geometry": { "type": "MultiLineString", "coordinates": [ [ [ 115.160210093657724, -8.742306869110021 ], [ 115.158744719403202, -8.742054255697459 ] ] ] } },
{ "type": "Feature", "properties": { "LRR": 45.9, "LR2": 0.65, "Kec": "Kuta", "Desa": "Tuban", "KLRR": "Akresi", "Panjang": 308.72094974200002 }, "geometry": { "type": "MultiLineString", "coordinates": [ [ [ 115.16022398238205, -8.742578918126533 ], [ 115.157459244850642, -8.742105625011291 ] ] ] } },
{ "type": "Feature", "properties": { "LRR": 69.23, "LR2": 0.74, "Kec": "Kuta", "Desa": "Tuban", "KLRR": "Akresi", "Panjang": 453.01086019600001 }, "geometry": { "type": "MultiLineString", "coordinates": [ [ [ 115.160170468901086, -8.742848693262939 ], [ 115.156112363348555, -8.742161082941552 ] ] ] } },
{ "type": "Feature", "properties": { "LRR": 94.47, "LR2": 0.84, "Kec": "Kuta", "Desa": "Tuban", "KLRR": "Akresi", "Panjang": 598.80295291000004 }, "geometry": { "type": "MultiLineString", "coordinates": [ [ [ 115.160111858541597, -8.743117121856779 ], [ 115.154746184706369, -8.742217328879425 ] ] ] } },
{ "type": "Feature", "properties": { "LRR": 120.27, "LR2": 0.87, "Kec": "Kuta", "Desa": "Tuban", "KLRR": "Akresi", "Panjang": 744.54814182799998 }, "geometry": { "type": "MultiLineString", "coordinates": [ [ [ 115.16002320822237, -8.743379309214356 ], [ 115.153350114837039, -8.742269077298706 ] ] ] } },
{ "type": "Feature", "properties": { "LRR": 140.63, "LR2": 0.88, "Kec": "Kuta", "Desa": "Tuban", "KLRR": "Akresi", "Panjang": 859.84383836699999 }, "geometry": { "type": "MultiLineString", "coordinates": [ [ [ 115.159968828503978, -8.743643870779135 ], [ 115.152261621343769, -8.742366259745069 ] ] ] } },
{ "type": "Feature", "properties": { "LRR": 143.35, "LR2": 0.88, "Kec": "Kuta", "Desa": "Tuban", "KLRR": "Akresi", "Panjang": 876.46484504499995 }, "geometry": { "type": "MultiLineString", "coordinates": [ [ [ 115.159962217270248, -8.74391661393479 ], [ 115.15210511447421, -8.742619740552163 ] ] ] } },
{ "type": "Feature", "properties": { "LRR": 143.46, "LR2": 0.88, "Kec": "Kuta", "Desa": "Tuban", "KLRR": "Akresi", "Panjang": 877.80786088900004 }, "geometry": { "type": "MultiLineString", "coordinates": [ [ [ 115.159955474976641, -8.74419475647951 ], [ 115.152082394704166, -8.742919698607327 ] ] ] } },
{ "type": "Feature", "properties": { "LRR": 143.19, "LR2": 0.88, "Kec": "Kuta", "Desa": "Tuban", "KLRR": "Akresi", "Panjang": 876.58406401699995 }, "geometry": { "type": "MultiLineString", "coordinates": [ [ [ 115.159948657437155, -8.744475998721054 ], [ 115.152081204479458, -8.743235812552047 ] ] ] } },
{ "type": "Feature", "properties": { "LRR": 140.25, "LR2": 0.87, "Kec": "Kuta", "Desa": "Tuban", "KLRR": "Akresi", "Panjang": 874.31737154200005 }, "geometry": { "type": "MultiLineString", "coordinates": [ [ [ 115.15993222177147, -8.744753011975318 ], [ 115.152082275596925, -8.743533942017004 ] ] ] } },
{ "type": "Feature", "properties": { "LRR": 137.06, "LR2": 0.83, "Kec": "Kuta", "Desa": "Tuban", "KLRR": "Akresi", "Panjang": 870.92194594499995 }, "geometry": { "type": "MultiLineString", "coordinates": [ [ [ 115.159898143346084, -8.745013883139711 ], [ 115.152083128152285, -8.743771512203415 ] ] ] } },
{ "type": "Feature", "properties": { "LRR": 132.87, "LR2": 0.73, "Kec": "Kuta", "Desa": "Tuban", "KLRR": "Akresi", "Panjang": 866.21396087999995 }, "geometry": { "type": "MultiLineString", "coordinates": [ [ [ 115.159861736400288, -8.745292579437937 ], [ 115.152083641942397, -8.744090510295903 ] ] ] } },
{ "type": "Feature", "properties": { "LRR": 129.04, "LR2": 0.65, "Kec": "Kuta", "Desa": "Tuban", "KLRR": "Akresi", "Panjang": 858.04293261099997 }, "geometry": { "type": "MultiLineString", "coordinates": [ [ [ 115.159817662418931, -8.745626430331892 ], [ 115.152081490750192, -8.74465826372332 ] ] ] } },
{ "type": "Feature", "properties": { "LRR": 127.56, "LR2": 0.65, "Kec": "Kuta", "Desa": "Tuban", "KLRR": "Akresi", "Panjang": 847.73881558899996 }, "geometry": { "type": "MultiLineString", "coordinates": [ [ [ 115.15974885127946, -8.745957621425163 ], [ 115.152080833052423, -8.745222751690612 ] ] ] } },
{ "type": "Feature", "properties": { "LRR": 124.45, "LR2": 0.65, "Kec": "Kuta", "Desa": "Tuban", "KLRR": "Akresi", "Panjang": 833.475835824 }, "geometry": { "type": "MultiLineString", "coordinates": [ [ [ 115.159668483355972, -8.746343463587193 ], [ 115.15210161783078, -8.746018432638433 ] ] ] } },
{ "type": "Feature", "properties": { "LRR": 121.61, "LR2": 0.65, "Kec": "Kuta", "Desa": "Tuban", "KLRR": "Akresi", "Panjang": 814.65899780699999 }, "geometry": { "type": "MultiLineString", "coordinates": [ [ [ 115.15955906164838, -8.746732754527482 ], [ 115.152156492954788, -8.746806047509681 ] ] ] } },
{ "type": "Feature", "properties": { "LRR": 0.0, "LR2": 0.0, "Kec": "Kuta", "Desa": "Tuban", "KLRR": "Stabil", "Panjang": 0.0 }, "geometry": { "type": "MultiLineString", "coordinates": [ ] } },
{ "type": "Feature", "properties": { "LRR": 0.0, "LR2": 0.32, "Kec": "Kuta", "Desa": "Tuban", "KLRR": "Stabil", "Panjang": 0.0 }, "geometry": { "type": "MultiLineString", "coordinates": [ [ [ 115.152299701283468, -8.748440436574857 ], [ 115.152299701283468, -8.748440436574857 ] ] ] } },
{ "type": "Feature", "properties": { "LRR": 0.0, "LR2": 0.0, "Kec": "Kuta", "Desa": "Tuban", "KLRR": "Stabil", "Panjang": 0.0 }, "geometry": { "type": "MultiLineString", "coordinates": [ [ [ 115.152297784890649, -8.749308580885188 ], [ 115.152297784890649, -8.749308580885188 ] ] ] } },
{ "type": "Feature", "properties": { "LRR": 0.0, "LR2": 0.0, "Kec": "Kuta", "Desa": "Tuban", "KLRR": "Stabil", "Panjang": 0.0 }, "geometry": { "type": "MultiLineString", "coordinates": [ ] } },
{ "type": "Feature", "properties": { "LRR": 0.0, "LR2": 0.0, "Kec": "Kuta", "Desa": "Tuban", "KLRR": "Stabil", "Panjang": 0.0 }, "geometry": { "type": "MultiLineString", "coordinates": [ ] } },
{ "type": "Feature", "properties": { "LRR": 0.0, "LR2": 0.0, "Kec": "Kuta", "Desa": "Tuban", "KLRR": "Stabil", "Panjang": 0.0 }, "geometry": { "type": "MultiLineString", "coordinates": [ ] } },
{ "type": "Feature", "properties": { "LRR": 0.0, "LR2": 0.0, "Kec": "Kuta", "Desa": "Tuban", "KLRR": "Stabil", "Panjang": 0.0 }, "geometry": { "type": "MultiLineString", "coordinates": [ ] } },
{ "type": "Feature", "properties": { "LRR": 0.0, "LR2": 0.0, "Kec": "Kuta", "Desa": "Tuban", "KLRR": "Stabil", "Panjang": 0.0 }, "geometry": { "type": "MultiLineString", "coordinates": [ ] } },
{ "type": "Feature", "properties": { "LRR": 0.0, "LR2": 0.0, "Kec": "Kuta", "Desa": "Tuban", "KLRR": "Stabil", "Panjang": 0.0 }, "geometry": { "type": "MultiLineString", "coordinates": [ ] } },
{ "type": "Feature", "properties": { "LRR": -0.55, "LR2": 0.11, "Kec": "Kuta", "Desa": "Tuban", "KLRR": "Abrasi", "Panjang": 14.158969302499999 }, "geometry": { "type": "MultiLineString", "coordinates": [ [ [ 115.160838198629293, -8.750293837765931 ], [ 115.160737152263437, -8.750373082363055 ] ] ] } },
{ "type": "Feature", "properties": { "LRR": -1.61, "LR2": 0.37, "Kec": "Kuta", "Desa": "Tuban", "KLRR": "Abrasi", "Panjang": 25.6827154916 }, "geometry": { "type": "MultiLineString", "coordinates": [ [ [ 115.161191160554949, -8.750547622319507 ], [ 115.161018304961928, -8.750703629223503 ] ] ] } },
{ "type": "Feature", "properties": { "LRR": -0.96, "LR2": 0.18, "Kec": "Kuta", "Desa": "Tuban", "KLRR": "Abrasi", "Panjang": 17.935198932399999 }, "geometry": { "type": "MultiLineString", "coordinates": [ [ [ 115.161437879847824, -8.750871693925395 ], [ 115.161323850449719, -8.750987545734816 ] ] ] } },
{ "type": "Feature", "properties": { "LRR": -0.94, "LR2": 0.19, "Kec": "Kuta", "Desa": "Tuban", "KLRR": "Abrasi", "Panjang": 17.3881658462 }, "geometry": { "type": "MultiLineString", "coordinates": [ [ [ 115.16170922576012, -8.751135170183215 ], [ 115.161604026743163, -8.75125246628998 ] ] ] } },
{ "type": "Feature", "properties": { "LRR": -0.96, "LR2": 0.19, "Kec": "Kuta", "Desa": "Tuban", "KLRR": "Abrasi", "Panjang": 20.688662384200001 }, "geometry": { "type": "MultiLineString", "coordinates": [ [ [ 115.161992849893295, -8.751321464567869 ], [ 115.161871719695085, -8.751464507345794 ] ] ] } },
{ "type": "Feature", "properties": { "LRR": -0.31, "LR2": 0.02, "Kec": "Kuta", "Desa": "Tuban", "KLRR": "Abrasi", "Panjang": 17.211755712799999 }, "geometry": { "type": "MultiLineString", "coordinates": [ [ [ 115.162228596428903, -8.751457008395869 ], [ 115.162127585694307, -8.75157581220544 ] ] ] } },
{ "type": "Feature", "properties": { "LRR": 0.46, "LR2": 0.05, "Kec": "Kuta", "Desa": "Tuban", "KLRR": "Akresi", "Panjang": 15.4956015085 }, "geometry": { "type": "MultiLineString", "coordinates": [ [ [ 115.162421723043195, -8.751600171706414 ], [ 115.162329209254025, -8.751705784805553 ] ] ] } },
{ "type": "Feature", "properties": { "LRR": 0.34, "LR2": 0.02, "Kec": "Kuta", "Desa": "Tuban", "KLRR": "Akresi", "Panjang": 15.728343085400001 }, "geometry": { "type": "MultiLineString", "coordinates": [ [ [ 115.162611874885684, -8.751759389522542 ], [ 115.162516797522272, -8.751865559787845 ] ] ] } },
{ "type": "Feature", "properties": { "LRR": -0.95, "LR2": 0.16, "Kec": "Kuta", "Desa": "Tuban", "KLRR": "Abrasi", "Panjang": 18.474399489 }, "geometry": { "type": "MultiLineString", "coordinates": [ [ [ 115.162817117983465, -8.751902017550819 ], [ 115.16270407797424, -8.752025503179294 ] ] ] } },
{ "type": "Feature", "properties": { "LRR": -2.93, "LR2": 0.67, "Kec": "Kuta", "Desa": "Tuban", "KLRR": "Abrasi", "Panjang": 31.820593203400001 }, "geometry": { "type": "MultiLineString", "coordinates": [ [ [ 115.163087329108365, -8.751976653546143 ], [ 115.162890364542776, -8.752187275146529 ] ] ] } },
{ "type": "Feature", "properties": { "LRR": -2.7, "LR2": 0.63, "Kec": "Kuta", "Desa": "Tuban", "KLRR": "Abrasi", "Panjang": 31.8882366725 }, "geometry": { "type": "MultiLineString", "coordinates": [ [ [ 115.1632803614593, -8.752147319841708 ], [ 115.16308156637443, -8.752357073786559 ] ] ] } },
{ "type": "Feature", "properties": { "LRR": -2.33, "LR2": 0.5, "Kec": "Kuta", "Desa": "Tuban", "KLRR": "Abrasi", "Panjang": 31.956382292800001 }, "geometry": { "type": "MultiLineString", "coordinates": [ [ [ 115.163475903963601, -8.75232020510383 ], [ 115.163275613089411, -8.752529397694081 ] ] ] } },
{ "type": "Feature", "properties": { "LRR": -1.96, "LR2": 0.37, "Kec": "Kuta", "Desa": "Tuban", "KLRR": "Abrasi", "Panjang": 30.9544598419 }, "geometry": { "type": "MultiLineString", "coordinates": [ [ [ 115.163661697641828, -8.752503838542804 ], [ 115.163466653558245, -8.75270548868887 ] ] ] } },
{ "type": "Feature", "properties": { "LRR": -1.62, "LR2": 0.32, "Kec": "Kuta", "Desa": "Tuban", "KLRR": "Abrasi", "Panjang": 26.367233412099999 }, "geometry": { "type": "MultiLineString", "coordinates": [ [ [ 115.163818998343771, -8.752715716175501 ], [ 115.163651947188058, -8.752886606410934 ] ] ] } },
{ "type": "Feature", "properties": { "LRR": -1.26, "LR2": 0.23, "Kec": "Kuta", "Desa": "Tuban", "KLRR": "Abrasi", "Panjang": 20.614079890300001 }, "geometry": { "type": "MultiLineString", "coordinates": [ [ [ 115.163967639094139, -8.752939964701438 ], [ 115.163836505145966, -8.753073050932739 ] ] ] } },
{ "type": "Feature", "properties": { "LRR": -1.27, "LR2": 0.25, "Kec": "Kuta", "Desa": "Tuban", "KLRR": "Abrasi", "Panjang": 19.0153668616 }, "geometry": { "type": "MultiLineString", "coordinates": [ [ [ 115.164140048035051, -8.75313979465321 ], [ 115.164018595176913, -8.753262080830659 ] ] ] } },
{ "type": "Feature", "properties": { "LRR": -1.42, "LR2": 0.31, "Kec": "Kuta", "Desa": "Tuban", "KLRR": "Abrasi", "Panjang": 20.2207396477 }, "geometry": { "type": "MultiLineString", "coordinates": [ [ [ 115.164335040402491, -8.753326467741664 ], [ 115.164205781156113, -8.753456399835187 ] ] ] } },
{ "type": "Feature", "properties": { "LRR": -1.61, "LR2": 0.36, "Kec": "Kuta", "Desa": "Tuban", "KLRR": "Abrasi", "Panjang": 22.086735686499999 }, "geometry": { "type": "MultiLineString", "coordinates": [ [ [ 115.164528471325255, -8.753515078761279 ], [ 115.164387181921498, -8.753656900806114 ] ] ] } },
{ "type": "Feature", "properties": { "LRR": -1.62, "LR2": 0.38, "Kec": "Kuta", "Desa": "Tuban", "KLRR": "Abrasi", "Panjang": 21.728327289500001 }, "geometry": { "type": "MultiLineString", "coordinates": [ [ [ 115.16469918121912, -8.753724598339694 ], [ 115.164560004043778, -8.753863940868882 ] ] ] } },
{ "type": "Feature", "properties": { "LRR": -1.56, "LR2": 0.37, "Kec": "Kuta", "Desa": "Tuban", "KLRR": "Abrasi", "Panjang": 21.372296313100001 }, "geometry": { "type": "MultiLineString", "coordinates": [ [ [ 115.164866546322187, -8.753930012517438 ], [ 115.164729146623827, -8.754066572846767 ] ] ] } },
{ "type": "Feature", "properties": { "LRR": -1.41, "LR2": 0.34, "Kec": "Kuta", "Desa": "Tuban", "KLRR": "Abrasi", "Panjang": 19.3958787135 }, "geometry": { "type": "MultiLineString", "coordinates": [ [ [ 115.165039441701168, -8.754142213255783 ], [ 115.164914797934912, -8.754266194741506 ] ] ] } },
{ "type": "Feature", "properties": { "LRR": -1.14, "LR2": 0.3, "Kec": "Kuta", "Desa": "Tuban", "KLRR": "Abrasi", "Panjang": 17.560777683600001 }, "geometry": { "type": "MultiLineString", "coordinates": [ [ [ 115.165223476348885, -8.754346701972695 ], [ 115.165110793844576, -8.754459120550344 ] ] ] } },
{ "type": "Feature", "properties": { "LRR": -1.01, "LR2": 0.29, "Kec": "Kuta", "Desa": "Tuban", "KLRR": "Abrasi", "Panjang": 15.826083750800001 }, "geometry": { "type": "MultiLineString", "coordinates": [ [ [ 115.165400390487804, -8.75454186491649 ], [ 115.165298440323724, -8.754642781513523 ] ] ] } },
{ "type": "Feature", "properties": { "LRR": -0.78, "LR2": 0.18, "Kec": "Kuta", "Desa": "Tuban", "KLRR": "Abrasi", "Panjang": 14.364270193499999 }, "geometry": { "type": "MultiLineString", "coordinates": [ [ [ 115.165576385582312, -8.754736012598741 ], [ 115.16548344065464, -8.754827194433112 ] ] ] } },
{ "type": "Feature", "properties": { "LRR": -0.52, "LR2": 0.09, "Kec": "Kuta", "Desa": "Tuban", "KLRR": "Abrasi", "Panjang": 11.575802513399999 }, "geometry": { "type": "MultiLineString", "coordinates": [ [ [ 115.165751766223764, -8.7549294828135 ], [ 115.165676533971762, -8.755002629292067 ] ] ] } },
{ "type": "Feature", "properties": { "LRR": -0.24, "LR2": 0.02, "Kec": "Kuta", "Desa": "Tuban", "KLRR": "Abrasi", "Panjang": 11.110037503799999 }, "geometry": { "type": "MultiLineString", "coordinates": [ [ [ 115.165931862519813, -8.755117395890514 ], [ 115.165859341610329, -8.755187276468167 ] ] ] } },
{ "type": "Feature", "properties": { "LRR": -0.02, "LR2": 0.0, "Kec": "Kuta", "Desa": "Tuban", "KLRR": "Abrasi", "Panjang": 12.1951523783 }, "geometry": { "type": "MultiLineString", "coordinates": [ [ [ 115.166124268457295, -8.755293724100719 ], [ 115.166044331257694, -8.755370086239132 ] ] ] } },
{ "type": "Feature", "properties": { "LRR": 0.19, "LR2": 0.01, "Kec": "Kuta", "Desa": "Tuban", "KLRR": "Akresi", "Panjang": 13.9008267464 }, "geometry": { "type": "MultiLineString", "coordinates": [ [ [ 115.166320864915292, -8.75545964766161 ], [ 115.166229157301643, -8.755546074810571 ] ] ] } },
{ "type": "Feature", "properties": { "LRR": 0.46, "LR2": 0.06, "Kec": "Kuta", "Desa": "Tuban", "KLRR": "Akresi", "Panjang": 15.626431805099999 }, "geometry": { "type": "MultiLineString", "coordinates": [ [ [ 115.166511635993587, -8.755620653669546 ], [ 115.166407550102051, -8.755716755043395 ] ] ] } },
{ "type": "Feature", "properties": { "LRR": 0.81, "LR2": 0.17, "Kec": "Kuta", "Desa": "Tuban", "KLRR": "Akresi", "Panjang": 15.772732124399999 }, "geometry": { "type": "MultiLineString", "coordinates": [ [ [ 115.166692120390522, -8.755791629628128 ], [ 115.166586065169767, -8.755887553345854 ] ] ] } },
{ "type": "Feature", "properties": { "LRR": 1.12, "LR2": 0.36, "Kec": "Kuta", "Desa": "Tuban", "KLRR": "Akresi", "Panjang": 13.7234071124 }, "geometry": { "type": "MultiLineString", "coordinates": [ [ [ 115.166846739066003, -8.755978194817516 ], [ 115.166753384219987, -8.756060458971289 ] ] ] } },
{ "type": "Feature", "properties": { "LRR": 1.25, "LR2": 0.47, "Kec": "Kuta", "Desa": "Tuban", "KLRR": "Akresi", "Panjang": 14.4616149945 }, "geometry": { "type": "MultiLineString", "coordinates": [ [ [ 115.166997978791699, -8.756154624267948 ], [ 115.166898112983688, -8.756239611618323 ] ] ] } },
{ "type": "Feature", "properties": { "LRR": 1.29, "LR2": 0.51, "Kec": "Kuta", "Desa": "Tuban", "KLRR": "Akresi", "Panjang": 14.339557539299999 }, "geometry": { "type": "MultiLineString", "coordinates": [ [ [ 115.167138280715008, -8.756329972740531 ], [ 115.167037515225303, -8.756412173016326 ] ] ] } },
{ "type": "Feature", "properties": { "LRR": 1.29, "LR2": 0.48, "Kec": "Kuta", "Desa": "Tuban", "KLRR": "Akresi", "Panjang": 14.643302226399999 }, "geometry": { "type": "MultiLineString", "coordinates": [ [ [ 115.167278360195738, -8.756498995187975 ], [ 115.167173538426539, -8.756580549313787 ] ] ] } },
{ "type": "Feature", "properties": { "LRR": 1.08, "LR2": 0.31, "Kec": "Kuta", "Desa": "Kedonganan", "KLRR": "Akresi", "Panjang": 14.7064125332 }, "geometry": { "type": "MultiLineString", "coordinates": [ [ [ 115.167415774795529, -8.756668311175742 ], [ 115.167308574451255, -8.756747704818332 ] ] ] } },
{ "type": "Feature", "properties": { "LRR": 0.82, "LR2": 0.18, "Kec": "Kuta", "Desa": "Kedonganan", "KLRR": "Akresi", "Panjang": 15.504196885300001 }, "geometry": { "type": "MultiLineString", "coordinates": [ [ [ 115.167543119025808, -8.75684683518122 ], [ 115.167428191387984, -8.756927918194476 ] ] ] } },
{ "type": "Feature", "properties": { "LRR": -0.37, "LR2": 0.04, "Kec": "Kuta", "Desa": "Kedonganan", "KLRR": "Abrasi", "Panjang": 15.906493021699999 }, "geometry": { "type": "MultiLineString", "coordinates": [ [ [ 115.167664758727568, -8.757022279362587 ], [ 115.16754474473835, -8.757102432778526 ] ] ] } },
{ "type": "Feature", "properties": { "LRR": -0.62, "LR2": 0.11, "Kec": "Kuta", "Desa": "Kedonganan", "KLRR": "Abrasi", "Panjang": 15.982769236199999 }, "geometry": { "type": "MultiLineString", "coordinates": [ [ [ 115.167784114601773, -8.757194427949475 ], [ 115.167661335167367, -8.75727162161045 ] ] ] } },
{ "type": "Feature", "properties": { "LRR": -0.49, "LR2": 0.09, "Kec": "Kuta", "Desa": "Kedonganan", "KLRR": "Abrasi", "Panjang": 12.233602945 }, "geometry": { "type": "MultiLineString", "coordinates": [ [ [ 115.167909826994247, -8.757375743917308 ], [ 115.167814513971493, -8.757432674721629 ] ] ] } },
{ "type": "Feature", "properties": { "LRR": 0.09, "LR2": 0.0, "Kec": "Kuta", "Desa": "Kedonganan", "KLRR": "Akresi", "Panjang": 11.6134558316 }, "geometry": { "type": "MultiLineString", "coordinates": [ [ [ 115.168040715586756, -8.757564527304719 ], [ 115.167949217330346, -8.757616850457072 ] ] ] } },
{ "type": "Feature", "properties": { "LRR": 0.16, "LR2": 0.01, "Kec": "Kuta", "Desa": "Kedonganan", "KLRR": "Akresi", "Panjang": 10.280624829600001 }, "geometry": { "type": "MultiLineString", "coordinates": [ [ [ 115.168147229105543, -8.757762685394429 ], [ 115.168065275938503, -8.757807308678339 ] ] ] } },
{ "type": "Feature", "properties": { "LRR": -0.01, "LR2": 0.0, "Kec": "Kuta", "Desa": "Kedonganan", "KLRR": "Abrasi", "Panjang": 9.7294646942400007 }, "geometry": { "type": "MultiLineString", "coordinates": [ [ [ 115.168253626183002, -8.757947148856196 ], [ 115.168174972632869, -8.757987327426791 ] ] ] } },
{ "type": "Feature", "properties": { "LRR": -0.01, "LR2": 0.0, "Kec": "Kuta", "Desa": "Kedonganan", "KLRR": "Abrasi", "Panjang": 7.8731739015800004 }, "geometry": { "type": "MultiLineString", "coordinates": [ [ [ 115.16834873588239, -8.758135833009476 ], [ 115.168284228579367, -8.758166622574372 ] ] ] } },
{ "type": "Feature", "properties": { "LRR": 0.04, "LR2": 0.0, "Kec": "Kuta", "Desa": "Kedonganan", "KLRR": "Akresi", "Panjang": 8.8194321182300008 }, "geometry": { "type": "MultiLineString", "coordinates": [ [ [ 115.168442923903584, -8.758324944840526 ], [ 115.168369754786127, -8.758357483432768 ] ] ] } },
{ "type": "Feature", "properties": { "LRR": 0.04, "LR2": 0.0, "Kec": "Kuta", "Desa": "Kedonganan", "KLRR": "Akresi", "Panjang": 8.4634180002200008 }, "geometry": { "type": "MultiLineString", "coordinates": [ [ [ 115.168522191114135, -8.758522584875605 ], [ 115.168451180223201, -8.758551975990116 ] ] ] } },
{ "type": "Feature", "properties": { "LRR": -0.06, "LR2": 0.0, "Kec": "Kuta", "Desa": "Kedonganan", "KLRR": "Abrasi", "Panjang": 9.3013404484199995 }, "geometry": { "type": "MultiLineString", "coordinates": [ [ [ 115.168612123824076, -8.758717769565072 ], [ 115.168533283006425, -8.758748088316063 ] ] ] } },
{ "type": "Feature", "properties": { "LRR": -0.02, "LR2": 0.0, "Kec": "Kuta", "Desa": "Kedonganan", "KLRR": "Abrasi", "Panjang": 8.5175272353399993 }, "geometry": { "type": "MultiLineString", "coordinates": [ [ [ 115.16868887646379, -8.758919713480132 ], [ 115.168616007472536, -8.758945681817114 ] ] ] } },
{ "type": "Feature", "properties": { "LRR": -0.11, "LR2": 0.01, "Kec": "Kuta", "Desa": "Kedonganan", "KLRR": "Abrasi", "Panjang": 8.8321410375599996 }, "geometry": { "type": "MultiLineString", "coordinates": [ [ [ 115.168775272263503, -8.759119014472404 ], [ 115.168699067039711, -8.759144079759409 ] ] ] } },
{ "type": "Feature", "properties": { "LRR": 0.1, "LR2": 0.03, "Kec": "Kuta", "Desa": "Kedonganan", "KLRR": "Akresi", "Panjang": 4.3751995730799997 }, "geometry": { "type": "MultiLineString", "coordinates": [ [ [ 115.168813765040468, -8.759340113090371 ], [ 115.168775751963736, -8.759351708189133 ] ] ] } },
{ "type": "Feature", "properties": { "LRR": 0.06, "LR2": 0.0, "Kec": "Kuta", "Desa": "Kedonganan", "KLRR": "Akresi", "Panjang": 7.5612787837699997 }, "geometry": { "type": "MultiLineString", "coordinates": [ [ [ 115.16888946987973, -8.759552305070969 ], [ 115.168823374865426, -8.759570995866973 ] ] ] } },
{ "type": "Feature", "properties": { "LRR": -0.08, "LR2": 0.0, "Kec": "Kuta", "Desa": "Kedonganan", "KLRR": "Abrasi", "Panjang": 10.9481109661 }, "geometry": { "type": "MultiLineString", "coordinates": [ [ [ 115.168964203913589, -8.759761774693095 ], [ 115.168867922737292, -8.759786714725504 ] ] ] } },
{ "type": "Feature", "properties": { "LRR": -0.02, "LR2": 0.0, "Kec": "Kuta", "Desa": "Kedonganan", "KLRR": "Abrasi", "Panjang": 11.536384308600001 }, "geometry": { "type": "MultiLineString", "coordinates": [ [ [ 115.169014061156147, -8.759976322271214 ], [ 115.168912022347982, -8.760000259822071 ] ] ] } },
{ "type": "Feature", "properties": { "LRR": -0.06, "LR2": 0.0, "Kec": "Kuta", "Desa": "Kedonganan", "KLRR": "Abrasi", "Panjang": 11.2519485998 }, "geometry": { "type": "MultiLineString", "coordinates": [ [ [ 115.169056566754335, -8.760194720873157 ], [ 115.168956550758466, -8.760215880951645 ] ] ] } },
{ "type": "Feature", "properties": { "LRR": -0.17, "LR2": 0.02, "Kec": "Kuta", "Desa": "Kedonganan", "KLRR": "Abrasi", "Panjang": 10.760951178399999 }, "geometry": { "type": "MultiLineString", "coordinates": [ [ [ 115.169101183081963, -8.760423963259738 ], [ 115.169005199844037, -8.760442581620689 ] ] ] } },
{ "type": "Feature", "properties": { "LRR": -0.29, "LR2": 0.04, "Kec": "Kuta", "Desa": "Kedonganan", "KLRR": "Abrasi", "Panjang": 10.2705738283 }, "geometry": { "type": "MultiLineString", "coordinates": [ [ [ 115.169146221402883, -8.760655372958636 ], [ 115.169054334408699, -8.76067166236761 ] ] ] } },
{ "type": "Feature", "properties": { "LRR": -0.48, "LR2": 0.09, "Kec": "Kuta", "Desa": "Kedonganan", "KLRR": "Abrasi", "Panjang": 12.0258682222 }, "geometry": { "type": "MultiLineString", "coordinates": [ [ [ 115.169197368984157, -8.760886309583682 ], [ 115.169089481583683, -8.760903647068835 ] ] ] } },
{ "type": "Feature", "properties": { "LRR": -0.44, "LR2": 0.07, "Kec": "Kuta", "Desa": "Kedonganan", "KLRR": "Abrasi", "Panjang": 13.922626729199999 }, "geometry": { "type": "MultiLineString", "coordinates": [ [ [ 115.169249880559235, -8.761117824195221 ], [ 115.169124668379197, -8.761135895051362 ] ] ] } },
{ "type": "Feature", "properties": { "LRR": -0.61, "LR2": 0.15, "Kec": "Kuta", "Desa": "Kedonganan", "KLRR": "Abrasi", "Panjang": 13.5787347042 }, "geometry": { "type": "MultiLineString", "coordinates": [ [ [ 115.169283511936285, -8.761360781583949 ], [ 115.169161186247351, -8.76137692897901 ] ] ] } },
{ "type": "Feature", "properties": { "LRR": -0.69, "LR2": 0.19, "Kec": "Kuta", "Desa": "Kedonganan", "KLRR": "Abrasi", "Panjang": 13.1136629885 }, "geometry": { "type": "MultiLineString", "coordinates": [ [ [ 115.169314258438405, -8.761609587944474 ], [ 115.169195977636875, -8.761624056164811 ] ] ] } },
{ "type": "Feature", "properties": { "LRR": -0.59, "LR2": 0.16, "Kec": "Kuta", "Desa": "Kedonganan", "KLRR": "Abrasi", "Panjang": 12.40401984 }, "geometry": { "type": "MultiLineString", "coordinates": [ [ [ 115.169329000161497, -8.761851984629221 ], [ 115.169216946376608, -8.761864183029278 ] ] ] } },
{ "type": "Feature", "properties": { "LRR": -0.42, "LR2": 0.1, "Kec": "Kuta", "Desa": "Kedonganan", "KLRR": "Abrasi", "Panjang": 10.9778734483 }, "geometry": { "type": "MultiLineString", "coordinates": [ [ [ 115.169337386213442, -8.76209673729363 ], [ 115.169238088026688, -8.762106301511063 ] ] ] } },
{ "type": "Feature", "properties": { "LRR": -0.3, "LR2": 0.06, "Kec": "Kuta", "Desa": "Kedonganan", "KLRR": "Abrasi", "Panjang": 11.3594346639 }, "geometry": { "type": "MultiLineString", "coordinates": [ [ [ 115.169362601733624, -8.762345583771266 ], [ 115.16925975981043, -8.762354480784438 ] ] ] } },
{ "type": "Feature", "properties": { "LRR": -0.21, "LR2": 0.03, "Kec": "Kuta", "Desa": "Kedonganan", "KLRR": "Abrasi", "Panjang": 11.908820802099999 }, "geometry": { "type": "MultiLineString", "coordinates": [ [ [ 115.16938899505125, -8.762590524917377 ], [ 115.169281077907755, -8.76259860988791 ] ] ] } },
{ "type": "Feature", "properties": { "LRR": -0.08, "LR2": 0.0, "Kec": "Kuta", "Desa": "Kedonganan", "KLRR": "Abrasi", "Panjang": 12.3138288505 }, "geometry": { "type": "MultiLineString", "coordinates": [ [ [ 115.169413350697809, -8.762827523820585 ], [ 115.169301647283234, -8.762834175561947 ] ] ] } },
{ "type": "Feature", "properties": { "LRR": -0.06, "LR2": 0.0, "Kec": "Kuta", "Desa": "Kedonganan", "KLRR": "Abrasi", "Panjang": 11.6263393463 }, "geometry": { "type": "MultiLineString", "coordinates": [ [ [ 115.169428040342623, -8.763068110294807 ], [ 115.169322495508737, -8.763072925844465 ] ] ] } },
{ "type": "Feature", "properties": { "LRR": -0.08, "LR2": 0.0, "Kec": "Kuta", "Desa": "Kedonganan", "KLRR": "Abrasi", "Panjang": 9.9938108950199993 }, "geometry": { "type": "MultiLineString", "coordinates": [ [ [ 115.169434147245596, -8.763309123505882 ], [ 115.169343373858695, -8.763312018919711 ] ] ] } },
{ "type": "Feature", "properties": { "LRR": -0.09, "LR2": 0.01, "Kec": "Kuta", "Desa": "Kedonganan", "KLRR": "Abrasi", "Panjang": 9.4342375591300005 }, "geometry": { "type": "MultiLineString", "coordinates": [ [ [ 115.169439274735169, -8.763549896007007 ], [ 115.169353554234604, -8.763551458868804 ] ] ] } },
{ "type": "Feature", "properties": { "LRR": -0.21, "LR2": 0.04, "Kec": "Kuta", "Desa": "Kedonganan", "KLRR": "Abrasi", "Panjang": 8.9598789456399999 }, "geometry": { "type": "MultiLineString", "coordinates": [ [ [ 115.169443875869931, -8.763797197011499 ], [ 115.169362453972539, -8.763797799763999 ] ] ] } },
{ "type": "Feature", "properties": { "LRR": -0.41, "LR2": 0.12, "Kec": "Kuta", "Desa": "Kedonganan", "KLRR": "Abrasi", "Panjang": 8.4140221359100007 }, "geometry": { "type": "MultiLineString", "coordinates": [ [ [ 115.169445540876922, -8.764046508923501 ], [ 115.169369077477867, -8.764046312977516 ] ] ] } },
{ "type": "Feature", "properties": { "LRR": -0.5, "LR2": 0.12, "Kec": "Kuta", "Desa": "Kedonganan", "KLRR": "Abrasi", "Panjang": 10.2776067085 }, "geometry": { "type": "MultiLineString", "coordinates": [ [ [ 115.169448771237256, -8.764295909783469 ], [ 115.169355379334718, -8.76429473948799 ] ] ] } },
{ "type": "Feature", "properties": { "LRR": -0.47, "LR2": 0.1, "Kec": "Kuta", "Desa": "Kedonganan", "KLRR": "Abrasi", "Panjang": 11.2908750256 }, "geometry": { "type": "MultiLineString", "coordinates": [ [ [ 115.169433224235092, -8.76454497828103 ], [ 115.169330642834922, -8.764542671320495 ] ] ] } },
{ "type": "Feature", "properties": { "LRR": -0.57, "LR2": 0.12, "Kec": "Kuta", "Desa": "Kedonganan", "KLRR": "Abrasi", "Panjang": 11.5615487249 }, "geometry": { "type": "MultiLineString", "coordinates": [ [ [ 115.169410984741631, -8.764793345328814 ], [ 115.169305973143437, -8.764789937160694 ] ] ] } },
{ "type": "Feature", "properties": { "LRR": -0.61, "LR2": 0.12, "Kec": "Kuta", "Desa": "Kedonganan", "KLRR": "Abrasi", "Panjang": 12.451019589 }, "geometry": { "type": "MultiLineString", "coordinates": [ [ [ 115.169394812881436, -8.765037486273375 ], [ 115.169281774591497, -8.765032468812207 ] ] ] } },
{ "type": "Feature", "properties": { "LRR": -0.66, "LR2": 0.11, "Kec": "Kuta", "Desa": "Kedonganan", "KLRR": "Abrasi", "Panjang": 14.962207036300001 }, "geometry": { "type": "MultiLineString", "coordinates": [ [ [ 115.169390062546086, -8.765280502730091 ], [ 115.169254316479581, -8.765272713616575 ] ] ] } },
{ "type": "Feature", "properties": { "LRR": -0.77, "LR2": 0.13, "Kec": "Kuta", "Desa": "Kedonganan", "KLRR": "Abrasi", "Panjang": 17.538601034300001 }, "geometry": { "type": "MultiLineString", "coordinates": [ [ [ 115.16938530372137, -8.765523945866033 ], [ 115.16922631583779, -8.765512756883135 ] ] ] } },
{ "type": "Feature", "properties": { "LRR": -0.53, "LR2": 0.07, "Kec": "Kuta", "Desa": "Kedonganan", "KLRR": "Abrasi", "Panjang": 14.047548367399999 }, "geometry": { "type": "MultiLineString", "coordinates": [ [ [ 115.169324914460745, -8.765768577709109 ], [ 115.169197674855226, -8.765758282974659 ] ] ] } },
{ "type": "Feature", "properties": { "LRR": -0.33, "LR2": 0.03, "Kec": "Kuta", "Desa": "Kedonganan", "KLRR": "Abrasi", "Panjang": 14.137460536700001 }, "geometry": { "type": "MultiLineString", "coordinates": [ [ [ 115.16930341791543, -8.766012144041273 ], [ 115.169175500968564, -8.766000224086296 ] ] ] } },
{ "type": "Feature", "properties": { "LRR": -0.33, "LR2": 0.03, "Kec": "Kuta", "Desa": "Kedonganan", "KLRR": "Abrasi", "Panjang": 14.7422971402 }, "geometry": { "type": "MultiLineString", "coordinates": [ [ [ 115.169275407920082, -8.766253330006482 ], [ 115.169142191822942, -8.766239177491576 ] ] ] } },
{ "type": "Feature", "properties": { "LRR": -0.43, "LR2": 0.08, "Kec": "Kuta", "Desa": "Kedonganan", "KLRR": "Abrasi", "Panjang": 12.732392174699999 }, "geometry": { "type": "MultiLineString", "coordinates": [ [ [ 115.169251641543582, -8.766497365382859 ], [ 115.169136740840116, -8.766483789811925 ] ] ] } },
{ "type": "Feature", "properties": { "LRR": -0.72, "LR2": 0.27, "Kec": "Kuta", "Desa": "Kedonganan", "KLRR": "Abrasi", "Panjang": 10.668353144 }, "geometry": { "type": "MultiLineString", "coordinates": [ [ [ 115.169231673859699, -8.766747143775321 ], [ 115.169135511242558, -8.766734869561457 ] ] ] } },
{ "type": "Feature", "properties": { "LRR": -0.87, "LR2": 0.33, "Kec": "Kuta", "Desa": "Kedonganan", "KLRR": "Abrasi", "Panjang": 11.9476257665 }, "geometry": { "type": "MultiLineString", "coordinates": [ [ [ 115.169211321751931, -8.767001736313897 ], [ 115.1691037312509, -8.766987211592678 ] ] ] } },
{ "type": "Feature", "properties": { "LRR": -1.13, "LR2": 0.41, "Kec": "Kuta Selatan", "Desa": "Jimbaran", "KLRR": "Abrasi", "Panjang": 14.189165211900001 }, "geometry": { "type": "MultiLineString", "coordinates": [ [ [ 115.169191223279029, -8.767253144104499 ], [ 115.169063606566297, -8.767234764044792 ] ] ] } },
{ "type": "Feature", "properties": { "LRR": -1.27, "LR2": 0.47, "Kec": "Kuta Selatan", "Desa": "Jimbaran", "KLRR": "Abrasi", "Panjang": 14.192108802 }, "geometry": { "type": "MultiLineString", "coordinates": [ [ [ 115.169149299203937, -8.767512013219942 ], [ 115.169021733156384, -8.767493106297692 ] ] ] } },
{ "type": "Feature", "properties": { "LRR": -1.27, "LR2": 0.45, "Kec": "Kuta Selatan", "Desa": "Jimbaran", "KLRR": "Abrasi", "Panjang": 16.407419537199999 }, "geometry": { "type": "MultiLineString", "coordinates": [ [ [ 115.169126614655895, -8.767777798645694 ], [ 115.16897918678616, -8.767755604926911 ] ] ] } },
{ "type": "Feature", "properties": { "LRR": -1.33, "LR2": 0.52, "Kec": "Kuta Selatan", "Desa": "Jimbaran", "KLRR": "Abrasi", "Panjang": 17.606553017100001 }, "geometry": { "type": "MultiLineString", "coordinates": [ [ [ 115.169095015399833, -8.768040875626978 ], [ 115.168936881173821, -8.768016613880471 ] ] ] } },
{ "type": "Feature", "properties": { "LRR": -1.08, "LR2": 0.54, "Kec": "Kuta Selatan", "Desa": "Jimbaran", "KLRR": "Abrasi", "Panjang": 13.915620261100001 }, "geometry": { "type": "MultiLineString", "coordinates": [ [ [ 115.169020680188524, -8.768289900382685 ], [ 115.168895814332402, -8.768269977617342 ] ] ] } },
{ "type": "Feature", "properties": { "LRR": -0.92, "LR2": 0.6, "Kec": "Kuta Selatan", "Desa": "Jimbaran", "KLRR": "Abrasi", "Panjang": 10.2401257017 }, "geometry": { "type": "MultiLineString", "coordinates": [ [ [ 115.168946645146605, -8.768537915798277 ], [ 115.168854856112489, -8.76852266922903 ] ] ] } },
{ "type": "Feature", "properties": { "LRR": -0.95, "LR2": 0.65, "Kec": "Kuta Selatan", "Desa": "Jimbaran", "KLRR": "Abrasi", "Panjang": 9.5291236344700003 }, "geometry": { "type": "MultiLineString", "coordinates": [ [ [ 115.168894760194519, -8.768789567183502 ], [ 115.16880943732491, -8.768774835623462 ] ] ] } },
{ "type": "Feature", "properties": { "LRR": -1.0, "LR2": 0.64, "Kec": "Kuta Selatan", "Desa": "Jimbaran", "KLRR": "Abrasi", "Panjang": 10.777767541199999 }, "geometry": { "type": "MultiLineString", "coordinates": [ [ [ 115.168846191805841, -8.769042414446025 ], [ 115.168749794046235, -8.769025159224404 ] ] ] } },
{ "type": "Feature", "properties": { "LRR": -1.06, "LR2": 0.54, "Kec": "Kuta Selatan", "Desa": "Jimbaran", "KLRR": "Abrasi", "Panjang": 12.832328156799999 }, "geometry": { "type": "MultiLineString", "coordinates": [ [ [ 115.168796743001707, -8.769299837469996 ], [ 115.168682054238658, -8.769278826589691 ] ] ] } },
{ "type": "Feature", "properties": { "LRR": -1.04, "LR2": 0.38, "Kec": "Kuta Selatan", "Desa": "Jimbaran", "KLRR": "Abrasi", "Panjang": 16.5775591795 }, "geometry": { "type": "MultiLineString", "coordinates": [ [ [ 115.16874749831014, -8.769556200978466 ], [ 115.168599462105831, -8.769528387902801 ] ] ] } },
{ "type": "Feature", "properties": { "LRR": -0.85, "LR2": 0.25, "Kec": "Kuta Selatan", "Desa": "Jimbaran", "KLRR": "Abrasi", "Panjang": 17.4867609358 }, "geometry": { "type": "MultiLineString", "coordinates": [ [ [ 115.168693883621714, -8.769811355314545 ], [ 115.168537864572926, -8.769781307480217 ] ] ] } },
{ "type": "Feature", "properties": { "LRR": -0.57, "LR2": 0.15, "Kec": "Kuta Selatan", "Desa": "Jimbaran", "KLRR": "Abrasi", "Panjang": 14.9176301812 }, "geometry": { "type": "MultiLineString", "coordinates": [ [ [ 115.168640321192541, -8.770061943387358 ], [ 115.168507394234268, -8.770035451140187 ] ] ] } },
{ "type": "Feature", "properties": { "LRR": -0.37, "LR2": 0.08, "Kec": "Kuta Selatan", "Desa": "Jimbaran", "KLRR": "Abrasi", "Panjang": 12.310741607700001 }, "geometry": { "type": "MultiLineString", "coordinates": [ [ [ 115.168586044313003, -8.770315876669962 ], [ 115.168476461428909, -8.770293451142102 ] ] ] } },
{ "type": "Feature", "properties": { "LRR": -0.28, "LR2": 0.06, "Kec": "Kuta Selatan", "Desa": "Jimbaran", "KLRR": "Abrasi", "Panjang": 10.207298104199999 }, "geometry": { "type": "MultiLineString", "coordinates": [ [ [ 115.168531963586418, -8.770568890528335 ], [ 115.168441210850276, -8.770549788382878 ] ] ] } },
{ "type": "Feature", "properties": { "LRR": -0.19, "LR2": 0.03, "Kec": "Kuta Selatan", "Desa": "Jimbaran", "KLRR": "Abrasi", "Panjang": 10.451896425899999 }, "geometry": { "type": "MultiLineString", "coordinates": [ [ [ 115.168478025073512, -8.770821236034433 ], [ 115.168385215151304, -8.770801131209272 ] ] ] } },
{ "type": "Feature", "properties": { "LRR": 0.02, "LR2": 0.0, "Kec": "Kuta Selatan", "Desa": "Jimbaran", "KLRR": "Akresi", "Panjang": 9.3853501928099998 }, "geometry": { "type": "MultiLineString", "coordinates": [ [ [ 115.168412474292296, -8.771070907882995 ], [ 115.168329243503464, -8.771052365636766 ] ] ] } },
{ "type": "Feature", "properties": { "LRR": 0.2, "LR2": 0.03, "Kec": "Kuta Selatan", "Desa": "Jimbaran", "KLRR": "Akresi", "Panjang": 10.4764878091 }, "geometry": { "type": "MultiLineString", "coordinates": [ [ [ 115.168366075753909, -8.771324748188976 ], [ 115.168273293118546, -8.771303504308932 ] ] ] } },
{ "type": "Feature", "properties": { "LRR": 0.2, "LR2": 0.02, "Kec": "Kuta Selatan", "Desa": "Jimbaran", "KLRR": "Akresi", "Panjang": 11.852171464 }, "geometry": { "type": "MultiLineString", "coordinates": [ [ [ 115.168322447190278, -8.771578017878655 ], [ 115.16821764091361, -8.771553303656125 ] ] ] } },
{ "type": "Feature", "properties": { "LRR": 0.26, "LR2": 0.03, "Kec": "Kuta Selatan", "Desa": "Jimbaran", "KLRR": "Akresi", "Panjang": 12.216519740300001 }, "geometry": { "type": "MultiLineString", "coordinates": [ [ [ 115.168275092124773, -8.771805592793644 ], [ 115.168167524086471, -8.771778259597854 ] ] ] } },
{ "type": "Feature", "properties": { "LRR": 0.39, "LR2": 0.08, "Kec": "Kuta Selatan", "Desa": "Jimbaran", "KLRR": "Akresi", "Panjang": 9.9936551815100003 }, "geometry": { "type": "MultiLineString", "coordinates": [ [ [ 115.168206144759679, -8.772021895771104 ], [ 115.168118609635258, -8.771997814072037 ] ] ] } },
{ "type": "Feature", "properties": { "LRR": 0.47, "LR2": 0.13, "Kec": "Kuta Selatan", "Desa": "Jimbaran", "KLRR": "Akresi", "Panjang": 8.1364016617499999 }, "geometry": { "type": "MultiLineString", "coordinates": [ [ [ 115.168134420613782, -8.772240671453824 ], [ 115.168063524395691, -8.772219775972038 ] ] ] } },
{ "type": "Feature", "properties": { "LRR": 0.36, "LR2": 0.08, "Kec": "Kuta Selatan", "Desa": "Jimbaran", "KLRR": "Akresi", "Panjang": 9.2362811781400005 }, "geometry": { "type": "MultiLineString", "coordinates": [ [ [ 115.16807266107206, -8.772468575096717 ], [ 115.16799256416617, -8.772443604574363 ] ] ] } },
{ "type": "Feature", "properties": { "LRR": 0.24, "LR2": 0.04, "Kec": "Kuta Selatan", "Desa": "Jimbaran", "KLRR": "Akresi", "Panjang": 9.9972659726399993 }, "geometry": { "type": "MultiLineString", "coordinates": [ [ [ 115.16799775226805, -8.772701440659477 ], [ 115.167911385201094, -8.772673389329242 ] ] ] } },
{ "type": "Feature", "properties": { "LRR": 0.11, "LR2": 0.01, "Kec": "Kuta Selatan", "Desa": "Jimbaran", "KLRR": "Akresi", "Panjang": 11.5421237289 }, "geometry": { "type": "MultiLineString", "coordinates": [ [ [ 115.167932820915027, -8.772939701315948 ], [ 115.167833474664135, -8.772906217658548 ] ] ] } },
{ "type": "Feature", "properties": { "LRR": -0.08, "LR2": 0.0, "Kec": "Kuta Selatan", "Desa": "Jimbaran", "KLRR": "Abrasi", "Panjang": 12.0457809543 }, "geometry": { "type": "MultiLineString", "coordinates": [ [ [ 115.167869449759777, -8.773172236767435 ], [ 115.167766267076303, -8.773135860403199 ] ] ] } },
{ "type": "Feature", "properties": { "LRR": -0.27, "LR2": 0.03, "Kec": "Kuta Selatan", "Desa": "Jimbaran", "KLRR": "Abrasi", "Panjang": 13.4556410886 }, "geometry": { "type": "MultiLineString", "coordinates": [ [ [ 115.167805906379371, -8.773405400590933 ], [ 115.167691221449999, -8.773363188606577 ] ] ] } },
{ "type": "Feature", "properties": { "LRR": -0.37, "LR2": 0.05, "Kec": "Kuta Selatan", "Desa": "Jimbaran", "KLRR": "Abrasi", "Panjang": 14.1423803526 }, "geometry": { "type": "MultiLineString", "coordinates": [ [ [ 115.167730753837944, -8.77363542874958 ], [ 115.167610826284573, -8.773589453830027 ] ] ] } },
{ "type": "Feature", "properties": { "LRR": -0.16, "LR2": 0.01, "Kec": "Kuta Selatan", "Desa": "Jimbaran", "KLRR": "Abrasi", "Panjang": 16.649494624900001 }, "geometry": { "type": "MultiLineString", "coordinates": [ [ [ 115.167629725726314, -8.773856408028509 ], [ 115.167489251796511, -8.773800474367333 ] ] ] } },
{ "type": "Feature", "properties": { "LRR": -0.02, "LR2": 0.0, "Kec": "Kuta Selatan", "Desa": "Jimbaran", "KLRR": "Abrasi", "Panjang": 18.271041350699999 }, "geometry": { "type": "MultiLineString", "coordinates": [ [ [ 115.167540980360741, -8.774093223011578 ], [ 115.167387345424103, -8.774030564171353 ] ] ] } },
{ "type": "Feature", "properties": { "LRR": -0.1, "LR2": 0.0, "Kec": "Kuta Selatan", "Desa": "Jimbaran", "KLRR": "Abrasi", "Panjang": 19.225918455599999 }, "geometry": { "type": "MultiLineString", "coordinates": [ [ [ 115.167464656776716, -8.774338281954739 ], [ 115.167303474120516, -8.774271191704912 ] ] ] } },
{ "type": "Feature", "properties": { "LRR": -0.21, "LR2": 0.01, "Kec": "Kuta Selatan", "Desa": "Jimbaran", "KLRR": "Abrasi", "Panjang": 19.583832969199999 }, "geometry": { "type": "MultiLineString", "coordinates": [ [ [ 115.167387554666405, -8.774585843177704 ], [ 115.167223802971151, -8.774516486540898 ] ] ] } },
{ "type": "Feature", "properties": { "LRR": -0.34, "LR2": 0.02, "Kec": "Kuta Selatan", "Desa": "Jimbaran", "KLRR": "Abrasi", "Panjang": 20.939933472500002 }, "geometry": { "type": "MultiLineString", "coordinates": [ [ [ 115.16730494843857, -8.774831425734254 ], [ 115.167130326321995, -8.774756180444472 ] ] ] } },
{ "type": "Feature", "properties": { "LRR": -0.59, "LR2": 0.06, "Kec": "Kuta Selatan", "Desa": "Jimbaran", "KLRR": "Abrasi", "Panjang": 22.29553209 }, "geometry": { "type": "MultiLineString", "coordinates": [ [ [ 115.167216754194243, -8.775074901736817 ], [ 115.167031333196235, -8.774993633424689 ] ] ] } },
{ "type": "Feature", "properties": { "LRR": -0.7, "LR2": 0.07, "Kec": "Kuta Selatan", "Desa": "Jimbaran", "KLRR": "Abrasi", "Panjang": 24.7112668587 }, "geometry": { "type": "MultiLineString", "coordinates": [ [ [ 115.167128759713449, -8.77531782808094 ], [ 115.166923856573973, -8.775226392772316 ] ] ] } },
{ "type": "Feature", "properties": { "LRR": -0.76, "LR2": 0.08, "Kec": "Kuta Selatan", "Desa": "Jimbaran", "KLRR": "Abrasi", "Panjang": 22.7507475677 }, "geometry": { "type": "MultiLineString", "coordinates": [ [ [ 115.167004316382602, -8.775544888015453 ], [ 115.166816224563718, -8.775459486717107 ] ] ] } },
{ "type": "Feature", "properties": { "LRR": -0.96, "LR2": 0.16, "Kec": "Kuta Selatan", "Desa": "Jimbaran", "KLRR": "Abrasi", "Panjang": 20.293484831499999 }, "geometry": { "type": "MultiLineString", "coordinates": [ [ [ 115.166871326709327, -8.775779681411686 ], [ 115.166703649567964, -8.775703287965012 ] ] ] } },
{ "type": "Feature", "properties": { "LRR": -0.97, "LR2": 0.16, "Kec": "Kuta Selatan", "Desa": "Jimbaran", "KLRR": "Abrasi", "Panjang": 20.964170573699999 }, "geometry": { "type": "MultiLineString", "coordinates": [ [ [ 115.166763421194915, -8.776027893727179 ], [ 115.166590234838637, -8.775948904971118 ] ] ] } },
{ "type": "Feature", "properties": { "LRR": -1.04, "LR2": 0.19, "Kec": "Kuta Selatan", "Desa": "Jimbaran", "KLRR": "Abrasi", "Panjang": 20.214164763199999 }, "geometry": { "type": "MultiLineString", "coordinates": [ [ [ 115.166643778228831, -8.776270753784537 ], [ 115.166476819020403, -8.776194522809128 ] ] ] } },
{ "type": "Feature", "properties": { "LRR": -1.24, "LR2": 0.21, "Kec": "Kuta Selatan", "Desa": "Jimbaran", "KLRR": "Abrasi", "Panjang": 21.7350495118 }, "geometry": { "type": "MultiLineString", "coordinates": [ [ [ 115.166543474933661, -8.776520916836063 ], [ 115.166364043257389, -8.776438756838923 ] ] ] } },
{ "type": "Feature", "properties": { "LRR": -1.22, "LR2": 0.19, "Kec": "Kuta Selatan", "Desa": "Jimbaran", "KLRR": "Abrasi", "Panjang": 24.755752605000001 }, "geometry": { "type": "MultiLineString", "coordinates": [ [ [ 115.166458909886998, -8.776769469302184 ], [ 115.166255017863506, -8.776674866926641 ] ] ] } },
{ "type": "Feature", "properties": { "LRR": -1.34, "LR2": 0.25, "Kec": "Kuta Selatan", "Desa": "Jimbaran", "KLRR": "Abrasi", "Panjang": 24.408248458 }, "geometry": { "type": "MultiLineString", "coordinates": [ [ [ 115.166346492841186, -8.777005374876493 ], [ 115.16614593168822, -8.776911106843952 ] ] ] } },
{ "type": "Feature", "properties": { "LRR": -1.33, "LR2": 0.27, "Kec": "Kuta Selatan", "Desa": "Jimbaran", "KLRR": "Abrasi", "Panjang": 24.070093909800001 }, "geometry": { "type": "MultiLineString", "coordinates": [ [ [ 115.166236573318002, -8.777236039847299 ], [ 115.16603952573729, -8.777141545619591 ] ] ] } },
{ "type": "Feature", "properties": { "LRR": -1.34, "LR2": 0.26, "Kec": "Kuta Selatan", "Desa": "Jimbaran", "KLRR": "Abrasi", "Panjang": 24.330098891599999 }, "geometry": { "type": "MultiLineString", "coordinates": [ [ [ 115.166128601296023, -8.777462616049391 ], [ 115.165930398770669, -8.777365117316686 ] ] ] } },
{ "type": "Feature", "properties": { "LRR": -1.41, "LR2": 0.26, "Kec": "Kuta Selatan", "Desa": "Jimbaran", "KLRR": "Abrasi", "Panjang": 24.649525775899999 }, "geometry": { "type": "MultiLineString", "coordinates": [ [ [ 115.166020615342504, -8.777689221958616 ], [ 115.165820818467608, -8.777588440841392 ] ] ] } },
{ "type": "Feature", "properties": { "LRR": -1.57, "LR2": 0.3, "Kec": "Kuta Selatan", "Desa": "Jimbaran", "KLRR": "Abrasi", "Panjang": 24.1479458767 }, "geometry": { "type": "MultiLineString", "coordinates": [ [ [ 115.165905973495725, -8.777912423252205 ], [ 115.165711249946384, -8.777811739952844 ] ] ] } },
{ "type": "Feature", "properties": { "LRR": -1.72, "LR2": 0.38, "Kec": "Kuta Selatan", "Desa": "Jimbaran", "KLRR": "Abrasi", "Panjang": 25.118878814599999 }, "geometry": { "type": "MultiLineString", "coordinates": [ [ [ 115.1658031776104, -8.778141768305183 ], [ 115.165601694115878, -8.778035014655499 ] ] ] } },
{ "type": "Feature", "properties": { "LRR": -1.52, "LR2": 0.39, "Kec": "Kuta Selatan", "Desa": "Jimbaran", "KLRR": "Abrasi", "Panjang": 21.9469721693 }, "geometry": { "type": "MultiLineString", "coordinates": [ [ [ 115.1656675635477, -8.778352625426168 ], [ 115.165492509927489, -8.778257530777891 ] ] ] } },
{ "type": "Feature", "properties": { "LRR": -1.27, "LR2": 0.35, "Kec": "Kuta Selatan", "Desa": "Jimbaran", "KLRR": "Abrasi", "Panjang": 18.134081842099999 }, "geometry": { "type": "MultiLineString", "coordinates": [ [ [ 115.165527389860443, -8.778559590853563 ], [ 115.165383601913788, -8.77847948223247 ] ] ] } },
{ "type": "Feature", "properties": { "LRR": -1.04, "LR2": 0.31, "Kec": "Kuta Selatan", "Desa": "Jimbaran", "KLRR": "Abrasi", "Panjang": 15.520031786400001 }, "geometry": { "type": "MultiLineString", "coordinates": [ [ [ 115.165397015154099, -8.7787712896685 ], [ 115.165274698342515, -8.778701423704048 ] ] ] } },
{ "type": "Feature", "properties": { "LRR": -0.94, "LR2": 0.33, "Kec": "Kuta Selatan", "Desa": "Jimbaran", "KLRR": "Abrasi", "Panjang": 14.5173024228 }, "geometry": { "type": "MultiLineString", "coordinates": [ [ [ 115.165265163698507, -8.778982201911912 ], [ 115.165151458876835, -8.778915636068653 ] ] ] } },
{ "type": "Feature", "properties": { "LRR": -0.85, "LR2": 0.29, "Kec": "Kuta Selatan", "Desa": "Jimbaran", "KLRR": "Abrasi", "Panjang": 14.556173965099999 }, "geometry": { "type": "MultiLineString", "coordinates": [ [ [ 115.165123805636597, -8.779189289709059 ], [ 115.165010458822493, -8.779121438155505 ] ] ] } },
{ "type": "Feature", "properties": { "LRR": -0.79, "LR2": 0.26, "Kec": "Kuta Selatan", "Desa": "Jimbaran", "KLRR": "Abrasi", "Panjang": 14.181757516299999 }, "geometry": { "type": "MultiLineString", "coordinates": [ [ [ 115.164981445853115, -8.77939120937725 ], [ 115.164871792814608, -8.779323833205522 ] ] ] } },
{ "type": "Feature", "properties": { "LRR": -0.68, "LR2": 0.19, "Kec": "Kuta Selatan", "Desa": "Jimbaran", "KLRR": "Abrasi", "Panjang": 13.813608759499999 }, "geometry": { "type": "MultiLineString", "coordinates": [ [ [ 115.164840861372952, -8.779590611611747 ], [ 115.164734922617725, -8.779523606957115 ] ] ] } },
{ "type": "Feature", "properties": { "LRR": -0.61, "LR2": 0.16, "Kec": "Kuta Selatan", "Desa": "Jimbaran", "KLRR": "Abrasi", "Panjang": 13.45236006 }, "geometry": { "type": "MultiLineString", "coordinates": [ [ [ 115.164702063192152, -8.779787479291825 ], [ 115.164599851904327, -8.779720753102804 ] ] ] } },
{ "type": "Feature", "properties": { "LRR": -0.6, "LR2": 0.17, "Kec": "Kuta Selatan", "Desa": "Jimbaran", "KLRR": "Abrasi", "Panjang": 13.1959698589 }, "geometry": { "type": "MultiLineString", "coordinates": [ [ [ 115.164571073287945, -8.77997327290721 ], [ 115.164472193887306, -8.779905767305902 ] ] ] } },
{ "type": "Feature", "properties": { "LRR": -0.64, "LR2": 0.18, "Kec": "Kuta Selatan", "Desa": "Jimbaran", "KLRR": "Abrasi", "Panjang": 13.125115690199999 }, "geometry": { "type": "MultiLineString", "coordinates": [ [ [ 115.164444408457769, -8.780152931655332 ], [ 115.164347720858999, -8.780083442295368 ] ] ] } },
{ "type": "Feature", "properties": { "LRR": -0.67, "LR2": 0.19, "Kec": "Kuta Selatan", "Desa": "Jimbaran", "KLRR": "Abrasi", "Panjang": 13.0619141108 }, "geometry": { "type": "MultiLineString", "coordinates": [ [ [ 115.164317829536401, -8.78033246599076 ], [ 115.164223319100088, -8.780261013596798 ] ] ] } },
{ "type": "Feature", "properties": { "LRR": -0.51, "LR2": 0.12, "Kec": "Kuta Selatan", "Desa": "Jimbaran", "KLRR": "Abrasi", "Panjang": 11.720725891500001 }, "geometry": { "type": "MultiLineString", "coordinates": [ [ [ 115.164179904857477, -8.780507936370697 ], [ 115.164096560464273, -8.780441950980546 ] ] ] } },
{ "type": "Feature", "properties": { "LRR": -0.14, "LR2": 0.01, "Kec": "Kuta Selatan", "Desa": "Jimbaran", "KLRR": "Abrasi", "Panjang": 9.1863688768100005 }, "geometry": { "type": "MultiLineString", "coordinates": [ [ [ 115.164027587272713, -8.78067544042953 ], [ 115.163963352476685, -8.780622391302664 ] ] ] } },
{ "type": "Feature", "properties": { "LRR": 0.02, "LR2": 0.0, "Kec": "Kuta Selatan", "Desa": "Jimbaran", "KLRR": "Akresi", "Panjang": 10.2993329005 }, "geometry": { "type": "MultiLineString", "coordinates": [ [ [ 115.163898555812168, -8.780850203560153 ], [ 115.163828033156292, -8.780788980804411 ] ] ] } },
{ "type": "Feature", "properties": { "LRR": -0.09, "LR2": 0.0, "Kec": "Kuta Selatan", "Desa": "Jimbaran", "KLRR": "Abrasi", "Panjang": 12.6854317186 }, "geometry": { "type": "MultiLineString", "coordinates": [ [ [ 115.163778204841776, -8.781032431329198 ], [ 115.163693280607831, -8.780954872334261 ] ] ] } },
{ "type": "Feature", "properties": { "LRR": 0.17, "LR2": 0.01, "Kec": "Kuta Selatan", "Desa": "Jimbaran", "KLRR": "Akresi", "Panjang": 13.1734140708 }, "geometry": { "type": "MultiLineString", "coordinates": [ [ [ 115.163631474429238, -8.781180686589753 ], [ 115.163545620012727, -8.781097683220631 ] ] ] } },
{ "type": "Feature", "properties": { "LRR": 0.34, "LR2": 0.04, "Kec": "Kuta Selatan", "Desa": "Jimbaran", "KLRR": "Akresi", "Panjang": 15.3816396294 }, "geometry": { "type": "MultiLineString", "coordinates": [ [ [ 115.163493425679547, -8.781333769306464 ], [ 115.163396124007974, -8.781233926937176 ] ] ] } },
{ "type": "Feature", "properties": { "LRR": 0.19, "LR2": 0.01, "Kec": "Kuta Selatan", "Desa": "Jimbaran", "KLRR": "Akresi", "Panjang": 15.0984475981 }, "geometry": { "type": "MultiLineString", "coordinates": [ [ [ 115.163334676650095, -8.781475050617624 ], [ 115.163241852457787, -8.781374524838018 ] ] ] } },
{ "type": "Feature", "properties": { "LRR": 0.16, "LR2": 0.01, "Kec": "Kuta Selatan", "Desa": "Jimbaran", "KLRR": "Akresi", "Panjang": 13.3673122184 }, "geometry": { "type": "MultiLineString", "coordinates": [ [ [ 115.163164481265326, -8.781608887093991 ], [ 115.163084592844598, -8.781517844727924 ] ] ] } },
{ "type": "Feature", "properties": { "LRR": 0.07, "LR2": 0.0, "Kec": "Kuta Selatan", "Desa": "Jimbaran", "KLRR": "Akresi", "Panjang": 10.6263913031 }, "geometry": { "type": "MultiLineString", "coordinates": [ [ [ 115.162992858309096, -8.781727154698094 ], [ 115.162931494002095, -8.781652973096026 ] ] ] } },
{ "type": "Feature", "properties": { "LRR": -0.15, "LR2": 0.01, "Kec": "Kuta Selatan", "Desa": "Jimbaran", "KLRR": "Abrasi", "Panjang": 12.9919372616 }, "geometry": { "type": "MultiLineString", "coordinates": [ [ [ 115.162845633257021, -8.781849679904925 ], [ 115.162773941825122, -8.781756354846129 ] ] ] } },
{ "type": "Feature", "properties": { "LRR": -0.37, "LR2": 0.05, "Kec": "Kuta Selatan", "Desa": "Jimbaran", "KLRR": "Abrasi", "Panjang": 14.8179463369 }, "geometry": { "type": "MultiLineString", "coordinates": [ [ [ 115.162702925722655, -8.781963367125025 ], [ 115.162625526326593, -8.781853740913832 ] ] ] } },
{ "type": "Feature", "properties": { "LRR": -0.33, "LR2": 0.05, "Kec": "Kuta Selatan", "Desa": "Jimbaran", "KLRR": "Abrasi", "Panjang": 13.388642649299999 }, "geometry": { "type": "MultiLineString", "coordinates": [ [ [ 115.162537347890165, -8.78205432292739 ], [ 115.162471239309681, -8.781952704835769 ] ] ] } },
{ "type": "Feature", "properties": { "LRR": -0.45, "LR2": 0.09, "Kec": "Kuta Selatan", "Desa": "Jimbaran", "KLRR": "Abrasi", "Panjang": 13.722715046199999 }, "geometry": { "type": "MultiLineString", "coordinates": [ [ [ 115.16238002232312, -8.78213857627563 ], [ 115.162316759009741, -8.782031661502037 ] ] ] } },
{ "type": "Feature", "properties": { "LRR": -0.69, "LR2": 0.18, "Kec": "Kuta Selatan", "Desa": "Jimbaran", "KLRR": "Abrasi", "Panjang": 15.053729667800001 }, "geometry": { "type": "MultiLineString", "coordinates": [ [ [ 115.162234221608927, -8.78222684554823 ], [ 115.162170323745343, -8.782106506699392 ] ] ] } },
{ "type": "Feature", "properties": { "LRR": -0.8, "LR2": 0.2, "Kec": "Kuta Selatan", "Desa": "Jimbaran", "KLRR": "Abrasi", "Panjang": 16.7728103078 }, "geometry": { "type": "MultiLineString", "coordinates": [ [ [ 115.162090400078498, -8.782317729934586 ], [ 115.162025579453996, -8.782180486734854 ] ] ] } },
{ "type": "Feature", "properties": { "LRR": -0.77, "LR2": 0.16, "Kec": "Kuta Selatan", "Desa": "Jimbaran", "KLRR": "Abrasi", "Panjang": 17.947573546800001 }, "geometry": { "type": "MultiLineString", "coordinates": [ [ [ 115.161949170016868, -8.782401317453417 ], [ 115.161887069836268, -8.782251280401157 ] ] ] } },
{ "type": "Feature", "properties": { "LRR": -0.81, "LR2": 0.16, "Kec": "Kuta Selatan", "Desa": "Jimbaran", "KLRR": "Abrasi", "Panjang": 18.5437873053 }, "geometry": { "type": "MultiLineString", "coordinates": [ [ [ 115.161808713009918, -8.782481458732653 ], [ 115.161752318490613, -8.782323476461585 ] ] ] } },
{ "type": "Feature", "properties": { "LRR": -0.82, "LR2": 0.15, "Kec": "Kuta Selatan", "Desa": "Jimbaran", "KLRR": "Abrasi", "Panjang": 18.699437231600001 }, "geometry": { "type": "MultiLineString", "coordinates": [ [ [ 115.161672169183987, -8.782554431645391 ], [ 115.16162392891485, -8.78239233128572 ] ] ] } },
{ "type": "Feature", "properties": { "LRR": -0.81, "LR2": 0.14, "Kec": "Kuta Selatan", "Desa": "Jimbaran", "KLRR": "Abrasi", "Panjang": 18.570695351099999 }, "geometry": { "type": "MultiLineString", "coordinates": [ [ [ 115.161534291037924, -8.782624664076447 ], [ 115.161495297821745, -8.782461315969373 ] ] ] } },
{ "type": "Feature", "properties": { "LRR": -0.61, "LR2": 0.08, "Kec": "Kuta Selatan", "Desa": "Jimbaran", "KLRR": "Abrasi", "Panjang": 17.352014099600002 }, "geometry": { "type": "MultiLineString", "coordinates": [ [ [ 115.161395579066678, -8.782684094137306 ], [ 115.161367850369913, -8.782529665383018 ] ] ] } },
{ "type": "Feature", "properties": { "LRR": -0.2, "LR2": 0.01, "Kec": "Kuta Selatan", "Desa": "Jimbaran", "KLRR": "Abrasi", "Panjang": 17.0674830247 }, "geometry": { "type": "MultiLineString", "coordinates": [ [ [ 115.161244726712724, -8.782722020337777 ], [ 115.16122561359731, -8.782568895681329 ] ] ] } },
{ "type": "Feature", "properties": { "LRR": -0.03, "LR2": 0.0, "Kec": "Kuta Selatan", "Desa": "Jimbaran", "KLRR": "Abrasi", "Panjang": 12.2300109196 }, "geometry": { "type": "MultiLineString", "coordinates": [ [ [ 115.161064304991399, -8.782721235443553 ], [ 115.161055268225752, -8.782611034664447 ] ] ] } },
{ "type": "Feature", "properties": { "LRR": -0.05, "LR2": 0.0, "Kec": "Kuta Selatan", "Desa": "Jimbaran", "KLRR": "Abrasi", "Panjang": 7.1848367033100002 }, "geometry": { "type": "MultiLineString", "coordinates": [ [ [ 115.160890192459945, -8.782697182384737 ], [ 115.160887792285976, -8.782632270938691 ] ] ] } },
{ "type": "Feature", "properties": { "LRR": -0.01, "LR2": 0.0, "Kec": "Kuta Selatan", "Desa": "Jimbaran", "KLRR": "Abrasi", "Panjang": 4.4873216472699999 }, "geometry": { "type": "MultiLineString", "coordinates": [ [ [ 115.160734243531223, -8.782660599707244 ], [ 115.160734848796395, -8.782620036030909 ] ] ] } },
{ "type": "Feature", "properties": { "LRR": 0.06, "LR2": 0.05, "Kec": "Kuta Selatan", "Desa": "Jimbaran", "KLRR": "Akresi", "Panjang": 2.88071103946 }, "geometry": { "type": "MultiLineString", "coordinates": [ [ [ 115.160587381338317, -8.782612884250693 ], [ 115.160589199800611, -8.782586903756336 ] ] ] } },
{ "type": "Feature", "properties": { "LRR": -0.12, "LR2": 0.08, "Kec": "Kuta Selatan", "Desa": "Jimbaran", "KLRR": "Abrasi", "Panjang": 4.1624931050600003 }, "geometry": { "type": "MultiLineString", "coordinates": [ [ [ 115.160441707292918, -8.782547782904086 ], [ 115.160446325526308, -8.782510432897576 ] ] ] } },
{ "type": "Feature", "properties": { "LRR": -0.27, "LR2": 0.16, "Kec": "Kuta Selatan", "Desa": "Jimbaran", "KLRR": "Abrasi", "Panjang": 5.9932750884199999 }, "geometry": { "type": "MultiLineString", "coordinates": [ [ [ 115.160294351104312, -8.782480282033843 ], [ 115.160303673356182, -8.78242689866015 ] ] ] } },
{ "type": "Feature", "properties": { "LRR": -0.27, "LR2": 0.12, "Kec": "Kuta Selatan", "Desa": "Jimbaran", "KLRR": "Abrasi", "Panjang": 6.1570228526899999 }, "geometry": { "type": "MultiLineString", "coordinates": [ [ [ 115.160151456217491, -8.782417232835961 ], [ 115.160163792969811, -8.782362939311231 ] ] ] } },
{ "type": "Feature", "properties": { "LRR": -0.27, "LR2": 0.18, "Kec": "Kuta Selatan", "Desa": "Jimbaran", "KLRR": "Abrasi", "Panjang": 5.1351540484399996 }, "geometry": { "type": "MultiLineString", "coordinates": [ [ [ 115.160004071084884, -8.782370188167711 ], [ 115.160016637791415, -8.782325478032524 ] ] ] } },
{ "type": "Feature", "properties": { "LRR": -0.12, "LR2": 0.09, "Kec": "Kuta Selatan", "Desa": "Jimbaran", "KLRR": "Abrasi", "Panjang": 3.0725837777999998 }, "geometry": { "type": "MultiLineString", "coordinates": [ [ [ 115.1598358390317, -8.782330077209135 ], [ 115.159844513910514, -8.782303673629498 ] ] ] } },
{ "type": "Feature", "properties": { "LRR": -0.02, "LR2": 0.09, "Kec": "Kuta Selatan", "Desa": "Jimbaran", "KLRR": "Abrasi", "Panjang": 0.5511236699 }, "geometry": { "type": "MultiLineString", "coordinates": [ [ [ 115.15962625685593, -8.782289597130674 ], [ 115.159627936774228, -8.782284903251824 ] ] ] } },
{ "type": "Feature", "properties": { "LRR": 0.04, "LR2": 0.09, "Kec": "Kuta Selatan", "Desa": "Jimbaran", "KLRR": "Akresi", "Panjang": 0.95133222471000001 }, "geometry": { "type": "MultiLineString", "coordinates": [ [ [ 115.159389702289999, -8.782243352929424 ], [ 115.15939272294959, -8.782235294312903 ] ] ] } },
{ "type": "Feature", "properties": { "LRR": 0.0, "LR2": 0.0, "Kec": "Kuta Selatan", "Desa": "Jimbaran", "KLRR": "Stabil", "Panjang": 0.0 }, "geometry": { "type": "MultiLineString", "coordinates": [ ] } },
{ "type": "Feature", "properties": { "LRR": 0.0, "LR2": 0.0, "Kec": "Kuta Selatan", "Desa": "Jimbaran", "KLRR": "Stabil", "Panjang": 0.0 }, "geometry": { "type": "MultiLineString", "coordinates": [ ] } },
{ "type": "Feature", "properties": { "LRR": 0.0, "LR2": 0.0, "Kec": "Kuta Selatan", "Desa": "Jimbaran", "KLRR": "Stabil", "Panjang": 0.0 }, "geometry": { "type": "MultiLineString", "coordinates": [ ] } },
{ "type": "Feature", "properties": { "LRR": 0.0, "LR2": 0.0, "Kec": "Kuta Selatan", "Desa": "Jimbaran", "KLRR": "Stabil", "Panjang": 0.0 }, "geometry": { "type": "MultiLineString", "coordinates": [ ] } },
{ "type": "Feature", "properties": { "LRR": 0.0, "LR2": 0.0, "Kec": "Kuta Selatan", "Desa": "Jimbaran", "KLRR": "Stabil", "Panjang": 0.0 }, "geometry": { "type": "MultiLineString", "coordinates": [ [ [ 115.158322191714561, -8.781636128154556 ], [ 115.158322191714561, -8.781636128154556 ] ] ] } },
{ "type": "Feature", "properties": { "LRR": 0.0, "LR2": 0.0, "Kec": "Kuta Selatan", "Desa": "Jimbaran", "KLRR": "Stabil", "Panjang": 0.0 }, "geometry": { "type": "MultiLineString", "coordinates": [ ] } },
{ "type": "Feature", "properties": { "LRR": 0.0, "LR2": 0.0, "Kec": "Kuta Selatan", "Desa": "Jimbaran", "KLRR": "Stabil", "Panjang": 0.0 }, "geometry": { "type": "MultiLineString", "coordinates": [ ] } },
{ "type": "Feature", "properties": { "LRR": 0.0, "LR2": 0.0, "Kec": "Kuta Selatan", "Desa": "Jimbaran", "KLRR": "Stabil", "Panjang": 0.0 }, "geometry": { "type": "MultiLineString", "coordinates": [ ] } },
{ "type": "Feature", "properties": { "LRR": 0.0, "LR2": 0.0, "Kec": "Kuta Selatan", "Desa": "Jimbaran", "KLRR": "Stabil", "Panjang": 0.0 }, "geometry": { "type": "MultiLineString", "coordinates": [ ] } },
{ "type": "Feature", "properties": { "LRR": 0.0, "LR2": 0.0, "Kec": "Kuta Selatan", "Desa": "Jimbaran", "KLRR": "Stabil", "Panjang": 0.0 }, "geometry": { "type": "MultiLineString", "coordinates": [ ] } },
{ "type": "Feature", "properties": { "LRR": 0.02, "LR2": 0.09, "Kec": "Kuta Selatan", "Desa": "Jimbaran", "KLRR": "Akresi", "Panjang": 0.45604949323 }, "geometry": { "type": "MultiLineString", "coordinates": [ [ [ 115.156500945929324, -8.780824614337835 ], [ 115.156501997126739, -8.780820626197247 ] ] ] } },
{ "type": "Feature", "properties": { "LRR": 0.04, "LR2": 0.09, "Kec": "Kuta Selatan", "Desa": "Jimbaran", "KLRR": "Akresi", "Panjang": 0.97447303197000001 }, "geometry": { "type": "MultiLineString", "coordinates": [ [ [ 115.156160216483457, -8.780647692956967 ], [ 115.156162064849553, -8.78063907716351 ] ] ] } },
{ "type": "Feature", "properties": { "LRR": -0.09, "LR2": 0.09, "Kec": "Kuta Selatan", "Desa": "Jimbaran", "KLRR": "Abrasi", "Panjang": 2.3868972182300001 }, "geometry": { "type": "MultiLineString", "coordinates": [ [ [ 115.155827790617622, -8.780461690768558 ], [ 115.155831419183414, -8.78044041585304 ] ] ] } },
{ "type": "Feature", "properties": { "LRR": -0.21, "LR2": 0.09, "Kec": "Kuta Selatan", "Desa": "Jimbaran", "KLRR": "Abrasi", "Panjang": 5.4656074536999997 }, "geometry": { "type": "MultiLineString", "coordinates": [ [ [ 115.155494382613384, -8.780371707520453 ], [ 115.155500908173423, -8.780322723476408 ] ] ] } },
{ "type": "Feature", "properties": { "LRR": -0.09, "LR2": 0.09, "Kec": "Kuta Selatan", "Desa": "Jimbaran", "KLRR": "Abrasi", "Panjang": 2.4617118771499999 }, "geometry": { "type": "MultiLineString", "coordinates": [ [ [ 115.155155847679367, -8.780351894520027 ], [ 115.15515804195195, -8.78032974650433 ] ] ] } },
{ "type": "Feature", "properties": { "LRR": 0.0, "LR2": 0.0, "Kec": "Kuta Selatan", "Desa": "Jimbaran", "KLRR": "Stabil", "Panjang": 0.0 }, "geometry": { "type": "MultiLineString", "coordinates": [ ] } },
{ "type": "Feature", "properties": { "LRR": 0.0, "LR2": 0.0, "Kec": "Kuta Selatan", "Desa": "Jimbaran", "KLRR": "Stabil", "Panjang": 0.0 }, "geometry": { "type": "MultiLineString", "coordinates": [ ] } },
{ "type": "Feature", "properties": { "LRR": 0.0, "LR2": 0.0, "Kec": "Kuta Selatan", "Desa": "Jimbaran", "KLRR": "Stabil", "Panjang": 0.0 }, "geometry": { "type": "MultiLineString", "coordinates": [ ] } },
{ "type": "Feature", "properties": { "LRR": 0.0, "LR2": 0.0, "Kec": "Kuta Selatan", "Desa": "Jimbaran", "KLRR": "Stabil", "Panjang": 0.0 }, "geometry": { "type": "MultiLineString", "coordinates": [ ] } },
{ "type": "Feature", "properties": { "LRR": 0.0, "LR2": 0.0, "Kec": "Kuta Selatan", "Desa": "Jimbaran", "KLRR": "Stabil", "Panjang": 0.0 }, "geometry": { "type": "MultiLineString", "coordinates": [ [ [ 115.153796683408899, -8.780592675276893 ], [ 115.153796683408899, -8.780592675276893 ] ] ] } },
{ "type": "Feature", "properties": { "LRR": 0.0, "LR2": 0.0, "Kec": "Kuta Selatan", "Desa": "Jimbaran", "KLRR": "Stabil", "Panjang": 0.0 }, "geometry": { "type": "MultiLineString", "coordinates": [ ] } },
{ "type": "Feature", "properties": { "LRR": 0.0, "LR2": 0.0, "Kec": "Kuta Selatan", "Desa": "Jimbaran", "KLRR": "Stabil", "Panjang": 0.0 }, "geometry": { "type": "MultiLineString", "coordinates": [ ] } },
{ "type": "Feature", "properties": { "LRR": 0.0, "LR2": 0.0, "Kec": "Kuta Selatan", "Desa": "Jimbaran", "KLRR": "Stabil", "Panjang": 0.0 }, "geometry": { "type": "MultiLineString", "coordinates": [ ] } },
{ "type": "Feature", "properties": { "LRR": 0.0, "LR2": 0.0, "Kec": "Kuta Selatan", "Desa": "Jimbaran", "KLRR": "Stabil", "Panjang": 0.0 }, "geometry": { "type": "MultiLineString", "coordinates": [ ] } },
{ "type": "Feature", "properties": { "LRR": 0.09, "LR2": 0.16, "Kec": "Kuta Selatan", "Desa": "Jimbaran", "KLRR": "Akresi", "Panjang": 1.8461332567099999 }, "geometry": { "type": "MultiLineString", "coordinates": [ [ [ 115.152632074454047, -8.780415479243358 ], [ 115.152634228455042, -8.780398927259199 ] ] ] } },
{ "type": "Feature", "properties": { "LRR": 0.0, "LR2": 0.0, "Kec": "Kuta Selatan", "Desa": "Jimbaran", "KLRR": "Stabil", "Panjang": 0.0 }, "geometry": { "type": "MultiLineString", "coordinates": [ ] } },
{ "type": "Feature", "properties": { "LRR": 0.0, "LR2": 0.0, "Kec": "Kuta Selatan", "Desa": "Jimbaran", "KLRR": "Stabil", "Panjang": 0.0 }, "geometry": { "type": "MultiLineString", "coordinates": [ ] } },
{ "type": "Feature", "properties": { "LRR": 0.0, "LR2": 0.0, "Kec": "Kuta Selatan", "Desa": "Jimbaran", "KLRR": "Stabil", "Panjang": 0.0 }, "geometry": { "type": "MultiLineString", "coordinates": [ [ [ 115.152234604033509, -8.779852793884057 ], [ 115.152234604033509, -8.779852793884057 ] ] ] } },
{ "type": "Feature", "properties": { "LRR": 0.0, "LR2": 0.0, "Kec": "Kuta Selatan", "Desa": "Jimbaran", "KLRR": "Stabil", "Panjang": 0.0 }, "geometry": { "type": "MultiLineString", "coordinates": [ ] } },
{ "type": "Feature", "properties": { "LRR": 0.0, "LR2": 0.0, "Kec": "Kuta Selatan", "Desa": "Jimbaran", "KLRR": "Stabil", "Panjang": 0.0 }, "geometry": { "type": "MultiLineString", "coordinates": [ ] } },
{ "type": "Feature", "properties": { "LRR": 0.0, "LR2": 0.0, "Kec": "Kuta Selatan", "Desa": "Jimbaran", "KLRR": "Stabil", "Panjang": 0.0 }, "geometry": { "type": "MultiLineString", "coordinates": [ ] } },
{ "type": "Feature", "properties": { "LRR": 0.0, "LR2": 0.0, "Kec": "Kuta Selatan", "Desa": "Jimbaran", "KLRR": "Stabil", "Panjang": 0.0 }, "geometry": { "type": "MultiLineString", "coordinates": [ [ [ 115.151126809634405, -8.780026907145187 ], [ 115.151126809634405, -8.780026907145187 ] ] ] } },
{ "type": "Feature", "properties": { "LRR": 0.0, "LR2": 0.0, "Kec": "Kuta Selatan", "Desa": "Jimbaran", "KLRR": "Stabil", "Panjang": 0.0 }, "geometry": { "type": "MultiLineString", "coordinates": [ ] } },
{ "type": "Feature", "properties": { "LRR": 0.0, "LR2": 0.0, "Kec": "Kuta Selatan", "Desa": "Jimbaran", "KLRR": "Stabil", "Panjang": 0.0 }, "geometry": { "type": "MultiLineString", "coordinates": [ ] } },
{ "type": "Feature", "properties": { "LRR": 0.0, "LR2": 0.0, "Kec": "Kuta Selatan", "Desa": "Jimbaran", "KLRR": "Stabil", "Panjang": 0.0 }, "geometry": { "type": "MultiLineString", "coordinates": [ ] } },
{ "type": "Feature", "properties": { "LRR": 0.0, "LR2": 0.0, "Kec": "Kuta Selatan", "Desa": "Jimbaran", "KLRR": "Stabil", "Panjang": 0.0 }, "geometry": { "type": "MultiLineString", "coordinates": [ ] } },
{ "type": "Feature", "properties": { "LRR": 0.0, "LR2": 0.0, "Kec": "Kuta Selatan", "Desa": "Jimbaran", "KLRR": "Stabil", "Panjang": 0.0 }, "geometry": { "type": "MultiLineString", "coordinates": [ ] } },
{ "type": "Feature", "properties": { "LRR": 0.0, "LR2": 0.0, "Kec": "Kuta Selatan", "Desa": "Jimbaran", "KLRR": "Stabil", "Panjang": 0.0 }, "geometry": { "type": "MultiLineString", "coordinates": [ ] } },
{ "type": "Feature", "properties": { "LRR": 0.0, "LR2": 0.0, "Kec": "Kuta Selatan", "Desa": "Jimbaran", "KLRR": "Stabil", "Panjang": 0.0 }, "geometry": { "type": "MultiLineString", "coordinates": [ ] } },
{ "type": "Feature", "properties": { "LRR": 0.0, "LR2": 0.0, "Kec": "Kuta Selatan", "Desa": "Jimbaran", "KLRR": "Stabil", "Panjang": 0.0 }, "geometry": { "type": "MultiLineString", "coordinates": [ ] } },
{ "type": "Feature", "properties": { "LRR": 0.0, "LR2": 0.0, "Kec": "Kuta Selatan", "Desa": "Jimbaran", "KLRR": "Stabil", "Panjang": 0.0 }, "geometry": { "type": "MultiLineString", "coordinates": [ ] } },
{ "type": "Feature", "properties": { "LRR": 0.0, "LR2": 0.0, "Kec": "Kuta Selatan", "Desa": "Jimbaran", "KLRR": "Stabil", "Panjang": 0.0 }, "geometry": { "type": "MultiLineString", "coordinates": [ ] } },
{ "type": "Feature", "properties": { "LRR": 0.0, "LR2": 0.0, "Kec": "Kuta Selatan", "Desa": "Jimbaran", "KLRR": "Stabil", "Panjang": 0.0 }, "geometry": { "type": "MultiLineString", "coordinates": [ ] } },
{ "type": "Feature", "properties": { "LRR": 0.0, "LR2": 0.0, "Kec": "Kuta Selatan", "Desa": "Jimbaran", "KLRR": "Stabil", "Panjang": 0.0 }, "geometry": { "type": "MultiLineString", "coordinates": [ ] } },
{ "type": "Feature", "properties": { "LRR": 0.0, "LR2": 0.0, "Kec": "Kuta Selatan", "Desa": "Jimbaran", "KLRR": "Stabil", "Panjang": 0.0 }, "geometry": { "type": "MultiLineString", "coordinates": [ [ [ 115.147000928461779, -8.780019292653858 ], [ 115.147000928461779, -8.780019292653858 ] ] ] } },
{ "type": "Feature", "properties": { "LRR": 0.0, "LR2": 0.0, "Kec": "Kuta Selatan", "Desa": "Jimbaran", "KLRR": "Stabil", "Panjang": 0.0 }, "geometry": { "type": "MultiLineString", "coordinates": [ ] } },
{ "type": "Feature", "properties": { "LRR": 0.0, "LR2": 0.0, "Kec": "Kuta Selatan", "Desa": "Jimbaran", "KLRR": "Stabil", "Panjang": 0.0 }, "geometry": { "type": "MultiLineString", "coordinates": [ ] } },
{ "type": "Feature", "properties": { "LRR": 0.0, "LR2": 0.0, "Kec": "Kuta Selatan", "Desa": "Jimbaran", "KLRR": "Stabil", "Panjang": 0.0 }, "geometry": { "type": "MultiLineString", "coordinates": [ ] } },
{ "type": "Feature", "properties": { "LRR": 0.0, "LR2": 0.0, "Kec": "Kuta Selatan", "Desa": "Jimbaran", "KLRR": "Stabil", "Panjang": 0.0 }, "geometry": { "type": "MultiLineString", "coordinates": [ ] } },
{ "type": "Feature", "properties": { "LRR": 0.0, "LR2": 0.0, "Kec": "Kuta Selatan", "Desa": "Jimbaran", "KLRR": "Stabil", "Panjang": 0.0 }, "geometry": { "type": "MultiLineString", "coordinates": [ [ [ 115.145651405460896, -8.779981906127771 ], [ 115.145651405460896, -8.779981906127771 ] ] ] } },
{ "type": "Feature", "properties": { "LRR": 0.0, "LR2": 0.0, "Kec": "Kuta Selatan", "Desa": "Jimbaran", "KLRR": "Stabil", "Panjang": 0.0 }, "geometry": { "type": "MultiLineString", "coordinates": [ ] } },
{ "type": "Feature", "properties": { "LRR": 0.0, "LR2": 0.0, "Kec": "Kuta Selatan", "Desa": "Jimbaran", "KLRR": "Stabil", "Panjang": 0.0 }, "geometry": { "type": "MultiLineString", "coordinates": [ ] } },
{ "type": "Feature", "properties": { "LRR": 0.0, "LR2": 0.0, "Kec": "Kuta Selatan", "Desa": "Jimbaran", "KLRR": "Stabil", "Panjang": 0.0 }, "geometry": { "type": "MultiLineString", "coordinates": [ ] } },
{ "type": "Feature", "properties": { "LRR": 0.0, "LR2": 0.0, "Kec": "Kuta Selatan", "Desa": "Jimbaran", "KLRR": "Stabil", "Panjang": 0.0 }, "geometry": { "type": "MultiLineString", "coordinates": [ ] } },
{ "type": "Feature", "properties": { "LRR": 0.0, "LR2": 0.0, "Kec": "Kuta Selatan", "Desa": "Jimbaran", "KLRR": "Stabil", "Panjang": 0.0 }, "geometry": { "type": "MultiLineString", "coordinates": [ ] } },
{ "type": "Feature", "properties": { "LRR": 0.0, "LR2": 0.0, "Kec": "Kuta Selatan", "Desa": "Jimbaran", "KLRR": "Stabil", "Panjang": 0.0 }, "geometry": { "type": "MultiLineString", "coordinates": [ ] } },
{ "type": "Feature", "properties": { "LRR": 0.0, "LR2": 0.0, "Kec": "Kuta Selatan", "Desa": "Jimbaran", "KLRR": "Stabil", "Panjang": 0.0 }, "geometry": { "type": "MultiLineString", "coordinates": [ ] } },
{ "type": "Feature", "properties": { "LRR": 0.0, "LR2": 0.0, "Kec": "Kuta Selatan", "Desa": "Jimbaran", "KLRR": "Stabil", "Panjang": 0.0 }, "geometry": { "type": "MultiLineString", "coordinates": [ ] } },
{ "type": "Feature", "properties": { "LRR": 0.0, "LR2": 0.0, "Kec": "Kuta Selatan", "Desa": "Jimbaran", "KLRR": "Stabil", "Panjang": 0.0 }, "geometry": { "type": "MultiLineString", "coordinates": [ ] } },
{ "type": "Feature", "properties": { "LRR": 0.0, "LR2": 0.0, "Kec": "Kuta Selatan", "Desa": "Jimbaran", "KLRR": "Stabil", "Panjang": 0.0 }, "geometry": { "type": "MultiLineString", "coordinates": [ ] } },
{ "type": "Feature", "properties": { "LRR": 0.0, "LR2": 0.0, "Kec": "Kuta Selatan", "Desa": "Jimbaran", "KLRR": "Stabil", "Panjang": 0.0 }, "geometry": { "type": "MultiLineString", "coordinates": [ ] } },
{ "type": "Feature", "properties": { "LRR": 0.0, "LR2": 0.0, "Kec": "Kuta Selatan", "Desa": "Jimbaran", "KLRR": "Stabil", "Panjang": 0.0 }, "geometry": { "type": "MultiLineString", "coordinates": [ ] } },
{ "type": "Feature", "properties": { "LRR": 0.0, "LR2": 0.0, "Kec": "Kuta Selatan", "Desa": "Jimbaran", "KLRR": "Stabil", "Panjang": 0.0 }, "geometry": { "type": "MultiLineString", "coordinates": [ ] } },
{ "type": "Feature", "properties": { "LRR": 0.0, "LR2": 0.0, "Kec": "Kuta Selatan", "Desa": "Jimbaran", "KLRR": "Stabil", "Panjang": 0.0 }, "geometry": { "type": "MultiLineString", "coordinates": [ ] } },
{ "type": "Feature", "properties": { "LRR": 0.0, "LR2": 0.0, "Kec": "Kuta Selatan", "Desa": "Jimbaran", "KLRR": "Stabil", "Panjang": 0.0 }, "geometry": { "type": "MultiLineString", "coordinates": [ ] } },
{ "type": "Feature", "properties": { "LRR": 0.0, "LR2": 0.0, "Kec": "Kuta Selatan", "Desa": "Jimbaran", "KLRR": "Stabil", "Panjang": 0.0 }, "geometry": { "type": "MultiLineString", "coordinates": [ ] } },
{ "type": "Feature", "properties": { "LRR": 0.0, "LR2": 0.0, "Kec": "Kuta Selatan", "Desa": "Jimbaran", "KLRR": "Stabil", "Panjang": 0.0 }, "geometry": { "type": "MultiLineString", "coordinates": [ ] } },
{ "type": "Feature", "properties": { "LRR": 0.0, "LR2": 0.0, "Kec": "Kuta Selatan", "Desa": "Jimbaran", "KLRR": "Stabil", "Panjang": 0.0 }, "geometry": { "type": "MultiLineString", "coordinates": [ ] } },
{ "type": "Feature", "properties": { "LRR": 0.0, "LR2": 0.0, "Kec": "Kuta Selatan", "Desa": "Jimbaran", "KLRR": "Stabil", "Panjang": 0.0 }, "geometry": { "type": "MultiLineString", "coordinates": [ ] } },
{ "type": "Feature", "properties": { "LRR": 0.0, "LR2": 0.0, "Kec": "Kuta Selatan", "Desa": "Jimbaran", "KLRR": "Stabil", "Panjang": 0.0 }, "geometry": { "type": "MultiLineString", "coordinates": [ ] } },
{ "type": "Feature", "properties": { "LRR": 0.0, "LR2": 0.0, "Kec": "Kuta Selatan", "Desa": "Jimbaran", "KLRR": "Stabil", "Panjang": 0.0 }, "geometry": { "type": "MultiLineString", "coordinates": [ ] } },
{ "type": "Feature", "properties": { "LRR": 0.0, "LR2": 0.0, "Kec": "Kuta Selatan", "Desa": "Jimbaran", "KLRR": "Stabil", "Panjang": 0.0 }, "geometry": { "type": "MultiLineString", "coordinates": [ ] } },
{ "type": "Feature", "properties": { "LRR": 0.0, "LR2": 0.0, "Kec": "Kuta Selatan", "Desa": "Jimbaran", "KLRR": "Stabil", "Panjang": 0.0 }, "geometry": { "type": "MultiLineString", "coordinates": [ ] } },
{ "type": "Feature", "properties": { "LRR": 0.0, "LR2": 0.0, "Kec": "Kuta Selatan", "Desa": "Jimbaran", "KLRR": "Stabil", "Panjang": 0.0 }, "geometry": { "type": "MultiLineString", "coordinates": [ [ [ 115.139244394531858, -8.783641808449417 ], [ 115.139244394531858, -8.783641808449417 ] ] ] } },
{ "type": "Feature", "properties": { "LRR": 0.0, "LR2": 0.0, "Kec": "Kuta Selatan", "Desa": "Jimbaran", "KLRR": "Stabil", "Panjang": 0.0 }, "geometry": { "type": "MultiLineString", "coordinates": [ ] } },
{ "type": "Feature", "properties": { "LRR": 0.0, "LR2": 0.0, "Kec": "Kuta Selatan", "Desa": "Jimbaran", "KLRR": "Stabil", "Panjang": 0.0 }, "geometry": { "type": "MultiLineString", "coordinates": [ ] } },
{ "type": "Feature", "properties": { "LRR": 0.0, "LR2": 0.0, "Kec": "Kuta Selatan", "Desa": "Jimbaran", "KLRR": "Stabil", "Panjang": 0.0 }, "geometry": { "type": "MultiLineString", "coordinates": [ ] } },
{ "type": "Feature", "properties": { "LRR": 0.0, "LR2": 0.0, "Kec": "Kuta Selatan", "Desa": "Jimbaran", "KLRR": "Stabil", "Panjang": 0.0 }, "geometry": { "type": "MultiLineString", "coordinates": [ ] } },
{ "type": "Feature", "properties": { "LRR": 0.0, "LR2": 0.0, "Kec": "Kuta Selatan", "Desa": "Jimbaran", "KLRR": "Stabil", "Panjang": 0.0 }, "geometry": { "type": "MultiLineString", "coordinates": [ ] } },
{ "type": "Feature", "properties": { "LRR": 0.0, "LR2": 0.0, "Kec": "Kuta Selatan", "Desa": "Jimbaran", "KLRR": "Stabil", "Panjang": 0.0 }, "geometry": { "type": "MultiLineString", "coordinates": [ ] } },
{ "type": "Feature", "properties": { "LRR": 0.0, "LR2": 0.0, "Kec": "Kuta Selatan", "Desa": "Jimbaran", "KLRR": "Stabil", "Panjang": 0.0 }, "geometry": { "type": "MultiLineString", "coordinates": [ ] } },
{ "type": "Feature", "properties": { "LRR": 0.0, "LR2": 0.0, "Kec": "Kuta Selatan", "Desa": "Jimbaran", "KLRR": "Stabil", "Panjang": 0.0 }, "geometry": { "type": "MultiLineString", "coordinates": [ ] } },
{ "type": "Feature", "properties": { "LRR": 0.0, "LR2": 0.0, "Kec": "Kuta Selatan", "Desa": "Pecatu", "KLRR": "Stabil", "Panjang": 0.0 }, "geometry": { "type": "MultiLineString", "coordinates": [ ] } },
{ "type": "Feature", "properties": { "LRR": 0.0, "LR2": 0.0, "Kec": "Kuta Selatan", "Desa": "Pecatu", "KLRR": "Stabil", "Panjang": 0.0 }, "geometry": { "type": "MultiLineString", "coordinates": [ ] } },
{ "type": "Feature", "properties": { "LRR": 0.0, "LR2": 0.0, "Kec": "Kuta Selatan", "Desa": "Pecatu", "KLRR": "Stabil", "Panjang": 0.0 }, "geometry": { "type": "MultiLineString", "coordinates": [ ] } },
{ "type": "Feature", "properties": { "LRR": 0.0, "LR2": 0.0, "Kec": "Kuta Selatan", "Desa": "Pecatu", "KLRR": "Stabil", "Panjang": 0.0 }, "geometry": { "type": "MultiLineString", "coordinates": [ ] } },
{ "type": "Feature", "properties": { "LRR": 0.0, "LR2": 0.0, "Kec": "Kuta Selatan", "Desa": "Pecatu", "KLRR": "Stabil", "Panjang": 0.0 }, "geometry": { "type": "MultiLineString", "coordinates": [ ] } },
{ "type": "Feature", "properties": { "LRR": 0.0, "LR2": 0.0, "Kec": "Kuta Selatan", "Desa": "Pecatu", "KLRR": "Stabil", "Panjang": 0.0 }, "geometry": { "type": "MultiLineString", "coordinates": [ [ [ 115.086754264129041, -8.819305354749712 ], [ 115.086754264129041, -8.819305354749712 ] ] ] } },
{ "type": "Feature", "properties": { "LRR": 0.0, "LR2": 0.0, "Kec": "Kuta Selatan", "Desa": "Pecatu", "KLRR": "Stabil", "Panjang": 0.0 }, "geometry": { "type": "MultiLineString", "coordinates": [ ] } },
{ "type": "Feature", "properties": { "LRR": 0.0, "LR2": 0.0, "Kec": "Kuta Selatan", "Desa": "Pecatu", "KLRR": "Stabil", "Panjang": 0.0 }, "geometry": { "type": "MultiLineString", "coordinates": [ ] } },
{ "type": "Feature", "properties": { "LRR": 0.0, "LR2": 0.0, "Kec": "Kuta Selatan", "Desa": "Pecatu", "KLRR": "Stabil", "Panjang": 0.0 }, "geometry": { "type": "MultiLineString", "coordinates": [ [ [ 115.086343418892113, -8.82007388074579 ], [ 115.086343418892113, -8.82007388074579 ] ] ] } },
{ "type": "Feature", "properties": { "LRR": 0.0, "LR2": 0.0, "Kec": "Kuta Selatan", "Desa": "Pecatu", "KLRR": "Stabil", "Panjang": 0.0 }, "geometry": { "type": "MultiLineString", "coordinates": [ ] } },
{ "type": "Feature", "properties": { "LRR": 0.0, "LR2": 0.0, "Kec": "Kuta Selatan", "Desa": "Pecatu", "KLRR": "Stabil", "Panjang": 0.0 }, "geometry": { "type": "MultiLineString", "coordinates": [ ] } },
{ "type": "Feature", "properties": { "LRR": 0.17, "LR2": 0.16, "Kec": "Kuta Selatan", "Desa": "Pecatu", "KLRR": "Akresi", "Panjang": 3.4950232420599998 }, "geometry": { "type": "MultiLineString", "coordinates": [ [ [ 115.116722242041035, -8.802157448397036 ], [ 115.116693188239566, -8.802144677923545 ] ] ] } },
{ "type": "Feature", "properties": { "LRR": 0.13, "LR2": 0.16, "Kec": "Kuta Selatan", "Desa": "Pecatu", "KLRR": "Akresi", "Panjang": 2.63032001884 }, "geometry": { "type": "MultiLineString", "coordinates": [ [ [ 115.116660438402661, -8.802364350885025 ], [ 115.116638800915297, -8.802354241982311 ] ] ] } },
{ "type": "Feature", "properties": { "LRR": 0.04, "LR2": 0.16, "Kec": "Kuta Selatan", "Desa": "Pecatu", "KLRR": "Akresi", "Panjang": 0.86451064193000005 }, "geometry": { "type": "MultiLineString", "coordinates": [ [ [ 115.11660390524807, -8.802553609172689 ], [ 115.116596903278946, -8.802550063698284 ] ] ] } },
{ "type": "Feature", "properties": { "LRR": 0.0, "LR2": 0.0, "Kec": "Kuta Selatan", "Desa": "Pecatu", "KLRR": "Stabil", "Panjang": 0.0 }, "geometry": { "type": "MultiLineString", "coordinates": [ ] } },
{ "type": "Feature", "properties": { "LRR": 0.0, "LR2": 0.0, "Kec": "Kuta Selatan", "Desa": "Pecatu", "KLRR": "Stabil", "Panjang": 0.0 }, "geometry": { "type": "MultiLineString", "coordinates": [ ] } },
{ "type": "Feature", "properties": { "LRR": -0.04, "LR2": 0.09, "Kec": "Kuta Selatan", "Desa": "Pecatu", "KLRR": "Abrasi", "Panjang": 1.1563377798600001 }, "geometry": { "type": "MultiLineString", "coordinates": [ [ [ 115.116417626977622, -8.80311261067785 ], [ 115.116408789824533, -8.803106953191101 ] ] ] } },
{ "type": "Feature", "properties": { "LRR": -0.67, "LR2": 0.35, "Kec": "Kuta Selatan", "Desa": "Pecatu", "KLRR": "Abrasi", "Panjang": 7.7758878606300001 }, "geometry": { "type": "MultiLineString", "coordinates": [ [ [ 115.11632018980346, -8.803294551016092 ], [ 115.116261898565099, -8.803254807342054 ] ] ] } },
{ "type": "Feature", "properties": { "LRR": -1.13, "LR2": 0.37, "Kec": "Kuta Selatan", "Desa": "Pecatu", "KLRR": "Abrasi", "Panjang": 11.767426819700001 }, "geometry": { "type": "MultiLineString", "coordinates": [ [ [ 115.116201187380852, -8.80346554738972 ], [ 115.116114697505836, -8.803402974468508 ] ] ] } },
{ "type": "Feature", "properties": { "LRR": -1.27, "LR2": 0.38, "Kec": "Kuta Selatan", "Desa": "Pecatu", "KLRR": "Abrasi", "Panjang": 12.5698107416 }, "geometry": { "type": "MultiLineString", "coordinates": [ [ [ 115.116067519886514, -8.803611007712536 ], [ 115.115977400489655, -8.803541171530853 ] ] ] } },
{ "type": "Feature", "properties": { "LRR": -1.2, "LR2": 0.38, "Kec": "Kuta Selatan", "Desa": "Pecatu", "KLRR": "Abrasi", "Panjang": 12.0035624665 }, "geometry": { "type": "MultiLineString", "coordinates": [ [ [ 115.115947289390263, -8.803719153721449 ], [ 115.115864609206213, -8.803648359409291 ] ] ] } },
{ "type": "Feature", "properties": { "LRR": -1.08, "LR2": 0.38, "Kec": "Kuta Selatan", "Desa": "Pecatu", "KLRR": "Abrasi", "Panjang": 10.7961904753 }, "geometry": { "type": "MultiLineString", "coordinates": [ [ [ 115.115823862688373, -8.803820242933197 ], [ 115.115752764238138, -8.803752979959512 ] ] ] } },
{ "type": "Feature", "properties": { "LRR": -0.99, "LR2": 0.37, "Kec": "Kuta Selatan", "Desa": "Pecatu", "KLRR": "Abrasi", "Panjang": 10.2209869516 }, "geometry": { "type": "MultiLineString", "coordinates": [ [ [ 115.11569741514424, -8.803921825939129 ], [ 115.11563326536573, -8.803854996433625 ] ] ] } },
{ "type": "Feature", "properties": { "LRR": -0.87, "LR2": 0.35, "Kec": "Kuta Selatan", "Desa": "Pecatu", "KLRR": "Abrasi", "Panjang": 9.9793784304299997 }, "geometry": { "type": "MultiLineString", "coordinates": [ [ [ 115.115538778875433, -8.804049269797963 ], [ 115.11547814860549, -8.803982174026341 ] ] ] } },
{ "type": "Feature", "properties": { "LRR": -0.74, "LR2": 0.31, "Kec": "Kuta Selatan", "Desa": "Pecatu", "KLRR": "Abrasi", "Panjang": 9.7283037325200006 }, "geometry": { "type": "MultiLineString", "coordinates": [ [ [ 115.115365693966893, -8.804188320591805 ], [ 115.115308052663337, -8.8041216330303 ] ] ] } },
{ "type": "Feature", "properties": { "LRR": -0.6, "LR2": 0.25, "Kec": "Kuta Selatan", "Desa": "Pecatu", "KLRR": "Abrasi", "Panjang": 9.3686809061999998 }, "geometry": { "type": "MultiLineString", "coordinates": [ [ [ 115.115185721647208, -8.804331687957639 ], [ 115.115131415739583, -8.804266454520778 ] ] ] } },
{ "type": "Feature", "properties": { "LRR": -0.35, "LR2": 0.13, "Kec": "Kuta Selatan", "Desa": "Pecatu", "KLRR": "Abrasi", "Panjang": 7.9958765785599999 }, "geometry": { "type": "MultiLineString", "coordinates": [ [ [ 115.114993574912674, -8.804473135477989 ], [ 115.114948061679499, -8.804416783154428 ] ] ] } },
{ "type": "Feature", "properties": { "LRR": -0.17, "LR2": 0.09, "Kec": "Kuta Selatan", "Desa": "Pecatu", "KLRR": "Abrasi", "Panjang": 4.4429181520199998 }, "geometry": { "type": "MultiLineString", "coordinates": [ [ [ 115.1147834238472, -8.804603802262633 ], [ 115.114758493331237, -8.80457220647971 ] ] ] } },
{ "type": "Feature", "properties": { "LRR": 0.0, "LR2": 0.0, "Kec": "Kuta Selatan", "Desa": "Pecatu", "KLRR": "Stabil", "Panjang": 0.0 }, "geometry": { "type": "MultiLineString", "coordinates": [ ] } },
{ "type": "Feature", "properties": { "LRR": 0.0, "LR2": 0.0, "Kec": "Kuta Selatan", "Desa": "Pecatu", "KLRR": "Stabil", "Panjang": 0.0 }, "geometry": { "type": "MultiLineString", "coordinates": [ ] } },
{ "type": "Feature", "properties": { "LRR": -0.03, "LR2": 0.26, "Kec": "Kuta Selatan", "Desa": "Pecatu", "KLRR": "Abrasi", "Panjang": 0.44562793971999998 }, "geometry": { "type": "MultiLineString", "coordinates": [ [ [ 115.114094093590253, -8.804949561897359 ], [ 115.114091660564426, -8.804946341231361 ] ] ] } },
{ "type": "Feature", "properties": { "LRR": -0.27, "LR2": 0.26, "Kec": "Kuta Selatan", "Desa": "Pecatu", "KLRR": "Abrasi", "Panjang": 4.2147805687400002 }, "geometry": { "type": "MultiLineString", "coordinates": [ [ [ 115.113874974909692, -8.805110079061963 ], [ 115.113851914386544, -8.805079654307148 ] ] ] } },
{ "type": "Feature", "properties": { "LRR": -0.73, "LR2": 0.26, "Kec": "Kuta Selatan", "Desa": "Pecatu", "KLRR": "Abrasi", "Panjang": 11.4873167087 }, "geometry": { "type": "MultiLineString", "coordinates": [ [ [ 115.113666057515502, -8.805300792703482 ], [ 115.113602807812484, -8.805218170962361 ] ] ] } },
{ "type": "Feature", "properties": { "LRR": -0.84, "LR2": 0.26, "Kec": "Kuta Selatan", "Desa": "Pecatu", "KLRR": "Abrasi", "Panjang": 13.2402770281 }, "geometry": { "type": "MultiLineString", "coordinates": [ [ [ 115.113461995370656, -8.805487484920089 ], [ 115.113388906072657, -8.805392397599872 ] ] ] } },
{ "type": "Feature", "properties": { "LRR": -0.88, "LR2": 0.26, "Kec": "Kuta Selatan", "Desa": "Pecatu", "KLRR": "Abrasi", "Panjang": 13.9103496676 }, "geometry": { "type": "MultiLineString", "coordinates": [ [ [ 115.113261778356247, -8.805668979913573 ], [ 115.113185071134566, -8.805569018768219 ] ] ] } },
{ "type": "Feature", "properties": { "LRR": -0.92, "LR2": 0.26, "Kec": "Kuta Selatan", "Desa": "Pecatu", "KLRR": "Abrasi", "Panjang": 14.3997523516 }, "geometry": { "type": "MultiLineString", "coordinates": [ [ [ 115.113064456027516, -8.805845776479511 ], [ 115.112985378569149, -8.805742049800116 ] ] ] } },
{ "type": "Feature", "properties": { "LRR": -0.82, "LR2": 0.26, "Kec": "Kuta Selatan", "Desa": "Pecatu", "KLRR": "Abrasi", "Panjang": 12.8688799659 }, "geometry": { "type": "MultiLineString", "coordinates": [ [ [ 115.112867943054141, -8.806018140800488 ], [ 115.112797719046242, -8.805925106381242 ] ] ] } },
{ "type": "Feature", "properties": { "LRR": -0.65, "LR2": 0.26, "Kec": "Kuta Selatan", "Desa": "Pecatu", "KLRR": "Abrasi", "Panjang": 10.2532800135 }, "geometry": { "type": "MultiLineString", "coordinates": [ [ [ 115.112667620008651, -8.806183335747868 ], [ 115.112612081405146, -8.806108904349808 ] ] ] } },
{ "type": "Feature", "properties": { "LRR": -0.36, "LR2": 0.26, "Kec": "Kuta Selatan", "Desa": "Pecatu", "KLRR": "Abrasi", "Panjang": 5.6337404523499997 }, "geometry": { "type": "MultiLineString", "coordinates": [ [ [ 115.112458055386696, -8.80633244636671 ], [ 115.112427810986887, -8.806291350265731 ] ] ] } },
{ "type": "Feature", "properties": { "LRR": -0.04, "LR2": 0.26, "Kec": "Kuta Selatan", "Desa": "Pecatu", "KLRR": "Abrasi", "Panjang": 0.60163658520999996 }, "geometry": { "type": "MultiLineString", "coordinates": [ [ [ 115.112255069567993, -8.806469952956272 ], [ 115.112251890134473, -8.80646552795838 ] ] ] } },
{ "type": "Feature", "properties": { "LRR": 0.0, "LR2": 0.0, "Kec": "Kuta Selatan", "Desa": "Pecatu", "KLRR": "Stabil", "Panjang": 0.0 }, "geometry": { "type": "MultiLineString", "coordinates": [ ] } },
{ "type": "Feature", "properties": { "LRR": 0.0, "LR2": 0.0, "Kec": "Kuta Selatan", "Desa": "Pecatu", "KLRR": "Stabil", "Panjang": 0.0 }, "geometry": { "type": "MultiLineString", "coordinates": [ [ [ 115.111977828332925, -8.806722170949261 ], [ 115.111977828332925, -8.806722170949261 ] ] ] } },
{ "type": "Feature", "properties": { "LRR": 0.0, "LR2": 0.0, "Kec": "Kuta Selatan", "Desa": "Pecatu", "KLRR": "Stabil", "Panjang": 0.0 }, "geometry": { "type": "MultiLineString", "coordinates": [ ] } },
{ "type": "Feature", "properties": { "LRR": 0.0, "LR2": 0.0, "Kec": "Kuta Selatan", "Desa": "Pecatu", "KLRR": "Stabil", "Panjang": 0.0 }, "geometry": { "type": "MultiLineString", "coordinates": [ ] } },
{ "type": "Feature", "properties": { "LRR": 0.0, "LR2": 0.0, "Kec": "Kuta Selatan", "Desa": "Pecatu", "KLRR": "Stabil", "Panjang": 0.0 }, "geometry": { "type": "MultiLineString", "coordinates": [ ] } },
{ "type": "Feature", "properties": { "LRR": 0.0, "LR2": 0.0, "Kec": "Kuta Selatan", "Desa": "Pecatu", "KLRR": "Stabil", "Panjang": 0.0 }, "geometry": { "type": "MultiLineString", "coordinates": [ ] } },
{ "type": "Feature", "properties": { "LRR": 0.0, "LR2": 0.0, "Kec": "Kuta Selatan", "Desa": "Pecatu", "KLRR": "Stabil", "Panjang": 0.0 }, "geometry": { "type": "MultiLineString", "coordinates": [ [ [ 115.111128742530184, -8.807261810884144 ], [ 115.111128742530184, -8.807261810884144 ] ] ] } },
{ "type": "Feature", "properties": { "LRR": 0.0, "LR2": 0.0, "Kec": "Kuta Selatan", "Desa": "Pecatu", "KLRR": "Stabil", "Panjang": 0.0 }, "geometry": { "type": "MultiLineString", "coordinates": [ ] } },
{ "type": "Feature", "properties": { "LRR": 0.0, "LR2": 0.0, "Kec": "Kuta Selatan", "Desa": "Pecatu", "KLRR": "Stabil", "Panjang": 0.0 }, "geometry": { "type": "MultiLineString", "coordinates": [ ] } },
{ "type": "Feature", "properties": { "LRR": 0.0, "LR2": 0.0, "Kec": "Kuta Selatan", "Desa": "Pecatu", "KLRR": "Stabil", "Panjang": 0.0 }, "geometry": { "type": "MultiLineString", "coordinates": [ ] } },
{ "type": "Feature", "properties": { "LRR": 0.0, "LR2": 0.0, "Kec": "Kuta Selatan", "Desa": "Pecatu", "KLRR": "Stabil", "Panjang": 0.0 }, "geometry": { "type": "MultiLineString", "coordinates": [ [ [ 115.10992404222138, -8.807092387814585 ], [ 115.10992404222138, -8.807092387814585 ] ] ] } },
{ "type": "Feature", "properties": { "LRR": 0.0, "LR2": 0.0, "Kec": "Kuta Selatan", "Desa": "Pecatu", "KLRR": "Stabil", "Panjang": 0.0 }, "geometry": { "type": "MultiLineString", "coordinates": [ ] } },
{ "type": "Feature", "properties": { "LRR": 0.0, "LR2": 0.0, "Kec": "Kuta Selatan", "Desa": "Pecatu", "KLRR": "Stabil", "Panjang": 0.0 }, "geometry": { "type": "MultiLineString", "coordinates": [ ] } },
{ "type": "Feature", "properties": { "LRR": 0.0, "LR2": 0.0, "Kec": "Kuta Selatan", "Desa": "Pecatu", "KLRR": "Stabil", "Panjang": 0.0 }, "geometry": { "type": "MultiLineString", "coordinates": [ ] } },
{ "type": "Feature", "properties": { "LRR": 0.0, "LR2": 0.0, "Kec": "Kuta Selatan", "Desa": "Pecatu", "KLRR": "Stabil", "Panjang": 0.0 }, "geometry": { "type": "MultiLineString", "coordinates": [ [ [ 115.109008516759516, -8.807634632691025 ], [ 115.109008516759516, -8.807634632691025 ] ] ] } },
{ "type": "Feature", "properties": { "LRR": 0.0, "LR2": 0.0, "Kec": "Kuta Selatan", "Desa": "Pecatu", "KLRR": "Stabil", "Panjang": 0.0 }, "geometry": { "type": "MultiLineString", "coordinates": [ ] } },
{ "type": "Feature", "properties": { "LRR": 0.0, "LR2": 0.0, "Kec": "Kuta Selatan", "Desa": "Pecatu", "KLRR": "Stabil", "Panjang": 0.0 }, "geometry": { "type": "MultiLineString", "coordinates": [ ] } },
{ "type": "Feature", "properties": { "LRR": 0.0, "LR2": 0.0, "Kec": "Kuta Selatan", "Desa": "Pecatu", "KLRR": "Stabil", "Panjang": 0.0 }, "geometry": { "type": "MultiLineString", "coordinates": [ ] } },
{ "type": "Feature", "properties": { "LRR": 0.0, "LR2": 0.0, "Kec": "Kuta Selatan", "Desa": "Pecatu", "KLRR": "Stabil", "Panjang": 0.0 }, "geometry": { "type": "MultiLineString", "coordinates": [ [ [ 115.107955465657454, -8.808411395470877 ], [ 115.107955465657454, -8.808411395470877 ] ] ] } },
{ "type": "Feature", "properties": { "LRR": 0.0, "LR2": 0.0, "Kec": "Kuta Selatan", "Desa": "Pecatu", "KLRR": "Stabil", "Panjang": 0.0 }, "geometry": { "type": "MultiLineString", "coordinates": [ ] } },
{ "type": "Feature", "properties": { "LRR": 0.0, "LR2": 0.0, "Kec": "Kuta Selatan", "Desa": "Pecatu", "KLRR": "Stabil", "Panjang": 0.0 }, "geometry": { "type": "MultiLineString", "coordinates": [ [ [ 115.107384688076976, -8.808829740072847 ], [ 115.107384688076976, -8.808829740072847 ] ] ] } },
{ "type": "Feature", "properties": { "LRR": 0.0, "LR2": 0.0, "Kec": "Kuta Selatan", "Desa": "Pecatu", "KLRR": "Stabil", "Panjang": 0.0 }, "geometry": { "type": "MultiLineString", "coordinates": [ ] } },
{ "type": "Feature", "properties": { "LRR": 0.0, "LR2": 0.0, "Kec": "Kuta Selatan", "Desa": "Pecatu", "KLRR": "Stabil", "Panjang": 0.0 }, "geometry": { "type": "MultiLineString", "coordinates": [ ] } },
{ "type": "Feature", "properties": { "LRR": 0.0, "LR2": 0.0, "Kec": "Kuta Selatan", "Desa": "Pecatu", "KLRR": "Stabil", "Panjang": 0.0 }, "geometry": { "type": "MultiLineString", "coordinates": [ [ [ 115.106719236544365, -8.809266137004915 ], [ 115.106719236544365, -8.809266137004915 ] ] ] } },
{ "type": "Feature", "properties": { "LRR": 0.0, "LR2": 0.0, "Kec": "Kuta Selatan", "Desa": "Pecatu", "KLRR": "Stabil", "Panjang": 0.0 }, "geometry": { "type": "MultiLineString", "coordinates": [ ] } },
{ "type": "Feature", "properties": { "LRR": 0.0, "LR2": 0.0, "Kec": "Kuta Selatan", "Desa": "Pecatu", "KLRR": "Stabil", "Panjang": 0.0 }, "geometry": { "type": "MultiLineString", "coordinates": [ ] } },
{ "type": "Feature", "properties": { "LRR": 0.0, "LR2": 0.0, "Kec": "Kuta Selatan", "Desa": "Pecatu", "KLRR": "Stabil", "Panjang": 0.0 }, "geometry": { "type": "MultiLineString", "coordinates": [ ] } },
{ "type": "Feature", "properties": { "LRR": 0.0, "LR2": 0.0, "Kec": "Kuta Selatan", "Desa": "Pecatu", "KLRR": "Stabil", "Panjang": 0.0 }, "geometry": { "type": "MultiLineString", "coordinates": [ [ [ 115.105827510918203, -8.809873778302627 ], [ 115.105827510918203, -8.809873778302627 ] ] ] } },
{ "type": "Feature", "properties": { "LRR": 0.0, "LR2": 0.0, "Kec": "Kuta Selatan", "Desa": "Pecatu", "KLRR": "Stabil", "Panjang": 0.0 }, "geometry": { "type": "MultiLineString", "coordinates": [ ] } },
{ "type": "Feature", "properties": { "LRR": 0.0, "LR2": 0.0, "Kec": "Kuta Selatan", "Desa": "Pecatu", "KLRR": "Stabil", "Panjang": 0.0 }, "geometry": { "type": "MultiLineString", "coordinates": [ ] } },
{ "type": "Feature", "properties": { "LRR": 0.0, "LR2": 0.0, "Kec": "Kuta Selatan", "Desa": "Pecatu", "KLRR": "Stabil", "Panjang": 0.0 }, "geometry": { "type": "MultiLineString", "coordinates": [ ] } },
{ "type": "Feature", "properties": { "LRR": 0.0, "LR2": 0.0, "Kec": "Kuta Selatan", "Desa": "Pecatu", "KLRR": "Stabil", "Panjang": 0.0 }, "geometry": { "type": "MultiLineString", "coordinates": [ ] } },
{ "type": "Feature", "properties": { "LRR": 0.0, "LR2": 0.0, "Kec": "Kuta Selatan", "Desa": "Pecatu", "KLRR": "Stabil", "Panjang": 0.0 }, "geometry": { "type": "MultiLineString", "coordinates": [ ] } },
{ "type": "Feature", "properties": { "LRR": 0.0, "LR2": 0.0, "Kec": "Kuta Selatan", "Desa": "Pecatu", "KLRR": "Stabil", "Panjang": 0.0 }, "geometry": { "type": "MultiLineString", "coordinates": [ ] } },
{ "type": "Feature", "properties": { "LRR": 0.0, "LR2": 0.0, "Kec": "Kuta Selatan", "Desa": "Pecatu", "KLRR": "Stabil", "Panjang": 0.0 }, "geometry": { "type": "MultiLineString", "coordinates": [ ] } },
{ "type": "Feature", "properties": { "LRR": 0.0, "LR2": 0.0, "Kec": "Kuta Selatan", "Desa": "Pecatu", "KLRR": "Stabil", "Panjang": 0.0 }, "geometry": { "type": "MultiLineString", "coordinates": [ ] } },
{ "type": "Feature", "properties": { "LRR": 0.0, "LR2": 0.0, "Kec": "Kuta Selatan", "Desa": "Pecatu", "KLRR": "Stabil", "Panjang": 0.0 }, "geometry": { "type": "MultiLineString", "coordinates": [ ] } },
{ "type": "Feature", "properties": { "LRR": 0.0, "LR2": 0.0, "Kec": "Kuta Selatan", "Desa": "Pecatu", "KLRR": "Stabil", "Panjang": 0.0 }, "geometry": { "type": "MultiLineString", "coordinates": [ ] } },
{ "type": "Feature", "properties": { "LRR": 0.0, "LR2": 0.0, "Kec": "Kuta Selatan", "Desa": "Pecatu", "KLRR": "Stabil", "Panjang": 0.0 }, "geometry": { "type": "MultiLineString", "coordinates": [ ] } },
{ "type": "Feature", "properties": { "LRR": 0.0, "LR2": 0.0, "Kec": "Kuta Selatan", "Desa": "Pecatu", "KLRR": "Stabil", "Panjang": 0.0 }, "geometry": { "type": "MultiLineString", "coordinates": [ ] } },
{ "type": "Feature", "properties": { "LRR": 0.0, "LR2": 0.0, "Kec": "Kuta Selatan", "Desa": "Pecatu", "KLRR": "Stabil", "Panjang": 0.0 }, "geometry": { "type": "MultiLineString", "coordinates": [ ] } },
{ "type": "Feature", "properties": { "LRR": 0.0, "LR2": 0.0, "Kec": "Kuta Selatan", "Desa": "Pecatu", "KLRR": "Stabil", "Panjang": 0.0 }, "geometry": { "type": "MultiLineString", "coordinates": [ ] } },
{ "type": "Feature", "properties": { "LRR": 0.0, "LR2": 0.0, "Kec": "Kuta Selatan", "Desa": "Pecatu", "KLRR": "Stabil", "Panjang": 0.0 }, "geometry": { "type": "MultiLineString", "coordinates": [ ] } },
{ "type": "Feature", "properties": { "LRR": 0.0, "LR2": 0.0, "Kec": "Kuta Selatan", "Desa": "Pecatu", "KLRR": "Stabil", "Panjang": 0.0 }, "geometry": { "type": "MultiLineString", "coordinates": [ ] } },
{ "type": "Feature", "properties": { "LRR": 0.0, "LR2": 0.0, "Kec": "Kuta Selatan", "Desa": "Pecatu", "KLRR": "Stabil", "Panjang": 0.0 }, "geometry": { "type": "MultiLineString", "coordinates": [ ] } },
{ "type": "Feature", "properties": { "LRR": 0.0, "LR2": 0.0, "Kec": "Kuta Selatan", "Desa": "Pecatu", "KLRR": "Stabil", "Panjang": 0.0 }, "geometry": { "type": "MultiLineString", "coordinates": [ ] } },
{ "type": "Feature", "properties": { "LRR": 0.0, "LR2": 0.0, "Kec": "Kuta Selatan", "Desa": "Pecatu", "KLRR": "Stabil", "Panjang": 0.0 }, "geometry": { "type": "MultiLineString", "coordinates": [ ] } },
{ "type": "Feature", "properties": { "LRR": 0.0, "LR2": 0.0, "Kec": "Kuta Selatan", "Desa": "Pecatu", "KLRR": "Stabil", "Panjang": 0.0 }, "geometry": { "type": "MultiLineString", "coordinates": [ ] } },
{ "type": "Feature", "properties": { "LRR": 0.0, "LR2": 0.0, "Kec": "Kuta Selatan", "Desa": "Pecatu", "KLRR": "Stabil", "Panjang": 0.0 }, "geometry": { "type": "MultiLineString", "coordinates": [ ] } },
{ "type": "Feature", "properties": { "LRR": 0.0, "LR2": 0.0, "Kec": "Kuta Selatan", "Desa": "Pecatu", "KLRR": "Stabil", "Panjang": 0.0 }, "geometry": { "type": "MultiLineString", "coordinates": [ ] } },
{ "type": "Feature", "properties": { "LRR": 0.0, "LR2": 0.0, "Kec": "Kuta Selatan", "Desa": "Pecatu", "KLRR": "Stabil", "Panjang": 0.0 }, "geometry": { "type": "MultiLineString", "coordinates": [ [ [ 115.100973135502642, -8.810584219663331 ], [ 115.100973135502642, -8.810584219663331 ] ] ] } },
{ "type": "Feature", "properties": { "LRR": 0.0, "LR2": 0.0, "Kec": "Kuta Selatan", "Desa": "Pecatu", "KLRR": "Stabil", "Panjang": 0.0 }, "geometry": { "type": "MultiLineString", "coordinates": [ ] } },
{ "type": "Feature", "properties": { "LRR": 0.0, "LR2": 0.0, "Kec": "Kuta Selatan", "Desa": "Pecatu", "KLRR": "Stabil", "Panjang": 0.0 }, "geometry": { "type": "MultiLineString", "coordinates": [ ] } },
{ "type": "Feature", "properties": { "LRR": -0.03, "LR2": 0.16, "Kec": "Kuta Selatan", "Desa": "Pecatu", "KLRR": "Abrasi", "Panjang": 0.56124664814000003 }, "geometry": { "type": "MultiLineString", "coordinates": [ [ [ 115.099860731098602, -8.81081332465056 ], [ 115.099859066948454, -8.8108085284375 ] ] ] } },
{ "type": "Feature", "properties": { "LRR": -0.17, "LR2": 0.43, "Kec": "Kuta Selatan", "Desa": "Pecatu", "KLRR": "Abrasi", "Panjang": 1.8510672719100001 }, "geometry": { "type": "MultiLineString", "coordinates": [ [ [ 115.09955452739483, -8.811136963856349 ], [ 115.09954809718549, -8.811121500273693 ] ] ] } },
{ "type": "Feature", "properties": { "LRR": 0.01, "LR2": 0.16, "Kec": "Kuta Selatan", "Desa": "Pecatu", "KLRR": "Akresi", "Panjang": 0.27915537037 }, "geometry": { "type": "MultiLineString", "coordinates": [ [ [ 115.099242467483094, -8.8114267963161 ], [ 115.099241357552458, -8.811424526985615 ] ] ] } },
{ "type": "Feature", "properties": { "LRR": 0.03, "LR2": 0.16, "Kec": "Kuta Selatan", "Desa": "Pecatu", "KLRR": "Akresi", "Panjang": 0.70000357143000003 }, "geometry": { "type": "MultiLineString", "coordinates": [ [ [ 115.098934293707103, -8.811707315656593 ], [ 115.098931175441166, -8.811701799702853 ] ] ] } },
{ "type": "Feature", "properties": { "LRR": 0.06, "LR2": 0.16, "Kec": "Kuta Selatan", "Desa": "Pecatu", "KLRR": "Akresi", "Panjang": 1.1319198942799999 }, "geometry": { "type": "MultiLineString", "coordinates": [ [ [ 115.098639611538687, -8.811975553702453 ], [ 115.098634096222227, -8.811966915722147 ] ] ] } },
{ "type": "Feature", "properties": { "LRR": 0.07, "LR2": 0.16, "Kec": "Kuta Selatan", "Desa": "Pecatu", "KLRR": "Akresi", "Panjang": 1.5125680018100001 }, "geometry": { "type": "MultiLineString", "coordinates": [ [ [ 115.098378997011039, -8.812212780732805 ], [ 115.098371229436907, -8.812201498788951 ] ] ] } },
{ "type": "Feature", "properties": { "LRR": -0.05, "LR2": 0.16, "Kec": "Kuta Selatan", "Desa": "Pecatu", "KLRR": "Abrasi", "Panjang": 1.0632054372599999 }, "geometry": { "type": "MultiLineString", "coordinates": [ [ [ 115.098107622408662, -8.812434681112656 ], [ 115.09810188891133, -8.812426944253762 ] ] ] } },
{ "type": "Feature", "properties": { "LRR": -0.15, "LR2": 0.16, "Kec": "Kuta Selatan", "Desa": "Pecatu", "KLRR": "Abrasi", "Panjang": 2.9624641386300001 }, "geometry": { "type": "MultiLineString", "coordinates": [ [ [ 115.097880010473162, -8.812630713929451 ], [ 115.097863768458438, -8.812609354243961 ] ] ] } },
{ "type": "Feature", "properties": { "LRR": -0.16, "LR2": 0.16, "Kec": "Kuta Selatan", "Desa": "Pecatu", "KLRR": "Abrasi", "Panjang": 3.3261795943800001 }, "geometry": { "type": "MultiLineString", "coordinates": [ [ [ 115.097703154033667, -8.812770329206534 ], [ 115.097685419534955, -8.812745977724493 ] ] ] } },
{ "type": "Feature", "properties": { "LRR": -0.16, "LR2": 0.16, "Kec": "Kuta Selatan", "Desa": "Pecatu", "KLRR": "Abrasi", "Panjang": 3.3233959028000002 }, "geometry": { "type": "MultiLineString", "coordinates": [ [ [ 115.097524142157283, -8.812895457072221 ], [ 115.097507006784639, -8.812870715358644 ] ] ] } },
{ "type": "Feature", "properties": { "LRR": -0.18, "LR2": 0.16, "Kec": "Kuta Selatan", "Desa": "Pecatu", "KLRR": "Abrasi", "Panjang": 3.6440611308 }, "geometry": { "type": "MultiLineString", "coordinates": [ [ [ 115.097348902879389, -8.813010453368943 ], [ 115.097330874368794, -8.812982818720458 ] ] ] } },
{ "type": "Feature", "properties": { "LRR": -0.18, "LR2": 0.16, "Kec": "Kuta Selatan", "Desa": "Pecatu", "KLRR": "Abrasi", "Panjang": 3.6377290949400001 }, "geometry": { "type": "MultiLineString", "coordinates": [ [ [ 115.097176641479422, -8.813120013279713 ], [ 115.0971594842879, -8.813091902087249 ] ] ] } },
{ "type": "Feature", "properties": { "LRR": -0.17, "LR2": 0.16, "Kec": "Kuta Selatan", "Desa": "Pecatu", "KLRR": "Abrasi", "Panjang": 3.4159557729099999 }, "geometry": { "type": "MultiLineString", "coordinates": [ [ [ 115.097008848082169, -8.813225283446041 ], [ 115.09699361151749, -8.813198377113338 ] ] ] } },
{ "type": "Feature", "properties": { "LRR": -0.15, "LR2": 0.16, "Kec": "Kuta Selatan", "Desa": "Pecatu", "KLRR": "Abrasi", "Panjang": 2.9871439291200002 }, "geometry": { "type": "MultiLineString", "coordinates": [ [ [ 115.096842789727276, -8.813329465703939 ], [ 115.096830266489007, -8.813305505810797 ] ] ] } },
{ "type": "Feature", "properties": { "LRR": -0.11, "LR2": 0.16, "Kec": "Kuta Selatan", "Desa": "Pecatu", "KLRR": "Abrasi", "Panjang": 2.23272831359 }, "geometry": { "type": "MultiLineString", "coordinates": [ [ [ 115.096673190005404, -8.813432476378523 ], [ 115.096664418155726, -8.813414275226531 ] ] ] } },
{ "type": "Feature", "properties": { "LRR": -0.05, "LR2": 0.16, "Kec": "Kuta Selatan", "Desa": "Pecatu", "KLRR": "Abrasi", "Panjang": 1.1122000406600001 }, "geometry": { "type": "MultiLineString", "coordinates": [ [ [ 115.096504211912944, -8.813531215807757 ], [ 115.096500152824163, -8.813522007497193 ] ] ] } },
{ "type": "Feature", "properties": { "LRR": -0.04, "LR2": 0.16, "Kec": "Kuta Selatan", "Desa": "Pecatu", "KLRR": "Abrasi", "Panjang": 0.74222567987 }, "geometry": { "type": "MultiLineString", "coordinates": [ [ [ 115.096333599967593, -8.813617991851894 ], [ 115.096331114361789, -8.813611754047189 ] ] ] } },
{ "type": "Feature", "properties": { "LRR": -0.12, "LR2": 0.16, "Kec": "Kuta Selatan", "Desa": "Pecatu", "KLRR": "Abrasi", "Panjang": 2.4178210361399999 }, "geometry": { "type": "MultiLineString", "coordinates": [ [ [ 115.096157951907102, -8.813684543343575 ], [ 115.096150619300616, -8.813663938403186 ] ] ] } },
{ "type": "Feature", "properties": { "LRR": -0.1, "LR2": 0.16, "Kec": "Kuta Selatan", "Desa": "Pecatu", "KLRR": "Abrasi", "Panjang": 2.02481743357 }, "geometry": { "type": "MultiLineString", "coordinates": [ [ [ 115.095981752664528, -8.813731820549064 ], [ 115.095976305424728, -8.813714335957654 ] ] ] } },
{ "type": "Feature", "properties": { "LRR": -0.04, "LR2": 0.16, "Kec": "Kuta Selatan", "Desa": "Pecatu", "KLRR": "Abrasi", "Panjang": 0.86822227469000002 }, "geometry": { "type": "MultiLineString", "coordinates": [ [ [ 115.095810689424937, -8.8137703897681 ], [ 115.095808677905666, -8.813762800113668 ] ] ] } },
{ "type": "Feature", "properties": { "LRR": 0.0, "LR2": 0.0, "Kec": "Kuta Selatan", "Desa": "Pecatu", "KLRR": "Stabil", "Panjang": 0.0 }, "geometry": { "type": "MultiLineString", "coordinates": [ ] } },
{ "type": "Feature", "properties": { "LRR": 0.0, "LR2": 0.0, "Kec": "Kuta Selatan", "Desa": "Pecatu", "KLRR": "Stabil", "Panjang": 0.0 }, "geometry": { "type": "MultiLineString", "coordinates": [ [ [ 115.095475435153602, -8.813829711631262 ], [ 115.095475435153602, -8.813829711631262 ] ] ] } },
{ "type": "Feature", "properties": { "LRR": 0.0, "LR2": 0.0, "Kec": "Kuta Selatan", "Desa": "Pecatu", "KLRR": "Stabil", "Panjang": 0.0 }, "geometry": { "type": "MultiLineString", "coordinates": [ ] } },
{ "type": "Feature", "properties": { "LRR": 0.0, "LR2": 0.0, "Kec": "Kuta Selatan", "Desa": "Pecatu", "KLRR": "Stabil", "Panjang": 0.0 }, "geometry": { "type": "MultiLineString", "coordinates": [ [ [ 115.095131025088193, -8.813892914808745 ], [ 115.095131025088193, -8.813892914808745 ] ] ] } },
{ "type": "Feature", "properties": { "LRR": 0.0, "LR2": 0.0, "Kec": "Kuta Selatan", "Desa": "Pecatu", "KLRR": "Stabil", "Panjang": 0.0 }, "geometry": { "type": "MultiLineString", "coordinates": [ [ [ 115.094908559329028, -8.813923685143942 ], [ 115.094908559329028, -8.813923685143942 ] ] ] } },
{ "type": "Feature", "properties": { "LRR": 0.0, "LR2": 0.0, "Kec": "Kuta Selatan", "Desa": "Pecatu", "KLRR": "Stabil", "Panjang": 0.0 }, "geometry": { "type": "MultiLineString", "coordinates": [ [ [ 115.094668331606002, -8.813921487217415 ], [ 115.094668331606002, -8.813921487217415 ] ] ] } },
{ "type": "Feature", "properties": { "LRR": 0.0, "LR2": 0.0, "Kec": "Kuta Selatan", "Desa": "Pecatu", "KLRR": "Stabil", "Panjang": 0.0 }, "geometry": { "type": "MultiLineString", "coordinates": [ ] } },
{ "type": "Feature", "properties": { "LRR": 0.0, "LR2": 0.0, "Kec": "Kuta Selatan", "Desa": "Pecatu", "KLRR": "Stabil", "Panjang": 0.0 }, "geometry": { "type": "MultiLineString", "coordinates": [ [ [ 115.094195184270006, -8.813835909191152 ], [ 115.094195184270006, -8.813835909191152 ] ] ] } },
{ "type": "Feature", "properties": { "LRR": 0.0, "LR2": 0.0, "Kec": "Kuta Selatan", "Desa": "Pecatu", "KLRR": "Stabil", "Panjang": 0.0 }, "geometry": { "type": "MultiLineString", "coordinates": [ ] } },
{ "type": "Feature", "properties": { "LRR": 0.0, "LR2": 0.0, "Kec": "Kuta Selatan", "Desa": "Pecatu", "KLRR": "Stabil", "Panjang": 0.0 }, "geometry": { "type": "MultiLineString", "coordinates": [ ] } },
{ "type": "Feature", "properties": { "LRR": 0.0, "LR2": 0.0, "Kec": "Kuta Selatan", "Desa": "Pecatu", "KLRR": "Stabil", "Panjang": 0.0 }, "geometry": { "type": "MultiLineString", "coordinates": [ ] } },
{ "type": "Feature", "properties": { "LRR": 0.0, "LR2": 0.0, "Kec": "Kuta Selatan", "Desa": "Pecatu", "KLRR": "Stabil", "Panjang": 0.0 }, "geometry": { "type": "MultiLineString", "coordinates": [ ] } },
{ "type": "Feature", "properties": { "LRR": 0.0, "LR2": 0.0, "Kec": "Kuta Selatan", "Desa": "Pecatu", "KLRR": "Stabil", "Panjang": 0.0 }, "geometry": { "type": "MultiLineString", "coordinates": [ ] } },
{ "type": "Feature", "properties": { "LRR": 0.0, "LR2": 0.0, "Kec": "Kuta Selatan", "Desa": "Pecatu", "KLRR": "Stabil", "Panjang": 0.0 }, "geometry": { "type": "MultiLineString", "coordinates": [ ] } },
{ "type": "Feature", "properties": { "LRR": 0.0, "LR2": 0.0, "Kec": "Kuta Selatan", "Desa": "Pecatu", "KLRR": "Stabil", "Panjang": 0.0 }, "geometry": { "type": "MultiLineString", "coordinates": [ ] } },
{ "type": "Feature", "properties": { "LRR": 0.0, "LR2": 0.0, "Kec": "Kuta Selatan", "Desa": "Pecatu", "KLRR": "Stabil", "Panjang": 0.0 }, "geometry": { "type": "MultiLineString", "coordinates": [ [ [ 115.091584688520769, -8.813672354021822 ], [ 115.091584688520769, -8.813672354021822 ] ] ] } },
{ "type": "Feature", "properties": { "LRR": 0.0, "LR2": 0.0, "Kec": "Kuta Selatan", "Desa": "Pecatu", "KLRR": "Stabil", "Panjang": 0.0 }, "geometry": { "type": "MultiLineString", "coordinates": [ ] } },
{ "type": "Feature", "properties": { "LRR": 0.0, "LR2": 0.0, "Kec": "Kuta Selatan", "Desa": "Pecatu", "KLRR": "Stabil", "Panjang": 0.0 }, "geometry": { "type": "MultiLineString", "coordinates": [ ] } },
{ "type": "Feature", "properties": { "LRR": 0.0, "LR2": 0.0, "Kec": "Kuta Selatan", "Desa": "Pecatu", "KLRR": "Stabil", "Panjang": 0.0 }, "geometry": { "type": "MultiLineString", "coordinates": [ ] } },
{ "type": "Feature", "properties": { "LRR": 0.0, "LR2": 0.0, "Kec": "Kuta Selatan", "Desa": "Pecatu", "KLRR": "Stabil", "Panjang": 0.0 }, "geometry": { "type": "MultiLineString", "coordinates": [ ] } },
{ "type": "Feature", "properties": { "LRR": 0.0, "LR2": 0.0, "Kec": "Kuta Selatan", "Desa": "Pecatu", "KLRR": "Stabil", "Panjang": 0.0 }, "geometry": { "type": "MultiLineString", "coordinates": [ [ [ 115.089506976273597, -8.814300763873897 ], [ 115.089506976273597, -8.814300763873897 ] ] ] } },
{ "type": "Feature", "properties": { "LRR": 0.0, "LR2": 0.0, "Kec": "Kuta Selatan", "Desa": "Pecatu", "KLRR": "Stabil", "Panjang": 0.0 }, "geometry": { "type": "MultiLineString", "coordinates": [ ] } },
{ "type": "Feature", "properties": { "LRR": 0.0, "LR2": 0.0, "Kec": "Kuta Selatan", "Desa": "Pecatu", "KLRR": "Stabil", "Panjang": 0.0 }, "geometry": { "type": "MultiLineString", "coordinates": [ ] } },
{ "type": "Feature", "properties": { "LRR": 0.0, "LR2": 0.0, "Kec": "Kuta Selatan", "Desa": "Pecatu", "KLRR": "Stabil", "Panjang": 0.0 }, "geometry": { "type": "MultiLineString", "coordinates": [ ] } },
{ "type": "Feature", "properties": { "LRR": 0.0, "LR2": 0.0, "Kec": "Kuta Selatan", "Desa": "Pecatu", "KLRR": "Stabil", "Panjang": 0.0 }, "geometry": { "type": "MultiLineString", "coordinates": [ ] } },
{ "type": "Feature", "properties": { "LRR": 0.0, "LR2": 0.0, "Kec": "Kuta Selatan", "Desa": "Pecatu", "KLRR": "Stabil", "Panjang": 0.0 }, "geometry": { "type": "MultiLineString", "coordinates": [ ] } },
{ "type": "Feature", "properties": { "LRR": 0.0, "LR2": 0.0, "Kec": "Kuta Selatan", "Desa": "Pecatu", "KLRR": "Stabil", "Panjang": 0.0 }, "geometry": { "type": "MultiLineString", "coordinates": [ ] } },
{ "type": "Feature", "properties": { "LRR": 0.0, "LR2": 0.0, "Kec": "Kuta Selatan", "Desa": "Pecatu", "KLRR": "Stabil", "Panjang": 0.0 }, "geometry": { "type": "MultiLineString", "coordinates": [ ] } },
{ "type": "Feature", "properties": { "LRR": 0.0, "LR2": 0.0, "Kec": "Kuta Selatan", "Desa": "Pecatu", "KLRR": "Stabil", "Panjang": 0.0 }, "geometry": { "type": "MultiLineString", "coordinates": [ ] } },
{ "type": "Feature", "properties": { "LRR": 0.0, "LR2": 0.0, "Kec": "Kuta Selatan", "Desa": "Pecatu", "KLRR": "Stabil", "Panjang": 0.0 }, "geometry": { "type": "MultiLineString", "coordinates": [ ] } },
{ "type": "Feature", "properties": { "LRR": 0.0, "LR2": 0.0, "Kec": "Kuta Selatan", "Desa": "Pecatu", "KLRR": "Stabil", "Panjang": 0.0 }, "geometry": { "type": "MultiLineString", "coordinates": [ ] } },
{ "type": "Feature", "properties": { "LRR": 0.0, "LR2": 0.0, "Kec": "Kuta Selatan", "Desa": "Pecatu", "KLRR": "Stabil", "Panjang": 0.0 }, "geometry": { "type": "MultiLineString", "coordinates": [ [ [ 115.087319779561668, -8.817817556739456 ], [ 115.087319779561668, -8.817817556739456 ] ] ] } },
{ "type": "Feature", "properties": { "LRR": 0.0, "LR2": 0.0, "Kec": "Kuta Selatan", "Desa": "Pecatu", "KLRR": "Stabil", "Panjang": 0.0 }, "geometry": { "type": "MultiLineString", "coordinates": [ ] } },
{ "type": "Feature", "properties": { "LRR": 0.0, "LR2": 0.0, "Kec": "Kuta Selatan", "Desa": "Pecatu", "KLRR": "Stabil", "Panjang": 0.0 }, "geometry": { "type": "MultiLineString", "coordinates": [ ] } },
{ "type": "Feature", "properties": { "LRR": 0.0, "LR2": 0.0, "Kec": "Kuta Selatan", "Desa": "Pecatu", "KLRR": "Stabil", "Panjang": 0.0 }, "geometry": { "type": "MultiLineString", "coordinates": [ ] } },
{ "type": "Feature", "properties": { "LRR": 0.0, "LR2": 0.0, "Kec": "Kuta Selatan", "Desa": "Pecatu", "KLRR": "Stabil", "Panjang": 0.0 }, "geometry": { "type": "MultiLineString", "coordinates": [ [ [ 115.084465018830812, -8.825641271006823 ], [ 115.084465018830812, -8.825641271006823 ] ] ] } },
{ "type": "Feature", "properties": { "LRR": 0.0, "LR2": 0.0, "Kec": "Kuta Selatan", "Desa": "Pecatu", "KLRR": "Stabil", "Panjang": 0.0 }, "geometry": { "type": "MultiLineString", "coordinates": [ ] } },
{ "type": "Feature", "properties": { "LRR": 0.0, "LR2": 0.0, "Kec": "Kuta Selatan", "Desa": "Pecatu", "KLRR": "Stabil", "Panjang": 0.0 }, "geometry": { "type": "MultiLineString", "coordinates": [ ] } },
{ "type": "Feature", "properties": { "LRR": 0.0, "LR2": 0.0, "Kec": "Kuta Selatan", "Desa": "Pecatu", "KLRR": "Stabil", "Panjang": 0.0 }, "geometry": { "type": "MultiLineString", "coordinates": [ ] } },
{ "type": "Feature", "properties": { "LRR": 0.0, "LR2": 0.0, "Kec": "Kuta Selatan", "Desa": "Pecatu", "KLRR": "Stabil", "Panjang": 0.0 }, "geometry": { "type": "MultiLineString", "coordinates": [ ] } },
{ "type": "Feature", "properties": { "LRR": 0.0, "LR2": 0.0, "Kec": "Kuta Selatan", "Desa": "Pecatu", "KLRR": "Stabil", "Panjang": 0.0 }, "geometry": { "type": "MultiLineString", "coordinates": [ ] } },
{ "type": "Feature", "properties": { "LRR": 0.0, "LR2": 0.0, "Kec": "Kuta Selatan", "Desa": "Pecatu", "KLRR": "Stabil", "Panjang": 0.0 }, "geometry": { "type": "MultiLineString", "coordinates": [ ] } },
{ "type": "Feature", "properties": { "LRR": 0.0, "LR2": 0.0, "Kec": "Kuta Selatan", "Desa": "Pecatu", "KLRR": "Stabil", "Panjang": 0.0 }, "geometry": { "type": "MultiLineString", "coordinates": [ [ [ 115.084935041365725, -8.827738796499423 ], [ 115.084935041365725, -8.827738796499423 ] ] ] } },
{ "type": "Feature", "properties": { "LRR": 0.0, "LR2": 0.0, "Kec": "Kuta Selatan", "Desa": "Pecatu", "KLRR": "Stabil", "Panjang": 0.0 }, "geometry": { "type": "MultiLineString", "coordinates": [ ] } },
{ "type": "Feature", "properties": { "LRR": 0.0, "LR2": 0.0, "Kec": "Kuta Selatan", "Desa": "Pecatu", "KLRR": "Stabil", "Panjang": 0.0 }, "geometry": { "type": "MultiLineString", "coordinates": [ [ [ 115.084842929986053, -8.828367704886553 ], [ 115.084842929986053, -8.828367704886553 ] ] ] } },
{ "type": "Feature", "properties": { "LRR": 0.0, "LR2": 0.0, "Kec": "Kuta Selatan", "Desa": "Pecatu", "KLRR": "Stabil", "Panjang": 0.0 }, "geometry": { "type": "MultiLineString", "coordinates": [ [ [ 115.084697495366271, -8.828718113156064 ], [ 115.084697495366271, -8.828718113156064 ] ] ] } },
{ "type": "Feature", "properties": { "LRR": 0.0, "LR2": 0.0, "Kec": "Kuta Selatan", "Desa": "Pecatu", "KLRR": "Stabil", "Panjang": 0.0 }, "geometry": { "type": "MultiLineString", "coordinates": [ ] } },
{ "type": "Feature", "properties": { "LRR": 0.0, "LR2": 0.0, "Kec": "Kuta Selatan", "Desa": "Pecatu", "KLRR": "Stabil", "Panjang": 0.0 }, "geometry": { "type": "MultiLineString", "coordinates": [ ] } },
{ "type": "Feature", "properties": { "LRR": 0.0, "LR2": 0.0, "Kec": "Kuta Selatan", "Desa": "Pecatu", "KLRR": "Stabil", "Panjang": 0.0 }, "geometry": { "type": "MultiLineString", "coordinates": [ ] } },
{ "type": "Feature", "properties": { "LRR": 0.0, "LR2": 0.0, "Kec": "Kuta Selatan", "Desa": "Pecatu", "KLRR": "Stabil", "Panjang": 0.0 }, "geometry": { "type": "MultiLineString", "coordinates": [ [ [ 115.085111162267722, -8.8300254953138 ], [ 115.085111162267722, -8.8300254953138 ] ] ] } },
{ "type": "Feature", "properties": { "LRR": 0.0, "LR2": 0.0, "Kec": "Kuta Selatan", "Desa": "Pecatu", "KLRR": "Stabil", "Panjang": 0.0 }, "geometry": { "type": "MultiLineString", "coordinates": [ ] } },
{ "type": "Feature", "properties": { "LRR": 0.0, "LR2": 0.0, "Kec": "Kuta Selatan", "Desa": "Pecatu", "KLRR": "Stabil", "Panjang": 0.0 }, "geometry": { "type": "MultiLineString", "coordinates": [ ] } },
{ "type": "Feature", "properties": { "LRR": 0.0, "LR2": 0.0, "Kec": "Kuta Selatan", "Desa": "Pecatu", "KLRR": "Stabil", "Panjang": 0.0 }, "geometry": { "type": "MultiLineString", "coordinates": [ ] } },
{ "type": "Feature", "properties": { "LRR": 0.0, "LR2": 0.0, "Kec": "Kuta Selatan", "Desa": "Pecatu", "KLRR": "Stabil", "Panjang": 0.0 }, "geometry": { "type": "MultiLineString", "coordinates": [ ] } },
{ "type": "Feature", "properties": { "LRR": 0.0, "LR2": 0.0, "Kec": "Kuta Selatan", "Desa": "Pecatu", "KLRR": "Stabil", "Panjang": 0.0 }, "geometry": { "type": "MultiLineString", "coordinates": [ ] } },
{ "type": "Feature", "properties": { "LRR": 0.0, "LR2": 0.0, "Kec": "Kuta Selatan", "Desa": "Pecatu", "KLRR": "Stabil", "Panjang": 0.0 }, "geometry": { "type": "MultiLineString", "coordinates": [ ] } },
{ "type": "Feature", "properties": { "LRR": 0.0, "LR2": 0.0, "Kec": "Kuta Selatan", "Desa": "Pecatu", "KLRR": "Stabil", "Panjang": 0.0 }, "geometry": { "type": "MultiLineString", "coordinates": [ ] } },
{ "type": "Feature", "properties": { "LRR": 0.0, "LR2": 0.0, "Kec": "Kuta Selatan", "Desa": "Pecatu", "KLRR": "Stabil", "Panjang": 0.0 }, "geometry": { "type": "MultiLineString", "coordinates": [ ] } },
{ "type": "Feature", "properties": { "LRR": 0.0, "LR2": 0.0, "Kec": "Kuta Selatan", "Desa": "Pecatu", "KLRR": "Stabil", "Panjang": 0.0 }, "geometry": { "type": "MultiLineString", "coordinates": [ ] } },
{ "type": "Feature", "properties": { "LRR": 0.0, "LR2": 0.0, "Kec": "Kuta Selatan", "Desa": "Pecatu", "KLRR": "Stabil", "Panjang": 0.0 }, "geometry": { "type": "MultiLineString", "coordinates": [ ] } },
{ "type": "Feature", "properties": { "LRR": 0.0, "LR2": 0.0, "Kec": "Kuta Selatan", "Desa": "Pecatu", "KLRR": "Stabil", "Panjang": 0.0 }, "geometry": { "type": "MultiLineString", "coordinates": [ ] } },
{ "type": "Feature", "properties": { "LRR": 0.0, "LR2": 0.0, "Kec": "Kuta Selatan", "Desa": "Pecatu", "KLRR": "Stabil", "Panjang": 0.0 }, "geometry": { "type": "MultiLineString", "coordinates": [ ] } },
{ "type": "Feature", "properties": { "LRR": 0.0, "LR2": 0.0, "Kec": "Kuta Selatan", "Desa": "Pecatu", "KLRR": "Stabil", "Panjang": 0.0 }, "geometry": { "type": "MultiLineString", "coordinates": [ ] } },
{ "type": "Feature", "properties": { "LRR": 0.0, "LR2": 0.0, "Kec": "Kuta Selatan", "Desa": "Pecatu", "KLRR": "Stabil", "Panjang": 0.0 }, "geometry": { "type": "MultiLineString", "coordinates": [ ] } },
{ "type": "Feature", "properties": { "LRR": 0.0, "LR2": 0.0, "Kec": "Kuta Selatan", "Desa": "Pecatu", "KLRR": "Stabil", "Panjang": 0.0 }, "geometry": { "type": "MultiLineString", "coordinates": [ ] } },
{ "type": "Feature", "properties": { "LRR": 0.0, "LR2": 0.0, "Kec": "Kuta Selatan", "Desa": "Pecatu", "KLRR": "Stabil", "Panjang": 0.0 }, "geometry": { "type": "MultiLineString", "coordinates": [ ] } },
{ "type": "Feature", "properties": { "LRR": 0.0, "LR2": 0.0, "Kec": "Kuta Selatan", "Desa": "Pecatu", "KLRR": "Stabil", "Panjang": 0.0 }, "geometry": { "type": "MultiLineString", "coordinates": [ ] } },
{ "type": "Feature", "properties": { "LRR": 0.0, "LR2": 0.0, "Kec": "Kuta Selatan", "Desa": "Pecatu", "KLRR": "Stabil", "Panjang": 0.0 }, "geometry": { "type": "MultiLineString", "coordinates": [ ] } },
{ "type": "Feature", "properties": { "LRR": 0.0, "LR2": 0.0, "Kec": "Kuta Selatan", "Desa": "Pecatu", "KLRR": "Stabil", "Panjang": 0.0 }, "geometry": { "type": "MultiLineString", "coordinates": [ ] } },
{ "type": "Feature", "properties": { "LRR": 0.0, "LR2": 0.0, "Kec": "Kuta Selatan", "Desa": "Pecatu", "KLRR": "Stabil", "Panjang": 0.0 }, "geometry": { "type": "MultiLineString", "coordinates": [ ] } },
{ "type": "Feature", "properties": { "LRR": 0.0, "LR2": 0.0, "Kec": "Kuta Selatan", "Desa": "Pecatu", "KLRR": "Stabil", "Panjang": 0.0 }, "geometry": { "type": "MultiLineString", "coordinates": [ ] } },
{ "type": "Feature", "properties": { "LRR": 0.0, "LR2": 0.0, "Kec": "Kuta Selatan", "Desa": "Pecatu", "KLRR": "Stabil", "Panjang": 0.0 }, "geometry": { "type": "MultiLineString", "coordinates": [ ] } },
{ "type": "Feature", "properties": { "LRR": 0.0, "LR2": 0.0, "Kec": "Kuta Selatan", "Desa": "Pecatu", "KLRR": "Stabil", "Panjang": 0.0 }, "geometry": { "type": "MultiLineString", "coordinates": [ ] } },
{ "type": "Feature", "properties": { "LRR": 0.0, "LR2": 0.0, "Kec": "Kuta Selatan", "Desa": "Pecatu", "KLRR": "Stabil", "Panjang": 0.0 }, "geometry": { "type": "MultiLineString", "coordinates": [ ] } },
{ "type": "Feature", "properties": { "LRR": 0.0, "LR2": 0.0, "Kec": "Kuta Selatan", "Desa": "Pecatu", "KLRR": "Stabil", "Panjang": 0.0 }, "geometry": { "type": "MultiLineString", "coordinates": [ ] } },
{ "type": "Feature", "properties": { "LRR": 0.0, "LR2": 0.0, "Kec": "Kuta Selatan", "Desa": "Pecatu", "KLRR": "Stabil", "Panjang": 0.0 }, "geometry": { "type": "MultiLineString", "coordinates": [ [ [ 115.088544553142057, -8.836992831742167 ], [ 115.088544553142057, -8.836992831742167 ] ] ] } },
{ "type": "Feature", "properties": { "LRR": 0.0, "LR2": 0.0, "Kec": "Kuta Selatan", "Desa": "Pecatu", "KLRR": "Stabil", "Panjang": 0.0 }, "geometry": { "type": "MultiLineString", "coordinates": [ ] } },
{ "type": "Feature", "properties": { "LRR": 0.0, "LR2": 0.0, "Kec": "Kuta Selatan", "Desa": "Pecatu", "KLRR": "Stabil", "Panjang": 0.0 }, "geometry": { "type": "MultiLineString", "coordinates": [ ] } },
{ "type": "Feature", "properties": { "LRR": 0.0, "LR2": 0.0, "Kec": "Kuta Selatan", "Desa": "Pecatu", "KLRR": "Stabil", "Panjang": 0.0 }, "geometry": { "type": "MultiLineString", "coordinates": [ [ [ 115.089259565561761, -8.838112679657904 ], [ 115.089259565561761, -8.838112679657904 ] ] ] } },
{ "type": "Feature", "properties": { "LRR": 0.0, "LR2": 0.0, "Kec": "Kuta Selatan", "Desa": "Pecatu", "KLRR": "Stabil", "Panjang": 0.0 }, "geometry": { "type": "MultiLineString", "coordinates": [ ] } },
{ "type": "Feature", "properties": { "LRR": -0.97, "LR2": 0.44, "Kec": "Kuta Selatan", "Desa": "Pecatu", "KLRR": "Abrasi", "Panjang": 9.7222113561800008 }, "geometry": { "type": "MultiLineString", "coordinates": [ [ [ 115.090183404172137, -8.838070489817285 ], [ 115.090142068227934, -8.838148171734566 ] ] ] } },
{ "type": "Feature", "properties": { "LRR": -0.54, "LR2": 0.08, "Kec": "Kuta Selatan", "Desa": "Pecatu", "KLRR": "Abrasi", "Panjang": 14.0773001163 }, "geometry": { "type": "MultiLineString", "coordinates": [ [ [ 115.090614995404238, -8.837919556121047 ], [ 115.090557188959323, -8.838033089595204 ] ] ] } },
{ "type": "Feature", "properties": { "LRR": -1.56, "LR2": 0.41, "Kec": "Kuta Selatan", "Desa": "Pecatu", "KLRR": "Abrasi", "Panjang": 17.3556447715 }, "geometry": { "type": "MultiLineString", "coordinates": [ [ [ 115.09091666394535, -8.83801595327345 ], [ 115.090848120178165, -8.838157266457383 ] ] ] } },
{ "type": "Feature", "properties": { "LRR": -0.98, "LR2": 0.2, "Kec": "Kuta Selatan", "Desa": "Pecatu", "KLRR": "Abrasi", "Panjang": 16.095927964400001 }, "geometry": { "type": "MultiLineString", "coordinates": [ [ [ 115.091199325471294, -8.838155945446966 ], [ 115.091138446647776, -8.838288259192137 ] ] ] } },
{ "type": "Feature", "properties": { "LRR": -0.7, "LR2": 0.15, "Kec": "Kuta Selatan", "Desa": "Pecatu", "KLRR": "Abrasi", "Panjang": 15.471450561299999 }, "geometry": { "type": "MultiLineString", "coordinates": [ [ [ 115.091479777129493, -8.838301868422818 ], [ 115.091423849763018, -8.8384301962384 ] ] ] } },
{ "type": "Feature", "properties": { "LRR": -0.57, "LR2": 0.09, "Kec": "Kuta Selatan", "Desa": "Pecatu", "KLRR": "Abrasi", "Panjang": 16.686229538599999 }, "geometry": { "type": "MultiLineString", "coordinates": [ [ [ 115.091766651134961, -8.838432490583244 ], [ 115.091709093575744, -8.838572052744874 ] ] ] } },
{ "type": "Feature", "properties": { "LRR": -0.6, "LR2": 0.11, "Kec": "Kuta Selatan", "Desa": "Pecatu", "KLRR": "Abrasi", "Panjang": 15.092408929499999 }, "geometry": { "type": "MultiLineString", "coordinates": [ [ [ 115.091968198757712, -8.838524262058817 ], [ 115.091913161309336, -8.838649237820032 ] ] ] } },
{ "type": "Feature", "properties": { "LRR": -0.68, "LR2": 0.16, "Kec": "Kuta Selatan", "Desa": "Pecatu", "KLRR": "Abrasi", "Panjang": 12.8456716024 }, "geometry": { "type": "MultiLineString", "coordinates": [ [ [ 115.092183206657381, -8.838622927439779 ], [ 115.092134602379502, -8.83872851459062 ] ] ] } },
{ "type": "Feature", "properties": { "LRR": -0.8, "LR2": 0.26, "Kec": "Kuta Selatan", "Desa": "Pecatu", "KLRR": "Abrasi", "Panjang": 12.2517964268 }, "geometry": { "type": "MultiLineString", "coordinates": [ [ [ 115.092413432453824, -8.838725710318885 ], [ 115.092366128067695, -8.838825979354423 ] ] ] } },
{ "type": "Feature", "properties": { "LRR": -0.9, "LR2": 0.34, "Kec": "Kuta Selatan", "Desa": "Pecatu", "KLRR": "Abrasi", "Panjang": 12.975866402099999 }, "geometry": { "type": "MultiLineString", "coordinates": [ [ [ 115.092652129167007, -8.838833158532447 ], [ 115.092601500772304, -8.838939105213626 ] ] ] } },
{ "type": "Feature", "properties": { "LRR": -0.79, "LR2": 0.31, "Kec": "Kuta Selatan", "Desa": "Pecatu", "KLRR": "Abrasi", "Panjang": 12.157655953200001 }, "geometry": { "type": "MultiLineString", "coordinates": [ [ [ 115.092897497683225, -8.838959304403891 ], [ 115.092850218148101, -8.839058644297625 ] ] ] } },
{ "type": "Feature", "properties": { "LRR": -0.8, "LR2": 0.37, "Kec": "Kuta Selatan", "Desa": "Pecatu", "KLRR": "Abrasi", "Panjang": 11.3196135083 }, "geometry": { "type": "MultiLineString", "coordinates": [ [ [ 115.09314892922167, -8.839088567379456 ], [ 115.093105345936365, -8.839181264279119 ] ] ] } },
{ "type": "Feature", "properties": { "LRR": -0.83, "LR2": 0.43, "Kec": "Kuta Selatan", "Desa": "Pecatu", "KLRR": "Abrasi", "Panjang": 10.481443262799999 }, "geometry": { "type": "MultiLineString", "coordinates": [ [ [ 115.093400430761164, -8.839217866739036 ], [ 115.093360481174614, -8.839303887774829 ] ] ] } },
{ "type": "Feature", "properties": { "LRR": -0.88, "LR2": 0.46, "Kec": "Kuta Selatan", "Desa": "Pecatu", "KLRR": "Abrasi", "Panjang": 9.8991749566799996 }, "geometry": { "type": "MultiLineString", "coordinates": [ [ [ 115.093654819998505, -8.839349315989791 ], [ 115.093617604218593, -8.839430792816408 ] ] ] } },
{ "type": "Feature", "properties": { "LRR": -0.78, "LR2": 0.46, "Kec": "Kuta Selatan", "Desa": "Pecatu", "KLRR": "Abrasi", "Panjang": 8.8767693920199999 }, "geometry": { "type": "MultiLineString", "coordinates": [ [ [ 115.093912904072653, -8.839494757594741 ], [ 115.093880309870059, -8.839568165930515 ] ] ] } },
{ "type": "Feature", "properties": { "LRR": -0.77, "LR2": 0.26, "Kec": "Kuta Selatan", "Desa": "Pecatu", "KLRR": "Abrasi", "Panjang": 10.707761742300001 }, "geometry": { "type": "MultiLineString", "coordinates": [ [ [ 115.094180292531746, -8.839624205152685 ], [ 115.094141999275024, -8.839713198155593 ] ] ] } },
{ "type": "Feature", "properties": { "LRR": -0.78, "LR2": 0.26, "Kec": "Kuta Selatan", "Desa": "Pecatu", "KLRR": "Abrasi", "Panjang": 11.8245132425 }, "geometry": { "type": "MultiLineString", "coordinates": [ [ [ 115.094454148247806, -8.839747984587214 ], [ 115.094413179517773, -8.839846809890073 ] ] ] } },
{ "type": "Feature", "properties": { "LRR": -0.92, "LR2": 0.31, "Kec": "Kuta Selatan", "Desa": "Pecatu", "KLRR": "Abrasi", "Panjang": 15.090861177100001 }, "geometry": { "type": "MultiLineString", "coordinates": [ [ [ 115.09473654930008, -8.839862681052177 ], [ 115.094686248810902, -8.839989601625833 ] ] ] } },
{ "type": "Feature", "properties": { "LRR": -1.27, "LR2": 0.44, "Kec": "Kuta Selatan", "Desa": "Pecatu", "KLRR": "Abrasi", "Panjang": 18.332023446000001 }, "geometry": { "type": "MultiLineString", "coordinates": [ [ [ 115.095030180482027, -8.839949223946485 ], [ 115.094971555686925, -8.840104353422142 ] ] ] } },
{ "type": "Feature", "properties": { "LRR": -1.57, "LR2": 0.51, "Kec": "Kuta Selatan", "Desa": "Pecatu", "KLRR": "Abrasi", "Panjang": 19.633370602100001 }, "geometry": { "type": "MultiLineString", "coordinates": [ [ [ 115.095324278328945, -8.840035903711918 ], [ 115.095264166831413, -8.840203021371078 ] ] ] } },
{ "type": "Feature", "properties": { "LRR": -1.6, "LR2": 0.44, "Kec": "Kuta Selatan", "Desa": "Pecatu", "KLRR": "Abrasi", "Panjang": 21.098943620699998 }, "geometry": { "type": "MultiLineString", "coordinates": [ [ [ 115.095617393076239, -8.840124318550103 ], [ 115.095555687253821, -8.840304914609437 ] ] ] } },
{ "type": "Feature", "properties": { "LRR": -1.41, "LR2": 0.33, "Kec": "Kuta Selatan", "Desa": "Pecatu", "KLRR": "Abrasi", "Panjang": 21.930379019299998 }, "geometry": { "type": "MultiLineString", "coordinates": [ [ [ 115.095905592917305, -8.840230000645807 ], [ 115.09584456616048, -8.840418736567649 ] ] ] } },
{ "type": "Feature", "properties": { "LRR": -1.11, "LR2": 0.25, "Kec": "Kuta Selatan", "Desa": "Pecatu", "KLRR": "Abrasi", "Panjang": 19.0173525286 }, "geometry": { "type": "MultiLineString", "coordinates": [ [ [ 115.096198914205857, -8.84033756004413 ], [ 115.096149141120861, -8.840502200041804 ] ] ] } },
{ "type": "Feature", "properties": { "LRR": -0.98, "LR2": 0.21, "Kec": "Kuta Selatan", "Desa": "Pecatu", "KLRR": "Abrasi", "Panjang": 18.183324749099999 }, "geometry": { "type": "MultiLineString", "coordinates": [ [ [ 115.096503171395213, -8.840416544821958 ], [ 115.096458715354942, -8.84057486826282 ] ] ] } },
{ "type": "Feature", "properties": { "LRR": -1.34, "LR2": 0.31, "Kec": "Kuta Selatan", "Desa": "Pecatu", "KLRR": "Abrasi", "Panjang": 18.753758481199998 }, "geometry": { "type": "MultiLineString", "coordinates": [ [ [ 115.096810306017829, -8.840478614070642 ], [ 115.096767571803866, -8.840642738491859 ] ] ] } },
{ "type": "Feature", "properties": { "LRR": -1.85, "LR2": 0.59, "Kec": "Kuta Selatan", "Desa": "Pecatu", "KLRR": "Abrasi", "Panjang": 19.958618531700001 }, "geometry": { "type": "MultiLineString", "coordinates": [ [ [ 115.097111008739731, -8.840530332633371 ], [ 115.097068183475741, -8.840705664015564 ] ] ] } },
{ "type": "Feature", "properties": { "LRR": -2.32, "LR2": 0.76, "Kec": "Kuta Selatan", "Desa": "Pecatu", "KLRR": "Abrasi", "Panjang": 22.004157011499998 }, "geometry": { "type": "MultiLineString", "coordinates": [ [ [ 115.097412259702764, -8.840574431806697 ], [ 115.097367915499547, -8.840768404043921 ] ] ] } },
{ "type": "Feature", "properties": { "LRR": -2.56, "LR2": 0.77, "Kec": "Kuta Selatan", "Desa": "Pecatu", "KLRR": "Abrasi", "Panjang": 23.243783365300001 }, "geometry": { "type": "MultiLineString", "coordinates": [ [ [ 115.097692560432591, -8.840621638243984 ], [ 115.097646838317957, -8.8408267883128 ] ] ] } },
{ "type": "Feature", "properties": { "LRR": -2.37, "LR2": 0.68, "Kec": "Kuta Selatan", "Desa": "Pecatu", "KLRR": "Abrasi", "Panjang": 20.647710285 }, "geometry": { "type": "MultiLineString", "coordinates": [ [ [ 115.097967060460633, -8.840699141924439 ], [ 115.097927512866619, -8.840881611235405 ] ] ] } },
{ "type": "Feature", "properties": { "LRR": -1.93, "LR2": 0.45, "Kec": "Kuta Selatan", "Desa": "Pecatu", "KLRR": "Abrasi", "Panjang": 22.151972102399998 }, "geometry": { "type": "MultiLineString", "coordinates": [ [ [ 115.098252110699846, -8.840729496391919 ], [ 115.098210857680243, -8.840925507743561 ] ] ] } },
{ "type": "Feature", "properties": { "LRR": -1.6, "LR2": 0.29, "Kec": "Kuta Selatan", "Desa": "Pecatu", "KLRR": "Abrasi", "Panjang": 24.0624669774 }, "geometry": { "type": "MultiLineString", "coordinates": [ [ [ 115.0985321483966, -8.840747605317455 ], [ 115.09848790507003, -8.840960639073389 ] ] ] } },
{ "type": "Feature", "properties": { "LRR": -1.5, "LR2": 0.28, "Kec": "Kuta Selatan", "Desa": "Pecatu", "KLRR": "Abrasi", "Panjang": 23.726202880300001 }, "geometry": { "type": "MultiLineString", "coordinates": [ [ [ 115.098807208262215, -8.840785503511791 ], [ 115.098764066920339, -8.840995659038498 ] ] ] } },
{ "type": "Feature", "properties": { "LRR": -1.21, "LR2": 0.3, "Kec": "Kuta Selatan", "Desa": "Pecatu", "KLRR": "Abrasi", "Panjang": 18.192051788099999 }, "geometry": { "type": "MultiLineString", "coordinates": [ [ [ 115.099072336271107, -8.840872335593412 ], [ 115.099039627896417, -8.841033546990568 ] ] ] } },
{ "type": "Feature", "properties": { "LRR": -0.98, "LR2": 0.37, "Kec": "Kuta Selatan", "Desa": "Pecatu", "KLRR": "Abrasi", "Panjang": 14.5017200311 }, "geometry": { "type": "MultiLineString", "coordinates": [ [ [ 115.099334389983412, -8.840963511195051 ], [ 115.099308464435609, -8.841092049802926 ] ] ] } },
{ "type": "Feature", "properties": { "LRR": -0.76, "LR2": 0.34, "Kec": "Kuta Selatan", "Desa": "Pecatu", "KLRR": "Abrasi", "Panjang": 11.636837530099999 }, "geometry": { "type": "MultiLineString", "coordinates": [ [ [ 115.099579934728737, -8.84104888575513 ], [ 115.099558421249142, -8.841151886865035 ] ] ] } },
{ "type": "Feature", "properties": { "LRR": -0.61, "LR2": 0.21, "Kec": "Kuta Selatan", "Desa": "Pecatu", "KLRR": "Abrasi", "Panjang": 12.5277895521 }, "geometry": { "type": "MultiLineString", "coordinates": [ [ [ 115.099815459182324, -8.84111217610171 ], [ 115.099790813865653, -8.841222746246414 ] ] ] } },
{ "type": "Feature", "properties": { "LRR": -0.47, "LR2": 0.1, "Kec": "Kuta Selatan", "Desa": "Pecatu", "KLRR": "Abrasi", "Panjang": 13.8408926205 }, "geometry": { "type": "MultiLineString", "coordinates": [ [ [ 115.100048626509761, -8.841174831479705 ], [ 115.100019633754343, -8.841296588795402 ] ] ] } },
{ "type": "Feature", "properties": { "LRR": -0.44, "LR2": 0.08, "Kec": "Kuta Selatan", "Desa": "Pecatu", "KLRR": "Abrasi", "Panjang": 14.689056751200001 }, "geometry": { "type": "MultiLineString", "coordinates": [ [ [ 115.100279342297398, -8.841236828813292 ], [ 115.100246571795026, -8.841365559754069 ] ] ] } },
{ "type": "Feature", "properties": { "LRR": -0.21, "LR2": 0.01, "Kec": "Kuta Selatan", "Desa": "Pecatu", "KLRR": "Abrasi", "Panjang": 15.5093726769 }, "geometry": { "type": "MultiLineString", "coordinates": [ [ [ 115.100508293445159, -8.841298571174738 ], [ 115.100471496163649, -8.841433919196033 ] ] ] } },
{ "type": "Feature", "properties": { "LRR": -0.12, "LR2": 0.0, "Kec": "Kuta Selatan", "Desa": "Pecatu", "KLRR": "Abrasi", "Panjang": 13.1949150243 }, "geometry": { "type": "MultiLineString", "coordinates": [ [ [ 115.100749329178043, -8.841363811833157 ], [ 115.10071686362987, -8.841478643870511 ] ] ] } },
{ "type": "Feature", "properties": { "LRR": -0.08, "LR2": 0.0, "Kec": "Kuta Selatan", "Desa": "Pecatu", "KLRR": "Abrasi", "Panjang": 11.049677469000001 }, "geometry": { "type": "MultiLineString", "coordinates": [ [ [ 115.101018683944559, -8.841435030569738 ], [ 115.100991797274574, -8.841531276735047 ] ] ] } },
{ "type": "Feature", "properties": { "LRR": -0.21, "LR2": 0.03, "Kec": "Kuta Selatan", "Desa": "Pecatu", "KLRR": "Abrasi", "Panjang": 12.1978903769 }, "geometry": { "type": "MultiLineString", "coordinates": [ [ [ 115.101280288238272, -8.841498651172243 ], [ 115.101250482885519, -8.841604864086857 ] ] ] } },
{ "type": "Feature", "properties": { "LRR": -0.03, "LR2": 0.0, "Kec": "Kuta Selatan", "Desa": "Pecatu", "KLRR": "Abrasi", "Panjang": 9.0712328501199995 }, "geometry": { "type": "MultiLineString", "coordinates": [ [ [ 115.101521904829099, -8.841596779709038 ], [ 115.101499280233725, -8.841675638424116 ] ] ] } },
{ "type": "Feature", "properties": { "LRR": -0.18, "LR2": 0.02, "Kec": "Kuta Selatan", "Desa": "Pecatu", "KLRR": "Abrasi", "Panjang": 10.2760521052 }, "geometry": { "type": "MultiLineString", "coordinates": [ [ [ 115.101749346882812, -8.841695244018 ], [ 115.10172272538405, -8.841784289121748 ] ] ] } },
{ "type": "Feature", "properties": { "LRR": -0.33, "LR2": 0.25, "Kec": "Kuta Selatan", "Desa": "Pecatu", "KLRR": "Abrasi", "Panjang": 5.5876097011799999 }, "geometry": { "type": "MultiLineString", "coordinates": [ [ [ 115.101969143179502, -8.841789086894799 ], [ 115.101953983427975, -8.841837297618525 ] ] ] } },
{ "type": "Feature", "properties": { "LRR": -0.13, "LR2": 0.01, "Kec": "Kuta Selatan", "Desa": "Pecatu", "KLRR": "Abrasi", "Panjang": 9.1710631429500005 }, "geometry": { "type": "MultiLineString", "coordinates": [ [ [ 115.102192468219869, -8.841849533286569 ], [ 115.102166191636897, -8.841928215359868 ] ] ] } },
{ "type": "Feature", "properties": { "LRR": 0.0, "LR2": 0.0, "Kec": "Kuta Selatan", "Desa": "Pecatu", "KLRR": "Stabil", "Panjang": 7.8323360020899999 }, "geometry": { "type": "MultiLineString", "coordinates": [ [ [ 115.102411723934907, -8.841926337458029 ], [ 115.102388122305982, -8.841993139541644 ] ] ] } },
{ "type": "Feature", "properties": { "LRR": 0.08, "LR2": 0.01, "Kec": "Kuta Selatan", "Desa": "Pecatu", "KLRR": "Akresi", "Panjang": 5.75533298591 }, "geometry": { "type": "MultiLineString", "coordinates": [ [ [ 115.102631581936151, -8.842028617734936 ], [ 115.102613556778735, -8.842077461281535 ] ] ] } },
{ "type": "Feature", "properties": { "LRR": -0.22, "LR2": 0.09, "Kec": "Kuta Selatan", "Desa": "Pecatu", "KLRR": "Abrasi", "Panjang": 6.0989713553999998 }, "geometry": { "type": "MultiLineString", "coordinates": [ [ [ 115.102832209516137, -8.842149414728594 ], [ 115.102812325805658, -8.842200882348445 ] ] ] } },
{ "type": "Feature", "properties": { "LRR": -0.42, "LR2": 0.05, "Kec": "Kuta Selatan", "Desa": "Pecatu", "KLRR": "Abrasi", "Panjang": 11.9962603675 }, "geometry": { "type": "MultiLineString", "coordinates": [ [ [ 115.103059081016866, -8.842205193893554 ], [ 115.103018443739202, -8.842305830305046 ] ] ] } },
{ "type": "Feature", "properties": { "LRR": -0.31, "LR2": 0.09, "Kec": "Kuta Selatan", "Desa": "Pecatu", "KLRR": "Abrasi", "Panjang": 8.5051541930799992 }, "geometry": { "type": "MultiLineString", "coordinates": [ [ [ 115.10330966349872, -8.842229630535121 ], [ 115.103279927151902, -8.842300603627525 ] ] ] } },
{ "type": "Feature", "properties": { "LRR": -0.63, "LR2": 0.16, "Kec": "Kuta Selatan", "Desa": "Pecatu", "KLRR": "Abrasi", "Panjang": 11.909680700099999 }, "geometry": { "type": "MultiLineString", "coordinates": [ [ [ 115.10358426948973, -8.842245657189371 ], [ 115.103542047543698, -8.842344796707518 ] ] ] } },
{ "type": "Feature", "properties": { "LRR": -0.47, "LR2": 0.03, "Kec": "Kuta Selatan", "Desa": "Pecatu", "KLRR": "Abrasi", "Panjang": 19.936282063699998 }, "geometry": { "type": "MultiLineString", "coordinates": [ [ [ 115.103840750574889, -8.842334324770802 ], [ 115.103769966422206, -8.8425002351056 ] ] ] } },
{ "type": "Feature", "properties": { "LRR": -0.86, "LR2": 0.15, "Kec": "Kuta Selatan", "Desa": "Pecatu", "KLRR": "Abrasi", "Panjang": 15.806550296299999 }, "geometry": { "type": "MultiLineString", "coordinates": [ [ [ 115.104083545201675, -8.842471826170099 ], [ 115.104027821717153, -8.842603536050518 ] ] ] } },
{ "type": "Feature", "properties": { "LRR": -1.31, "LR2": 0.52, "Kec": "Kuta Selatan", "Desa": "Pecatu", "KLRR": "Abrasi", "Panjang": 12.657750977799999 }, "geometry": { "type": "MultiLineString", "coordinates": [ [ [ 115.104333758792379, -8.842602924596708 ], [ 115.104289677371085, -8.842708621780702 ] ] ] } },
{ "type": "Feature", "properties": { "LRR": -1.61, "LR2": 0.83, "Kec": "Kuta Selatan", "Desa": "Pecatu", "KLRR": "Abrasi", "Panjang": 11.426384480499999 }, "geometry": { "type": "MultiLineString", "coordinates": [ [ [ 115.104579813538621, -8.842731842995962 ], [ 115.10454024261567, -8.842827349176387 ] ] ] } },
{ "type": "Feature", "properties": { "LRR": -1.45, "LR2": 0.86, "Kec": "Kuta Selatan", "Desa": "Pecatu", "KLRR": "Abrasi", "Panjang": 10.551954504799999 }, "geometry": { "type": "MultiLineString", "coordinates": [ [ [ 115.104805954163439, -8.842847694744064 ], [ 115.104768647352941, -8.842935575064848 ] ] ] } },
{ "type": "Feature", "properties": { "LRR": -1.32, "LR2": 0.8, "Kec": "Kuta Selatan", "Desa": "Pecatu", "KLRR": "Abrasi", "Panjang": 10.7970678322 }, "geometry": { "type": "MultiLineString", "coordinates": [ [ [ 115.1050254023543, -8.842949168090122 ], [ 115.104985966442925, -8.843038549228554 ] ] ] } },
{ "type": "Feature", "properties": { "LRR": -1.2, "LR2": 0.64, "Kec": "Kuta Selatan", "Desa": "Pecatu", "KLRR": "Abrasi", "Panjang": 11.6496887322 }, "geometry": { "type": "MultiLineString", "coordinates": [ [ [ 115.105260859201678, -8.843052178719354 ], [ 115.105217626682133, -8.84314831738814 ] ] ] } },
{ "type": "Feature", "properties": { "LRR": -1.06, "LR2": 0.45, "Kec": "Kuta Selatan", "Desa": "Pecatu", "KLRR": "Abrasi", "Panjang": 12.556154322499999 }, "geometry": { "type": "MultiLineString", "coordinates": [ [ [ 115.105510547413857, -8.843161415924659 ], [ 115.105463956327668, -8.843265037581638 ] ] ] } },
{ "type": "Feature", "properties": { "LRR": -0.95, "LR2": 0.32, "Kec": "Kuta Selatan", "Desa": "Pecatu", "KLRR": "Abrasi", "Panjang": 12.0398754019 }, "geometry": { "type": "MultiLineString", "coordinates": [ [ [ 115.105768715400515, -8.843274363575762 ], [ 115.105724475671678, -8.843373917223378 ] ] ] } },
{ "type": "Feature", "properties": { "LRR": -0.93, "LR2": 0.35, "Kec": "Kuta Selatan", "Desa": "Pecatu", "KLRR": "Abrasi", "Panjang": 11.640799511100001 }, "geometry": { "type": "MultiLineString", "coordinates": [ [ [ 115.106035442667448, -8.843388451866812 ], [ 115.105993469512384, -8.843485053566335 ] ] ] } },
{ "type": "Feature", "properties": { "LRR": -1.08, "LR2": 0.47, "Kec": "Kuta Selatan", "Desa": "Pecatu", "KLRR": "Abrasi", "Panjang": 13.1648933786 }, "geometry": { "type": "MultiLineString", "coordinates": [ [ [ 115.10630822538613, -8.843496155526999 ], [ 115.106261816073726, -8.843605854309669 ] ] ] } },
{ "type": "Feature", "properties": { "LRR": -1.32, "LR2": 0.5, "Kec": "Kuta Selatan", "Desa": "Pecatu", "KLRR": "Abrasi", "Panjang": 16.879110500900001 }, "geometry": { "type": "MultiLineString", "coordinates": [ [ [ 115.106593198024186, -8.843608672289847 ], [ 115.106535914124223, -8.843750228865121 ] ] ] } },
{ "type": "Feature", "properties": { "LRR": -1.18, "LR2": 0.38, "Kec": "Kuta Selatan", "Desa": "Pecatu", "KLRR": "Abrasi", "Panjang": 19.158435325500001 }, "geometry": { "type": "MultiLineString", "coordinates": [ [ [ 115.106879911614968, -8.843721876605974 ], [ 115.106817561977934, -8.843883592208549 ] ] ] } },
{ "type": "Feature", "properties": { "LRR": -0.93, "LR2": 0.31, "Kec": "Kuta Selatan", "Desa": "Pecatu", "KLRR": "Abrasi", "Panjang": 17.247007538799998 }, "geometry": { "type": "MultiLineString", "coordinates": [ [ [ 115.107162561571187, -8.8438334754139 ], [ 115.107108550852402, -8.843979847315818 ] ] ] } },
{ "type": "Feature", "properties": { "LRR": -0.87, "LR2": 0.29, "Kec": "Kuta Selatan", "Desa": "Pecatu", "KLRR": "Abrasi", "Panjang": 14.447633596599999 }, "geometry": { "type": "MultiLineString", "coordinates": [ [ [ 115.107428740561161, -8.843948152256136 ], [ 115.107384453369605, -8.844071111614763 ] ] ] } },
{ "type": "Feature", "properties": { "LRR": -0.86, "LR2": 0.31, "Kec": "Kuta Selatan", "Desa": "Pecatu", "KLRR": "Abrasi", "Panjang": 13.082194276199999 }, "geometry": { "type": "MultiLineString", "coordinates": [ [ [ 115.107680998146051, -8.844057898469146 ], [ 115.107641004013885, -8.844169275259906 ] ] ] } },
{ "type": "Feature", "properties": { "LRR": -0.85, "LR2": 0.3, "Kec": "Kuta Selatan", "Desa": "Pecatu", "KLRR": "Abrasi", "Panjang": 11.2525143472 }, "geometry": { "type": "MultiLineString", "coordinates": [ [ [ 115.107933056109502, -8.844164407961403 ], [ 115.107898688785355, -8.844260219369295 ] ] ] } },
{ "type": "Feature", "properties": { "LRR": -0.77, "LR2": 0.28, "Kec": "Kuta Selatan", "Desa": "Pecatu", "KLRR": "Abrasi", "Panjang": 11.5981159237 }, "geometry": { "type": "MultiLineString", "coordinates": [ [ [ 115.10818875414364, -8.844249458331634 ], [ 115.108153192289024, -8.844348163009013 ] ] ] } },
{ "type": "Feature", "properties": { "LRR": -0.72, "LR2": 0.3, "Kec": "Kuta Selatan", "Desa": "Pecatu", "KLRR": "Abrasi", "Panjang": 10.2731632149 }, "geometry": { "type": "MultiLineString", "coordinates": [ [ [ 115.108424196092329, -8.844344393221078 ], [ 115.108391949058728, -8.844431551952457 ] ] ] } },
{ "type": "Feature", "properties": { "LRR": -0.83, "LR2": 0.48, "Kec": "Kuta Selatan", "Desa": "Pecatu", "KLRR": "Abrasi", "Panjang": 8.0088562237600005 }, "geometry": { "type": "MultiLineString", "coordinates": [ [ [ 115.108646822856173, -8.844431880847777 ], [ 115.108620716603042, -8.844499467329211 ] ] ] } },
{ "type": "Feature", "properties": { "LRR": -1.08, "LR2": 0.68, "Kec": "Kuta Selatan", "Desa": "Pecatu", "KLRR": "Abrasi", "Panjang": 10.0145910541 }, "geometry": { "type": "MultiLineString", "coordinates": [ [ [ 115.108924425041451, -8.84448594047441 ], [ 115.1088922171174, -8.844570618770419 ] ] ] } },
{ "type": "Feature", "properties": { "LRR": -1.31, "LR2": 0.55, "Kec": "Kuta Selatan", "Desa": "Pecatu", "KLRR": "Abrasi", "Panjang": 13.238247654 }, "geometry": { "type": "MultiLineString", "coordinates": [ [ [ 115.109233185591947, -8.844536675738839 ], [ 115.109192582639835, -8.844649334351297 ] ] ] } },
{ "type": "Feature", "properties": { "LRR": -1.08, "LR2": 0.31, "Kec": "Kuta Selatan", "Desa": "Pecatu", "KLRR": "Abrasi", "Panjang": 13.922528422399999 }, "geometry": { "type": "MultiLineString", "coordinates": [ [ [ 115.109534362188981, -8.844616956433839 ], [ 115.109493755881232, -8.844736164880166 ] ] ] } },
{ "type": "Feature", "properties": { "LRR": -1.08, "LR2": 0.34, "Kec": "Kuta Selatan", "Desa": "Pecatu", "KLRR": "Abrasi", "Panjang": 17.148197569699999 }, "geometry": { "type": "MultiLineString", "coordinates": [ [ [ 115.109824036508726, -8.844730688176996 ], [ 115.109776628809826, -8.844878368675078 ] ] ] } },
{ "type": "Feature", "properties": { "LRR": -0.89, "LR2": 0.29, "Kec": "Kuta Selatan", "Desa": "Pecatu", "KLRR": "Abrasi", "Panjang": 14.0642968934 }, "geometry": { "type": "MultiLineString", "coordinates": [ [ [ 115.110096991636738, -8.844891519262209 ], [ 115.110060203594657, -8.845013286529246 ] ] ] } },
{ "type": "Feature", "properties": { "LRR": -1.21, "LR2": 0.58, "Kec": "Kuta Selatan", "Desa": "Pecatu", "KLRR": "Abrasi", "Panjang": 13.305714848499999 }, "geometry": { "type": "MultiLineString", "coordinates": [ [ [ 115.110377765996986, -8.845025039580753 ], [ 115.110344891676604, -8.845140798467938 ] ] ] } },
{ "type": "Feature", "properties": { "LRR": -1.51, "LR2": 0.64, "Kec": "Kuta Selatan", "Desa": "Pecatu", "KLRR": "Abrasi", "Panjang": 15.279164212 }, "geometry": { "type": "MultiLineString", "coordinates": [ [ [ 115.110658219765384, -8.845150711905466 ], [ 115.110622678931662, -8.84528424084721 ] ] ] } },
{ "type": "Feature", "properties": { "LRR": -1.1, "LR2": 0.46, "Kec": "Kuta Selatan", "Desa": "Pecatu", "KLRR": "Abrasi", "Panjang": 12.196085355699999 }, "geometry": { "type": "MultiLineString", "coordinates": [ [ [ 115.110927363116289, -8.845264566282482 ], [ 115.110900518208851, -8.845371541223139 ] ] ] } },
{ "type": "Feature", "properties": { "LRR": -0.91, "LR2": 0.28, "Kec": "Kuta Selatan", "Desa": "Pecatu", "KLRR": "Abrasi", "Panjang": 11.901899735100001 }, "geometry": { "type": "MultiLineString", "coordinates": [ [ [ 115.111182708760225, -8.845347600714456 ], [ 115.111156783852877, -8.845452062561302 ] ] ] } },
{ "type": "Feature", "properties": { "LRR": -0.39, "LR2": 0.07, "Kec": "Kuta Selatan", "Desa": "Pecatu", "KLRR": "Abrasi", "Panjang": 9.0643962456999994 }, "geometry": { "type": "MultiLineString", "coordinates": [ [ [ 115.111447787863412, -8.845420943896608 ], [ 115.111428260527262, -8.845500554191933 ] ] ] } },
{ "type": "Feature", "properties": { "LRR": -0.62, "LR2": 0.22, "Kec": "Kuta Selatan", "Desa": "Pecatu", "KLRR": "Abrasi", "Panjang": 10.1202461754 }, "geometry": { "type": "MultiLineString", "coordinates": [ [ [ 115.11172914527657, -8.845467566756062 ], [ 115.111707952967606, -8.845556596068405 ] ] ] } },
{ "type": "Feature", "properties": { "LRR": -0.91, "LR2": 0.31, "Kec": "Kuta Selatan", "Desa": "Pecatu", "KLRR": "Abrasi", "Panjang": 12.193640313 }, "geometry": { "type": "MultiLineString", "coordinates": [ [ [ 115.112029154312111, -8.845502253315509 ], [ 115.112005085119662, -8.845609857140682 ] ] ] } },
{ "type": "Feature", "properties": { "LRR": -1.09, "LR2": 0.36, "Kec": "Kuta Selatan", "Desa": "Pecatu", "KLRR": "Abrasi", "Panjang": 17.6126783403 }, "geometry": { "type": "MultiLineString", "coordinates": [ [ [ 115.11233738134321, -8.845507842770649 ], [ 115.112304867406721, -8.845663748816261 ] ] ] } },
{ "type": "Feature", "properties": { "LRR": -0.74, "LR2": 0.19, "Kec": "Kuta Selatan", "Desa": "Pecatu", "KLRR": "Abrasi", "Panjang": 15.416184809100001 }, "geometry": { "type": "MultiLineString", "coordinates": [ [ [ 115.112639741233068, -8.845540719959722 ], [ 115.112613252628094, -8.845677574727809 ] ] ] } },
{ "type": "Feature", "properties": { "LRR": -0.65, "LR2": 0.15, "Kec": "Kuta Selatan", "Desa": "Pecatu", "KLRR": "Abrasi", "Panjang": 13.721847196500001 }, "geometry": { "type": "MultiLineString", "coordinates": [ [ [ 115.112945289151796, -8.845567659836473 ], [ 115.112923579325866, -8.845689816339931 ] ] ] } },
{ "type": "Feature", "properties": { "LRR": -0.57, "LR2": 0.2, "Kec": "Kuta Selatan", "Desa": "Pecatu", "KLRR": "Abrasi", "Panjang": 10.4580877832 }, "geometry": { "type": "MultiLineString", "coordinates": [ [ [ 115.113275093696757, -8.84559666899878 ], [ 115.113260986029161, -8.845690166705854 ] ] ] } },
{ "type": "Feature", "properties": { "LRR": -0.51, "LR2": 0.18, "Kec": "Kuta Selatan", "Desa": "Pecatu", "KLRR": "Abrasi", "Panjang": 7.7368032062500003 }, "geometry": { "type": "MultiLineString", "coordinates": [ [ [ 115.113607866557089, -8.845625938733654 ], [ 115.113599349761145, -8.845695367276972 ] ] ] } },
{ "type": "Feature", "properties": { "LRR": -0.74, "LR2": 0.28, "Kec": "Kuta Selatan", "Desa": "Pecatu", "KLRR": "Abrasi", "Panjang": 9.7254675150200001 }, "geometry": { "type": "MultiLineString", "coordinates": [ [ [ 115.113885889048504, -8.845650393213251 ], [ 115.113875433397212, -8.845737697664564 ] ] ] } },
{ "type": "Feature", "properties": { "LRR": -0.66, "LR2": 0.19, "Kec": "Kuta Selatan", "Desa": "Pecatu", "KLRR": "Abrasi", "Panjang": 10.8393178452 }, "geometry": { "type": "MultiLineString", "coordinates": [ [ [ 115.114165838867677, -8.845684434669833 ], [ 115.114154601336281, -8.845781786395461 ] ] ] } },
{ "type": "Feature", "properties": { "LRR": -0.51, "LR2": 0.13, "Kec": "Kuta Selatan", "Desa": "Pecatu", "KLRR": "Abrasi", "Panjang": 10.771473009399999 }, "geometry": { "type": "MultiLineString", "coordinates": [ [ [ 115.114444485008647, -8.845729079256417 ], [ 115.114433726702103, -8.845825867484605 ] ] ] } },
{ "type": "Feature", "properties": { "LRR": -0.5, "LR2": 0.13, "Kec": "Kuta Selatan", "Desa": "Pecatu", "KLRR": "Abrasi", "Panjang": 11.961569224 }, "geometry": { "type": "MultiLineString", "coordinates": [ [ [ 115.114723759175234, -8.845762325874551 ], [ 115.114712266371427, -8.84586985683349 ] ] ] } },
{ "type": "Feature", "properties": { "LRR": -0.53, "LR2": 0.11, "Kec": "Kuta Selatan", "Desa": "Pecatu", "KLRR": "Abrasi", "Panjang": 14.291335420099999 }, "geometry": { "type": "MultiLineString", "coordinates": [ [ [ 115.115002371619155, -8.845785053087567 ], [ 115.114989113237414, -8.845913577101451 ] ] ] } },
{ "type": "Feature", "properties": { "LRR": -0.7, "LR2": 0.16, "Kec": "Kuta Selatan", "Desa": "Pecatu", "KLRR": "Abrasi", "Panjang": 15.1005758039 }, "geometry": { "type": "MultiLineString", "coordinates": [ [ [ 115.115290775209175, -8.845822812152985 ], [ 115.115277995567368, -8.845958733712793 ] ] ] } },
{ "type": "Feature", "properties": { "LRR": -0.58, "LR2": 0.15, "Kec": "Kuta Selatan", "Desa": "Pecatu", "KLRR": "Abrasi", "Panjang": 12.9899145877 }, "geometry": { "type": "MultiLineString", "coordinates": [ [ [ 115.115577007860153, -8.845878532545015 ], [ 115.115567003186655, -8.845995543676374 ] ] ] } },
{ "type": "Feature", "properties": { "LRR": -0.87, "LR2": 0.15, "Kec": "Kuta Selatan", "Desa": "Pecatu", "KLRR": "Abrasi", "Panjang": 16.469567884700002 }, "geometry": { "type": "MultiLineString", "coordinates": [ [ [ 115.115862291239793, -8.845910038470702 ], [ 115.115850592512373, -8.846058473931604 ] ] ] } },
{ "type": "Feature", "properties": { "LRR": -1.13, "LR2": 0.17, "Kec": "Kuta Selatan", "Desa": "Pecatu", "KLRR": "Abrasi", "Panjang": 20.4167459327 }, "geometry": { "type": "MultiLineString", "coordinates": [ [ [ 115.116142724151317, -8.845902481201437 ], [ 115.116128776541984, -8.846086533897836 ] ] ] } },
{ "type": "Feature", "properties": { "LRR": -1.15, "LR2": 0.15, "Kec": "Kuta Selatan", "Desa": "Pecatu", "KLRR": "Abrasi", "Panjang": 21.409980481600002 }, "geometry": { "type": "MultiLineString", "coordinates": [ [ [ 115.116414328002591, -8.845920578676006 ], [ 115.116399703274283, -8.846113585309084 ] ] ] } },
{ "type": "Feature", "properties": { "LRR": -0.99, "LR2": 0.13, "Kec": "Kuta Selatan", "Desa": "Pecatu", "KLRR": "Abrasi", "Panjang": 19.4962957575 }, "geometry": { "type": "MultiLineString", "coordinates": [ [ [ 115.116678172414666, -8.845960091799341 ], [ 115.116664370144733, -8.846135809978337 ] ] ] } },
{ "type": "Feature", "properties": { "LRR": -0.56, "LR2": 0.08, "Kec": "Kuta Selatan", "Desa": "Pecatu", "KLRR": "Abrasi", "Panjang": 13.9133246577 }, "geometry": { "type": "MultiLineString", "coordinates": [ [ [ 115.116938417034177, -8.846032593439904 ], [ 115.116928182130493, -8.846157962364037 ] ] ] } },
{ "type": "Feature", "properties": { "LRR": -0.24, "LR2": 0.02, "Kec": "Kuta Selatan", "Desa": "Pecatu", "KLRR": "Abrasi", "Panjang": 12.2360928299 }, "geometry": { "type": "MultiLineString", "coordinates": [ [ [ 115.117253150457628, -8.846068289348764 ], [ 115.117246313901958, -8.846178698927158 ] ] ] } },
{ "type": "Feature", "properties": { "LRR": -0.25, "LR2": 0.02, "Kec": "Kuta Selatan", "Desa": "Pecatu", "KLRR": "Abrasi", "Panjang": 13.9064138086 }, "geometry": { "type": "MultiLineString", "coordinates": [ [ [ 115.117590134154497, -8.846059991049096 ], [ 115.117585968914668, -8.846185641873481 ] ] ] } },
{ "type": "Feature", "properties": { "LRR": -0.74, "LR2": 0.13, "Kec": "Kuta Selatan", "Desa": "Pecatu", "KLRR": "Abrasi", "Panjang": 14.204081973 }, "geometry": { "type": "MultiLineString", "coordinates": [ [ [ 115.117911516581927, -8.846047774535773 ], [ 115.117910050692288, -8.846176176412287 ] ] ] } },
{ "type": "Feature", "properties": { "LRR": -0.88, "LR2": 0.15, "Kec": "Kuta Selatan", "Desa": "Pecatu", "KLRR": "Abrasi", "Panjang": 15.1990855382 }, "geometry": { "type": "MultiLineString", "coordinates": [ [ [ 115.118209730565198, -8.846043656405357 ], [ 115.118209715174871, -8.84618106178168 ] ] ] } },
{ "type": "Feature", "properties": { "LRR": -0.76, "LR2": 0.15, "Kec": "Kuta Selatan", "Desa": "Pecatu", "KLRR": "Abrasi", "Panjang": 13.3306571871 }, "geometry": { "type": "MultiLineString", "coordinates": [ [ [ 115.118504531752819, -8.846072770899802 ], [ 115.118505711213402, -8.846193279301128 ] ] ] } },
{ "type": "Feature", "properties": { "LRR": -0.45, "LR2": 0.14, "Kec": "Kuta Selatan", "Desa": "Pecatu", "KLRR": "Abrasi", "Panjang": 8.46330891693 }, "geometry": { "type": "MultiLineString", "coordinates": [ [ [ 115.118779079412008, -8.846121110181077 ], [ 115.118779936140513, -8.846197616915658 ] ] ] } },
{ "type": "Feature", "properties": { "LRR": -0.13, "LR2": 0.13, "Kec": "Kuta Selatan", "Desa": "Pecatu", "KLRR": "Abrasi", "Panjang": 2.7848845456700002 }, "geometry": { "type": "MultiLineString", "coordinates": [ [ [ 115.119029166145353, -8.846175226229493 ], [ 115.119029235548084, -8.846200402536798 ] ] ] } },
{ "type": "Feature", "properties": { "LRR": 0.0, "LR2": 0.0, "Kec": "Kuta Selatan", "Desa": "Pecatu", "KLRR": "Stabil", "Panjang": 0.0 }, "geometry": { "type": "MultiLineString", "coordinates": [ ] } },
{ "type": "Feature", "properties": { "LRR": 0.0, "LR2": 0.0, "Kec": "Kuta Selatan", "Desa": "Pecatu", "KLRR": "Stabil", "Panjang": 0.0 }, "geometry": { "type": "MultiLineString", "coordinates": [ ] } },
{ "type": "Feature", "properties": { "LRR": 0.0, "LR2": 0.0, "Kec": "Kuta Selatan", "Desa": "Pecatu", "KLRR": "Stabil", "Panjang": 0.0 }, "geometry": { "type": "MultiLineString", "coordinates": [ ] } },
{ "type": "Feature", "properties": { "LRR": 0.0, "LR2": 0.0, "Kec": "Kuta Selatan", "Desa": "Pecatu", "KLRR": "Stabil", "Panjang": 0.0 }, "geometry": { "type": "MultiLineString", "coordinates": [ ] } },
{ "type": "Feature", "properties": { "LRR": 0.0, "LR2": 0.0, "Kec": "Kuta Selatan", "Desa": "Pecatu", "KLRR": "Stabil", "Panjang": 0.0 }, "geometry": { "type": "MultiLineString", "coordinates": [ ] } },
{ "type": "Feature", "properties": { "LRR": 0.0, "LR2": 0.0, "Kec": "Kuta Selatan", "Desa": "Pecatu", "KLRR": "Stabil", "Panjang": 0.0 }, "geometry": { "type": "MultiLineString", "coordinates": [ ] } },
{ "type": "Feature", "properties": { "LRR": 0.0, "LR2": 0.0, "Kec": "Kuta Selatan", "Desa": "Pecatu", "KLRR": "Stabil", "Panjang": 0.0 }, "geometry": { "type": "MultiLineString", "coordinates": [ ] } },
{ "type": "Feature", "properties": { "LRR": 0.0, "LR2": 0.0, "Kec": "Kuta Selatan", "Desa": "Pecatu", "KLRR": "Stabil", "Panjang": 0.0 }, "geometry": { "type": "MultiLineString", "coordinates": [ ] } },
{ "type": "Feature", "properties": { "LRR": 0.0, "LR2": 0.0, "Kec": "Kuta Selatan", "Desa": "Pecatu", "KLRR": "Stabil", "Panjang": 0.0 }, "geometry": { "type": "MultiLineString", "coordinates": [ ] } },
{ "type": "Feature", "properties": { "LRR": 0.0, "LR2": 0.0, "Kec": "Kuta Selatan", "Desa": "Pecatu", "KLRR": "Stabil", "Panjang": 0.0 }, "geometry": { "type": "MultiLineString", "coordinates": [ ] } },
{ "type": "Feature", "properties": { "LRR": 0.0, "LR2": 0.0, "Kec": "Kuta Selatan", "Desa": "Pecatu", "KLRR": "Stabil", "Panjang": 0.0 }, "geometry": { "type": "MultiLineString", "coordinates": [ [ [ 115.121464925247707, -8.846523043279594 ], [ 115.121464925247707, -8.846523043279594 ] ] ] } },
{ "type": "Feature", "properties": { "LRR": 0.0, "LR2": 0.0, "Kec": "Kuta Selatan", "Desa": "Pecatu", "KLRR": "Stabil", "Panjang": 0.0 }, "geometry": { "type": "MultiLineString", "coordinates": [ ] } },
{ "type": "Feature", "properties": { "LRR": 0.0, "LR2": 0.0, "Kec": "Kuta Selatan", "Desa": "Pecatu", "KLRR": "Stabil", "Panjang": 0.0 }, "geometry": { "type": "MultiLineString", "coordinates": [ ] } },
{ "type": "Feature", "properties": { "LRR": 0.0, "LR2": 0.0, "Kec": "Kuta Selatan", "Desa": "Pecatu", "KLRR": "Stabil", "Panjang": 0.0 }, "geometry": { "type": "MultiLineString", "coordinates": [ ] } },
{ "type": "Feature", "properties": { "LRR": 0.0, "LR2": 0.0, "Kec": "Kuta Selatan", "Desa": "Pecatu", "KLRR": "Stabil", "Panjang": 0.0 }, "geometry": { "type": "MultiLineString", "coordinates": [ ] } },
{ "type": "Feature", "properties": { "LRR": 0.0, "LR2": 0.0, "Kec": "Kuta Selatan", "Desa": "Pecatu", "KLRR": "Stabil", "Panjang": 0.0 }, "geometry": { "type": "MultiLineString", "coordinates": [ ] } },
{ "type": "Feature", "properties": { "LRR": 0.0, "LR2": 0.0, "Kec": "Kuta Selatan", "Desa": "Pecatu", "KLRR": "Stabil", "Panjang": 0.0 }, "geometry": { "type": "MultiLineString", "coordinates": [ ] } },
{ "type": "Feature", "properties": { "LRR": 0.0, "LR2": 0.0, "Kec": "Kuta Selatan", "Desa": "Pecatu", "KLRR": "Stabil", "Panjang": 0.0 }, "geometry": { "type": "MultiLineString", "coordinates": [ ] } },
{ "type": "Feature", "properties": { "LRR": 0.0, "LR2": 0.0, "Kec": "Kuta Selatan", "Desa": "Pecatu", "KLRR": "Stabil", "Panjang": 0.0 }, "geometry": { "type": "MultiLineString", "coordinates": [ ] } },
{ "type": "Feature", "properties": { "LRR": 0.0, "LR2": 0.0, "Kec": "Kuta Selatan", "Desa": "Pecatu", "KLRR": "Stabil", "Panjang": 0.0 }, "geometry": { "type": "MultiLineString", "coordinates": [ ] } },
{ "type": "Feature", "properties": { "LRR": 0.0, "LR2": 0.0, "Kec": "Kuta Selatan", "Desa": "Pecatu", "KLRR": "Stabil", "Panjang": 0.0 }, "geometry": { "type": "MultiLineString", "coordinates": [ [ [ 115.124376641370972, -8.847093607836586 ], [ 115.124376641370972, -8.847093607836586 ] ] ] } },
{ "type": "Feature", "properties": { "LRR": 0.0, "LR2": 0.0, "Kec": "Kuta Selatan", "Desa": "Pecatu", "KLRR": "Stabil", "Panjang": 0.0 }, "geometry": { "type": "MultiLineString", "coordinates": [ ] } },
{ "type": "Feature", "properties": { "LRR": 0.0, "LR2": 0.0, "Kec": "Kuta Selatan", "Desa": "Pecatu", "KLRR": "Stabil", "Panjang": 0.0 }, "geometry": { "type": "MultiLineString", "coordinates": [ ] } },
{ "type": "Feature", "properties": { "LRR": 0.0, "LR2": 0.0, "Kec": "Kuta Selatan", "Desa": "Pecatu", "KLRR": "Stabil", "Panjang": 0.0 }, "geometry": { "type": "MultiLineString", "coordinates": [ ] } },
{ "type": "Feature", "properties": { "LRR": 0.0, "LR2": 0.0, "Kec": "Kuta Selatan", "Desa": "Pecatu", "KLRR": "Stabil", "Panjang": 0.0 }, "geometry": { "type": "MultiLineString", "coordinates": [ ] } },
{ "type": "Feature", "properties": { "LRR": 0.0, "LR2": 0.0, "Kec": "Kuta Selatan", "Desa": "Pecatu", "KLRR": "Stabil", "Panjang": 0.0 }, "geometry": { "type": "MultiLineString", "coordinates": [ ] } },
{ "type": "Feature", "properties": { "LRR": 0.0, "LR2": 0.09, "Kec": "Kuta Selatan", "Desa": "Pecatu", "KLRR": "Stabil", "Panjang": 0.02477034434 }, "geometry": { "type": "MultiLineString", "coordinates": [ [ [ 115.126308053543795, -8.846941626149089 ], [ 115.12630807877791, -8.846941848672305 ] ] ] } },
{ "type": "Feature", "properties": { "LRR": -0.02, "LR2": 0.09, "Kec": "Kuta Selatan", "Desa": "Pecatu", "KLRR": "Abrasi", "Panjang": 0.45050693704 }, "geometry": { "type": "MultiLineString", "coordinates": [ [ [ 115.126571091295546, -8.846852280298146 ], [ 115.126571573492754, -8.846856324730771 ] ] ] } },
{ "type": "Feature", "properties": { "LRR": 0.0, "LR2": 0.0, "Kec": "Kuta Selatan", "Desa": "Pecatu", "KLRR": "Stabil", "Panjang": 0.0 }, "geometry": { "type": "MultiLineString", "coordinates": [ ] } },
{ "type": "Feature", "properties": { "LRR": 0.0, "LR2": 0.0, "Kec": "Kuta Selatan", "Desa": "Pecatu", "KLRR": "Stabil", "Panjang": 0.0 }, "geometry": { "type": "MultiLineString", "coordinates": [ ] } },
{ "type": "Feature", "properties": { "LRR": 0.0, "LR2": 0.0, "Kec": "Kuta Selatan", "Desa": "Pecatu", "KLRR": "Stabil", "Panjang": 0.0 }, "geometry": { "type": "MultiLineString", "coordinates": [ ] } },
{ "type": "Feature", "properties": { "LRR": 0.0, "LR2": 0.0, "Kec": "Kuta Selatan", "Desa": "Pecatu", "KLRR": "Stabil", "Panjang": 0.0 }, "geometry": { "type": "MultiLineString", "coordinates": [ ] } },
{ "type": "Feature", "properties": { "LRR": -0.1, "LR2": 0.16, "Kec": "Kuta Selatan", "Desa": "Pecatu", "KLRR": "Abrasi", "Panjang": 1.9875798597700001 }, "geometry": { "type": "MultiLineString", "coordinates": [ [ [ 115.127680018769198, -8.846408150888298 ], [ 115.127680670622809, -8.84642610774327 ] ] ] } },
{ "type": "Feature", "properties": { "LRR": -0.03, "LR2": 0.16, "Kec": "Kuta Selatan", "Desa": "Pecatu", "KLRR": "Abrasi", "Panjang": 0.56270355394000005 }, "geometry": { "type": "MultiLineString", "coordinates": [ [ [ 115.127851017991091, -8.846401857521512 ], [ 115.127850974102444, -8.846406944410795 ] ] ] } },
{ "type": "Feature", "properties": { "LRR": 0.0, "LR2": 0.0, "Kec": "Kuta Selatan", "Desa": "Pecatu", "KLRR": "Stabil", "Panjang": 0.0 }, "geometry": { "type": "MultiLineString", "coordinates": [ ] } },
{ "type": "Feature", "properties": { "LRR": 0.0, "LR2": 0.0, "Kec": "Kuta Selatan", "Desa": "Pecatu", "KLRR": "Stabil", "Panjang": 0.0 }, "geometry": { "type": "MultiLineString", "coordinates": [ ] } },
{ "type": "Feature", "properties": { "LRR": 0.0, "LR2": 0.0, "Kec": "Kuta Selatan", "Desa": "Pecatu", "KLRR": "Stabil", "Panjang": 0.0 }, "geometry": { "type": "MultiLineString", "coordinates": [ ] } },
{ "type": "Feature", "properties": { "LRR": 0.0, "LR2": 0.0, "Kec": "Kuta Selatan", "Desa": "Pecatu", "KLRR": "Stabil", "Panjang": 0.0 }, "geometry": { "type": "MultiLineString", "coordinates": [ ] } },
{ "type": "Feature", "properties": { "LRR": 0.0, "LR2": 0.0, "Kec": "Kuta Selatan", "Desa": "Pecatu", "KLRR": "Stabil", "Panjang": 0.0 }, "geometry": { "type": "MultiLineString", "coordinates": [ ] } },
{ "type": "Feature", "properties": { "LRR": 0.0, "LR2": 0.0, "Kec": "Kuta Selatan", "Desa": "Pecatu", "KLRR": "Stabil", "Panjang": 0.0 }, "geometry": { "type": "MultiLineString", "coordinates": [ ] } },
{ "type": "Feature", "properties": { "LRR": 0.0, "LR2": 0.0, "Kec": "Kuta Selatan", "Desa": "Pecatu", "KLRR": "Stabil", "Panjang": 0.0 }, "geometry": { "type": "MultiLineString", "coordinates": [ ] } },
{ "type": "Feature", "properties": { "LRR": 0.0, "LR2": 0.0, "Kec": "Kuta Selatan", "Desa": "Pecatu", "KLRR": "Stabil", "Panjang": 0.0 }, "geometry": { "type": "MultiLineString", "coordinates": [ ] } },
{ "type": "Feature", "properties": { "LRR": 0.0, "LR2": 0.0, "Kec": "Kuta Selatan", "Desa": "Pecatu", "KLRR": "Stabil", "Panjang": 0.0 }, "geometry": { "type": "MultiLineString", "coordinates": [ [ [ 115.129713409804083, -8.847103354398463 ], [ 115.129713409804083, -8.847103354398463 ] ] ] } },
{ "type": "Feature", "properties": { "LRR": 0.0, "LR2": 0.0, "Kec": "Kuta Selatan", "Desa": "Pecatu", "KLRR": "Stabil", "Panjang": 0.0 }, "geometry": { "type": "MultiLineString", "coordinates": [ ] } },
{ "type": "Feature", "properties": { "LRR": 0.0, "LR2": 0.0, "Kec": "Kuta Selatan", "Desa": "Pecatu", "KLRR": "Stabil", "Panjang": 0.0 }, "geometry": { "type": "MultiLineString", "coordinates": [ ] } },
{ "type": "Feature", "properties": { "LRR": 0.0, "LR2": 0.0, "Kec": "Kuta Selatan", "Desa": "Pecatu", "KLRR": "Stabil", "Panjang": 0.0 }, "geometry": { "type": "MultiLineString", "coordinates": [ ] } },
{ "type": "Feature", "properties": { "LRR": 0.0, "LR2": 0.0, "Kec": "Kuta Selatan", "Desa": "Pecatu", "KLRR": "Stabil", "Panjang": 0.0 }, "geometry": { "type": "MultiLineString", "coordinates": [ ] } },
{ "type": "Feature", "properties": { "LRR": 0.0, "LR2": 0.0, "Kec": "Kuta Selatan", "Desa": "Pecatu", "KLRR": "Stabil", "Panjang": 0.0 }, "geometry": { "type": "MultiLineString", "coordinates": [ [ [ 115.131245182844566, -8.847319337602061 ], [ 115.131245182844566, -8.847319337602061 ] ] ] } },
{ "type": "Feature", "properties": { "LRR": 0.0, "LR2": 0.0, "Kec": "Kuta Selatan", "Desa": "Pecatu", "KLRR": "Stabil", "Panjang": 0.0 }, "geometry": { "type": "MultiLineString", "coordinates": [ ] } },
{ "type": "Feature", "properties": { "LRR": 0.0, "LR2": 0.0, "Kec": "Kuta Selatan", "Desa": "Pecatu", "KLRR": "Stabil", "Panjang": 0.0 }, "geometry": { "type": "MultiLineString", "coordinates": [ ] } },
{ "type": "Feature", "properties": { "LRR": 0.0, "LR2": 0.0, "Kec": "Kuta Selatan", "Desa": "Pecatu", "KLRR": "Stabil", "Panjang": 0.0 }, "geometry": { "type": "MultiLineString", "coordinates": [ ] } },
{ "type": "Feature", "properties": { "LRR": 0.0, "LR2": 0.0, "Kec": "Kuta Selatan", "Desa": "Pecatu", "KLRR": "Stabil", "Panjang": 0.0 }, "geometry": { "type": "MultiLineString", "coordinates": [ ] } },
{ "type": "Feature", "properties": { "LRR": 0.0, "LR2": 0.0, "Kec": "Kuta Selatan", "Desa": "Pecatu", "KLRR": "Stabil", "Panjang": 0.0 }, "geometry": { "type": "MultiLineString", "coordinates": [ ] } },
{ "type": "Feature", "properties": { "LRR": 0.0, "LR2": 0.0, "Kec": "Kuta Selatan", "Desa": "Pecatu", "KLRR": "Stabil", "Panjang": 0.0 }, "geometry": { "type": "MultiLineString", "coordinates": [ [ [ 115.132941765619321, -8.847320357620738 ], [ 115.132941765619321, -8.847320357620738 ] ] ] } },
{ "type": "Feature", "properties": { "LRR": 0.0, "LR2": 0.0, "Kec": "Kuta Selatan", "Desa": "Pecatu", "KLRR": "Stabil", "Panjang": 0.0 }, "geometry": { "type": "MultiLineString", "coordinates": [ ] } },
{ "type": "Feature", "properties": { "LRR": 0.0, "LR2": 0.0, "Kec": "Kuta Selatan", "Desa": "Pecatu", "KLRR": "Stabil", "Panjang": 0.0 }, "geometry": { "type": "MultiLineString", "coordinates": [ ] } },
{ "type": "Feature", "properties": { "LRR": 0.0, "LR2": 0.0, "Kec": "Kuta Selatan", "Desa": "Pecatu", "KLRR": "Stabil", "Panjang": 0.0 }, "geometry": { "type": "MultiLineString", "coordinates": [ ] } },
{ "type": "Feature", "properties": { "LRR": 0.0, "LR2": 0.0, "Kec": "Kuta Selatan", "Desa": "Pecatu", "KLRR": "Stabil", "Panjang": 0.0 }, "geometry": { "type": "MultiLineString", "coordinates": [ ] } },
{ "type": "Feature", "properties": { "LRR": 0.0, "LR2": 0.0, "Kec": "Kuta Selatan", "Desa": "Pecatu", "KLRR": "Stabil", "Panjang": 0.0 }, "geometry": { "type": "MultiLineString", "coordinates": [ ] } },
{ "type": "Feature", "properties": { "LRR": 0.0, "LR2": 0.0, "Kec": "Kuta Selatan", "Desa": "Pecatu", "KLRR": "Stabil", "Panjang": 0.0 }, "geometry": { "type": "MultiLineString", "coordinates": [ ] } },
{ "type": "Feature", "properties": { "LRR": 0.0, "LR2": 0.0, "Kec": "Kuta Selatan", "Desa": "Pecatu", "KLRR": "Stabil", "Panjang": 0.0 }, "geometry": { "type": "MultiLineString", "coordinates": [ ] } },
{ "type": "Feature", "properties": { "LRR": 0.0, "LR2": 0.0, "Kec": "Kuta Selatan", "Desa": "Pecatu", "KLRR": "Stabil", "Panjang": 0.0 }, "geometry": { "type": "MultiLineString", "coordinates": [ ] } },
{ "type": "Feature", "properties": { "LRR": 0.0, "LR2": 0.0, "Kec": "Kuta Selatan", "Desa": "Pecatu", "KLRR": "Stabil", "Panjang": 0.0 }, "geometry": { "type": "MultiLineString", "coordinates": [ ] } },
{ "type": "Feature", "properties": { "LRR": 0.0, "LR2": 0.0, "Kec": "Kuta Selatan", "Desa": "Pecatu", "KLRR": "Stabil", "Panjang": 0.0 }, "geometry": { "type": "MultiLineString", "coordinates": [ ] } },
{ "type": "Feature", "properties": { "LRR": 0.0, "LR2": 0.0, "Kec": "Kuta Selatan", "Desa": "Pecatu", "KLRR": "Stabil", "Panjang": 0.0 }, "geometry": { "type": "MultiLineString", "coordinates": [ [ [ 115.135963808027554, -8.847634169927876 ], [ 115.135963808027554, -8.847634169927876 ] ] ] } },
{ "type": "Feature", "properties": { "LRR": 0.0, "LR2": 0.0, "Kec": "Kuta Selatan", "Desa": "Pecatu", "KLRR": "Stabil", "Panjang": 0.0 }, "geometry": { "type": "MultiLineString", "coordinates": [ ] } },
{ "type": "Feature", "properties": { "LRR": 0.0, "LR2": 0.0, "Kec": "Kuta Selatan", "Desa": "Pecatu", "KLRR": "Stabil", "Panjang": 0.0 }, "geometry": { "type": "MultiLineString", "coordinates": [ ] } },
{ "type": "Feature", "properties": { "LRR": 0.0, "LR2": 0.0, "Kec": "Kuta Selatan", "Desa": "Pecatu", "KLRR": "Stabil", "Panjang": 0.0 }, "geometry": { "type": "MultiLineString", "coordinates": [ ] } },
{ "type": "Feature", "properties": { "LRR": 0.0, "LR2": 0.0, "Kec": "Kuta Selatan", "Desa": "Pecatu", "KLRR": "Stabil", "Panjang": 0.0 }, "geometry": { "type": "MultiLineString", "coordinates": [ ] } },
{ "type": "Feature", "properties": { "LRR": 0.0, "LR2": 0.0, "Kec": "Kuta Selatan", "Desa": "Pecatu", "KLRR": "Stabil", "Panjang": 0.0 }, "geometry": { "type": "MultiLineString", "coordinates": [ ] } },
{ "type": "Feature", "properties": { "LRR": 0.0, "LR2": 0.0, "Kec": "Kuta Selatan", "Desa": "Pecatu", "KLRR": "Stabil", "Panjang": 0.0 }, "geometry": { "type": "MultiLineString", "coordinates": [ ] } },
{ "type": "Feature", "properties": { "LRR": 0.0, "LR2": 0.0, "Kec": "Kuta Selatan", "Desa": "Pecatu", "KLRR": "Stabil", "Panjang": 0.0 }, "geometry": { "type": "MultiLineString", "coordinates": [ ] } },
{ "type": "Feature", "properties": { "LRR": 0.0, "LR2": 0.0, "Kec": "Kuta Selatan", "Desa": "Pecatu", "KLRR": "Stabil", "Panjang": 0.0 }, "geometry": { "type": "MultiLineString", "coordinates": [ [ [ 115.138407533992847, -8.847597673872322 ], [ 115.138407533992847, -8.847597673872322 ] ] ] } },
{ "type": "Feature", "properties": { "LRR": 0.0, "LR2": 0.0, "Kec": "Kuta Selatan", "Desa": "Pecatu", "KLRR": "Stabil", "Panjang": 0.0 }, "geometry": { "type": "MultiLineString", "coordinates": [ ] } },
{ "type": "Feature", "properties": { "LRR": 0.0, "LR2": 0.0, "Kec": "Kuta Selatan", "Desa": "Pecatu", "KLRR": "Stabil", "Panjang": 0.0 }, "geometry": { "type": "MultiLineString", "coordinates": [ ] } },
{ "type": "Feature", "properties": { "LRR": 0.0, "LR2": 0.0, "Kec": "Kuta Selatan", "Desa": "Pecatu", "KLRR": "Stabil", "Panjang": 0.0 }, "geometry": { "type": "MultiLineString", "coordinates": [ ] } },
{ "type": "Feature", "properties": { "LRR": 0.0, "LR2": 0.0, "Kec": "Kuta Selatan", "Desa": "Pecatu", "KLRR": "Stabil", "Panjang": 0.0 }, "geometry": { "type": "MultiLineString", "coordinates": [ ] } },
{ "type": "Feature", "properties": { "LRR": 0.0, "LR2": 0.0, "Kec": "Kuta Selatan", "Desa": "Pecatu", "KLRR": "Stabil", "Panjang": 0.0 }, "geometry": { "type": "MultiLineString", "coordinates": [ ] } },
{ "type": "Feature", "properties": { "LRR": 0.0, "LR2": 0.0, "Kec": "Kuta Selatan", "Desa": "Pecatu", "KLRR": "Stabil", "Panjang": 0.0 }, "geometry": { "type": "MultiLineString", "coordinates": [ ] } },
{ "type": "Feature", "properties": { "LRR": 0.0, "LR2": 0.0, "Kec": "Kuta Selatan", "Desa": "Pecatu", "KLRR": "Stabil", "Panjang": 0.0 }, "geometry": { "type": "MultiLineString", "coordinates": [ [ [ 115.140217857454417, -8.847463775024586 ], [ 115.140217857454417, -8.847463775024586 ] ] ] } },
{ "type": "Feature", "properties": { "LRR": 0.0, "LR2": 0.0, "Kec": "Kuta Selatan", "Desa": "Pecatu", "KLRR": "Stabil", "Panjang": 0.0 }, "geometry": { "type": "MultiLineString", "coordinates": [ ] } },
{ "type": "Feature", "properties": { "LRR": 0.0, "LR2": 0.0, "Kec": "Kuta Selatan", "Desa": "Pecatu", "KLRR": "Stabil", "Panjang": 0.0 }, "geometry": { "type": "MultiLineString", "coordinates": [ ] } },
{ "type": "Feature", "properties": { "LRR": 0.0, "LR2": 0.0, "Kec": "Kuta Selatan", "Desa": "Pecatu", "KLRR": "Stabil", "Panjang": 0.0 }, "geometry": { "type": "MultiLineString", "coordinates": [ ] } },
{ "type": "Feature", "properties": { "LRR": 0.0, "LR2": 0.0, "Kec": "Kuta Selatan", "Desa": "Pecatu", "KLRR": "Stabil", "Panjang": 0.0 }, "geometry": { "type": "MultiLineString", "coordinates": [ ] } },
{ "type": "Feature", "properties": { "LRR": 0.0, "LR2": 0.0, "Kec": "Kuta Selatan", "Desa": "Pecatu", "KLRR": "Stabil", "Panjang": 0.0 }, "geometry": { "type": "MultiLineString", "coordinates": [ ] } },
{ "type": "Feature", "properties": { "LRR": 0.0, "LR2": 0.0, "Kec": "Kuta Selatan", "Desa": "Pecatu", "KLRR": "Stabil", "Panjang": 0.0 }, "geometry": { "type": "MultiLineString", "coordinates": [ ] } },
{ "type": "Feature", "properties": { "LRR": 0.0, "LR2": 0.0, "Kec": "Kuta Selatan", "Desa": "Pecatu", "KLRR": "Stabil", "Panjang": 0.0 }, "geometry": { "type": "MultiLineString", "coordinates": [ ] } },
{ "type": "Feature", "properties": { "LRR": 0.0, "LR2": 0.0, "Kec": "Kuta Selatan", "Desa": "Pecatu", "KLRR": "Stabil", "Panjang": 0.0 }, "geometry": { "type": "MultiLineString", "coordinates": [ [ [ 115.142071687315863, -8.847564874753354 ], [ 115.142071687315863, -8.847564874753354 ] ] ] } },
{ "type": "Feature", "properties": { "LRR": 0.0, "LR2": 0.0, "Kec": "Kuta Selatan", "Desa": "Pecatu", "KLRR": "Stabil", "Panjang": 0.0 }, "geometry": { "type": "MultiLineString", "coordinates": [ ] } },
{ "type": "Feature", "properties": { "LRR": 0.0, "LR2": 0.0, "Kec": "Kuta Selatan", "Desa": "Pecatu", "KLRR": "Stabil", "Panjang": 0.0 }, "geometry": { "type": "MultiLineString", "coordinates": [ ] } },
{ "type": "Feature", "properties": { "LRR": 0.0, "LR2": 0.0, "Kec": "Kuta Selatan", "Desa": "Pecatu", "KLRR": "Stabil", "Panjang": 0.0 }, "geometry": { "type": "MultiLineString", "coordinates": [ ] } },
{ "type": "Feature", "properties": { "LRR": 0.0, "LR2": 0.0, "Kec": "Kuta Selatan", "Desa": "Pecatu", "KLRR": "Stabil", "Panjang": 0.0 }, "geometry": { "type": "MultiLineString", "coordinates": [ [ [ 115.143040331352623, -8.84777857162517 ], [ 115.143040331352623, -8.84777857162517 ] ] ] } },
{ "type": "Feature", "properties": { "LRR": 0.0, "LR2": 0.0, "Kec": "Kuta Selatan", "Desa": "Pecatu", "KLRR": "Stabil", "Panjang": 0.0 }, "geometry": { "type": "MultiLineString", "coordinates": [ ] } },
{ "type": "Feature", "properties": { "LRR": 0.0, "LR2": 0.0, "Kec": "Kuta Selatan", "Desa": "Pecatu", "KLRR": "Stabil", "Panjang": 0.0 }, "geometry": { "type": "MultiLineString", "coordinates": [ ] } },
{ "type": "Feature", "properties": { "LRR": 0.0, "LR2": 0.0, "Kec": "Kuta Selatan", "Desa": "Pecatu", "KLRR": "Stabil", "Panjang": 0.0 }, "geometry": { "type": "MultiLineString", "coordinates": [ ] } },
{ "type": "Feature", "properties": { "LRR": 0.0, "LR2": 0.0, "Kec": "Kuta Selatan", "Desa": "Pecatu", "KLRR": "Stabil", "Panjang": 0.0 }, "geometry": { "type": "MultiLineString", "coordinates": [ ] } },
{ "type": "Feature", "properties": { "LRR": 0.0, "LR2": 0.0, "Kec": "Kuta Selatan", "Desa": "Pecatu", "KLRR": "Stabil", "Panjang": 0.0 }, "geometry": { "type": "MultiLineString", "coordinates": [ ] } },
{ "type": "Feature", "properties": { "LRR": 0.0, "LR2": 0.0, "Kec": "Kuta Selatan", "Desa": "Pecatu", "KLRR": "Stabil", "Panjang": 0.0 }, "geometry": { "type": "MultiLineString", "coordinates": [ ] } },
{ "type": "Feature", "properties": { "LRR": 0.0, "LR2": 0.0, "Kec": "Kuta Selatan", "Desa": "Pecatu", "KLRR": "Stabil", "Panjang": 0.0 }, "geometry": { "type": "MultiLineString", "coordinates": [ [ [ 115.145205592983189, -8.848168366146767 ], [ 115.145205592983189, -8.848168366146767 ] ] ] } },
{ "type": "Feature", "properties": { "LRR": 0.0, "LR2": 0.0, "Kec": "Kuta Selatan", "Desa": "Pecatu", "KLRR": "Stabil", "Panjang": 0.0 }, "geometry": { "type": "MultiLineString", "coordinates": [ ] } },
{ "type": "Feature", "properties": { "LRR": 0.0, "LR2": 0.0, "Kec": "Kuta Selatan", "Desa": "Pecatu", "KLRR": "Stabil", "Panjang": 0.0 }, "geometry": { "type": "MultiLineString", "coordinates": [ [ [ 115.145937604022421, -8.84821072294559 ], [ 115.145937604022421, -8.84821072294559 ] ] ] } },
{ "type": "Feature", "properties": { "LRR": 0.0, "LR2": 0.0, "Kec": "Kuta Selatan", "Desa": "Pecatu", "KLRR": "Stabil", "Panjang": 0.0 }, "geometry": { "type": "MultiLineString", "coordinates": [ ] } },
{ "type": "Feature", "properties": { "LRR": 0.0, "LR2": 0.0, "Kec": "Kuta Selatan", "Desa": "Pecatu", "KLRR": "Stabil", "Panjang": 0.0 }, "geometry": { "type": "MultiLineString", "coordinates": [ ] } },
{ "type": "Feature", "properties": { "LRR": 0.0, "LR2": 0.0, "Kec": "Kuta Selatan", "Desa": "Pecatu", "KLRR": "Stabil", "Panjang": 0.0 }, "geometry": { "type": "MultiLineString", "coordinates": [ ] } },
{ "type": "Feature", "properties": { "LRR": 0.0, "LR2": 0.0, "Kec": "Kuta Selatan", "Desa": "Pecatu", "KLRR": "Stabil", "Panjang": 0.0 }, "geometry": { "type": "MultiLineString", "coordinates": [ ] } },
{ "type": "Feature", "properties": { "LRR": 0.0, "LR2": 0.0, "Kec": "Kuta Selatan", "Desa": "Pecatu", "KLRR": "Stabil", "Panjang": 0.0 }, "geometry": { "type": "MultiLineString", "coordinates": [ ] } },
{ "type": "Feature", "properties": { "LRR": 0.0, "LR2": 0.0, "Kec": "Kuta Selatan", "Desa": "Pecatu", "KLRR": "Stabil", "Panjang": 0.0 }, "geometry": { "type": "MultiLineString", "coordinates": [ ] } },
{ "type": "Feature", "properties": { "LRR": -0.93, "LR2": 0.3, "Kec": "Kuta Utara", "Desa": "Canggu", "KLRR": "Abrasi", "Panjang": 13.3762887458 }, "geometry": { "type": "MultiLineString", "coordinates": [ [ [ 115.134533965841328, -8.663166874714101 ], [ 115.134459898075121, -8.663262746263868 ] ] ] } },
{ "type": "Feature", "properties": { "LRR": -1.22, "LR2": 0.37, "Kec": "Kuta Utara", "Desa": "Canggu", "KLRR": "Abrasi", "Panjang": 14.995421974 }, "geometry": { "type": "MultiLineString", "coordinates": [ [ [ 115.134715604594135, -8.663321966809953 ], [ 115.134631003177404, -8.663428225304621 ] ] ] } },
{ "type": "Feature", "properties": { "LRR": -0.95, "LR2": 0.34, "Kec": "Kuta Utara", "Desa": "Canggu", "KLRR": "Abrasi", "Panjang": 13.2669592758 }, "geometry": { "type": "MultiLineString", "coordinates": [ [ [ 115.134895734361152, -8.663451459219525 ], [ 115.134819443790434, -8.663544315788519 ] ] ] } },
{ "type": "Feature", "properties": { "LRR": -0.8, "LR2": 0.12, "Kec": "Kuta Utara", "Desa": "Tibubeneng", "KLRR": "Abrasi", "Panjang": 17.1401666575 }, "geometry": { "type": "MultiLineString", "coordinates": [ [ [ 115.135198906894288, -8.663525349081727 ], [ 115.13510132587966, -8.663646107028567 ] ] ] } },
{ "type": "Feature", "properties": { "LRR": -0.46, "LR2": 0.02, "Kec": "Kuta Utara", "Desa": "Tibubeneng", "KLRR": "Abrasi", "Panjang": 26.064673704400001 }, "geometry": { "type": "MultiLineString", "coordinates": [ [ [ 115.135519270719755, -8.663615792869537 ], [ 115.135374047575894, -8.663801916471856 ] ] ] } },
{ "type": "Feature", "properties": { "LRR": -0.68, "LR2": 0.04, "Kec": "Kuta Utara", "Desa": "Tibubeneng", "KLRR": "Abrasi", "Panjang": 25.4430795882 }, "geometry": { "type": "MultiLineString", "coordinates": [ [ [ 115.135769131672603, -8.663797225627061 ], [ 115.135630595958048, -8.663981356859265 ] ] ] } },
{ "type": "Feature", "properties": { "LRR": -0.64, "LR2": 0.04, "Kec": "Kuta Utara", "Desa": "Tibubeneng", "KLRR": "Abrasi", "Panjang": 25.6987471003 }, "geometry": { "type": "MultiLineString", "coordinates": [ [ [ 115.135996935585737, -8.663994398928036 ], [ 115.135859501022239, -8.664182212454755 ] ] ] } },
{ "type": "Feature", "properties": { "LRR": -0.84, "LR2": 0.07, "Kec": "Kuta Utara", "Desa": "Tibubeneng", "KLRR": "Abrasi", "Panjang": 25.3760607034 }, "geometry": { "type": "MultiLineString", "coordinates": [ [ [ 115.136200581606232, -8.664203509104068 ], [ 115.136066178477208, -8.66438990364901 ] ] ] } },
{ "type": "Feature", "properties": { "LRR": -0.42, "LR2": 0.02, "Kec": "Kuta Utara", "Desa": "Tibubeneng", "KLRR": "Abrasi", "Panjang": 22.8706765242 }, "geometry": { "type": "MultiLineString", "coordinates": [ [ [ 115.136394416519394, -8.66441432886362 ], [ 115.136274081518266, -8.664582887995172 ] ] ] } },
{ "type": "Feature", "properties": { "LRR": -0.17, "LR2": 0.0, "Kec": "Kuta Utara", "Desa": "Tibubeneng", "KLRR": "Abrasi", "Panjang": 22.1508031708 }, "geometry": { "type": "MultiLineString", "coordinates": [ [ [ 115.136586107994518, -8.664586505586012 ], [ 115.136468716612825, -8.664749159320582 ] ] ] } },
{ "type": "Feature", "properties": { "LRR": -0.35, "LR2": 0.02, "Kec": "Kuta Utara", "Desa": "Tibubeneng", "KLRR": "Abrasi", "Panjang": 21.828753951100001 }, "geometry": { "type": "MultiLineString", "coordinates": [ [ [ 115.136743909554838, -8.66472466061686 ], [ 115.13662432258748, -8.664882088141566 ] ] ] } },
{ "type": "Feature", "properties": { "LRR": -0.84, "LR2": 0.11, "Kec": "Kuta Utara", "Desa": "Tibubeneng", "KLRR": "Abrasi", "Panjang": 19.054624499100001 }, "geometry": { "type": "MultiLineString", "coordinates": [ [ [ 115.136893319488365, -8.664840812215933 ], [ 115.136784424413918, -8.664974725658704 ] ] ] } },
{ "type": "Feature", "properties": { "LRR": -0.81, "LR2": 0.12, "Kec": "Kuta Utara", "Desa": "Tibubeneng", "KLRR": "Abrasi", "Panjang": 19.013329312900002 }, "geometry": { "type": "MultiLineString", "coordinates": [ [ [ 115.13706001537517, -8.664942315410663 ], [ 115.136947040193661, -8.665072345936931 ] ] ] } },
{ "type": "Feature", "properties": { "LRR": -0.88, "LR2": 0.14, "Kec": "Kuta Utara", "Desa": "Tibubeneng", "KLRR": "Abrasi", "Panjang": 16.230912891799999 }, "geometry": { "type": "MultiLineString", "coordinates": [ [ [ 115.137219891844339, -8.665050125513405 ], [ 115.137119911398344, -8.665157983055328 ] ] ] } },
{ "type": "Feature", "properties": { "LRR": -0.31, "LR2": 0.02, "Kec": "Kuta Utara", "Desa": "Tibubeneng", "KLRR": "Abrasi", "Panjang": 16.634428848700001 }, "geometry": { "type": "MultiLineString", "coordinates": [ [ [ 115.137406583664642, -8.665142564287299 ], [ 115.137300863331447, -8.665250025942537 ] ] ] } },
{ "type": "Feature", "properties": { "LRR": -0.05, "LR2": 0.0, "Kec": "Kuta Utara", "Desa": "Tibubeneng", "KLRR": "Abrasi", "Panjang": 18.2434508859 }, "geometry": { "type": "MultiLineString", "coordinates": [ [ [ 115.13762598657533, -8.665261269166679 ], [ 115.137508409506523, -8.665377514848075 ] ] ] } },
{ "type": "Feature", "properties": { "LRR": 0.08, "LR2": 0.0, "Kec": "Kuta Utara", "Desa": "Tibubeneng", "KLRR": "Akresi", "Panjang": 17.9125886918 }, "geometry": { "type": "MultiLineString", "coordinates": [ [ [ 115.137829248284149, -8.665432690015269 ], [ 115.137713449495692, -8.665546471808586 ] ] ] } },
{ "type": "Feature", "properties": { "LRR": 0.33, "LR2": 0.02, "Kec": "Kuta Utara", "Desa": "Tibubeneng", "KLRR": "Akresi", "Panjang": 15.476183674 }, "geometry": { "type": "MultiLineString", "coordinates": [ [ [ 115.138006593854769, -8.665654651054563 ], [ 115.137907026897807, -8.665753439429254 ] ] ] } },
{ "type": "Feature", "properties": { "LRR": -0.99, "LR2": 0.17, "Kec": "Kuta", "Desa": "Legian", "KLRR": "Abrasi", "Panjang": 23.0582580805 }, "geometry": { "type": "MultiLineString", "coordinates": [ [ [ 115.164011756934968, -8.702781365247317 ], [ 115.163823808752525, -8.702873476866026 ] ] ] } },
{ "type": "Feature", "properties": { "LRR": -0.88, "LR2": 0.12, "Kec": "Kuta", "Desa": "Legian", "KLRR": "Abrasi", "Panjang": 22.562083106100001 }, "geometry": { "type": "MultiLineString", "coordinates": [ [ [ 115.16414511411979, -8.70300333146224 ], [ 115.1639606285935, -8.703092276585815 ] ] ] } },
{ "type": "Feature", "properties": { "LRR": -1.0, "LR2": 0.11, "Kec": "Kuta", "Desa": "Legian", "KLRR": "Abrasi", "Panjang": 27.092040444199998 }, "geometry": { "type": "MultiLineString", "coordinates": [ [ [ 115.164298488330772, -8.703213393527715 ], [ 115.16407614598802, -8.70331850444356 ] ] ] } },
{ "type": "Feature", "properties": { "LRR": -0.86, "LR2": 0.07, "Kec": "Kuta", "Desa": "Legian", "KLRR": "Abrasi", "Panjang": 28.328927158100001 }, "geometry": { "type": "MultiLineString", "coordinates": [ [ [ 115.164417177326982, -8.703440315595975 ], [ 115.164183845718071, -8.70354845281407 ] ] ] } },
{ "type": "Feature", "properties": { "LRR": -0.6, "LR2": 0.05, "Kec": "Kuta", "Desa": "Legian", "KLRR": "Abrasi", "Panjang": 24.066230596600001 }, "geometry": { "type": "MultiLineString", "coordinates": [ [ [ 115.164507017720339, -8.703688456383409 ], [ 115.164308417889941, -8.703779510536277 ] ] ] } },
{ "type": "Feature", "properties": { "LRR": -0.58, "LR2": 0.04, "Kec": "Kuta", "Desa": "Legian", "KLRR": "Abrasi", "Panjang": 22.906907474099999 }, "geometry": { "type": "MultiLineString", "coordinates": [ [ [ 115.16460377266705, -8.703933280022241 ], [ 115.164414383174432, -8.704019173874654 ] ] ] } },
{ "type": "Feature", "properties": { "LRR": -0.55, "LR2": 0.04, "Kec": "Kuta", "Desa": "Legian", "KLRR": "Abrasi", "Panjang": 22.600231691299999 }, "geometry": { "type": "MultiLineString", "coordinates": [ [ [ 115.164693142142653, -8.704181322704075 ], [ 115.164505939835962, -8.704265302352169 ] ] ] } },
{ "type": "Feature", "properties": { "LRR": -0.39, "LR2": 0.03, "Kec": "Kuta", "Desa": "Legian", "KLRR": "Abrasi", "Panjang": 19.307971186 }, "geometry": { "type": "MultiLineString", "coordinates": [ [ [ 115.164744349839225, -8.704457781754771 ], [ 115.164584477951408, -8.704529660210014 ] ] ] } },
{ "type": "Feature", "properties": { "LRR": -0.45, "LR2": 0.04, "Kec": "Kuta", "Desa": "Legian", "KLRR": "Abrasi", "Panjang": 19.551513530800001 }, "geometry": { "type": "MultiLineString", "coordinates": [ [ [ 115.164841505290639, -8.704714818704421 ], [ 115.164679713357316, -8.70478781620538 ] ] ] } },
{ "type": "Feature", "properties": { "LRR": -0.61, "LR2": 0.07, "Kec": "Kuta", "Desa": "Legian", "KLRR": "Abrasi", "Panjang": 20.406845462300002 }, "geometry": { "type": "MultiLineString", "coordinates": [ [ [ 115.164923016772377, -8.704971335368864 ], [ 115.164754007041111, -8.705047219131766 ] ] ] } },
{ "type": "Feature", "properties": { "LRR": -0.86, "LR2": 0.14, "Kec": "Kuta", "Desa": "Legian", "KLRR": "Abrasi", "Panjang": 19.49560321 }, "geometry": { "type": "MultiLineString", "coordinates": [ [ [ 115.165026602243685, -8.705203314280164 ], [ 115.164864577857685, -8.705274558599104 ] ] ] } },
{ "type": "Feature", "properties": { "LRR": -1.24, "LR2": 0.27, "Kec": "Kuta", "Desa": "Legian", "KLRR": "Abrasi", "Panjang": 20.3031575987 }, "geometry": { "type": "MultiLineString", "coordinates": [ [ [ 115.165145340733716, -8.705427528841163 ], [ 115.164975983384238, -8.705500309101369 ] ] ] } },
{ "type": "Feature", "properties": { "LRR": -1.69, "LR2": 0.4, "Kec": "Kuta", "Desa": "Legian", "KLRR": "Abrasi", "Panjang": 23.463402577 }, "geometry": { "type": "MultiLineString", "coordinates": [ [ [ 115.165277148405025, -8.705646852093205 ], [ 115.165080725587373, -8.705729319193761 ] ] ] } },
{ "type": "Feature", "properties": { "LRR": -2.0, "LR2": 0.51, "Kec": "Kuta", "Desa": "Legian", "KLRR": "Abrasi", "Panjang": 24.422519977 }, "geometry": { "type": "MultiLineString", "coordinates": [ [ [ 115.165401268161361, -8.705869182272222 ], [ 115.16519607008685, -8.705953239846014 ] ] ] } },
{ "type": "Feature", "properties": { "LRR": -1.92, "LR2": 0.43, "Kec": "Kuta", "Desa": "Legian", "KLRR": "Abrasi", "Panjang": 27.659526082700001 }, "geometry": { "type": "MultiLineString", "coordinates": [ [ [ 115.165513987286459, -8.706095644228633 ], [ 115.165280731003648, -8.706188735634967 ] ] ] } },
{ "type": "Feature", "properties": { "LRR": -1.64, "LR2": 0.38, "Kec": "Kuta", "Desa": "Legian", "KLRR": "Abrasi", "Panjang": 25.7451277973 }, "geometry": { "type": "MultiLineString", "coordinates": [ [ [ 115.165614760282949, -8.706326112383154 ], [ 115.165396864418383, -8.706410790447116 ] ] ] } },
{ "type": "Feature", "properties": { "LRR": -1.47, "LR2": 0.25, "Kec": "Kuta", "Desa": "Legian", "KLRR": "Abrasi", "Panjang": 29.2882863335 }, "geometry": { "type": "MultiLineString", "coordinates": [ [ [ 115.165709562818861, -8.706555259807297 ], [ 115.165460688073765, -8.706649028130009 ] ] ] } },
{ "type": "Feature", "properties": { "LRR": -1.23, "LR2": 0.21, "Kec": "Kuta", "Desa": "Legian", "KLRR": "Abrasi", "Panjang": 25.874240901299999 }, "geometry": { "type": "MultiLineString", "coordinates": [ [ [ 115.165779118933372, -8.706783121905818 ], [ 115.165558031225018, -8.706862671154017 ] ] ] } },
{ "type": "Feature", "properties": { "LRR": -0.98, "LR2": 0.13, "Kec": "Kuta", "Desa": "Legian", "KLRR": "Abrasi", "Panjang": 23.823207714300001 }, "geometry": { "type": "MultiLineString", "coordinates": [ [ [ 115.165843356592504, -8.707017007539104 ], [ 115.165638820885789, -8.707087515403988 ] ] ] } },
{ "type": "Feature", "properties": { "LRR": -0.8, "LR2": 0.13, "Kec": "Kuta", "Desa": "Legian", "KLRR": "Abrasi", "Panjang": 19.393268560799999 }, "geometry": { "type": "MultiLineString", "coordinates": [ [ [ 115.165939373043599, -8.707240053769805 ], [ 115.165772107930124, -8.707295211199854 ] ] ] } },
{ "type": "Feature", "properties": { "LRR": -0.65, "LR2": 0.09, "Kec": "Kuta", "Desa": "Legian", "KLRR": "Abrasi", "Panjang": 19.371038027200001 }, "geometry": { "type": "MultiLineString", "coordinates": [ [ [ 115.166045321820732, -8.707454908134087 ], [ 115.165877382100888, -8.707507330216327 ] ] ] } },
{ "type": "Feature", "properties": { "LRR": -0.7, "LR2": 0.12, "Kec": "Kuta", "Desa": "Legian", "KLRR": "Abrasi", "Panjang": 18.141708565599998 }, "geometry": { "type": "MultiLineString", "coordinates": [ [ [ 115.166107335275356, -8.707678548879676 ], [ 115.165949171776234, -8.707724755577766 ] ] ] } },
{ "type": "Feature", "properties": { "LRR": -0.9, "LR2": 0.2, "Kec": "Kuta", "Desa": "Legian", "KLRR": "Abrasi", "Panjang": 14.9004205927 }, "geometry": { "type": "MultiLineString", "coordinates": [ [ [ 115.166142378500936, -8.707909856318009 ], [ 115.166011800158387, -8.707945447484873 ] ] ] } },
{ "type": "Feature", "properties": { "LRR": -0.99, "LR2": 0.26, "Kec": "Kuta", "Desa": "Legian", "KLRR": "Abrasi", "Panjang": 14.621643601500001 }, "geometry": { "type": "MultiLineString", "coordinates": [ [ [ 115.166224178170722, -8.708127231405626 ], [ 115.166095407409586, -8.708159761056027 ] ] ] } },
{ "type": "Feature", "properties": { "LRR": -1.11, "LR2": 0.36, "Kec": "Kuta", "Desa": "Legian", "KLRR": "Abrasi", "Panjang": 14.204048803299999 }, "geometry": { "type": "MultiLineString", "coordinates": [ [ [ 115.16626066771309, -8.7083591587919 ], [ 115.166135042203692, -8.708388594485124 ] ] ] } },
{ "type": "Feature", "properties": { "LRR": -1.11, "LR2": 0.43, "Kec": "Kuta", "Desa": "Legian", "KLRR": "Abrasi", "Panjang": 14.318759401499999 }, "geometry": { "type": "MultiLineString", "coordinates": [ [ [ 115.166305577464342, -8.708589814974941 ], [ 115.166178457185595, -8.70861738105709 ] ] ] } },
{ "type": "Feature", "properties": { "LRR": -1.08, "LR2": 0.63, "Kec": "Kuta", "Desa": "Legian", "KLRR": "Abrasi", "Panjang": 12.994183383499999 }, "geometry": { "type": "MultiLineString", "coordinates": [ [ [ 115.166348427469089, -8.708831638345677 ], [ 115.166232778617243, -8.70885530170322 ] ] ] } },
{ "type": "Feature", "properties": { "LRR": -1.05, "LR2": 0.48, "Kec": "Kuta", "Desa": "Legian", "KLRR": "Abrasi", "Panjang": 14.799343038 }, "geometry": { "type": "MultiLineString", "coordinates": [ [ [ 115.166399188446107, -8.709080855455385 ], [ 115.166267267422015, -8.709106789121014 ] ] ] } },
{ "type": "Feature", "properties": { "LRR": -0.91, "LR2": 0.34, "Kec": "Kuta", "Desa": "Legian", "KLRR": "Abrasi", "Panjang": 14.6842304326 }, "geometry": { "type": "MultiLineString", "coordinates": [ [ [ 115.166428785309975, -8.709334191633589 ], [ 115.166297696882481, -8.709358929596016 ] ] ] } },
{ "type": "Feature", "properties": { "LRR": -1.12, "LR2": 0.55, "Kec": "Kuta", "Desa": "Legian", "KLRR": "Abrasi", "Panjang": 13.1938273418 }, "geometry": { "type": "MultiLineString", "coordinates": [ [ [ 115.166447976541278, -8.709605965121321 ], [ 115.166330192777977, -8.709628190624315 ] ] ] } },
{ "type": "Feature", "properties": { "LRR": -1.28, "LR2": 0.73, "Kec": "Kuta", "Desa": "Legian", "KLRR": "Abrasi", "Panjang": 11.4578584132 }, "geometry": { "type": "MultiLineString", "coordinates": [ [ [ 115.166468221927801, -8.709891510093479 ], [ 115.166366060562183, -8.709911456721679 ] ] ] } },
{ "type": "Feature", "properties": { "LRR": -1.16, "LR2": 0.69, "Kec": "Kuta", "Desa": "Legian", "KLRR": "Abrasi", "Panjang": 10.9897120512 }, "geometry": { "type": "MultiLineString", "coordinates": [ [ [ 115.166501489044549, -8.710176127006269 ], [ 115.166403637071809, -8.710195932584964 ] ] ] } },
{ "type": "Feature", "properties": { "LRR": -1.08, "LR2": 0.53, "Kec": "Kuta", "Desa": "Legian", "KLRR": "Abrasi", "Panjang": 11.4281873909 }, "geometry": { "type": "MultiLineString", "coordinates": [ [ [ 115.16655182204623, -8.710445134152916 ], [ 115.166450091092329, -8.710465853124411 ] ] ] } },
{ "type": "Feature", "properties": { "LRR": -1.16, "LR2": 0.63, "Kec": "Kuta", "Desa": "Legian", "KLRR": "Abrasi", "Panjang": 11.455019056399999 }, "geometry": { "type": "MultiLineString", "coordinates": [ [ [ 115.166609162150394, -8.710716274371727 ], [ 115.16650724962237, -8.710737318840522 ] ] ] } },
{ "type": "Feature", "properties": { "LRR": -1.21, "LR2": 0.68, "Kec": "Kuta", "Desa": "Legian", "KLRR": "Abrasi", "Panjang": 12.010897572599999 }, "geometry": { "type": "MultiLineString", "coordinates": [ [ [ 115.166667790185215, -8.710993499829446 ], [ 115.166561058415525, -8.711016162858789 ] ] ] } },
{ "type": "Feature", "properties": { "LRR": -1.25, "LR2": 0.66, "Kec": "Kuta", "Desa": "Legian", "KLRR": "Abrasi", "Panjang": 12.564369366099999 }, "geometry": { "type": "MultiLineString", "coordinates": [ [ [ 115.166726227087125, -8.711269867303811 ], [ 115.166614703292126, -8.71129415625766 ] ] ] } },
{ "type": "Feature", "properties": { "LRR": -1.27, "LR2": 0.6, "Kec": "Kuta", "Desa": "Legian", "KLRR": "Abrasi", "Panjang": 13.120597677099999 }, "geometry": { "type": "MultiLineString", "coordinates": [ [ [ 115.166785054412131, -8.711548169585461 ], [ 115.1666687532243, -8.711574249980728 ] ] ] } },
{ "type": "Feature", "properties": { "LRR": -1.32, "LR2": 0.53, "Kec": "Kuta", "Desa": "Kuta", "KLRR": "Abrasi", "Panjang": 14.832474235599999 }, "geometry": { "type": "MultiLineString", "coordinates": [ [ [ 115.166862882496588, -8.711822930932438 ], [ 115.166731615700868, -8.7118533203094 ] ] ] } },
{ "type": "Feature", "properties": { "LRR": -1.5, "LR2": 0.51, "Kec": "Kuta", "Desa": "Kuta", "KLRR": "Abrasi", "Panjang": 16.2982383298 }, "geometry": { "type": "MultiLineString", "coordinates": [ [ [ 115.166962785266648, -8.712098456019085 ], [ 115.166818896387909, -8.712133311248749 ] ] ] } },
{ "type": "Feature", "properties": { "LRR": -1.69, "LR2": 0.42, "Kec": "Kuta", "Desa": "Kuta", "KLRR": "Abrasi", "Panjang": 19.736024327599999 }, "geometry": { "type": "MultiLineString", "coordinates": [ [ [ 115.167051732690297, -8.712376753511583 ], [ 115.16687795879173, -8.712420820004894 ] ] ] } },
{ "type": "Feature", "properties": { "LRR": 0.0, "LR2": 0.0, "Kec": "Kuta Selatan", "Desa": "Pecatu", "KLRR": "Stabil", "Panjang": 0.0 }, "geometry": { "type": "MultiLineString", "coordinates": [ ] } },
{ "type": "Feature", "properties": { "LRR": 0.0, "LR2": 0.0, "Kec": "Kuta Selatan", "Desa": "Pecatu", "KLRR": "Stabil", "Panjang": 0.0 }, "geometry": { "type": "MultiLineString", "coordinates": [ ] } },
{ "type": "Feature", "properties": { "LRR": 0.0, "LR2": 0.0, "Kec": "Kuta Selatan", "Desa": "Pecatu", "KLRR": "Stabil", "Panjang": 0.0 }, "geometry": { "type": "MultiLineString", "coordinates": [ ] } },
{ "type": "Feature", "properties": { "LRR": 0.0, "LR2": 0.0, "Kec": "Kuta Selatan", "Desa": "Pecatu", "KLRR": "Stabil", "Panjang": 0.0 }, "geometry": { "type": "MultiLineString", "coordinates": [ ] } },
{ "type": "Feature", "properties": { "LRR": 0.0, "LR2": 0.0, "Kec": "Kuta Selatan", "Desa": "Pecatu", "KLRR": "Stabil", "Panjang": 0.0 }, "geometry": { "type": "MultiLineString", "coordinates": [ ] } },
{ "type": "Feature", "properties": { "LRR": 0.0, "LR2": 0.0, "Kec": "Kuta Selatan", "Desa": "Pecatu", "KLRR": "Stabil", "Panjang": 0.0 }, "geometry": { "type": "MultiLineString", "coordinates": [ ] } },
{ "type": "Feature", "properties": { "LRR": 0.0, "LR2": 0.0, "Kec": "Kuta Selatan", "Desa": "Pecatu", "KLRR": "Stabil", "Panjang": 0.0 }, "geometry": { "type": "MultiLineString", "coordinates": [ ] } },
{ "type": "Feature", "properties": { "LRR": 0.0, "LR2": 0.0, "Kec": "Kuta Selatan", "Desa": "Pecatu", "KLRR": "Stabil", "Panjang": 0.0 }, "geometry": { "type": "MultiLineString", "coordinates": [ ] } },
{ "type": "Feature", "properties": { "LRR": 0.0, "LR2": 0.0, "Kec": "Kuta Selatan", "Desa": "Pecatu", "KLRR": "Stabil", "Panjang": 0.0 }, "geometry": { "type": "MultiLineString", "coordinates": [ ] } },
{ "type": "Feature", "properties": { "LRR": 0.0, "LR2": 0.0, "Kec": "Kuta Selatan", "Desa": "Pecatu", "KLRR": "Stabil", "Panjang": 0.0 }, "geometry": { "type": "MultiLineString", "coordinates": [ ] } },
{ "type": "Feature", "properties": { "LRR": 0.0, "LR2": 0.0, "Kec": "Kuta Selatan", "Desa": "Pecatu", "KLRR": "Stabil", "Panjang": 0.0 }, "geometry": { "type": "MultiLineString", "coordinates": [ ] } },
{ "type": "Feature", "properties": { "LRR": 0.0, "LR2": 0.0, "Kec": "Kuta Selatan", "Desa": "Pecatu", "KLRR": "Stabil", "Panjang": 0.0 }, "geometry": { "type": "MultiLineString", "coordinates": [ ] } },
{ "type": "Feature", "properties": { "LRR": 0.0, "LR2": 0.0, "Kec": "Kuta Selatan", "Desa": "Pecatu", "KLRR": "Stabil", "Panjang": 0.0 }, "geometry": { "type": "MultiLineString", "coordinates": [ ] } },
{ "type": "Feature", "properties": { "LRR": 0.0, "LR2": 0.0, "Kec": "Kuta Selatan", "Desa": "Jimbaran", "KLRR": "Stabil", "Panjang": 0.0 }, "geometry": { "type": "MultiLineString", "coordinates": [ ] } },
{ "type": "Feature", "properties": { "LRR": 0.0, "LR2": 0.0, "Kec": "Kuta Selatan", "Desa": "Jimbaran", "KLRR": "Stabil", "Panjang": 0.0 }, "geometry": { "type": "MultiLineString", "coordinates": [ ] } },
{ "type": "Feature", "properties": { "LRR": 0.0, "LR2": 0.0, "Kec": "Kuta Selatan", "Desa": "Jimbaran", "KLRR": "Stabil", "Panjang": 0.0 }, "geometry": { "type": "MultiLineString", "coordinates": [ ] } },
{ "type": "Feature", "properties": { "LRR": 0.0, "LR2": 0.0, "Kec": "Kuta Selatan", "Desa": "Jimbaran", "KLRR": "Stabil", "Panjang": 0.0 }, "geometry": { "type": "MultiLineString", "coordinates": [ ] } },
{ "type": "Feature", "properties": { "LRR": 0.0, "LR2": 0.0, "Kec": "Kuta Selatan", "Desa": "Jimbaran", "KLRR": "Stabil", "Panjang": 0.0 }, "geometry": { "type": "MultiLineString", "coordinates": [ [ [ 115.136710454052889, -8.785707488255131 ], [ 115.136710454052889, -8.785707488255131 ] ] ] } },
{ "type": "Feature", "properties": { "LRR": 0.0, "LR2": 0.0, "Kec": "Kuta Selatan", "Desa": "Jimbaran", "KLRR": "Stabil", "Panjang": 0.0 }, "geometry": { "type": "MultiLineString", "coordinates": [ ] } },
{ "type": "Feature", "properties": { "LRR": 0.0, "LR2": 0.0, "Kec": "Kuta Selatan", "Desa": "Jimbaran", "KLRR": "Stabil", "Panjang": 0.0 }, "geometry": { "type": "MultiLineString", "coordinates": [ [ [ 115.136405256645133, -8.785925629127185 ], [ 115.136405256645133, -8.785925629127185 ] ] ] } },
{ "type": "Feature", "properties": { "LRR": 0.0, "LR2": 0.0, "Kec": "Kuta Selatan", "Desa": "Jimbaran", "KLRR": "Stabil", "Panjang": 0.0 }, "geometry": { "type": "MultiLineString", "coordinates": [ [ [ 115.136249412143016, -8.786036670066139 ], [ 115.136249412143016, -8.786036670066139 ] ] ] } },
{ "type": "Feature", "properties": { "LRR": 0.0, "LR2": 0.0, "Kec": "Kuta Selatan", "Desa": "Jimbaran", "KLRR": "Stabil", "Panjang": 0.0 }, "geometry": { "type": "MultiLineString", "coordinates": [ ] } },
{ "type": "Feature", "properties": { "LRR": 0.0, "LR2": 0.0, "Kec": "Kuta Selatan", "Desa": "Jimbaran", "KLRR": "Stabil", "Panjang": 0.0 }, "geometry": { "type": "MultiLineString", "coordinates": [ ] } },
{ "type": "Feature", "properties": { "LRR": 0.0, "LR2": 0.0, "Kec": "Kuta Selatan", "Desa": "Jimbaran", "KLRR": "Stabil", "Panjang": 0.0 }, "geometry": { "type": "MultiLineString", "coordinates": [ ] } },
{ "type": "Feature", "properties": { "LRR": 0.0, "LR2": 0.0, "Kec": "Kuta Selatan", "Desa": "Jimbaran", "KLRR": "Stabil", "Panjang": 0.0 }, "geometry": { "type": "MultiLineString", "coordinates": [ ] } },
{ "type": "Feature", "properties": { "LRR": 0.0, "LR2": 0.0, "Kec": "Kuta Selatan", "Desa": "Jimbaran", "KLRR": "Stabil", "Panjang": 0.0 }, "geometry": { "type": "MultiLineString", "coordinates": [ ] } },
{ "type": "Feature", "properties": { "LRR": 0.0, "LR2": 0.0, "Kec": "Kuta Selatan", "Desa": "Jimbaran", "KLRR": "Stabil", "Panjang": 0.0 }, "geometry": { "type": "MultiLineString", "coordinates": [ ] } },
{ "type": "Feature", "properties": { "LRR": 0.0, "LR2": 0.0, "Kec": "Kuta Selatan", "Desa": "Jimbaran", "KLRR": "Stabil", "Panjang": 0.0 }, "geometry": { "type": "MultiLineString", "coordinates": [ ] } },
{ "type": "Feature", "properties": { "LRR": 0.0, "LR2": 0.0, "Kec": "Kuta Selatan", "Desa": "Jimbaran", "KLRR": "Stabil", "Panjang": 0.0 }, "geometry": { "type": "MultiLineString", "coordinates": [ ] } },
{ "type": "Feature", "properties": { "LRR": 0.0, "LR2": 0.0, "Kec": "Kuta Selatan", "Desa": "Jimbaran", "KLRR": "Stabil", "Panjang": 0.0 }, "geometry": { "type": "MultiLineString", "coordinates": [ ] } },
{ "type": "Feature", "properties": { "LRR": 0.0, "LR2": 0.0, "Kec": "Kuta Selatan", "Desa": "Jimbaran", "KLRR": "Stabil", "Panjang": 0.0 }, "geometry": { "type": "MultiLineString", "coordinates": [ ] } },
{ "type": "Feature", "properties": { "LRR": 0.0, "LR2": 0.0, "Kec": "Kuta Selatan", "Desa": "Jimbaran", "KLRR": "Stabil", "Panjang": 0.0 }, "geometry": { "type": "MultiLineString", "coordinates": [ ] } },
{ "type": "Feature", "properties": { "LRR": 0.0, "LR2": 0.0, "Kec": "Kuta Selatan", "Desa": "Jimbaran", "KLRR": "Stabil", "Panjang": 0.0 }, "geometry": { "type": "MultiLineString", "coordinates": [ ] } },
{ "type": "Feature", "properties": { "LRR": 0.0, "LR2": 0.0, "Kec": "Kuta Selatan", "Desa": "Jimbaran", "KLRR": "Stabil", "Panjang": 0.0 }, "geometry": { "type": "MultiLineString", "coordinates": [ ] } },
{ "type": "Feature", "properties": { "LRR": 0.0, "LR2": 0.0, "Kec": "Kuta Selatan", "Desa": "Jimbaran", "KLRR": "Stabil", "Panjang": 0.0 }, "geometry": { "type": "MultiLineString", "coordinates": [ ] } },
{ "type": "Feature", "properties": { "LRR": 0.0, "LR2": 0.0, "Kec": "Kuta Selatan", "Desa": "Jimbaran", "KLRR": "Stabil", "Panjang": 0.0 }, "geometry": { "type": "MultiLineString", "coordinates": [ ] } },
{ "type": "Feature", "properties": { "LRR": 0.0, "LR2": 0.0, "Kec": "Kuta Selatan", "Desa": "Jimbaran", "KLRR": "Stabil", "Panjang": 0.0 }, "geometry": { "type": "MultiLineString", "coordinates": [ [ [ 115.132340768298562, -8.788673804083221 ], [ 115.132340768298562, -8.788673804083221 ] ] ] } },
{ "type": "Feature", "properties": { "LRR": 0.0, "LR2": 0.0, "Kec": "Kuta Selatan", "Desa": "Jimbaran", "KLRR": "Stabil", "Panjang": 0.0 }, "geometry": { "type": "MultiLineString", "coordinates": [ ] } },
{ "type": "Feature", "properties": { "LRR": 0.0, "LR2": 0.0, "Kec": "Kuta Selatan", "Desa": "Jimbaran", "KLRR": "Stabil", "Panjang": 0.0 }, "geometry": { "type": "MultiLineString", "coordinates": [ ] } },
{ "type": "Feature", "properties": { "LRR": 0.0, "LR2": 0.0, "Kec": "Kuta Selatan", "Desa": "Jimbaran", "KLRR": "Stabil", "Panjang": 0.0 }, "geometry": { "type": "MultiLineString", "coordinates": [ ] } },
{ "type": "Feature", "properties": { "LRR": 0.0, "LR2": 0.0, "Kec": "Kuta Selatan", "Desa": "Jimbaran", "KLRR": "Stabil", "Panjang": 0.0 }, "geometry": { "type": "MultiLineString", "coordinates": [ ] } },
{ "type": "Feature", "properties": { "LRR": 0.0, "LR2": 0.0, "Kec": "Kuta Selatan", "Desa": "Jimbaran", "KLRR": "Stabil", "Panjang": 0.0 }, "geometry": { "type": "MultiLineString", "coordinates": [ ] } },
{ "type": "Feature", "properties": { "LRR": 0.0, "LR2": 0.0, "Kec": "Kuta Selatan", "Desa": "Jimbaran", "KLRR": "Stabil", "Panjang": 0.0 }, "geometry": { "type": "MultiLineString", "coordinates": [ ] } },
{ "type": "Feature", "properties": { "LRR": 0.0, "LR2": 0.0, "Kec": "Kuta Selatan", "Desa": "Jimbaran", "KLRR": "Stabil", "Panjang": 0.0 }, "geometry": { "type": "MultiLineString", "coordinates": [ ] } },
{ "type": "Feature", "properties": { "LRR": 0.0, "LR2": 0.0, "Kec": "Kuta Selatan", "Desa": "Jimbaran", "KLRR": "Stabil", "Panjang": 0.0 }, "geometry": { "type": "MultiLineString", "coordinates": [ ] } },
{ "type": "Feature", "properties": { "LRR": 0.0, "LR2": 0.0, "Kec": "Kuta Selatan", "Desa": "Jimbaran", "KLRR": "Stabil", "Panjang": 0.0 }, "geometry": { "type": "MultiLineString", "coordinates": [ ] } },
{ "type": "Feature", "properties": { "LRR": 0.0, "LR2": 0.0, "Kec": "Kuta Selatan", "Desa": "Jimbaran", "KLRR": "Stabil", "Panjang": 0.0 }, "geometry": { "type": "MultiLineString", "coordinates": [ ] } },
{ "type": "Feature", "properties": { "LRR": 0.0, "LR2": 0.0, "Kec": "Kuta Selatan", "Desa": "Jimbaran", "KLRR": "Stabil", "Panjang": 0.0 }, "geometry": { "type": "MultiLineString", "coordinates": [ ] } },
{ "type": "Feature", "properties": { "LRR": 0.0, "LR2": 0.0, "Kec": "Kuta Selatan", "Desa": "Jimbaran", "KLRR": "Stabil", "Panjang": 0.0 }, "geometry": { "type": "MultiLineString", "coordinates": [ ] } },
{ "type": "Feature", "properties": { "LRR": 0.0, "LR2": 0.0, "Kec": "Kuta Selatan", "Desa": "Jimbaran", "KLRR": "Stabil", "Panjang": 0.0 }, "geometry": { "type": "MultiLineString", "coordinates": [ ] } },
{ "type": "Feature", "properties": { "LRR": 0.0, "LR2": 0.0, "Kec": "Kuta Selatan", "Desa": "Jimbaran", "KLRR": "Stabil", "Panjang": 0.0 }, "geometry": { "type": "MultiLineString", "coordinates": [ ] } },
{ "type": "Feature", "properties": { "LRR": 0.0, "LR2": 0.0, "Kec": "Kuta Selatan", "Desa": "Jimbaran", "KLRR": "Stabil", "Panjang": 0.0 }, "geometry": { "type": "MultiLineString", "coordinates": [ ] } },
{ "type": "Feature", "properties": { "LRR": 0.0, "LR2": 0.0, "Kec": "Kuta Selatan", "Desa": "Jimbaran", "KLRR": "Stabil", "Panjang": 0.0 }, "geometry": { "type": "MultiLineString", "coordinates": [ ] } },
{ "type": "Feature", "properties": { "LRR": 0.0, "LR2": 0.0, "Kec": "Kuta Selatan", "Desa": "Jimbaran", "KLRR": "Stabil", "Panjang": 0.0 }, "geometry": { "type": "MultiLineString", "coordinates": [ ] } },
{ "type": "Feature", "properties": { "LRR": 0.0, "LR2": 0.0, "Kec": "Kuta Selatan", "Desa": "Jimbaran", "KLRR": "Stabil", "Panjang": 0.0 }, "geometry": { "type": "MultiLineString", "coordinates": [ ] } },
{ "type": "Feature", "properties": { "LRR": 0.0, "LR2": 0.0, "Kec": "Kuta Selatan", "Desa": "Jimbaran", "KLRR": "Stabil", "Panjang": 0.0 }, "geometry": { "type": "MultiLineString", "coordinates": [ ] } },
{ "type": "Feature", "properties": { "LRR": 0.0, "LR2": 0.0, "Kec": "Kuta Selatan", "Desa": "Jimbaran", "KLRR": "Stabil", "Panjang": 0.0 }, "geometry": { "type": "MultiLineString", "coordinates": [ ] } },
{ "type": "Feature", "properties": { "LRR": 0.0, "LR2": 0.0, "Kec": "Kuta Selatan", "Desa": "Jimbaran", "KLRR": "Stabil", "Panjang": 0.0 }, "geometry": { "type": "MultiLineString", "coordinates": [ ] } },
{ "type": "Feature", "properties": { "LRR": 0.0, "LR2": 0.0, "Kec": "Kuta Selatan", "Desa": "Jimbaran", "KLRR": "Stabil", "Panjang": 0.0 }, "geometry": { "type": "MultiLineString", "coordinates": [ [ [ 115.128164314840717, -8.790507606141098 ], [ 115.128164314840717, -8.790507606141098 ] ] ] } },
{ "type": "Feature", "properties": { "LRR": 0.0, "LR2": 0.0, "Kec": "Kuta Selatan", "Desa": "Jimbaran", "KLRR": "Stabil", "Panjang": 0.0 }, "geometry": { "type": "MultiLineString", "coordinates": [ ] } },
{ "type": "Feature", "properties": { "LRR": 0.0, "LR2": 0.0, "Kec": "Kuta Selatan", "Desa": "Jimbaran", "KLRR": "Stabil", "Panjang": 0.0 }, "geometry": { "type": "MultiLineString", "coordinates": [ ] } },
{ "type": "Feature", "properties": { "LRR": 0.0, "LR2": 0.0, "Kec": "Kuta Selatan", "Desa": "Jimbaran", "KLRR": "Stabil", "Panjang": 0.0 }, "geometry": { "type": "MultiLineString", "coordinates": [ ] } },
{ "type": "Feature", "properties": { "LRR": 0.0, "LR2": 0.0, "Kec": "Kuta Selatan", "Desa": "Jimbaran", "KLRR": "Stabil", "Panjang": 0.0 }, "geometry": { "type": "MultiLineString", "coordinates": [ ] } },
{ "type": "Feature", "properties": { "LRR": 0.0, "LR2": 0.0, "Kec": "Kuta Selatan", "Desa": "Jimbaran", "KLRR": "Stabil", "Panjang": 0.0 }, "geometry": { "type": "MultiLineString", "coordinates": [ ] } },
{ "type": "Feature", "properties": { "LRR": 0.0, "LR2": 0.0, "Kec": "Kuta Selatan", "Desa": "Jimbaran", "KLRR": "Stabil", "Panjang": 0.0 }, "geometry": { "type": "MultiLineString", "coordinates": [ ] } },
{ "type": "Feature", "properties": { "LRR": 0.0, "LR2": 0.0, "Kec": "Kuta Selatan", "Desa": "Jimbaran", "KLRR": "Stabil", "Panjang": 0.0 }, "geometry": { "type": "MultiLineString", "coordinates": [ ] } },
{ "type": "Feature", "properties": { "LRR": 0.0, "LR2": 0.0, "Kec": "Kuta Selatan", "Desa": "Jimbaran", "KLRR": "Stabil", "Panjang": 0.0 }, "geometry": { "type": "MultiLineString", "coordinates": [ ] } },
{ "type": "Feature", "properties": { "LRR": 0.0, "LR2": 0.0, "Kec": "Kuta Selatan", "Desa": "Jimbaran", "KLRR": "Stabil", "Panjang": 0.0 }, "geometry": { "type": "MultiLineString", "coordinates": [ ] } },
{ "type": "Feature", "properties": { "LRR": -1.46, "LR2": 0.35, "Kec": "Kuta Selatan", "Desa": "Jimbaran", "KLRR": "Abrasi", "Panjang": 12.7937020717 }, "geometry": { "type": "MultiLineString", "coordinates": [ [ [ 115.124925041899374, -8.790750862751493 ], [ 115.124876474260475, -8.790645776034358 ] ] ] } },
{ "type": "Feature", "properties": { "LRR": -1.79, "LR2": 0.35, "Kec": "Kuta Selatan", "Desa": "Jimbaran", "KLRR": "Abrasi", "Panjang": 15.670848340699999 }, "geometry": { "type": "MultiLineString", "coordinates": [ [ [ 115.124607108557484, -8.790983103934282 ], [ 115.124539811552339, -8.790858247213642 ] ] ] } },
{ "type": "Feature", "properties": { "LRR": -1.63, "LR2": 0.34, "Kec": "Kuta Selatan", "Desa": "Jimbaran", "KLRR": "Abrasi", "Panjang": 14.7064009346 }, "geometry": { "type": "MultiLineString", "coordinates": [ [ [ 115.124287873846626, -8.791217426650112 ], [ 115.124217646917188, -8.79110430709671 ] ] ] } },
{ "type": "Feature", "properties": { "LRR": -1.74, "LR2": 0.59, "Kec": "Kuta Selatan", "Desa": "Jimbaran", "KLRR": "Abrasi", "Panjang": 12.443805751499999 }, "geometry": { "type": "MultiLineString", "coordinates": [ [ [ 115.124006379307943, -8.791444166609258 ], [ 115.123942762877064, -8.791351156257432 ] ] ] } },
{ "type": "Feature", "properties": { "LRR": -1.91, "LR2": 0.65, "Kec": "Kuta Selatan", "Desa": "Jimbaran", "KLRR": "Abrasi", "Panjang": 12.649871254800001 }, "geometry": { "type": "MultiLineString", "coordinates": [ [ [ 115.123763726298606, -8.791724936143313 ], [ 115.123695004720858, -8.791633257311362 ] ] ] } },
{ "type": "Feature", "properties": { "LRR": -1.94, "LR2": 0.65, "Kec": "Kuta Selatan", "Desa": "Jimbaran", "KLRR": "Abrasi", "Panjang": 12.8691929071 }, "geometry": { "type": "MultiLineString", "coordinates": [ [ [ 115.123528227920957, -8.791997428309447 ], [ 115.123454457195734, -8.791907148169029 ] ] ] } },
{ "type": "Feature", "properties": { "LRR": -1.96, "LR2": 0.66, "Kec": "Kuta Selatan", "Desa": "Jimbaran", "KLRR": "Abrasi", "Panjang": 13.8652083999 }, "geometry": { "type": "MultiLineString", "coordinates": [ [ [ 115.123293510511118, -8.792288384013572 ], [ 115.123209467637722, -8.792194988811472 ] ] ] } },
{ "type": "Feature", "properties": { "LRR": -1.86, "LR2": 0.66, "Kec": "Kuta Selatan", "Desa": "Jimbaran", "KLRR": "Abrasi", "Panjang": 13.076762474700001 }, "geometry": { "type": "MultiLineString", "coordinates": [ [ [ 115.123069611301887, -8.792605154400011 ], [ 115.122985834823609, -8.792521304564733 ] ] ] } },
{ "type": "Feature", "properties": { "LRR": -1.81, "LR2": 0.66, "Kec": "Kuta Selatan", "Desa": "Jimbaran", "KLRR": "Abrasi", "Panjang": 12.3722736086 }, "geometry": { "type": "MultiLineString", "coordinates": [ [ [ 115.122853914092815, -8.792910319432972 ], [ 115.122771028421894, -8.792834738840952 ] ] ] } },
{ "type": "Feature", "properties": { "LRR": -1.79, "LR2": 0.65, "Kec": "Kuta Selatan", "Desa": "Jimbaran", "KLRR": "Abrasi", "Panjang": 11.841813377399999 }, "geometry": { "type": "MultiLineString", "coordinates": [ [ [ 115.122674301293799, -8.79316443233634 ], [ 115.122593680542707, -8.793093516152442 ] ] ] } },
{ "type": "Feature", "properties": { "LRR": -1.7, "LR2": 0.65, "Kec": "Kuta Selatan", "Desa": "Pecatu", "KLRR": "Abrasi", "Panjang": 11.2740138411 }, "geometry": { "type": "MultiLineString", "coordinates": [ [ [ 115.122525720671931, -8.793347515557967 ], [ 115.122450108595487, -8.793278735272548 ] ] ] } },
{ "type": "Feature", "properties": { "LRR": -1.46, "LR2": 0.65, "Kec": "Kuta Selatan", "Desa": "Pecatu", "KLRR": "Abrasi", "Panjang": 9.6724658485100008 }, "geometry": { "type": "MultiLineString", "coordinates": [ [ [ 115.122381592661213, -8.793493892829968 ], [ 115.122318556503203, -8.793432947355152 ] ] ] } },
{ "type": "Feature", "properties": { "LRR": -1.21, "LR2": 0.66, "Kec": "Kuta Selatan", "Desa": "Pecatu", "KLRR": "Abrasi", "Panjang": 8.2078780997499994 }, "geometry": { "type": "MultiLineString", "coordinates": [ [ [ 115.122248905197566, -8.793628650314426 ], [ 115.122197389883084, -8.793574984737125 ] ] ] } },
{ "type": "Feature", "properties": { "LRR": -0.98, "LR2": 0.66, "Kec": "Kuta Selatan", "Desa": "Pecatu", "KLRR": "Abrasi", "Panjang": 6.9252475348100004 }, "geometry": { "type": "MultiLineString", "coordinates": [ [ [ 115.122131422832965, -8.793747965478563 ], [ 115.122090141318893, -8.793700707308696 ] ] ] } },
{ "type": "Feature", "properties": { "LRR": -0.83, "LR2": 0.64, "Kec": "Kuta Selatan", "Desa": "Pecatu", "KLRR": "Abrasi", "Panjang": 6.2765055503299996 }, "geometry": { "type": "MultiLineString", "coordinates": [ [ [ 115.12202608811107, -8.793854943887363 ], [ 115.121991084202278, -8.793810141679362 ] ] ] } },
{ "type": "Feature", "properties": { "LRR": -0.81, "LR2": 0.58, "Kec": "Kuta Selatan", "Desa": "Pecatu", "KLRR": "Abrasi", "Panjang": 6.5636491382199997 }, "geometry": { "type": "MultiLineString", "coordinates": [ [ [ 115.121932425125095, -8.793950067754619 ], [ 115.12189870173404, -8.793901122322161 ] ] ] } },
{ "type": "Feature", "properties": { "LRR": -0.81, "LR2": 0.53, "Kec": "Kuta Selatan", "Desa": "Pecatu", "KLRR": "Abrasi", "Panjang": 6.8733398168599997 }, "geometry": { "type": "MultiLineString", "coordinates": [ [ [ 115.121845027795558, -8.794038827566384 ], [ 115.121813113692852, -8.793985411568951 ] ] ] } },
{ "type": "Feature", "properties": { "LRR": -0.6, "LR2": 0.57, "Kec": "Kuta Selatan", "Desa": "Pecatu", "KLRR": "Abrasi", "Panjang": 4.8831772687899999 }, "geometry": { "type": "MultiLineString", "coordinates": [ [ [ 115.121723378482841, -8.794133204267881 ], [ 115.121702713310228, -8.794094136533595 ] ] ] } },
{ "type": "Feature", "properties": { "LRR": 0.0, "LR2": 0.0, "Kec": "Kuta Selatan", "Desa": "Pecatu", "KLRR": "Stabil", "Panjang": 0.0 }, "geometry": { "type": "MultiLineString", "coordinates": [ ] } },
{ "type": "Feature", "properties": { "LRR": 0.0, "LR2": 0.0, "Kec": "Kuta Selatan", "Desa": "Pecatu", "KLRR": "Stabil", "Panjang": 0.0 }, "geometry": { "type": "MultiLineString", "coordinates": [ ] } },
{ "type": "Feature", "properties": { "LRR": 0.0, "LR2": 0.0, "Kec": "Kuta Selatan", "Desa": "Pecatu", "KLRR": "Stabil", "Panjang": 0.0 }, "geometry": { "type": "MultiLineString", "coordinates": [ [ [ 115.120612216460401, -8.793965954847508 ], [ 115.120612216460401, -8.793965954847508 ] ] ] } },
{ "type": "Feature", "properties": { "LRR": 0.0, "LR2": 0.0, "Kec": "Kuta Selatan", "Desa": "Pecatu", "KLRR": "Stabil", "Panjang": 0.0 }, "geometry": { "type": "MultiLineString", "coordinates": [ ] } },
{ "type": "Feature", "properties": { "LRR": 0.0, "LR2": 0.0, "Kec": "Kuta Selatan", "Desa": "Pecatu", "KLRR": "Stabil", "Panjang": 0.0 }, "geometry": { "type": "MultiLineString", "coordinates": [ ] } },
{ "type": "Feature", "properties": { "LRR": 0.0, "LR2": 0.0, "Kec": "Kuta Selatan", "Desa": "Pecatu", "KLRR": "Stabil", "Panjang": 0.0 }, "geometry": { "type": "MultiLineString", "coordinates": [ ] } },
{ "type": "Feature", "properties": { "LRR": 0.0, "LR2": 0.0, "Kec": "Kuta Selatan", "Desa": "Pecatu", "KLRR": "Stabil", "Panjang": 0.0 }, "geometry": { "type": "MultiLineString", "coordinates": [ [ [ 115.118762013205028, -8.793700896165497 ], [ 115.118762013205028, -8.793700896165497 ] ] ] } },
{ "type": "Feature", "properties": { "LRR": 0.0, "LR2": 0.0, "Kec": "Kuta Selatan", "Desa": "Pecatu", "KLRR": "Stabil", "Panjang": 0.0 }, "geometry": { "type": "MultiLineString", "coordinates": [ ] } },
{ "type": "Feature", "properties": { "LRR": -1.59, "LR2": 0.59, "Kec": "Kuta Selatan", "Desa": "Pecatu", "KLRR": "Abrasi", "Panjang": 13.4708803136 }, "geometry": { "type": "MultiLineString", "coordinates": [ [ [ 115.118536886674278, -8.794681456223206 ], [ 115.11845071882469, -8.794594947394035 ] ] ] } },
{ "type": "Feature", "properties": { "LRR": -2.49, "LR2": 0.47, "Kec": "Kuta Selatan", "Desa": "Pecatu", "KLRR": "Abrasi", "Panjang": 25.463109391900002 }, "geometry": { "type": "MultiLineString", "coordinates": [ [ [ 115.118443036315483, -8.795178683658516 ], [ 115.118268427590138, -8.795027614852868 ] ] ] } },
{ "type": "Feature", "properties": { "LRR": -1.37, "LR2": 0.14, "Kec": "Kuta Selatan", "Desa": "Pecatu", "KLRR": "Abrasi", "Panjang": 25.515792291099999 }, "geometry": { "type": "MultiLineString", "coordinates": [ [ [ 115.118346264957268, -8.795652805142437 ], [ 115.118158915156627, -8.795516871485317 ] ] ] } },
{ "type": "Feature", "properties": { "LRR": -0.41, "LR2": 0.02, "Kec": "Kuta Selatan", "Desa": "Pecatu", "KLRR": "Abrasi", "Panjang": 25.5072960195 }, "geometry": { "type": "MultiLineString", "coordinates": [ [ [ 115.118255075584699, -8.796146474703079 ], [ 115.118055888235645, -8.796028513085846 ] ] ] } },
{ "type": "Feature", "properties": { "LRR": -1.85, "LR2": 0.21, "Kec": "Kuta Selatan", "Desa": "Pecatu", "KLRR": "Abrasi", "Panjang": 35.114326515899997 }, "geometry": { "type": "MultiLineString", "coordinates": [ [ [ 115.118222959366292, -8.796651737359415 ], [ 115.117935001801101, -8.79651490558264 ] ] ] } },
{ "type": "Feature", "properties": { "LRR": -3.05, "LR2": 0.45, "Kec": "Kuta Selatan", "Desa": "Pecatu", "KLRR": "Abrasi", "Panjang": 36.725701426299999 }, "geometry": { "type": "MultiLineString", "coordinates": [ [ [ 115.118205893684106, -8.797115694096057 ], [ 115.117894386316635, -8.796996467517685 ] ] ] } },
{ "type": "Feature", "properties": { "LRR": -2.22, "LR2": 0.44, "Kec": "Kuta Selatan", "Desa": "Pecatu", "KLRR": "Abrasi", "Panjang": 25.9188231147 }, "geometry": { "type": "MultiLineString", "coordinates": [ [ [ 115.118133117254061, -8.797525699742343 ], [ 115.117908013015736, -8.797456678417745 ] ] ] } },
{ "type": "Feature", "properties": { "LRR": -2.56, "LR2": 0.5, "Kec": "Kuta Selatan", "Desa": "Pecatu", "KLRR": "Abrasi", "Panjang": 28.1729868213 }, "geometry": { "type": "MultiLineString", "coordinates": [ [ [ 115.118090830644675, -8.797924802121758 ], [ 115.117842017821573, -8.797864707214982 ] ] ] } },
{ "type": "Feature", "properties": { "LRR": -1.24, "LR2": 0.13, "Kec": "Kuta Selatan", "Desa": "Pecatu", "KLRR": "Abrasi", "Panjang": 29.739253816800002 }, "geometry": { "type": "MultiLineString", "coordinates": [ [ [ 115.118007755550579, -8.798282863677416 ], [ 115.117742416577798, -8.798231706652269 ] ] ] } },
{ "type": "Feature", "properties": { "LRR": -0.71, "LR2": 0.04, "Kec": "Kuta Selatan", "Desa": "Pecatu", "KLRR": "Abrasi", "Panjang": 31.993727749800001 }, "geometry": { "type": "MultiLineString", "coordinates": [ [ [ 115.117960684780186, -8.798592328049125 ], [ 115.117674179657584, -8.798542992540975 ] ] ] } },
{ "type": "Feature", "properties": { "LRR": -1.01, "LR2": 0.07, "Kec": "Kuta Selatan", "Desa": "Pecatu", "KLRR": "Abrasi", "Panjang": 34.7997863537 }, "geometry": { "type": "MultiLineString", "coordinates": [ [ [ 115.117943741451057, -8.798830269905585 ], [ 115.117632991207415, -8.798771757230568 ] ] ] } },
{ "type": "Feature", "properties": { "LRR": -1.39, "LR2": 0.1, "Kec": "Kuta Selatan", "Desa": "Pecatu", "KLRR": "Abrasi", "Panjang": 37.995824422600002 }, "geometry": { "type": "MultiLineString", "coordinates": [ [ [ 115.117929885446898, -8.799076292226285 ], [ 115.117591373658342, -8.79900844375844 ] ] ] } },
{ "type": "Feature", "properties": { "LRR": -1.63, "LR2": 0.11, "Kec": "Kuta Selatan", "Desa": "Pecatu", "KLRR": "Abrasi", "Panjang": 38.818904912699999 }, "geometry": { "type": "MultiLineString", "coordinates": [ [ [ 115.117895874243146, -8.799316178314902 ], [ 115.117550939863577, -8.799242507210099 ] ] ] } },
{ "type": "Feature", "properties": { "LRR": -1.24, "LR2": 0.1, "Kec": "Kuta Selatan", "Desa": "Pecatu", "KLRR": "Abrasi", "Panjang": 29.508811960100001 }, "geometry": { "type": "MultiLineString", "coordinates": [ [ [ 115.117801274714381, -8.799547743380634 ], [ 115.117539721466741, -8.799488791260911 ] ] ] } },
{ "type": "Feature", "properties": { "LRR": -0.6, "LR2": 0.05, "Kec": "Kuta Selatan", "Desa": "Pecatu", "KLRR": "Abrasi", "Panjang": 15.242591152099999 }, "geometry": { "type": "MultiLineString", "coordinates": [ [ [ 115.117644409624745, -8.799756129940281 ], [ 115.117509765642623, -8.799723726161275 ] ] ] } },
{ "type": "Feature", "properties": { "LRR": -0.52, "LR2": 0.04, "Kec": "Kuta Selatan", "Desa": "Pecatu", "KLRR": "Abrasi", "Panjang": 19.522042733599999 }, "geometry": { "type": "MultiLineString", "coordinates": [ [ [ 115.117574597877962, -8.79997645585439 ], [ 115.117402918238042, -8.799931920662813 ] ] ] } },
{ "type": "Feature", "properties": { "LRR": -0.51, "LR2": 0.07, "Kec": "Kuta Selatan", "Desa": "Pecatu", "KLRR": "Abrasi", "Panjang": 11.573563075599999 }, "geometry": { "type": "MultiLineString", "coordinates": [ [ [ 115.117495138878468, -8.800183443942126 ], [ 115.117393974634155, -8.800154796634521 ] ] ] } },
{ "type": "Feature", "properties": { "LRR": -0.91, "LR2": 0.3, "Kec": "Kuta Selatan", "Desa": "Pecatu", "KLRR": "Abrasi", "Panjang": 10.8189301104 }, "geometry": { "type": "MultiLineString", "coordinates": [ [ [ 115.117399106575263, -8.800422535988606 ], [ 115.117304700146235, -8.800395198064978 ] ] ] } },
{ "type": "Feature", "properties": { "LRR": -1.01, "LR2": 0.37, "Kec": "Kuta Selatan", "Desa": "Pecatu", "KLRR": "Abrasi", "Panjang": 11.3951094359 }, "geometry": { "type": "MultiLineString", "coordinates": [ [ [ 115.117318346851945, -8.800659352048164 ], [ 115.117219178118631, -8.800629665955134 ] ] ] } },
{ "type": "Feature", "properties": { "LRR": -0.66, "LR2": 0.22, "Kec": "Kuta Selatan", "Desa": "Pecatu", "KLRR": "Abrasi", "Panjang": 10.4561722489 }, "geometry": { "type": "MultiLineString", "coordinates": [ [ [ 115.117247400581192, -8.800886834027157 ], [ 115.1171568128171, -8.800858274793068 ] ] ] } },
{ "type": "Feature", "properties": { "LRR": -0.32, "LR2": 0.13, "Kec": "Kuta Selatan", "Desa": "Pecatu", "KLRR": "Abrasi", "Panjang": 5.5736101602100003 }, "geometry": { "type": "MultiLineString", "coordinates": [ [ [ 115.117178803998982, -8.801103981779539 ], [ 115.117130820735923, -8.801087834941137 ] ] ] } },
{ "type": "Feature", "properties": { "LRR": -0.02, "LR2": 0.0, "Kec": "Kuta Selatan", "Desa": "Pecatu", "KLRR": "Abrasi", "Panjang": 5.2097610629400002 }, "geometry": { "type": "MultiLineString", "coordinates": [ [ [ 115.117112429077054, -8.801324254165426 ], [ 115.11706786456142, -8.801308344104049 ] ] ] } },
{ "type": "Feature", "properties": { "LRR": 0.18, "LR2": 0.13, "Kec": "Kuta Selatan", "Desa": "Pecatu", "KLRR": "Akresi", "Panjang": 4.4509376821000002 }, "geometry": { "type": "MultiLineString", "coordinates": [ [ [ 115.117040554837857, -8.801550780342552 ], [ 115.117002691432177, -8.801536618783128 ] ] ] } },
{ "type": "Feature", "properties": { "LRR": 0.27, "LR2": 0.16, "Kec": "Kuta Selatan", "Desa": "Pecatu", "KLRR": "Akresi", "Panjang": 5.4744567826499999 }, "geometry": { "type": "MultiLineString", "coordinates": [ [ [ 115.116942110209024, -8.801765683949716 ], [ 115.116895819229129, -8.801747543968553 ] ] ] } },
{ "type": "Feature", "properties": { "LRR": 0.2, "LR2": 0.16, "Kec": "Kuta Selatan", "Desa": "Pecatu", "KLRR": "Akresi", "Panjang": 4.0468494204900001 }, "geometry": { "type": "MultiLineString", "coordinates": [ [ [ 115.116816085410079, -8.801958548866832 ], [ 115.116782136828135, -8.801944474675043 ] ] ] } },
{ "type": "Feature", "properties": { "LRR": 0.0, "LR2": 0.0, "Kec": "Kuta Selatan", "Desa": "Pecatu", "KLRR": "Stabil", "Panjang": 0.0 }, "geometry": { "type": "MultiLineString", "coordinates": [ ] } },
{ "type": "Feature", "properties": { "LRR": 0.0, "LR2": 0.0, "Kec": "Kuta Selatan", "Desa": "Pecatu", "KLRR": "Stabil", "Panjang": 0.0 }, "geometry": { "type": "MultiLineString", "coordinates": [ ] } },
{ "type": "Feature", "properties": { "LRR": 0.0, "LR2": 0.0, "Kec": "Kuta Selatan", "Desa": "Pecatu", "KLRR": "Stabil", "Panjang": 0.0 }, "geometry": { "type": "MultiLineString", "coordinates": [ [ [ 115.148678280745244, -8.84773957829786 ], [ 115.148678280745244, -8.84773957829786 ] ] ] } },
{ "type": "Feature", "properties": { "LRR": 0.0, "LR2": 0.0, "Kec": "Kuta Selatan", "Desa": "Pecatu", "KLRR": "Stabil", "Panjang": 0.0 }, "geometry": { "type": "MultiLineString", "coordinates": [ ] } },
{ "type": "Feature", "properties": { "LRR": 0.0, "LR2": 0.0, "Kec": "Kuta Selatan", "Desa": "Pecatu", "KLRR": "Stabil", "Panjang": 0.0 }, "geometry": { "type": "MultiLineString", "coordinates": [ ] } },
{ "type": "Feature", "properties": { "LRR": -1.07, "LR2": 0.26, "Kec": "Kuta Selatan", "Desa": "Pecatu", "KLRR": "Abrasi", "Panjang": 16.772161454100001 }, "geometry": { "type": "MultiLineString", "coordinates": [ [ [ 115.149214812449443, -8.847342061513352 ], [ 115.149234040879222, -8.847492479788446 ] ] ] } },
{ "type": "Feature", "properties": { "LRR": -0.46, "LR2": 0.26, "Kec": "Kuta Selatan", "Desa": "Pecatu", "KLRR": "Abrasi", "Panjang": 7.2772070795700001 }, "geometry": { "type": "MultiLineString", "coordinates": [ [ [ 115.149406752775448, -8.847279186039861 ], [ 115.14941295191241, -8.847344686282572 ] ] ] } },
{ "type": "Feature", "properties": { "LRR": 0.0, "LR2": 0.0, "Kec": "Kuta Selatan", "Desa": "Ungasan", "KLRR": "Stabil", "Panjang": 0.0 }, "geometry": { "type": "MultiLineString", "coordinates": [ ] } },
{ "type": "Feature", "properties": { "LRR": 0.0, "LR2": 0.0, "Kec": "Kuta Selatan", "Desa": "Ungasan", "KLRR": "Stabil", "Panjang": 0.0 }, "geometry": { "type": "MultiLineString", "coordinates": [ ] } },
{ "type": "Feature", "properties": { "LRR": 0.0, "LR2": 0.0, "Kec": "Kuta Selatan", "Desa": "Ungasan", "KLRR": "Stabil", "Panjang": 0.0 }, "geometry": { "type": "MultiLineString", "coordinates": [ ] } },
{ "type": "Feature", "properties": { "LRR": 0.0, "LR2": 0.0, "Kec": "Kuta Selatan", "Desa": "Ungasan", "KLRR": "Stabil", "Panjang": 0.0 }, "geometry": { "type": "MultiLineString", "coordinates": [ ] } },
{ "type": "Feature", "properties": { "LRR": 0.0, "LR2": 0.0, "Kec": "Kuta Selatan", "Desa": "Ungasan", "KLRR": "Stabil", "Panjang": 0.0 }, "geometry": { "type": "MultiLineString", "coordinates": [ ] } },
{ "type": "Feature", "properties": { "LRR": 0.0, "LR2": 0.0, "Kec": "Kuta Selatan", "Desa": "Ungasan", "KLRR": "Stabil", "Panjang": 0.0 }, "geometry": { "type": "MultiLineString", "coordinates": [ ] } },
{ "type": "Feature", "properties": { "LRR": 0.0, "LR2": 0.0, "Kec": "Kuta Selatan", "Desa": "Ungasan", "KLRR": "Stabil", "Panjang": 0.0 }, "geometry": { "type": "MultiLineString", "coordinates": [ ] } },
{ "type": "Feature", "properties": { "LRR": 0.0, "LR2": 0.0, "Kec": "Kuta Selatan", "Desa": "Ungasan", "KLRR": "Stabil", "Panjang": 0.0 }, "geometry": { "type": "MultiLineString", "coordinates": [ ] } },
{ "type": "Feature", "properties": { "LRR": 0.0, "LR2": 0.0, "Kec": "Kuta Selatan", "Desa": "Ungasan", "KLRR": "Stabil", "Panjang": 0.0 }, "geometry": { "type": "MultiLineString", "coordinates": [ ] } },
{ "type": "Feature", "properties": { "LRR": 0.0, "LR2": 0.0, "Kec": "Kuta Selatan", "Desa": "Ungasan", "KLRR": "Stabil", "Panjang": 0.0 }, "geometry": { "type": "MultiLineString", "coordinates": [ ] } },
{ "type": "Feature", "properties": { "LRR": 0.0, "LR2": 0.0, "Kec": "Kuta Selatan", "Desa": "Ungasan", "KLRR": "Stabil", "Panjang": 0.0 }, "geometry": { "type": "MultiLineString", "coordinates": [ ] } },
{ "type": "Feature", "properties": { "LRR": 0.0, "LR2": 0.0, "Kec": "Kuta Selatan", "Desa": "Ungasan", "KLRR": "Stabil", "Panjang": 0.0 }, "geometry": { "type": "MultiLineString", "coordinates": [ ] } },
{ "type": "Feature", "properties": { "LRR": 0.0, "LR2": 0.0, "Kec": "Kuta Selatan", "Desa": "Ungasan", "KLRR": "Stabil", "Panjang": 0.0 }, "geometry": { "type": "MultiLineString", "coordinates": [ ] } },
{ "type": "Feature", "properties": { "LRR": 0.0, "LR2": 0.0, "Kec": "Kuta Selatan", "Desa": "Ungasan", "KLRR": "Stabil", "Panjang": 0.0 }, "geometry": { "type": "MultiLineString", "coordinates": [ ] } },
{ "type": "Feature", "properties": { "LRR": 0.0, "LR2": 0.0, "Kec": "Kuta Selatan", "Desa": "Ungasan", "KLRR": "Stabil", "Panjang": 0.0 }, "geometry": { "type": "MultiLineString", "coordinates": [ ] } },
{ "type": "Feature", "properties": { "LRR": 0.0, "LR2": 0.0, "Kec": "Kuta Selatan", "Desa": "Ungasan", "KLRR": "Stabil", "Panjang": 0.0 }, "geometry": { "type": "MultiLineString", "coordinates": [ [ [ 115.172185952584883, -8.848118020567465 ], [ 115.172185952584883, -8.848118020567465 ] ] ] } },
{ "type": "Feature", "properties": { "LRR": 0.0, "LR2": 0.0, "Kec": "Kuta Selatan", "Desa": "Ungasan", "KLRR": "Stabil", "Panjang": 0.0 }, "geometry": { "type": "MultiLineString", "coordinates": [ ] } },
{ "type": "Feature", "properties": { "LRR": -0.04, "LR2": 0.21, "Kec": "Kuta Selatan", "Desa": "Kutuh", "KLRR": "Abrasi", "Panjang": 0.71684484422999994 }, "geometry": { "type": "MultiLineString", "coordinates": [ [ [ 115.172644001301165, -8.847903634683002 ], [ 115.172645609209255, -8.847909915005083 ] ] ] } },
{ "type": "Feature", "properties": { "LRR": 0.0, "LR2": 0.0, "Kec": "Kuta Selatan", "Desa": "Kutuh", "KLRR": "Stabil", "Panjang": 0.0 }, "geometry": { "type": "MultiLineString", "coordinates": [ ] } },
{ "type": "Feature", "properties": { "LRR": 0.0, "LR2": 0.0, "Kec": "Kuta Selatan", "Desa": "Kutuh", "KLRR": "Stabil", "Panjang": 0.0 }, "geometry": { "type": "MultiLineString", "coordinates": [ ] } },
{ "type": "Feature", "properties": { "LRR": -0.07, "LR2": 0.13, "Kec": "Kuta Selatan", "Desa": "Kutuh", "KLRR": "Abrasi", "Panjang": 1.63534364673 }, "geometry": { "type": "MultiLineString", "coordinates": [ [ [ 115.173284912775912, -8.847768558967781 ], [ 115.173287547960371, -8.847783109360257 ] ] ] } },
{ "type": "Feature", "properties": { "LRR": -0.08, "LR2": 0.15, "Kec": "Kuta Selatan", "Desa": "Kutuh", "KLRR": "Abrasi", "Panjang": 1.71370304342 }, "geometry": { "type": "MultiLineString", "coordinates": [ [ [ 115.173534835028164, -8.84776977825654 ], [ 115.173537426644117, -8.847785055313516 ] ] ] } },
{ "type": "Feature", "properties": { "LRR": -0.08, "LR2": 0.11, "Kec": "Kuta Selatan", "Desa": "Kutuh", "KLRR": "Abrasi", "Panjang": 1.8200396053600001 }, "geometry": { "type": "MultiLineString", "coordinates": [ [ [ 115.173756236865074, -8.847770858264219 ], [ 115.173758629015921, -8.847787139680836 ] ] ] } },
{ "type": "Feature", "properties": { "LRR": -0.05, "LR2": 0.02, "Kec": "Kuta Selatan", "Desa": "Kutuh", "KLRR": "Abrasi", "Panjang": 2.0753369001299999 }, "geometry": { "type": "MultiLineString", "coordinates": [ [ [ 115.173968821812963, -8.847771895139562 ], [ 115.173971063322625, -8.847790524611172 ] ] ] } },
{ "type": "Feature", "properties": { "LRR": -0.13, "LR2": 0.15, "Kec": "Kuta Selatan", "Desa": "Kutuh", "KLRR": "Abrasi", "Panjang": 2.7644029853699998 }, "geometry": { "type": "MultiLineString", "coordinates": [ [ [ 115.174186998712614, -8.84777295916397 ], [ 115.174189393043321, -8.84779783745107 ] ] ] } },
{ "type": "Feature", "properties": { "LRR": 0.0, "LR2": 0.0, "Kec": "Kuta Selatan", "Desa": "Kutuh", "KLRR": "Stabil", "Panjang": 0.0 }, "geometry": { "type": "MultiLineString", "coordinates": [ ] } },
{ "type": "Feature", "properties": { "LRR": 0.0, "LR2": 0.0, "Kec": "Kuta Selatan", "Desa": "Kutuh", "KLRR": "Stabil", "Panjang": 0.0 }, "geometry": { "type": "MultiLineString", "coordinates": [ ] } },
{ "type": "Feature", "properties": { "LRR": 0.0, "LR2": 0.0, "Kec": "Kuta Selatan", "Desa": "Kutuh", "KLRR": "Stabil", "Panjang": 0.0 }, "geometry": { "type": "MultiLineString", "coordinates": [ ] } },
{ "type": "Feature", "properties": { "LRR": 0.0, "LR2": 0.0, "Kec": "Kuta Selatan", "Desa": "Kutuh", "KLRR": "Stabil", "Panjang": 0.0 }, "geometry": { "type": "MultiLineString", "coordinates": [ ] } },
{ "type": "Feature", "properties": { "LRR": 0.0, "LR2": 0.0, "Kec": "Kuta Selatan", "Desa": "Kutuh", "KLRR": "Stabil", "Panjang": 0.0 }, "geometry": { "type": "MultiLineString", "coordinates": [ ] } },
{ "type": "Feature", "properties": { "LRR": -0.03, "LR2": 0.09, "Kec": "Kuta Selatan", "Desa": "Kutuh", "KLRR": "Abrasi", "Panjang": 0.85640286227999995 }, "geometry": { "type": "MultiLineString", "coordinates": [ [ [ 115.175948618954564, -8.847661943595835 ], [ 115.175949927570755, -8.847669575859625 ] ] ] } },
{ "type": "Feature", "properties": { "LRR": 0.0, "LR2": 0.0, "Kec": "Kuta Selatan", "Desa": "Kutuh", "KLRR": "Stabil", "Panjang": 0.0 }, "geometry": { "type": "MultiLineString", "coordinates": [ ] } },
{ "type": "Feature", "properties": { "LRR": 0.0, "LR2": 0.0, "Kec": "Kuta Selatan", "Desa": "Kutuh", "KLRR": "Stabil", "Panjang": 0.0 }, "geometry": { "type": "MultiLineString", "coordinates": [ ] } },
{ "type": "Feature", "properties": { "LRR": 0.0, "LR2": 0.0, "Kec": "Kuta Selatan", "Desa": "Kutuh", "KLRR": "Stabil", "Panjang": 0.0 }, "geometry": { "type": "MultiLineString", "coordinates": [ ] } },
{ "type": "Feature", "properties": { "LRR": 0.0, "LR2": 0.0, "Kec": "Kuta Selatan", "Desa": "Kutuh", "KLRR": "Stabil", "Panjang": 0.0 }, "geometry": { "type": "MultiLineString", "coordinates": [ ] } },
{ "type": "Feature", "properties": { "LRR": 0.0, "LR2": 0.0, "Kec": "Kuta Selatan", "Desa": "Kutuh", "KLRR": "Stabil", "Panjang": 0.0 }, "geometry": { "type": "MultiLineString", "coordinates": [ ] } },
{ "type": "Feature", "properties": { "LRR": 0.0, "LR2": 0.0, "Kec": "Kuta Selatan", "Desa": "Kutuh", "KLRR": "Stabil", "Panjang": 0.0 }, "geometry": { "type": "MultiLineString", "coordinates": [ ] } },
{ "type": "Feature", "properties": { "LRR": 0.0, "LR2": 0.0, "Kec": "Kuta Selatan", "Desa": "Kutuh", "KLRR": "Stabil", "Panjang": 0.0 }, "geometry": { "type": "MultiLineString", "coordinates": [ ] } },
{ "type": "Feature", "properties": { "LRR": 0.0, "LR2": 0.0, "Kec": "Kuta Selatan", "Desa": "Kutuh", "KLRR": "Stabil", "Panjang": 0.0 }, "geometry": { "type": "MultiLineString", "coordinates": [ ] } },
{ "type": "Feature", "properties": { "LRR": 0.0, "LR2": 0.0, "Kec": "Kuta Selatan", "Desa": "Kutuh", "KLRR": "Stabil", "Panjang": 0.0 }, "geometry": { "type": "MultiLineString", "coordinates": [ ] } },
{ "type": "Feature", "properties": { "LRR": 0.0, "LR2": 0.0, "Kec": "Kuta Selatan", "Desa": "Kutuh", "KLRR": "Stabil", "Panjang": 0.0 }, "geometry": { "type": "MultiLineString", "coordinates": [ ] } },
{ "type": "Feature", "properties": { "LRR": 0.0, "LR2": 0.0, "Kec": "Kuta Selatan", "Desa": "Kutuh", "KLRR": "Stabil", "Panjang": 0.0 }, "geometry": { "type": "MultiLineString", "coordinates": [ [ [ 115.178913744338175, -8.847169193127597 ], [ 115.178913744338175, -8.847169193127597 ] ] ] } },
{ "type": "Feature", "properties": { "LRR": 0.0, "LR2": 0.0, "Kec": "Kuta Selatan", "Desa": "Kutuh", "KLRR": "Stabil", "Panjang": 0.0 }, "geometry": { "type": "MultiLineString", "coordinates": [ ] } },
{ "type": "Feature", "properties": { "LRR": 0.0, "LR2": 0.0, "Kec": "Kuta Selatan", "Desa": "Kutuh", "KLRR": "Stabil", "Panjang": 0.0 }, "geometry": { "type": "MultiLineString", "coordinates": [ ] } },
{ "type": "Feature", "properties": { "LRR": 0.0, "LR2": 0.0, "Kec": "Kuta Selatan", "Desa": "Kutuh", "KLRR": "Stabil", "Panjang": 0.0 }, "geometry": { "type": "MultiLineString", "coordinates": [ [ [ 115.179505941992304, -8.84710715643677 ], [ 115.179505941992304, -8.84710715643677 ] ] ] } },
{ "type": "Feature", "properties": { "LRR": 0.0, "LR2": 0.0, "Kec": "Kuta Selatan", "Desa": "Kutuh", "KLRR": "Stabil", "Panjang": 0.0 }, "geometry": { "type": "MultiLineString", "coordinates": [ ] } },
{ "type": "Feature", "properties": { "LRR": 0.0, "LR2": 0.0, "Kec": "Kuta Selatan", "Desa": "Kutuh", "KLRR": "Stabil", "Panjang": 0.0 }, "geometry": { "type": "MultiLineString", "coordinates": [ ] } },
{ "type": "Feature", "properties": { "LRR": 0.0, "LR2": 0.06, "Kec": "Kuta Selatan", "Desa": "Kutuh", "KLRR": "Stabil", "Panjang": 0.11359445514 }, "geometry": { "type": "MultiLineString", "coordinates": [ [ [ 115.18030159817458, -8.846876779033392 ], [ 115.180301748619428, -8.84687779504525 ] ] ] } },
{ "type": "Feature", "properties": { "LRR": 0.0, "LR2": 0.0, "Kec": "Kuta Selatan", "Desa": "Kutuh", "KLRR": "Stabil", "Panjang": 0.0 }, "geometry": { "type": "MultiLineString", "coordinates": [ [ [ 115.180585813300581, -8.846757296519804 ], [ 115.180585813300581, -8.846757296519804 ] ] ] } },
{ "type": "Feature", "properties": { "LRR": 0.0, "LR2": 0.0, "Kec": "Kuta Selatan", "Desa": "Kutuh", "KLRR": "Stabil", "Panjang": 0.0 }, "geometry": { "type": "MultiLineString", "coordinates": [ ] } },
{ "type": "Feature", "properties": { "LRR": 0.0, "LR2": 0.0, "Kec": "Kuta Selatan", "Desa": "Kutuh", "KLRR": "Stabil", "Panjang": 0.0 }, "geometry": { "type": "MultiLineString", "coordinates": [ ] } },
{ "type": "Feature", "properties": { "LRR": 0.0, "LR2": 0.0, "Kec": "Kuta Selatan", "Desa": "Kutuh", "KLRR": "Stabil", "Panjang": 0.0 }, "geometry": { "type": "MultiLineString", "coordinates": [ ] } },
{ "type": "Feature", "properties": { "LRR": 0.0, "LR2": 0.0, "Kec": "Kuta Selatan", "Desa": "Kutuh", "KLRR": "Stabil", "Panjang": 0.0 }, "geometry": { "type": "MultiLineString", "coordinates": [ ] } },
{ "type": "Feature", "properties": { "LRR": -0.07, "LR2": 0.06, "Kec": "Kuta Selatan", "Desa": "Kutuh", "KLRR": "Abrasi", "Panjang": 2.2693951820199998 }, "geometry": { "type": "MultiLineString", "coordinates": [ [ [ 115.182074842368579, -8.84647232283994 ], [ 115.182079510089508, -8.846492307584491 ] ] ] } },
{ "type": "Feature", "properties": { "LRR": -0.02, "LR2": 0.01, "Kec": "Kuta Selatan", "Desa": "Kutuh", "KLRR": "Abrasi", "Panjang": 1.8479469372899999 }, "geometry": { "type": "MultiLineString", "coordinates": [ [ [ 115.18230931296381, -8.846407260727204 ], [ 115.18231290699282, -8.846423580543551 ] ] ] } },
{ "type": "Feature", "properties": { "LRR": -0.9, "LR2": 0.38, "Kec": "Kuta Selatan", "Desa": "Kutuh", "KLRR": "Abrasi", "Panjang": 10.683548393200001 }, "geometry": { "type": "MultiLineString", "coordinates": [ [ [ 115.182544295959048, -8.846297035808178 ], [ 115.182564243398559, -8.846391562885747 ] ] ] } },
{ "type": "Feature", "properties": { "LRR": -1.79, "LR2": 0.49, "Kec": "Kuta Selatan", "Desa": "Kutuh", "KLRR": "Abrasi", "Panjang": 18.531776109700001 }, "geometry": { "type": "MultiLineString", "coordinates": [ [ [ 115.182787714246487, -8.846172718161773 ], [ 115.182821640543295, -8.846336825090809 ] ] ] } },
{ "type": "Feature", "properties": { "LRR": -1.97, "LR2": 0.5, "Kec": "Kuta Selatan", "Desa": "Kutuh", "KLRR": "Abrasi", "Panjang": 22.155496849599999 }, "geometry": { "type": "MultiLineString", "coordinates": [ [ [ 115.183043347408656, -8.846068578995128 ], [ 115.183083793705876, -8.846264798849074 ] ] ] } },
{ "type": "Feature", "properties": { "LRR": -2.09, "LR2": 0.58, "Kec": "Kuta Selatan", "Desa": "Kutuh", "KLRR": "Abrasi", "Panjang": 22.0007326568 }, "geometry": { "type": "MultiLineString", "coordinates": [ [ [ 115.183312545728228, -8.845996028007432 ], [ 115.183353244860058, -8.846190767298044 ] ] ] } },
{ "type": "Feature", "properties": { "LRR": -1.95, "LR2": 0.6, "Kec": "Kuta Selatan", "Desa": "Kutuh", "KLRR": "Abrasi", "Panjang": 21.268902377500002 }, "geometry": { "type": "MultiLineString", "coordinates": [ [ [ 115.183594217756067, -8.845941497774179 ], [ 115.183634858332354, -8.846129486912545 ] ] ] } },
{ "type": "Feature", "properties": { "LRR": -1.92, "LR2": 0.69, "Kec": "Kuta Selatan", "Desa": "Kutuh", "KLRR": "Abrasi", "Panjang": 20.433699518000001 }, "geometry": { "type": "MultiLineString", "coordinates": [ [ [ 115.183866787607499, -8.845893557313929 ], [ 115.183906175032249, -8.846074090746288 ] ] ] } },
{ "type": "Feature", "properties": { "LRR": -1.8, "LR2": 0.68, "Kec": "Kuta Selatan", "Desa": "Kutuh", "KLRR": "Abrasi", "Panjang": 19.636015519800001 }, "geometry": { "type": "MultiLineString", "coordinates": [ [ [ 115.184126738049429, -8.845847836445618 ], [ 115.184163846922843, -8.846021480578809 ] ] ] } },
{ "type": "Feature", "properties": { "LRR": -1.66, "LR2": 0.65, "Kec": "Kuta Selatan", "Desa": "Kutuh", "KLRR": "Abrasi", "Panjang": 18.420336312500002 }, "geometry": { "type": "MultiLineString", "coordinates": [ [ [ 115.184383889796237, -8.845806548085383 ], [ 115.184417727246796, -8.84596964471565 ] ] ] } },
{ "type": "Feature", "properties": { "LRR": -1.5, "LR2": 0.59, "Kec": "Kuta Selatan", "Desa": "Kutuh", "KLRR": "Abrasi", "Panjang": 16.9122158194 }, "geometry": { "type": "MultiLineString", "coordinates": [ [ [ 115.184651047095755, -8.845765919198444 ], [ 115.184681915718514, -8.845915703306073 ] ] ] } },
{ "type": "Feature", "properties": { "LRR": 0.0, "LR2": 0.0, "Kec": "Kuta Selatan", "Desa": "Benoa", "KLRR": "Stabil", "Panjang": 0.0 }, "geometry": { "type": "MultiLineString", "coordinates": [ ] } },
{ "type": "Feature", "properties": { "LRR": 0.0, "LR2": 0.0, "Kec": "Kuta Selatan", "Desa": "Benoa", "KLRR": "Stabil", "Panjang": 0.0 }, "geometry": { "type": "MultiLineString", "coordinates": [ ] } },
{ "type": "Feature", "properties": { "LRR": 0.0, "LR2": 0.0, "Kec": "Kuta Selatan", "Desa": "Benoa", "KLRR": "Stabil", "Panjang": 0.0 }, "geometry": { "type": "MultiLineString", "coordinates": [ ] } },
{ "type": "Feature", "properties": { "LRR": 0.0, "LR2": 0.0, "Kec": "Kuta Selatan", "Desa": "Benoa", "KLRR": "Stabil", "Panjang": 0.0 }, "geometry": { "type": "MultiLineString", "coordinates": [ ] } },
{ "type": "Feature", "properties": { "LRR": 0.0, "LR2": 0.0, "Kec": "Kuta Selatan", "Desa": "Benoa", "KLRR": "Stabil", "Panjang": 0.0 }, "geometry": { "type": "MultiLineString", "coordinates": [ ] } },
{ "type": "Feature", "properties": { "LRR": 0.02, "LR2": 0.21, "Kec": "Kuta Selatan", "Desa": "Benoa", "KLRR": "Akresi", "Panjang": 0.36620083325000002 }, "geometry": { "type": "MultiLineString", "coordinates": [ [ [ 115.206423471321216, -8.837087164705247 ], [ 115.206424771863254, -8.837090212293274 ] ] ] } },
{ "type": "Feature", "properties": { "LRR": 0.05, "LR2": 0.11, "Kec": "Kuta Selatan", "Desa": "Benoa", "KLRR": "Akresi", "Panjang": 1.04098791921 }, "geometry": { "type": "MultiLineString", "coordinates": [ [ [ 115.206646152779783, -8.836968429806715 ], [ 115.206649772065191, -8.836977125501203 ] ] ] } },
{ "type": "Feature", "properties": { "LRR": 0.02, "LR2": 0.01, "Kec": "Kuta Selatan", "Desa": "Benoa", "KLRR": "Akresi", "Panjang": 1.7060850202 }, "geometry": { "type": "MultiLineString", "coordinates": [ [ [ 115.206888202523743, -8.836859836379487 ], [ 115.206894088195014, -8.836874106696721 ] ] ] } },
{ "type": "Feature", "properties": { "LRR": -0.02, "LR2": 0.21, "Kec": "Kuta Selatan", "Desa": "Benoa", "KLRR": "Abrasi", "Panjang": 0.35055614269000002 }, "geometry": { "type": "MultiLineString", "coordinates": [ [ [ 115.207153450132452, -8.836763813916555 ], [ 115.207154672183037, -8.836766740883352 ] ] ] } },
{ "type": "Feature", "properties": { "LRR": -0.1, "LR2": 0.21, "Kec": "Kuta Selatan", "Desa": "Benoa", "KLRR": "Abrasi", "Panjang": 1.6707960496300001 }, "geometry": { "type": "MultiLineString", "coordinates": [ [ [ 115.207420720688845, -8.836664472043987 ], [ 115.207426625359417, -8.836678388947103 ] ] ] } },
{ "type": "Feature", "properties": { "LRR": -0.08, "LR2": 0.21, "Kec": "Kuta Selatan", "Desa": "Benoa", "KLRR": "Abrasi", "Panjang": 1.4257499253299999 }, "geometry": { "type": "MultiLineString", "coordinates": [ [ [ 115.207684772716405, -8.836563385938945 ], [ 115.207689868394894, -8.836575237640686 ] ] ] } },
{ "type": "Feature", "properties": { "LRR": 0.0, "LR2": 0.02, "Kec": "Kuta Selatan", "Desa": "Benoa", "KLRR": "Stabil", "Panjang": 0.16472392064 }, "geometry": { "type": "MultiLineString", "coordinates": [ [ [ 115.207927029105903, -8.836459711883309 ], [ 115.207927612400212, -8.836461083467997 ] ] ] } },
{ "type": "Feature", "properties": { "LRR": -0.02, "LR2": 0.02, "Kec": "Kuta Selatan", "Desa": "Benoa", "KLRR": "Abrasi", "Panjang": 0.79548347635000005 }, "geometry": { "type": "MultiLineString", "coordinates": [ [ [ 115.208168589281257, -8.836349042062919 ], [ 115.208171387776844, -8.836355673398124 ] ] ] } },
{ "type": "Feature", "properties": { "LRR": 0.0, "LR2": 0.0, "Kec": "Kuta Selatan", "Desa": "Benoa", "KLRR": "Stabil", "Panjang": 0.0 }, "geometry": { "type": "MultiLineString", "coordinates": [ [ [ 115.208421119617427, -8.836263415420637 ], [ 115.208421119617427, -8.836263415420637 ] ] ] } },
{ "type": "Feature", "properties": { "LRR": 0.0, "LR2": 0.0, "Kec": "Kuta Selatan", "Desa": "Benoa", "KLRR": "Stabil", "Panjang": 0.0 }, "geometry": { "type": "MultiLineString", "coordinates": [ ] } },
{ "type": "Feature", "properties": { "LRR": 0.0, "LR2": 0.0, "Kec": "Kuta Selatan", "Desa": "Benoa", "KLRR": "Stabil", "Panjang": 0.0 }, "geometry": { "type": "MultiLineString", "coordinates": [ ] } },
{ "type": "Feature", "properties": { "LRR": 0.0, "LR2": 0.0, "Kec": "Kuta Selatan", "Desa": "Benoa", "KLRR": "Stabil", "Panjang": 0.0 }, "geometry": { "type": "MultiLineString", "coordinates": [ ] } },
{ "type": "Feature", "properties": { "LRR": 0.0, "LR2": 0.0, "Kec": "Kuta Selatan", "Desa": "Benoa", "KLRR": "Stabil", "Panjang": 0.0 }, "geometry": { "type": "MultiLineString", "coordinates": [ ] } },
{ "type": "Feature", "properties": { "LRR": 0.0, "LR2": 0.0, "Kec": "Kuta Selatan", "Desa": "Benoa", "KLRR": "Stabil", "Panjang": 0.0 }, "geometry": { "type": "MultiLineString", "coordinates": [ ] } },
{ "type": "Feature", "properties": { "LRR": 0.0, "LR2": 0.0, "Kec": "Kuta Selatan", "Desa": "Benoa", "KLRR": "Stabil", "Panjang": 0.0 }, "geometry": { "type": "MultiLineString", "coordinates": [ ] } },
{ "type": "Feature", "properties": { "LRR": 0.0, "LR2": 0.0, "Kec": "Kuta Selatan", "Desa": "Benoa", "KLRR": "Stabil", "Panjang": 0.0 }, "geometry": { "type": "MultiLineString", "coordinates": [ [ [ 115.210134626217553, -8.835583519175515 ], [ 115.210134626217553, -8.835583519175515 ] ] ] } },
{ "type": "Feature", "properties": { "LRR": 0.02, "LR2": 0.06, "Kec": "Kuta Selatan", "Desa": "Benoa", "KLRR": "Akresi", "Panjang": 0.61161167445999998 }, "geometry": { "type": "MultiLineString", "coordinates": [ [ [ 115.210354279095341, -8.835474947293926 ], [ 115.210356217463669, -8.835480129771614 ] ] ] } },
{ "type": "Feature", "properties": { "LRR": 0.04, "LR2": 0.06, "Kec": "Kuta Selatan", "Desa": "Benoa", "KLRR": "Akresi", "Panjang": 1.3975683592899999 }, "geometry": { "type": "MultiLineString", "coordinates": [ [ [ 115.210581453111104, -8.835361575156705 ], [ 115.210585782489389, -8.835373453916233 ] ] ] } },
{ "type": "Feature", "properties": { "LRR": 0.0, "LR2": 0.0, "Kec": "Kuta Selatan", "Desa": "Benoa", "KLRR": "Stabil", "Panjang": 0.0 }, "geometry": { "type": "MultiLineString", "coordinates": [ ] } },
{ "type": "Feature", "properties": { "LRR": 0.0, "LR2": 0.0, "Kec": "Kuta Selatan", "Desa": "Benoa", "KLRR": "Stabil", "Panjang": 0.0 }, "geometry": { "type": "MultiLineString", "coordinates": [ ] } },
{ "type": "Feature", "properties": { "LRR": 0.05, "LR2": 0.06, "Kec": "Kuta Selatan", "Desa": "Benoa", "KLRR": "Akresi", "Panjang": 1.68807915996 }, "geometry": { "type": "MultiLineString", "coordinates": [ [ [ 115.211274567876117, -8.835050771358457 ], [ 115.211279427406026, -8.835065247393594 ] ] ] } },
{ "type": "Feature", "properties": { "LRR": 0.01, "LR2": 0.0, "Kec": "Kuta Selatan", "Desa": "Benoa", "KLRR": "Akresi", "Panjang": 2.0782644703200002 }, "geometry": { "type": "MultiLineString", "coordinates": [ [ [ 115.211506137070231, -8.834969852099359 ], [ 115.211511903648969, -8.834987744512107 ] ] ] } },
{ "type": "Feature", "properties": { "LRR": -0.48, "LR2": 0.19, "Kec": "Kuta Selatan", "Desa": "Benoa", "KLRR": "Abrasi", "Panjang": 6.5842377856200001 }, "geometry": { "type": "MultiLineString", "coordinates": [ [ [ 115.21173151736501, -8.834863973657205 ], [ 115.211749141613183, -8.834920861069868 ] ] ] } },
{ "type": "Feature", "properties": { "LRR": -0.76, "LR2": 0.19, "Kec": "Kuta Selatan", "Desa": "Benoa", "KLRR": "Abrasi", "Panjang": 11.381250296299999 }, "geometry": { "type": "MultiLineString", "coordinates": [ [ [ 115.211964596735754, -8.834777849169086 ], [ 115.21199400081764, -8.834876501350456 ] ] ] } },
{ "type": "Feature", "properties": { "LRR": -0.78, "LR2": 0.32, "Kec": "Kuta Selatan", "Desa": "Benoa", "KLRR": "Abrasi", "Panjang": 9.3455133979700005 }, "geometry": { "type": "MultiLineString", "coordinates": [ [ [ 115.212215043697043, -8.83474792358219 ], [ 115.21223834982797, -8.834829172691878 ] ] ] } },
{ "type": "Feature", "properties": { "LRR": -0.3, "LR2": 0.03, "Kec": "Kuta Selatan", "Desa": "Benoa", "KLRR": "Abrasi", "Panjang": 15.213426589599999 }, "geometry": { "type": "MultiLineString", "coordinates": [ [ [ 115.212449057436771, -8.834648956023367 ], [ 115.212485810708259, -8.834781551305056 ] ] ] } },
{ "type": "Feature", "properties": { "LRR": 0.18, "LR2": 0.01, "Kec": "Kuta Selatan", "Desa": "Benoa", "KLRR": "Akresi", "Panjang": 20.084302317799999 }, "geometry": { "type": "MultiLineString", "coordinates": [ [ [ 115.212686467041294, -8.834552994323067 ], [ 115.212733509791676, -8.834728441212961 ] ] ] } },
{ "type": "Feature", "properties": { "LRR": 0.25, "LR2": 0.01, "Kec": "Kuta Selatan", "Desa": "Benoa", "KLRR": "Akresi", "Panjang": 19.611077938400001 }, "geometry": { "type": "MultiLineString", "coordinates": [ [ [ 115.212939845724506, -8.834502982343029 ], [ 115.21298458004209, -8.834674609268689 ] ] ] } },
{ "type": "Feature", "properties": { "LRR": 0.13, "LR2": 0.0, "Kec": "Kuta Selatan", "Desa": "Benoa", "KLRR": "Akresi", "Panjang": 20.2360566071 }, "geometry": { "type": "MultiLineString", "coordinates": [ [ [ 115.213200020995956, -8.834441403928968 ], [ 115.213245749331136, -8.834618611138019 ] ] ] } },
{ "type": "Feature", "properties": { "LRR": -0.07, "LR2": 0.0, "Kec": "Kuta Selatan", "Desa": "Benoa", "KLRR": "Abrasi", "Panjang": 17.586291621499999 }, "geometry": { "type": "MultiLineString", "coordinates": [ [ [ 115.213473596014168, -8.834407236237999 ], [ 115.213513413505012, -8.83456121980509 ] ] ] } },
{ "type": "Feature", "properties": { "LRR": -0.38, "LR2": 0.04, "Kec": "Kuta Selatan", "Desa": "Benoa", "KLRR": "Abrasi", "Panjang": 15.229189699399999 }, "geometry": { "type": "MultiLineString", "coordinates": [ [ [ 115.213754626319584, -8.834372137375171 ], [ 115.213789638267741, -8.834505345433778 ] ] ] } },
{ "type": "Feature", "properties": { "LRR": -1.46, "LR2": 0.52, "Kec": "Kuta Selatan", "Desa": "Kutuh", "KLRR": "Abrasi", "Panjang": 17.642744310699999 }, "geometry": { "type": "MultiLineString", "coordinates": [ [ [ 115.184946838988679, -8.845698977284748 ], [ 115.184981312503197, -8.845854751223802 ] ] ] } },
{ "type": "Feature", "properties": { "LRR": -1.54, "LR2": 0.5, "Kec": "Kuta Selatan", "Desa": "Kutuh", "KLRR": "Abrasi", "Panjang": 19.592919825500001 }, "geometry": { "type": "MultiLineString", "coordinates": [ [ [ 115.185281889942274, -8.845616228542623 ], [ 115.18532615957983, -8.845787802662796 ] ] ] } },
{ "type": "Feature", "properties": { "LRR": -1.66, "LR2": 0.55, "Kec": "Kuta Selatan", "Desa": "Kutuh", "KLRR": "Abrasi", "Panjang": 20.260962577699999 }, "geometry": { "type": "MultiLineString", "coordinates": [ [ [ 115.185615200517304, -8.84554582983422 ], [ 115.185666756690793, -8.845721679389083 ] ] ] } },
{ "type": "Feature", "properties": { "LRR": -1.78, "LR2": 0.65, "Kec": "Kuta Selatan", "Desa": "Kutuh", "KLRR": "Abrasi", "Panjang": 19.928476189200001 }, "geometry": { "type": "MultiLineString", "coordinates": [ [ [ 115.185940526289926, -8.845486244723116 ], [ 115.185995965172395, -8.845657767148698 ] ] ] } },
{ "type": "Feature", "properties": { "LRR": -1.9, "LR2": 0.72, "Kec": "Kuta Selatan", "Desa": "Kutuh", "KLRR": "Abrasi", "Panjang": 19.375924748900001 }, "geometry": { "type": "MultiLineString", "coordinates": [ [ [ 115.186271930371959, -8.845425546890352 ], [ 115.186330823233632, -8.845590635398517 ] ] ] } },
{ "type": "Feature", "properties": { "LRR": -1.93, "LR2": 0.73, "Kec": "Kuta Selatan", "Desa": "Kutuh", "KLRR": "Abrasi", "Panjang": 17.549710985400001 }, "geometry": { "type": "MultiLineString", "coordinates": [ [ [ 115.186604974203249, -8.845365221027309 ], [ 115.186662818938927, -8.845513084383617 ] ] ] } },
{ "type": "Feature", "properties": { "LRR": -1.98, "LR2": 0.71, "Kec": "Kuta Selatan", "Desa": "Kutuh", "KLRR": "Abrasi", "Panjang": 19.639322843599999 }, "geometry": { "type": "MultiLineString", "coordinates": [ [ [ 115.186931593262386, -8.845282055555337 ], [ 115.187001328636214, -8.84544550134971 ] ] ] } },
{ "type": "Feature", "properties": { "LRR": -1.83, "LR2": 0.57, "Kec": "Kuta Selatan", "Desa": "Kutuh", "KLRR": "Abrasi", "Panjang": 21.643314777400001 }, "geometry": { "type": "MultiLineString", "coordinates": [ [ [ 115.187257721679671, -8.845199013965619 ], [ 115.187340013082434, -8.845376744427554 ] ] ] } },
{ "type": "Feature", "properties": { "LRR": -1.25, "LR2": 0.26, "Kec": "Kuta Selatan", "Desa": "Kutuh", "KLRR": "Abrasi", "Panjang": 20.887166410900001 }, "geometry": { "type": "MultiLineString", "coordinates": [ [ [ 115.187572561832923, -8.845118846661501 ], [ 115.18765646944567, -8.845288239315815 ] ] ] } },
{ "type": "Feature", "properties": { "LRR": -1.03, "LR2": 0.2, "Kec": "Kuta Selatan", "Desa": "Kutuh", "KLRR": "Abrasi", "Panjang": 18.4479308819 }, "geometry": { "type": "MultiLineString", "coordinates": [ [ [ 115.187872597420579, -8.845026389658766 ], [ 115.187950204046899, -8.845174235517112 ] ] ] } },
{ "type": "Feature", "properties": { "LRR": -0.41, "LR2": 0.03, "Kec": "Kuta Selatan", "Desa": "Kutuh", "KLRR": "Abrasi", "Panjang": 21.686196904700001 }, "geometry": { "type": "MultiLineString", "coordinates": [ [ [ 115.18809621877233, -8.84477716903511 ], [ 115.188191589968014, -8.84494875341151 ] ] ] } },
{ "type": "Feature", "properties": { "LRR": -0.6, "LR2": 0.12, "Kec": "Kuta Selatan", "Desa": "Kutuh", "KLRR": "Abrasi", "Panjang": 13.8280820021 }, "geometry": { "type": "MultiLineString", "coordinates": [ [ [ 115.188351389626831, -8.84458205016541 ], [ 115.188414617296345, -8.844690097373768 ] ] ] } },
{ "type": "Feature", "properties": { "LRR": -0.56, "LR2": 0.1, "Kec": "Kuta Selatan", "Desa": "Kutuh", "KLRR": "Abrasi", "Panjang": 14.57242097 }, "geometry": { "type": "MultiLineString", "coordinates": [ [ [ 115.188591476894828, -8.844391517762741 ], [ 115.188659850584699, -8.844504354343979 ] ] ] } },
{ "type": "Feature", "properties": { "LRR": -0.56, "LR2": 0.08, "Kec": "Kuta Selatan", "Desa": "Kutuh", "KLRR": "Abrasi", "Panjang": 15.6568086418 }, "geometry": { "type": "MultiLineString", "coordinates": [ [ [ 115.188816624264987, -8.844208352613247 ], [ 115.188891080988114, -8.844328983746399 ] ] ] } },
{ "type": "Feature", "properties": { "LRR": -0.63, "LR2": 0.11, "Kec": "Kuta Selatan", "Desa": "Kutuh", "KLRR": "Abrasi", "Panjang": 16.392947718199999 }, "geometry": { "type": "MultiLineString", "coordinates": [ [ [ 115.189036777569328, -8.844032422926059 ], [ 115.189115317880123, -8.844158368078865 ] ] ] } },
{ "type": "Feature", "properties": { "LRR": -0.92, "LR2": 0.19, "Kec": "Kuta Selatan", "Desa": "Kutuh", "KLRR": "Abrasi", "Panjang": 19.561644726099999 }, "geometry": { "type": "MultiLineString", "coordinates": [ [ [ 115.189246031728402, -8.843837204194447 ], [ 115.189340516215694, -8.843987020958764 ] ] ] } },
{ "type": "Feature", "properties": { "LRR": -0.96, "LR2": 0.25, "Kec": "Kuta Selatan", "Desa": "Kutuh", "KLRR": "Abrasi", "Panjang": 17.767404872299998 }, "geometry": { "type": "MultiLineString", "coordinates": [ [ [ 115.189451804188067, -8.843643491852257 ], [ 115.189538033602901, -8.843779309621839 ] ] ] } },
{ "type": "Feature", "properties": { "LRR": -0.92, "LR2": 0.22, "Kec": "Kuta Selatan", "Desa": "Kutuh", "KLRR": "Abrasi", "Panjang": 16.906252053199999 }, "geometry": { "type": "MultiLineString", "coordinates": [ [ [ 115.189609056821922, -8.843510828162943 ], [ 115.189687001837441, -8.843642552857098 ] ] ] } },
{ "type": "Feature", "properties": { "LRR": -1.08, "LR2": 0.28, "Kec": "Kuta Selatan", "Desa": "Kutuh", "KLRR": "Abrasi", "Panjang": 17.983492434 }, "geometry": { "type": "MultiLineString", "coordinates": [ [ [ 115.189762133275053, -8.84339737496677 ], [ 115.189839659000583, -8.843540510762399 ] ] ] } },
{ "type": "Feature", "properties": { "LRR": -1.2, "LR2": 0.29, "Kec": "Kuta Selatan", "Desa": "Kutuh", "KLRR": "Abrasi", "Panjang": 20.304289730899999 }, "geometry": { "type": "MultiLineString", "coordinates": [ [ [ 115.189927760116618, -8.843287229803485 ], [ 115.190009789465748, -8.843451667659766 ] ] ] } },
{ "type": "Feature", "properties": { "LRR": -1.28, "LR2": 0.3, "Kec": "Kuta Selatan", "Desa": "Kutuh", "KLRR": "Abrasi", "Panjang": 21.421658749799999 }, "geometry": { "type": "MultiLineString", "coordinates": [ [ [ 115.190103085486882, -8.843182519746568 ], [ 115.190184100754607, -8.843358628015809 ] ] ] } },
{ "type": "Feature", "properties": { "LRR": -1.56, "LR2": 0.45, "Kec": "Kuta Selatan", "Desa": "Kutuh", "KLRR": "Abrasi", "Panjang": 20.987336560599999 }, "geometry": { "type": "MultiLineString", "coordinates": [ [ [ 115.190284747582425, -8.843088352889085 ], [ 115.190358652318352, -8.843263276786962 ] ] ] } },
{ "type": "Feature", "properties": { "LRR": -1.71, "LR2": 0.59, "Kec": "Kuta Selatan", "Desa": "Kutuh", "KLRR": "Abrasi", "Panjang": 20.670830967099999 }, "geometry": { "type": "MultiLineString", "coordinates": [ [ [ 115.190490002679766, -8.843010084295011 ], [ 115.190558579103367, -8.843184072018341 ] ] ] } },
{ "type": "Feature", "properties": { "LRR": -1.4, "LR2": 0.5, "Kec": "Kuta Selatan", "Desa": "Kutuh", "KLRR": "Abrasi", "Panjang": 17.224925325299999 }, "geometry": { "type": "MultiLineString", "coordinates": [ [ [ 115.190703971488176, -8.842966381015138 ], [ 115.190757245348649, -8.843112815170173 ] ] ] } },
{ "type": "Feature", "properties": { "LRR": -1.03, "LR2": 0.36, "Kec": "Kuta Selatan", "Desa": "Kutuh", "KLRR": "Abrasi", "Panjang": 15.174272440499999 }, "geometry": { "type": "MultiLineString", "coordinates": [ [ [ 115.190921129794333, -8.842952672440118 ], [ 115.190964322915107, -8.843082958869385 ] ] ] } },
{ "type": "Feature", "properties": { "LRR": -0.45, "LR2": 0.08, "Kec": "Kuta Selatan", "Desa": "Kutuh", "KLRR": "Abrasi", "Panjang": 11.046325704199999 }, "geometry": { "type": "MultiLineString", "coordinates": [ [ [ 115.191151417663647, -8.842957531933777 ], [ 115.191180625808855, -8.843053080091394 ] ] ] } },
{ "type": "Feature", "properties": { "LRR": 0.06, "LR2": 0.0, "Kec": "Kuta Selatan", "Desa": "Kutuh", "KLRR": "Akresi", "Panjang": 12.2177726027 }, "geometry": { "type": "MultiLineString", "coordinates": [ [ [ 115.191367811038901, -8.842914128363169 ], [ 115.1913977181175, -8.843020505396511 ] ] ] } },
{ "type": "Feature", "properties": { "LRR": 0.11, "LR2": 0.0, "Kec": "Kuta Selatan", "Desa": "Kutuh", "KLRR": "Akresi", "Panjang": 13.492905710500001 }, "geometry": { "type": "MultiLineString", "coordinates": [ [ [ 115.191586097738906, -8.842872970502642 ], [ 115.191616454446347, -8.842991160662082 ] ] ] } },
{ "type": "Feature", "properties": { "LRR": 0.05, "LR2": 0.0, "Kec": "Kuta Selatan", "Desa": "Kutuh", "KLRR": "Akresi", "Panjang": 12.725940558 }, "geometry": { "type": "MultiLineString", "coordinates": [ [ [ 115.191813227676249, -8.842842098470038 ], [ 115.191839640544885, -8.842954110963536 ] ] ] } },
{ "type": "Feature", "properties": { "LRR": -0.05, "LR2": 0.0, "Kec": "Kuta Selatan", "Desa": "Kutuh", "KLRR": "Abrasi", "Panjang": 10.9203436509 }, "geometry": { "type": "MultiLineString", "coordinates": [ [ [ 115.192061549899478, -8.842815810119331 ], [ 115.192083157988435, -8.842912170506645 ] ] ] } },
{ "type": "Feature", "properties": { "LRR": -0.09, "LR2": 0.01, "Kec": "Kuta Selatan", "Desa": "Kutuh", "KLRR": "Abrasi", "Panjang": 7.3235031731699998 }, "geometry": { "type": "MultiLineString", "coordinates": [ [ [ 115.192328680443822, -8.842800944157107 ], [ 115.192342948647408, -8.842865615301852 ] ] ] } },
{ "type": "Feature", "properties": { "LRR": -0.1, "LR2": 0.0, "Kec": "Kuta Selatan", "Desa": "Kutuh", "KLRR": "Abrasi", "Panjang": 9.7407926014899999 }, "geometry": { "type": "MultiLineString", "coordinates": [ [ [ 115.192575058386836, -8.842734580637153 ], [ 115.192593404078281, -8.842820733529043 ] ] ] } },
{ "type": "Feature", "properties": { "LRR": -0.39, "LR2": 0.02, "Kec": "Kuta Selatan", "Desa": "Kutuh", "KLRR": "Abrasi", "Panjang": 18.439950754000002 }, "geometry": { "type": "MultiLineString", "coordinates": [ [ [ 115.19281003044135, -8.842634843663044 ], [ 115.192843141145232, -8.842798269423785 ] ] ] } },
{ "type": "Feature", "properties": { "LRR": -0.23, "LR2": 0.01, "Kec": "Kuta Selatan", "Desa": "Kutuh", "KLRR": "Abrasi", "Panjang": 19.5165412992 }, "geometry": { "type": "MultiLineString", "coordinates": [ [ [ 115.193066219844312, -8.842568276679986 ], [ 115.193100611531847, -8.842741373290199 ] ] ] } },
{ "type": "Feature", "properties": { "LRR": 0.07, "LR2": 0.0, "Kec": "Kuta Selatan", "Desa": "Kutuh", "KLRR": "Akresi", "Panjang": 17.8716588966 }, "geometry": { "type": "MultiLineString", "coordinates": [ [ [ 115.193336734462264, -8.84252897980728 ], [ 115.193368254152389, -8.842687482380352 ] ] ] } },
{ "type": "Feature", "properties": { "LRR": 0.34, "LR2": 0.03, "Kec": "Kuta Selatan", "Desa": "Kutuh", "KLRR": "Akresi", "Panjang": 17.6244307224 }, "geometry": { "type": "MultiLineString", "coordinates": [ [ [ 115.193602343181809, -8.842491385875222 ], [ 115.193633093455503, -8.842647761040752 ] ] ] } },
{ "type": "Feature", "properties": { "LRR": 0.18, "LR2": 0.01, "Kec": "Kuta Selatan", "Desa": "Kutuh", "KLRR": "Akresi", "Panjang": 14.6734261767 }, "geometry": { "type": "MultiLineString", "coordinates": [ [ [ 115.193874480749727, -8.842413012792363 ], [ 115.193900640770821, -8.842543094904585 ] ] ] } },
{ "type": "Feature", "properties": { "LRR": 0.22, "LR2": 0.03, "Kec": "Kuta Selatan", "Desa": "Kutuh", "KLRR": "Akresi", "Panjang": 12.2541376 }, "geometry": { "type": "MultiLineString", "coordinates": [ [ [ 115.194141208499403, -8.842339573226106 ], [ 115.194163224721464, -8.842448174173141 ] ] ] } },
{ "type": "Feature", "properties": { "LRR": 0.4, "LR2": 0.09, "Kec": "Kuta Selatan", "Desa": "Kutuh", "KLRR": "Akresi", "Panjang": 12.660472158599999 }, "geometry": { "type": "MultiLineString", "coordinates": [ [ [ 115.194398950689347, -8.842268607116653 ], [ 115.194421414568595, -8.842380865439935 ] ] ] } },
{ "type": "Feature", "properties": { "LRR": 0.49, "LR2": 0.1, "Kec": "Kuta Selatan", "Desa": "Kutuh", "KLRR": "Akresi", "Panjang": 14.2837709574 }, "geometry": { "type": "MultiLineString", "coordinates": [ [ [ 115.194639814985308, -8.842202287846145 ], [ 115.194663808270676, -8.842329199733443 ] ] ] } },
{ "type": "Feature", "properties": { "LRR": 0.41, "LR2": 0.06, "Kec": "Kuta Selatan", "Desa": "Kutuh", "KLRR": "Akresi", "Panjang": 14.6908994324 }, "geometry": { "type": "MultiLineString", "coordinates": [ [ [ 115.194899895540175, -8.842152847161405 ], [ 115.194924113582815, -8.842283461460983 ] ] ] } },
{ "type": "Feature", "properties": { "LRR": 0.19, "LR2": 0.02, "Kec": "Kuta Selatan", "Desa": "Kutuh", "KLRR": "Akresi", "Panjang": 12.6470873526 }, "geometry": { "type": "MultiLineString", "coordinates": [ [ [ 115.195170048008691, -8.842122909837682 ], [ 115.195190829560033, -8.842235365282304 ] ] ] } },
{ "type": "Feature", "properties": { "LRR": -0.02, "LR2": 0.0, "Kec": "Kuta Selatan", "Desa": "Kutuh", "KLRR": "Abrasi", "Panjang": 9.4314885881800006 }, "geometry": { "type": "MultiLineString", "coordinates": [ [ [ 115.195432994849625, -8.842093376084057 ], [ 115.195448167943184, -8.842177297764417 ] ] ] } },
{ "type": "Feature", "properties": { "LRR": -0.11, "LR2": 0.01, "Kec": "Kuta Selatan", "Desa": "Kutuh", "KLRR": "Abrasi", "Panjang": 8.4669751060700005 }, "geometry": { "type": "MultiLineString", "coordinates": [ [ [ 115.195746414327587, -8.842056233223067 ], [ 115.195761530663276, -8.842131290061891 ] ] ] } },
{ "type": "Feature", "properties": { "LRR": -0.08, "LR2": 0.0, "Kec": "Kuta Selatan", "Desa": "Kutuh", "KLRR": "Abrasi", "Panjang": 10.858034100299999 }, "geometry": { "type": "MultiLineString", "coordinates": [ [ [ 115.196070120816231, -8.841985639589101 ], [ 115.19609208587373, -8.842081342582642 ] ] ] } },
{ "type": "Feature", "properties": { "LRR": -0.07, "LR2": 0.0, "Kec": "Kuta Selatan", "Desa": "Kutuh", "KLRR": "Abrasi", "Panjang": 10.169463989300001 }, "geometry": { "type": "MultiLineString", "coordinates": [ [ [ 115.196395435656427, -8.84194502839537 ], [ 115.196418172770322, -8.842034143404938 ] ] ] } },
{ "type": "Feature", "properties": { "LRR": -0.33, "LR2": 0.09, "Kec": "Kuta Selatan", "Desa": "Kutuh", "KLRR": "Abrasi", "Panjang": 8.6389562926199996 }, "geometry": { "type": "MultiLineString", "coordinates": [ [ [ 115.196706531220912, -8.841912284539371 ], [ 115.196727141950191, -8.841987648994065 ] ] ] } },
{ "type": "Feature", "properties": { "LRR": -0.5, "LR2": 0.15, "Kec": "Kuta Selatan", "Desa": "Kutuh", "KLRR": "Abrasi", "Panjang": 10.090952527800001 }, "geometry": { "type": "MultiLineString", "coordinates": [ [ [ 115.197003123458686, -8.841854618163278 ], [ 115.19702840822886, -8.841942313350151 ] ] ] } },
{ "type": "Feature", "properties": { "LRR": -0.62, "LR2": 0.19, "Kec": "Kuta Selatan", "Desa": "Kutuh", "KLRR": "Abrasi", "Panjang": 9.7336736028199997 }, "geometry": { "type": "MultiLineString", "coordinates": [ [ [ 115.19730390546296, -8.841796136316903 ], [ 115.197329605412975, -8.841880341909093 ] ] ] } },
{ "type": "Feature", "properties": { "LRR": -0.74, "LR2": 0.21, "Kec": "Kuta Selatan", "Desa": "Kutuh", "KLRR": "Abrasi", "Panjang": 9.4972249528799999 }, "geometry": { "type": "MultiLineString", "coordinates": [ [ [ 115.1975964819908, -8.841722155742518 ], [ 115.197622693604757, -8.841803964340155 ] ] ] } },
{ "type": "Feature", "properties": { "LRR": -0.81, "LR2": 0.21, "Kec": "Kuta Selatan", "Desa": "Kutuh", "KLRR": "Abrasi", "Panjang": 11.3394805183 }, "geometry": { "type": "MultiLineString", "coordinates": [ [ [ 115.197879495705365, -8.84164486787464 ], [ 115.197911831093364, -8.841742210118413 ] ] ] } },
{ "type": "Feature", "properties": { "LRR": -0.42, "LR2": 0.13, "Kec": "Kuta Selatan", "Desa": "Kutuh", "KLRR": "Abrasi", "Panjang": 8.5924103750699992 }, "geometry": { "type": "MultiLineString", "coordinates": [ [ [ 115.198161335797352, -8.841594889329018 ], [ 115.198186450526137, -8.84166844554619 ] ] ] } },
{ "type": "Feature", "properties": { "LRR": -0.18, "LR2": 0.05, "Kec": "Kuta Selatan", "Desa": "Kutuh", "KLRR": "Abrasi", "Panjang": 5.5375744232899997 }, "geometry": { "type": "MultiLineString", "coordinates": [ [ [ 115.198422685441372, -8.841571508839097 ], [ 115.198438868448235, -8.84161891475358 ] ] ] } },
{ "type": "Feature", "properties": { "LRR": 0.0, "LR2": 0.0, "Kec": "Kuta Selatan", "Desa": "Kutuh", "KLRR": "Stabil", "Panjang": 0.0 }, "geometry": { "type": "MultiLineString", "coordinates": [ ] } },
{ "type": "Feature", "properties": { "LRR": 0.0, "LR2": 0.0, "Kec": "Kuta Selatan", "Desa": "Kutuh", "KLRR": "Stabil", "Panjang": 0.0 }, "geometry": { "type": "MultiLineString", "coordinates": [ ] } },
{ "type": "Feature", "properties": { "LRR": 0.0, "LR2": 0.0, "Kec": "Kuta Selatan", "Desa": "Kutuh", "KLRR": "Stabil", "Panjang": 0.0 }, "geometry": { "type": "MultiLineString", "coordinates": [ [ [ 115.19907156229209, -8.841082985264885 ], [ 115.19907156229209, -8.841082985264885 ] ] ] } },
{ "type": "Feature", "properties": { "LRR": 0.17, "LR2": 0.02, "Kec": "Kuta Selatan", "Desa": "Kutuh", "KLRR": "Akresi", "Panjang": 8.9126541453900003 }, "geometry": { "type": "MultiLineString", "coordinates": [ [ [ 115.19932322689769, -8.840930972641372 ], [ 115.199349010743276, -8.841007360023136 ] ] ] } },
{ "type": "Feature", "properties": { "LRR": 0.47, "LR2": 0.03, "Kec": "Kuta Selatan", "Desa": "Kutuh", "KLRR": "Akresi", "Panjang": 20.4971058438 }, "geometry": { "type": "MultiLineString", "coordinates": [ [ [ 115.199591476189099, -8.840814024105544 ], [ 115.199652285011652, -8.840989185994108 ] ] ] } },
{ "type": "Feature", "properties": { "LRR": 0.66, "LR2": 0.04, "Kec": "Kuta Selatan", "Desa": "Kutuh", "KLRR": "Akresi", "Panjang": 26.403524901899999 }, "geometry": { "type": "MultiLineString", "coordinates": [ [ [ 115.199909109000458, -8.840710776279829 ], [ 115.199993529596426, -8.840934229556893 ] ] ] } },
{ "type": "Feature", "properties": { "LRR": 0.61, "LR2": 0.05, "Kec": "Kuta Selatan", "Desa": "Kutuh", "KLRR": "Akresi", "Panjang": 21.1841799239 }, "geometry": { "type": "MultiLineString", "coordinates": [ [ [ 115.200271214371895, -8.840644959479267 ], [ 115.200345926124314, -8.840821477323079 ] ] ] } },
{ "type": "Feature", "properties": { "LRR": 0.27, "LR2": 0.06, "Kec": "Kuta Selatan", "Desa": "Kutuh", "KLRR": "Akresi", "Panjang": 8.6041169486500007 }, "geometry": { "type": "MultiLineString", "coordinates": [ [ [ 115.200602273613271, -8.840627815827133 ], [ 115.200633943457575, -8.840698940706142 ] ] ] } },
{ "type": "Feature", "properties": { "LRR": 0.0, "LR2": 0.0, "Kec": "Kuta Selatan", "Desa": "Kutuh", "KLRR": "Stabil", "Panjang": 0.0 }, "geometry": { "type": "MultiLineString", "coordinates": [ ] } },
{ "type": "Feature", "properties": { "LRR": 0.0, "LR2": 0.0, "Kec": "Kuta Selatan", "Desa": "Kutuh", "KLRR": "Stabil", "Panjang": 0.0 }, "geometry": { "type": "MultiLineString", "coordinates": [ ] } },
{ "type": "Feature", "properties": { "LRR": 0.0, "LR2": 0.0, "Kec": "Kuta Selatan", "Desa": "Kutuh", "KLRR": "Stabil", "Panjang": 0.0 }, "geometry": { "type": "MultiLineString", "coordinates": [ ] } },
{ "type": "Feature", "properties": { "LRR": 0.0, "LR2": 0.0, "Kec": "Kuta Selatan", "Desa": "Kutuh", "KLRR": "Stabil", "Panjang": 0.0 }, "geometry": { "type": "MultiLineString", "coordinates": [ [ [ 115.201821454685472, -8.840321100471929 ], [ 115.201821454685472, -8.840321100471929 ] ] ] } },
{ "type": "Feature", "properties": { "LRR": -0.21, "LR2": 0.3, "Kec": "Kuta Selatan", "Desa": "Kutuh", "KLRR": "Abrasi", "Panjang": 3.0382142864700001 }, "geometry": { "type": "MultiLineString", "coordinates": [ [ [ 115.202100144931379, -8.840168824775462 ], [ 115.202113920460022, -8.840192631362074 ] ] ] } },
{ "type": "Feature", "properties": { "LRR": -0.46, "LR2": 0.3, "Kec": "Kuta Selatan", "Desa": "Kutuh", "KLRR": "Abrasi", "Panjang": 6.7826658342100004 }, "geometry": { "type": "MultiLineString", "coordinates": [ [ [ 115.202359261106949, -8.839977363888357 ], [ 115.20239121549929, -8.840029805215687 ] ] ] } },
{ "type": "Feature", "properties": { "LRR": -0.6, "LR2": 0.3, "Kec": "Kuta Selatan", "Desa": "Kutuh", "KLRR": "Abrasi", "Panjang": 8.8153319769199996 }, "geometry": { "type": "MultiLineString", "coordinates": [ [ [ 115.202603024194303, -8.839775074977652 ], [ 115.202646091982828, -8.839842281848354 ] ] ] } },
{ "type": "Feature", "properties": { "LRR": -0.77, "LR2": 0.3, "Kec": "Kuta Selatan", "Desa": "Kutuh", "KLRR": "Abrasi", "Panjang": 11.3315164492 }, "geometry": { "type": "MultiLineString", "coordinates": [ [ [ 115.202818232567921, -8.839548948192236 ], [ 115.202875541721028, -8.839634071884895 ] ] ] } },
{ "type": "Feature", "properties": { "LRR": -0.7, "LR2": 0.3, "Kec": "Kuta Selatan", "Desa": "Kutuh", "KLRR": "Abrasi", "Panjang": 10.2407743041 }, "geometry": { "type": "MultiLineString", "coordinates": [ [ [ 115.20303227376445, -8.839333091521864 ], [ 115.203085693992236, -8.839408912436019 ] ] ] } },
{ "type": "Feature", "properties": { "LRR": -0.31, "LR2": 0.3, "Kec": "Kuta Selatan", "Desa": "Kutuh", "KLRR": "Abrasi", "Panjang": 4.5368249043300004 }, "geometry": { "type": "MultiLineString", "coordinates": [ [ [ 115.203264161626819, -8.839134282784045 ], [ 115.203288479794907, -8.83916740861468 ] ] ] } },
{ "type": "Feature", "properties": { "LRR": 0.0, "LR2": 0.0, "Kec": "Kuta Selatan", "Desa": "Kutuh", "KLRR": "Stabil", "Panjang": 0.0 }, "geometry": { "type": "MultiLineString", "coordinates": [ ] } },
{ "type": "Feature", "properties": { "LRR": 0.0, "LR2": 0.0, "Kec": "Kuta Selatan", "Desa": "Kutuh", "KLRR": "Stabil", "Panjang": 0.0 }, "geometry": { "type": "MultiLineString", "coordinates": [ ] } },
{ "type": "Feature", "properties": { "LRR": 0.0, "LR2": 0.0, "Kec": "Kuta Selatan", "Desa": "Kutuh", "KLRR": "Stabil", "Panjang": 0.0 }, "geometry": { "type": "MultiLineString", "coordinates": [ ] } },
{ "type": "Feature", "properties": { "LRR": 0.0, "LR2": 0.0, "Kec": "Kuta Selatan", "Desa": "Kutuh", "KLRR": "Stabil", "Panjang": 0.0 }, "geometry": { "type": "MultiLineString", "coordinates": [ ] } },
{ "type": "Feature", "properties": { "LRR": 0.0, "LR2": 0.0, "Kec": "Kuta Selatan", "Desa": "Benoa", "KLRR": "Stabil", "Panjang": 0.0 }, "geometry": { "type": "MultiLineString", "coordinates": [ ] } },
{ "type": "Feature", "properties": { "LRR": 0.0, "LR2": 0.0, "Kec": "Kuta Selatan", "Desa": "Benoa", "KLRR": "Stabil", "Panjang": 0.0 }, "geometry": { "type": "MultiLineString", "coordinates": [ ] } },
{ "type": "Feature", "properties": { "LRR": 0.0, "LR2": 0.0, "Kec": "Kuta Selatan", "Desa": "Benoa", "KLRR": "Stabil", "Panjang": 0.0 }, "geometry": { "type": "MultiLineString", "coordinates": [ ] } },
{ "type": "Feature", "properties": { "LRR": 0.0, "LR2": 0.0, "Kec": "Kuta Selatan", "Desa": "Benoa", "KLRR": "Stabil", "Panjang": 0.0 }, "geometry": { "type": "MultiLineString", "coordinates": [ ] } },
{ "type": "Feature", "properties": { "LRR": 0.0, "LR2": 0.0, "Kec": "Kuta Selatan", "Desa": "Benoa", "KLRR": "Stabil", "Panjang": 0.0 }, "geometry": { "type": "MultiLineString", "coordinates": [ [ [ 115.204950295091933, -8.837734971458627 ], [ 115.204950295091933, -8.837734971458627 ] ] ] } },
{ "type": "Feature", "properties": { "LRR": 0.0, "LR2": 0.0, "Kec": "Kuta Selatan", "Desa": "Benoa", "KLRR": "Stabil", "Panjang": 0.0 }, "geometry": { "type": "MultiLineString", "coordinates": [ [ [ 115.205152540157727, -8.837669337382858 ], [ 115.205152540157727, -8.837669337382858 ] ] ] } },
{ "type": "Feature", "properties": { "LRR": -0.5, "LR2": 0.08, "Kec": "Kuta Selatan", "Desa": "Benoa", "KLRR": "Abrasi", "Panjang": 13.058032364600001 }, "geometry": { "type": "MultiLineString", "coordinates": [ [ [ 115.214064889349928, -8.834333387558914 ], [ 115.214096895835794, -8.834447070006656 ] ] ] } },
{ "type": "Feature", "properties": { "LRR": -0.32, "LR2": 0.04, "Kec": "Kuta Selatan", "Desa": "Benoa", "KLRR": "Abrasi", "Panjang": 13.7864140597 }, "geometry": { "type": "MultiLineString", "coordinates": [ [ [ 115.214374202417574, -8.834258019782293 ], [ 115.214410506855984, -8.83437731542497 ] ] ] } },
{ "type": "Feature", "properties": { "LRR": -0.4, "LR2": 0.06, "Kec": "Kuta Selatan", "Desa": "Benoa", "KLRR": "Abrasi", "Panjang": 14.678698542099999 }, "geometry": { "type": "MultiLineString", "coordinates": [ [ [ 115.214722657071817, -8.834160057581682 ], [ 115.214766472393976, -8.834285405729782 ] ] ] } },
{ "type": "Feature", "properties": { "LRR": -0.57, "LR2": 0.1, "Kec": "Kuta Selatan", "Desa": "Benoa", "KLRR": "Abrasi", "Panjang": 15.5726444454 }, "geometry": { "type": "MultiLineString", "coordinates": [ [ [ 115.215062777814907, -8.834064437642953 ], [ 115.215114088563951, -8.834195651967077 ] ] ] } },
{ "type": "Feature", "properties": { "LRR": -0.55, "LR2": 0.15, "Kec": "Kuta Selatan", "Desa": "Benoa", "KLRR": "Abrasi", "Panjang": 13.829534904599999 }, "geometry": { "type": "MultiLineString", "coordinates": [ [ [ 115.215388376205382, -8.833972900759321 ], [ 115.215437339193286, -8.834088057080715 ] ] ] } },
{ "type": "Feature", "properties": { "LRR": -0.6, "LR2": 0.19, "Kec": "Kuta Selatan", "Desa": "Benoa", "KLRR": "Abrasi", "Panjang": 11.910790151100001 }, "geometry": { "type": "MultiLineString", "coordinates": [ [ [ 115.215733131509509, -8.833848561879563 ], [ 115.215779474394012, -8.833945881445437 ] ] ] } },
{ "type": "Feature", "properties": { "LRR": -0.67, "LR2": 0.27, "Kec": "Kuta Selatan", "Desa": "Benoa", "KLRR": "Abrasi", "Panjang": 10.9838641252 }, "geometry": { "type": "MultiLineString", "coordinates": [ [ [ 115.216115883823008, -8.833715611963123 ], [ 115.216163833915999, -8.833802712907019 ] ] ] } },
{ "type": "Feature", "properties": { "LRR": -0.59, "LR2": 0.16, "Kec": "Kuta Selatan", "Desa": "Benoa", "KLRR": "Abrasi", "Panjang": 12.240792236200001 }, "geometry": { "type": "MultiLineString", "coordinates": [ [ [ 115.216465931238986, -8.833523866333481 ], [ 115.216525032409194, -8.833617630131693 ] ] ] } },
{ "type": "Feature", "properties": { "LRR": -0.88, "LR2": 0.25, "Kec": "Kuta Selatan", "Desa": "Benoa", "KLRR": "Abrasi", "Panjang": 15.195198876199999 }, "geometry": { "type": "MultiLineString", "coordinates": [ [ [ 115.216812022602753, -8.833327751882708 ], [ 115.21689205716801, -8.833439714294471 ] ] ] } },
{ "type": "Feature", "properties": { "LRR": 1.03, "LR2": 0.28, "Kec": "Kuta Selatan", "Desa": "Benoa", "KLRR": "Akresi", "Panjang": 15.0583562981 }, "geometry": { "type": "MultiLineString", "coordinates": [ [ [ 115.217403644929945, -8.832876019826815 ], [ 115.217493228084749, -8.832978951283406 ] ] ] } },
{ "type": "Feature", "properties": { "LRR": 0.93, "LR2": 0.26, "Kec": "Kuta Selatan", "Desa": "Benoa", "KLRR": "Akresi", "Panjang": 12.5580938818 }, "geometry": { "type": "MultiLineString", "coordinates": [ [ [ 115.217648945428195, -8.832621637190476 ], [ 115.217726830516213, -8.832704638223571 ] ] ] } },
{ "type": "Feature", "properties": { "LRR": 1.06, "LR2": 0.31, "Kec": "Kuta Selatan", "Desa": "Benoa", "KLRR": "Akresi", "Panjang": 13.530912688100001 }, "geometry": { "type": "MultiLineString", "coordinates": [ [ [ 115.217886903909971, -8.832383900036941 ], [ 115.21797344079107, -8.832470827039273 ] ] ] } },
{ "type": "Feature", "properties": { "LRR": 0.6, "LR2": 0.1, "Kec": "Kuta Selatan", "Desa": "Benoa", "KLRR": "Akresi", "Panjang": 13.7465349378 }, "geometry": { "type": "MultiLineString", "coordinates": [ [ [ 115.218164149113363, -8.832135239768848 ], [ 115.218256250290551, -8.832219225895289 ] ] ] } },
{ "type": "Feature", "properties": { "LRR": -0.78, "LR2": 0.1, "Kec": "Kuta Selatan", "Desa": "Benoa", "KLRR": "Abrasi", "Panjang": 18.999759024900001 }, "geometry": { "type": "MultiLineString", "coordinates": [ [ [ 115.21886859559865, -8.83224256708956 ], [ 115.219001633289508, -8.832352095676006 ] ] ] } },
{ "type": "Feature", "properties": { "LRR": -0.03, "LR2": 0.0, "Kec": "Kuta Selatan", "Desa": "Benoa", "KLRR": "Abrasi", "Panjang": 13.8494612427 }, "geometry": { "type": "MultiLineString", "coordinates": [ [ [ 115.218723920288838, -8.831213600577538 ], [ 115.21882705751311, -8.831285392950011 ] ] ] } },
{ "type": "Feature", "properties": { "LRR": 0.29, "LR2": 0.03, "Kec": "Kuta Selatan", "Desa": "Benoa", "KLRR": "Akresi", "Panjang": 13.3763732447 }, "geometry": { "type": "MultiLineString", "coordinates": [ [ [ 115.218888727844046, -8.830940745272969 ], [ 115.21898980824875, -8.831007953090102 ] ] ] } },
{ "type": "Feature", "properties": { "LRR": 1.67, "LR2": 0.33, "Kec": "Kuta Selatan", "Desa": "Benoa", "KLRR": "Akresi", "Panjang": 26.681645079799999 }, "geometry": { "type": "MultiLineString", "coordinates": [ [ [ 115.219113078355392, -8.830607687466161 ], [ 115.219321909179698, -8.830730345163673 ] ] ] } },
{ "type": "Feature", "properties": { "LRR": 0.83, "LR2": 0.07, "Kec": "Kuta Selatan", "Desa": "Benoa", "KLRR": "Akresi", "Panjang": 25.248587390899999 }, "geometry": { "type": "MultiLineString", "coordinates": [ [ [ 115.219539005792669, -8.829984790222339 ], [ 115.21974671941679, -8.830081859068679 ] ] ] } },
{ "type": "Feature", "properties": { "LRR": 0.0, "LR2": 0.0, "Kec": "Kuta Selatan", "Desa": "Benoa", "KLRR": "Stabil", "Panjang": 0.0 }, "geometry": { "type": "MultiLineString", "coordinates": [ ] } },
{ "type": "Feature", "properties": { "LRR": 0.0, "LR2": 0.0, "Kec": "Kuta Selatan", "Desa": "Benoa", "KLRR": "Stabil", "Panjang": 0.0 }, "geometry": { "type": "MultiLineString", "coordinates": [ ] } },
{ "type": "Feature", "properties": { "LRR": 0.0, "LR2": 0.0, "Kec": "Kuta Selatan", "Desa": "Benoa", "KLRR": "Stabil", "Panjang": 0.0 }, "geometry": { "type": "MultiLineString", "coordinates": [ ] } },
{ "type": "Feature", "properties": { "LRR": 0.0, "LR2": 0.0, "Kec": "Kuta Selatan", "Desa": "Benoa", "KLRR": "Stabil", "Panjang": 0.0 }, "geometry": { "type": "MultiLineString", "coordinates": [ ] } },
{ "type": "Feature", "properties": { "LRR": 0.0, "LR2": 0.0, "Kec": "Kuta Selatan", "Desa": "Benoa", "KLRR": "Stabil", "Panjang": 0.0 }, "geometry": { "type": "MultiLineString", "coordinates": [ ] } },
{ "type": "Feature", "properties": { "LRR": 0.0, "LR2": 0.0, "Kec": "Kuta Selatan", "Desa": "Benoa", "KLRR": "Stabil", "Panjang": 0.0 }, "geometry": { "type": "MultiLineString", "coordinates": [ ] } },
{ "type": "Feature", "properties": { "LRR": 0.0, "LR2": 0.0, "Kec": "Kuta Selatan", "Desa": "Benoa", "KLRR": "Stabil", "Panjang": 0.0 }, "geometry": { "type": "MultiLineString", "coordinates": [ ] } },
{ "type": "Feature", "properties": { "LRR": 0.0, "LR2": 0.0, "Kec": "Kuta Selatan", "Desa": "Benoa", "KLRR": "Stabil", "Panjang": 0.0 }, "geometry": { "type": "MultiLineString", "coordinates": [ ] } },
{ "type": "Feature", "properties": { "LRR": 0.0, "LR2": 0.0, "Kec": "Kuta Selatan", "Desa": "Benoa", "KLRR": "Stabil", "Panjang": 0.0 }, "geometry": { "type": "MultiLineString", "coordinates": [ [ [ 115.215587102870572, -8.780728701233921 ], [ 115.215587102870572, -8.780728701233921 ] ] ] } },
{ "type": "Feature", "properties": { "LRR": 0.0, "LR2": 0.0, "Kec": "Kuta Selatan", "Desa": "Benoa", "KLRR": "Stabil", "Panjang": 0.0 }, "geometry": { "type": "MultiLineString", "coordinates": [ ] } },
{ "type": "Feature", "properties": { "LRR": 0.0, "LR2": 0.0, "Kec": "Kuta Selatan", "Desa": "Benoa", "KLRR": "Stabil", "Panjang": 0.0 }, "geometry": { "type": "MultiLineString", "coordinates": [ ] } },
{ "type": "Feature", "properties": { "LRR": 0.0, "LR2": 0.0, "Kec": "Kuta Selatan", "Desa": "Benoa", "KLRR": "Stabil", "Panjang": 0.0 }, "geometry": { "type": "MultiLineString", "coordinates": [ ] } },
{ "type": "Feature", "properties": { "LRR": 0.0, "LR2": 0.0, "Kec": "Kuta Selatan", "Desa": "Benoa", "KLRR": "Stabil", "Panjang": 0.0 }, "geometry": { "type": "MultiLineString", "coordinates": [ ] } },
{ "type": "Feature", "properties": { "LRR": 0.0, "LR2": 0.0, "Kec": "Kuta Selatan", "Desa": "Benoa", "KLRR": "Stabil", "Panjang": 0.0 }, "geometry": { "type": "MultiLineString", "coordinates": [ [ [ 115.215968704569448, -8.782060466496914 ], [ 115.215968704569448, -8.782060466496914 ] ] ] } },
{ "type": "Feature", "properties": { "LRR": 0.0, "LR2": 0.0, "Kec": "Kuta Selatan", "Desa": "Benoa", "KLRR": "Stabil", "Panjang": 0.0 }, "geometry": { "type": "MultiLineString", "coordinates": [ ] } },
{ "type": "Feature", "properties": { "LRR": 0.0, "LR2": 0.0, "Kec": "Kuta Selatan", "Desa": "Benoa", "KLRR": "Stabil", "Panjang": 0.0 }, "geometry": { "type": "MultiLineString", "coordinates": [ [ [ 115.21615557671511, -8.782715704691912 ], [ 115.21615557671511, -8.782715704691912 ] ] ] } },
{ "type": "Feature", "properties": { "LRR": 0.0, "LR2": 0.0, "Kec": "Kuta Selatan", "Desa": "Benoa", "KLRR": "Stabil", "Panjang": 0.0 }, "geometry": { "type": "MultiLineString", "coordinates": [ ] } },
{ "type": "Feature", "properties": { "LRR": 0.0, "LR2": 0.0, "Kec": "Kuta Selatan", "Desa": "Benoa", "KLRR": "Stabil", "Panjang": 0.0 }, "geometry": { "type": "MultiLineString", "coordinates": [ ] } },
{ "type": "Feature", "properties": { "LRR": 0.0, "LR2": 0.0, "Kec": "Kuta Selatan", "Desa": "Benoa", "KLRR": "Stabil", "Panjang": 0.0 }, "geometry": { "type": "MultiLineString", "coordinates": [ ] } },
{ "type": "Feature", "properties": { "LRR": 0.0, "LR2": 0.0, "Kec": "Kuta Selatan", "Desa": "Benoa", "KLRR": "Stabil", "Panjang": 0.0 }, "geometry": { "type": "MultiLineString", "coordinates": [ ] } },
{ "type": "Feature", "properties": { "LRR": 0.0, "LR2": 0.0, "Kec": "Kuta Selatan", "Desa": "Benoa", "KLRR": "Stabil", "Panjang": 0.0 }, "geometry": { "type": "MultiLineString", "coordinates": [ ] } },
{ "type": "Feature", "properties": { "LRR": 0.0, "LR2": 0.0, "Kec": "Kuta Selatan", "Desa": "Benoa", "KLRR": "Stabil", "Panjang": 0.0 }, "geometry": { "type": "MultiLineString", "coordinates": [ ] } },
{ "type": "Feature", "properties": { "LRR": 0.0, "LR2": 0.0, "Kec": "Kuta Selatan", "Desa": "Benoa", "KLRR": "Stabil", "Panjang": 0.0 }, "geometry": { "type": "MultiLineString", "coordinates": [ [ [ 115.217215568920835, -8.785088436043795 ], [ 115.217215568920835, -8.785088436043795 ] ] ] } },
{ "type": "Feature", "properties": { "LRR": 0.0, "LR2": 0.0, "Kec": "Kuta Selatan", "Desa": "Benoa", "KLRR": "Stabil", "Panjang": 0.0 }, "geometry": { "type": "MultiLineString", "coordinates": [ ] } },
{ "type": "Feature", "properties": { "LRR": 0.0, "LR2": 0.0, "Kec": "Kuta Selatan", "Desa": "Benoa", "KLRR": "Stabil", "Panjang": 0.0 }, "geometry": { "type": "MultiLineString", "coordinates": [ [ [ 115.217792080164315, -8.785616040475505 ], [ 115.217792080164315, -8.785616040475505 ] ] ] } },
{ "type": "Feature", "properties": { "LRR": 0.0, "LR2": 0.0, "Kec": "Kuta Selatan", "Desa": "Benoa", "KLRR": "Stabil", "Panjang": 0.0 }, "geometry": { "type": "MultiLineString", "coordinates": [ ] } },
{ "type": "Feature", "properties": { "LRR": 0.0, "LR2": 0.0, "Kec": "Kuta Selatan", "Desa": "Benoa", "KLRR": "Stabil", "Panjang": 0.0 }, "geometry": { "type": "MultiLineString", "coordinates": [ ] } },
{ "type": "Feature", "properties": { "LRR": 0.0, "LR2": 0.02, "Kec": "Kuta Selatan", "Desa": "Benoa", "KLRR": "Stabil", "Panjang": 0.20665480976 }, "geometry": { "type": "MultiLineString", "coordinates": [ [ [ 115.218610462128296, -8.786228583930143 ], [ 115.218609261035837, -8.786230020293264 ] ] ] } },
{ "type": "Feature", "properties": { "LRR": 0.0, "LR2": 0.0, "Kec": "Kuta Selatan", "Desa": "Benoa", "KLRR": "Stabil", "Panjang": 0.0 }, "geometry": { "type": "MultiLineString", "coordinates": [ [ [ 115.218873471429092, -8.786382578987217 ], [ 115.218873471429092, -8.786382578987217 ] ] ] } },
{ "type": "Feature", "properties": { "LRR": 0.0, "LR2": 0.0, "Kec": "Kuta Selatan", "Desa": "Benoa", "KLRR": "Stabil", "Panjang": 0.0 }, "geometry": { "type": "MultiLineString", "coordinates": [ ] } },
{ "type": "Feature", "properties": { "LRR": 0.0, "LR2": 0.0, "Kec": "Kuta Selatan", "Desa": "Benoa", "KLRR": "Stabil", "Panjang": 0.0 }, "geometry": { "type": "MultiLineString", "coordinates": [ ] } },
{ "type": "Feature", "properties": { "LRR": 0.0, "LR2": 0.0, "Kec": "Kuta Selatan", "Desa": "Benoa", "KLRR": "Stabil", "Panjang": 0.0 }, "geometry": { "type": "MultiLineString", "coordinates": [ ] } },
{ "type": "Feature", "properties": { "LRR": 0.0, "LR2": 0.0, "Kec": "Kuta Selatan", "Desa": "Benoa", "KLRR": "Stabil", "Panjang": 0.0 }, "geometry": { "type": "MultiLineString", "coordinates": [ ] } },
{ "type": "Feature", "properties": { "LRR": 0.0, "LR2": 0.0, "Kec": "Kuta Selatan", "Desa": "Benoa", "KLRR": "Stabil", "Panjang": 0.0 }, "geometry": { "type": "MultiLineString", "coordinates": [ ] } },
{ "type": "Feature", "properties": { "LRR": 0.0, "LR2": 0.0, "Kec": "Kuta Selatan", "Desa": "Benoa", "KLRR": "Stabil", "Panjang": 0.0 }, "geometry": { "type": "MultiLineString", "coordinates": [ ] } },
{ "type": "Feature", "properties": { "LRR": 0.0, "LR2": 0.0, "Kec": "Kuta Selatan", "Desa": "Benoa", "KLRR": "Stabil", "Panjang": 0.0 }, "geometry": { "type": "MultiLineString", "coordinates": [ ] } },
{ "type": "Feature", "properties": { "LRR": 0.0, "LR2": 0.0, "Kec": "Kuta Selatan", "Desa": "Benoa", "KLRR": "Stabil", "Panjang": 0.0 }, "geometry": { "type": "MultiLineString", "coordinates": [ ] } },
{ "type": "Feature", "properties": { "LRR": 0.0, "LR2": 0.0, "Kec": "Kuta Selatan", "Desa": "Benoa", "KLRR": "Stabil", "Panjang": 0.0 }, "geometry": { "type": "MultiLineString", "coordinates": [ [ [ 115.220135301360258, -8.787028060240626 ], [ 115.220135301360258, -8.787028060240626 ] ] ] } },
{ "type": "Feature", "properties": { "LRR": 0.0, "LR2": 0.0, "Kec": "Kuta Selatan", "Desa": "Benoa", "KLRR": "Stabil", "Panjang": 0.0 }, "geometry": { "type": "MultiLineString", "coordinates": [ ] } },
{ "type": "Feature", "properties": { "LRR": 0.0, "LR2": 0.0, "Kec": "Kuta Selatan", "Desa": "Benoa", "KLRR": "Stabil", "Panjang": 0.0 }, "geometry": { "type": "MultiLineString", "coordinates": [ ] } },
{ "type": "Feature", "properties": { "LRR": 0.0, "LR2": 0.0, "Kec": "Kuta Selatan", "Desa": "Benoa", "KLRR": "Stabil", "Panjang": 0.0 }, "geometry": { "type": "MultiLineString", "coordinates": [ ] } },
{ "type": "Feature", "properties": { "LRR": 0.0, "LR2": 0.0, "Kec": "Kuta Selatan", "Desa": "Benoa", "KLRR": "Stabil", "Panjang": 0.0 }, "geometry": { "type": "MultiLineString", "coordinates": [ [ [ 115.220171102247221, -8.787085356699574 ], [ 115.220171102247221, -8.787085356699574 ] ] ] } },
{ "type": "Feature", "properties": { "LRR": 0.0, "LR2": 0.0, "Kec": "Kuta Selatan", "Desa": "Benoa", "KLRR": "Stabil", "Panjang": 0.0 }, "geometry": { "type": "MultiLineString", "coordinates": [ ] } },
{ "type": "Feature", "properties": { "LRR": 0.0, "LR2": 0.0, "Kec": "Kuta Selatan", "Desa": "Benoa", "KLRR": "Stabil", "Panjang": 0.0 }, "geometry": { "type": "MultiLineString", "coordinates": [ ] } },
{ "type": "Feature", "properties": { "LRR": 0.0, "LR2": 0.0, "Kec": "Kuta Selatan", "Desa": "Benoa", "KLRR": "Stabil", "Panjang": 0.0 }, "geometry": { "type": "MultiLineString", "coordinates": [ ] } },
{ "type": "Feature", "properties": { "LRR": 0.0, "LR2": 0.0, "Kec": "Kuta Selatan", "Desa": "Benoa", "KLRR": "Stabil", "Panjang": 0.0 }, "geometry": { "type": "MultiLineString", "coordinates": [ ] } },
{ "type": "Feature", "properties": { "LRR": 0.0, "LR2": 0.0, "Kec": "Kuta Selatan", "Desa": "Benoa", "KLRR": "Stabil", "Panjang": 0.0 }, "geometry": { "type": "MultiLineString", "coordinates": [ ] } },
{ "type": "Feature", "properties": { "LRR": 0.0, "LR2": 0.0, "Kec": "Kuta Selatan", "Desa": "Benoa", "KLRR": "Stabil", "Panjang": 0.0 }, "geometry": { "type": "MultiLineString", "coordinates": [ ] } },
{ "type": "Feature", "properties": { "LRR": 0.0, "LR2": 0.0, "Kec": "Kuta Selatan", "Desa": "Benoa", "KLRR": "Stabil", "Panjang": 0.0 }, "geometry": { "type": "MultiLineString", "coordinates": [ ] } },
{ "type": "Feature", "properties": { "LRR": 0.0, "LR2": 0.0, "Kec": "Kuta Selatan", "Desa": "Benoa", "KLRR": "Stabil", "Panjang": 0.0 }, "geometry": { "type": "MultiLineString", "coordinates": [ [ [ 115.220119730591776, -8.787169619484565 ], [ 115.220119730591776, -8.787169619484565 ] ] ] } },
{ "type": "Feature", "properties": { "LRR": 0.0, "LR2": 0.0, "Kec": "Kuta Selatan", "Desa": "Benoa", "KLRR": "Stabil", "Panjang": 0.0 }, "geometry": { "type": "MultiLineString", "coordinates": [ ] } },
{ "type": "Feature", "properties": { "LRR": 0.0, "LR2": 0.0, "Kec": "Kuta Selatan", "Desa": "Benoa", "KLRR": "Stabil", "Panjang": 0.0 }, "geometry": { "type": "MultiLineString", "coordinates": [ ] } },
{ "type": "Feature", "properties": { "LRR": 0.0, "LR2": 0.0, "Kec": "Kuta Selatan", "Desa": "Benoa", "KLRR": "Stabil", "Panjang": 0.0 }, "geometry": { "type": "MultiLineString", "coordinates": [ ] } },
{ "type": "Feature", "properties": { "LRR": 0.0, "LR2": 0.0, "Kec": "Kuta Selatan", "Desa": "Benoa", "KLRR": "Stabil", "Panjang": 0.0 }, "geometry": { "type": "MultiLineString", "coordinates": [ ] } },
{ "type": "Feature", "properties": { "LRR": -0.14, "LR2": 0.0, "Kec": "Kuta Selatan", "Desa": "Benoa", "KLRR": "Abrasi", "Panjang": 22.376627899500001 }, "geometry": { "type": "MultiLineString", "coordinates": [ [ [ 115.219614722011087, -8.829603208666558 ], [ 115.219803151279621, -8.829679368153222 ] ] ] } },
{ "type": "Feature", "properties": { "LRR": 0.17, "LR2": 0.0, "Kec": "Kuta Selatan", "Desa": "Benoa", "KLRR": "Akresi", "Panjang": 20.6062011685 }, "geometry": { "type": "MultiLineString", "coordinates": [ [ [ 115.219781615793764, -8.829333410299871 ], [ 115.219956411235458, -8.829400339243485 ] ] ] } },
{ "type": "Feature", "properties": { "LRR": -0.57, "LR2": 0.05, "Kec": "Kuta Selatan", "Desa": "Benoa", "KLRR": "Abrasi", "Panjang": 20.351576356700001 }, "geometry": { "type": "MultiLineString", "coordinates": [ [ [ 115.219917038947486, -8.829079805883504 ], [ 115.220090098384816, -8.829144801684278 ] ] ] } },
{ "type": "Feature", "properties": { "LRR": -1.29, "LR2": 0.22, "Kec": "Kuta Selatan", "Desa": "Benoa", "KLRR": "Abrasi", "Panjang": 20.830938014499999 }, "geometry": { "type": "MultiLineString", "coordinates": [ [ [ 115.220031529896289, -8.828823464817173 ], [ 115.220209062685669, -8.82888893562483 ] ] ] } },
{ "type": "Feature", "properties": { "LRR": -1.71, "LR2": 0.48, "Kec": "Kuta Selatan", "Desa": "Benoa", "KLRR": "Abrasi", "Panjang": 21.780220988699998 }, "geometry": { "type": "MultiLineString", "coordinates": [ [ [ 115.220141209091835, -8.828567976927939 ], [ 115.220327440514183, -8.828634776361834 ] ] ] } },
{ "type": "Feature", "properties": { "LRR": -1.67, "LR2": 0.62, "Kec": "Kuta Selatan", "Desa": "Benoa", "KLRR": "Abrasi", "Panjang": 18.0093599892 }, "geometry": { "type": "MultiLineString", "coordinates": [ [ [ 115.220247367780587, -8.828319300933488 ], [ 115.220401886356086, -8.828373051103688 ] ] ] } },
{ "type": "Feature", "properties": { "LRR": -1.39, "LR2": 0.41, "Kec": "Kuta Selatan", "Desa": "Benoa", "KLRR": "Abrasi", "Panjang": 18.711350236000001 }, "geometry": { "type": "MultiLineString", "coordinates": [ [ [ 115.220293984547055, -8.82804970008392 ], [ 115.220454937712091, -8.828104360420921 ] ] ] } },
{ "type": "Feature", "properties": { "LRR": 1.46, "LR2": 0.13, "Kec": "Kuta Selatan", "Desa": "Benoa", "KLRR": "Akresi", "Panjang": 31.794676813500001 }, "geometry": { "type": "MultiLineString", "coordinates": [ [ [ 115.220301774644042, -8.82776693762605 ], [ 115.220575931536573, -8.827857864785223 ] ] ] } },
{ "type": "Feature", "properties": { "LRR": -0.75, "LR2": 0.16, "Kec": "Kuta Selatan", "Desa": "Benoa", "KLRR": "Abrasi", "Panjang": 15.9869196817 }, "geometry": { "type": "MultiLineString", "coordinates": [ [ [ 115.220289165847944, -8.827471676889871 ], [ 115.220427421828745, -8.827516169632846 ] ] ] } },
{ "type": "Feature", "properties": { "LRR": -1.48, "LR2": 0.38, "Kec": "Kuta Selatan", "Desa": "Benoa", "KLRR": "Abrasi", "Panjang": 17.953531827900001 }, "geometry": { "type": "MultiLineString", "coordinates": [ [ [ 115.220264290517349, -8.82720129121458 ], [ 115.220419213605425, -8.827252291132487 ] ] ] } },
{ "type": "Feature", "properties": { "LRR": -1.59, "LR2": 0.4, "Kec": "Kuta Selatan", "Desa": "Benoa", "KLRR": "Abrasi", "Panjang": 17.85462911 }, "geometry": { "type": "MultiLineString", "coordinates": [ [ [ 115.220267651183221, -8.826948483137922 ], [ 115.220421037945414, -8.827001209810938 ] ] ] } },
{ "type": "Feature", "properties": { "LRR": -1.89, "LR2": 0.53, "Kec": "Kuta Selatan", "Desa": "Benoa", "KLRR": "Abrasi", "Panjang": 18.187386778 }, "geometry": { "type": "MultiLineString", "coordinates": [ [ [ 115.220295312522126, -8.826695135734081 ], [ 115.220450975326713, -8.826750493248818 ] ] ] } },
{ "type": "Feature", "properties": { "LRR": -2.24, "LR2": 0.75, "Kec": "Kuta Selatan", "Desa": "Benoa", "KLRR": "Abrasi", "Panjang": 20.507215462800001 }, "geometry": { "type": "MultiLineString", "coordinates": [ [ [ 115.220335264376999, -8.826435395855869 ], [ 115.220510390561159, -8.826498893010575 ] ] ] } },
{ "type": "Feature", "properties": { "LRR": -2.12, "LR2": 0.88, "Kec": "Kuta Selatan", "Desa": "Benoa", "KLRR": "Abrasi", "Panjang": 17.3725559379 }, "geometry": { "type": "MultiLineString", "coordinates": [ [ [ 115.220426334283161, -8.826230544808293 ], [ 115.220573432579187, -8.826287653552203 ] ] ] } },
{ "type": "Feature", "properties": { "LRR": -2.34, "LR2": 0.56, "Kec": "Kuta Selatan", "Desa": "Benoa", "KLRR": "Abrasi", "Panjang": 28.912359114000001 }, "geometry": { "type": "MultiLineString", "coordinates": [ [ [ 115.220565055517937, -8.82607678155156 ], [ 115.220806298020833, -8.826180455562072 ] ] ] } },
{ "type": "Feature", "properties": { "LRR": 6.31, "LR2": 0.36, "Kec": "Kuta Selatan", "Desa": "Benoa", "KLRR": "Akresi", "Panjang": 88.164874579 }, "geometry": { "type": "MultiLineString", "coordinates": [ [ [ 115.220758820997887, -8.82590933977548 ], [ 115.221488905372766, -8.826237978586338 ] ] ] } },
{ "type": "Feature", "properties": { "LRR": 0.52, "LR2": 0.04, "Kec": "Kuta Selatan", "Desa": "Benoa", "KLRR": "Akresi", "Panjang": 19.6035786102 }, "geometry": { "type": "MultiLineString", "coordinates": [ [ [ 115.220843583846161, -8.825670416604538 ], [ 115.221005525496366, -8.82574434847314 ] ] ] } },
{ "type": "Feature", "properties": { "LRR": -1.78, "LR2": 0.6, "Kec": "Kuta Selatan", "Desa": "Benoa", "KLRR": "Abrasi", "Panjang": 19.7944485294 }, "geometry": { "type": "MultiLineString", "coordinates": [ [ [ 115.220984861298945, -8.825441956796476 ], [ 115.221148218471427, -8.825516956712576 ] ] ] } },
{ "type": "Feature", "properties": { "LRR": -0.34, "LR2": 0.02, "Kec": "Kuta Selatan", "Desa": "Benoa", "KLRR": "Abrasi", "Panjang": 21.346299249400001 }, "geometry": { "type": "MultiLineString", "coordinates": [ [ [ 115.22118146395313, -8.825240176888142 ], [ 115.221357521686414, -8.825321285321483 ] ] ] } },
{ "type": "Feature", "properties": { "LRR": 1.51, "LR2": 0.13, "Kec": "Kuta Selatan", "Desa": "Benoa", "KLRR": "Akresi", "Panjang": 40.930316682200001 }, "geometry": { "type": "MultiLineString", "coordinates": [ [ [ 115.221345967334344, -8.825030894396008 ], [ 115.221683205499318, -8.825187148512709 ] ] ] } },
{ "type": "Feature", "properties": { "LRR": -0.18, "LR2": 0.02, "Kec": "Kuta Selatan", "Desa": "Benoa", "KLRR": "Abrasi", "Panjang": 13.2210566727 }, "geometry": { "type": "MultiLineString", "coordinates": [ [ [ 115.221527078362172, -8.824847142694322 ], [ 115.221635574345669, -8.824898536763484 ] ] ] } },
{ "type": "Feature", "properties": { "LRR": 0.03, "LR2": 0.0, "Kec": "Kuta Selatan", "Desa": "Benoa", "KLRR": "Akresi", "Panjang": 6.4872021035099996 }, "geometry": { "type": "MultiLineString", "coordinates": [ [ [ 115.221698111576558, -8.824685814520929 ], [ 115.221750949536826, -8.824711847053626 ] ] ] } },
{ "type": "Feature", "properties": { "LRR": -0.04, "LR2": 0.04, "Kec": "Kuta Selatan", "Desa": "Benoa", "KLRR": "Abrasi", "Panjang": 2.3090139306 }, "geometry": { "type": "MultiLineString", "coordinates": [ [ [ 115.221851217557415, -8.824509848023153 ], [ 115.221869857782721, -8.824519441124165 ] ] ] } },
{ "type": "Feature", "properties": { "LRR": -0.13, "LR2": 0.26, "Kec": "Kuta Selatan", "Desa": "Benoa", "KLRR": "Abrasi", "Panjang": 2.0300605531200002 }, "geometry": { "type": "MultiLineString", "coordinates": [ [ [ 115.221981960793542, -8.824303073183936 ], [ 115.221998270763081, -8.82431165620936 ] ] ] } },
{ "type": "Feature", "properties": { "LRR": -0.41, "LR2": 0.32, "Kec": "Kuta Selatan", "Desa": "Benoa", "KLRR": "Abrasi", "Panjang": 5.1116334504500003 }, "geometry": { "type": "MultiLineString", "coordinates": [ [ [ 115.222113395238026, -8.824066749230376 ], [ 115.222154684529542, -8.824087939789612 ] ] ] } },
{ "type": "Feature", "properties": { "LRR": -0.24, "LR2": 0.09, "Kec": "Kuta Selatan", "Desa": "Benoa", "KLRR": "Abrasi", "Panjang": 6.2384029697100001 }, "geometry": { "type": "MultiLineString", "coordinates": [ [ [ 115.222215058545913, -8.823800847617433 ], [ 115.222265788045704, -8.823826045536951 ] ] ] } },
{ "type": "Feature", "properties": { "LRR": -0.01, "LR2": 0.0, "Kec": "Kuta Selatan", "Desa": "Benoa", "KLRR": "Abrasi", "Panjang": 3.487882225 }, "geometry": { "type": "MultiLineString", "coordinates": [ [ [ 115.222218039189315, -8.823453297691438 ], [ 115.222246715701573, -8.823466742746097 ] ] ] } },
{ "type": "Feature", "properties": { "LRR": 0.05, "LR2": 0.02, "Kec": "Kuta Selatan", "Desa": "Benoa", "KLRR": "Akresi", "Panjang": 2.4515587284399998 }, "geometry": { "type": "MultiLineString", "coordinates": [ [ [ 115.222217960084905, -8.82310198487097 ], [ 115.222238320978477, -8.823110990288699 ] ] ] } },
{ "type": "Feature", "properties": { "LRR": 0.0, "LR2": 0.0, "Kec": "Kuta Selatan", "Desa": "Benoa", "KLRR": "Stabil", "Panjang": 0.0 }, "geometry": { "type": "MultiLineString", "coordinates": [ ] } },
{ "type": "Feature", "properties": { "LRR": 0.0, "LR2": 0.0, "Kec": "Kuta Selatan", "Desa": "Benoa", "KLRR": "Stabil", "Panjang": 0.0 }, "geometry": { "type": "MultiLineString", "coordinates": [ ] } },
{ "type": "Feature", "properties": { "LRR": 0.0, "LR2": 0.0, "Kec": "Kuta Selatan", "Desa": "Benoa", "KLRR": "Stabil", "Panjang": 0.0 }, "geometry": { "type": "MultiLineString", "coordinates": [ ] } },
{ "type": "Feature", "properties": { "LRR": 0.0, "LR2": 0.0, "Kec": "Kuta Selatan", "Desa": "Benoa", "KLRR": "Stabil", "Panjang": 0.0 }, "geometry": { "type": "MultiLineString", "coordinates": [ ] } },
{ "type": "Feature", "properties": { "LRR": 0.0, "LR2": 0.0, "Kec": "Kuta Selatan", "Desa": "Benoa", "KLRR": "Stabil", "Panjang": 0.0 }, "geometry": { "type": "MultiLineString", "coordinates": [ ] } },
{ "type": "Feature", "properties": { "LRR": 0.0, "LR2": 0.0, "Kec": "Kuta Selatan", "Desa": "Benoa", "KLRR": "Stabil", "Panjang": 0.0 }, "geometry": { "type": "MultiLineString", "coordinates": [ ] } },
{ "type": "Feature", "properties": { "LRR": 0.0, "LR2": 0.0, "Kec": "Kuta Selatan", "Desa": "Benoa", "KLRR": "Stabil", "Panjang": 0.0 }, "geometry": { "type": "MultiLineString", "coordinates": [ ] } },
{ "type": "Feature", "properties": { "LRR": 0.0, "LR2": 0.0, "Kec": "Kuta Selatan", "Desa": "Benoa", "KLRR": "Stabil", "Panjang": 0.0 }, "geometry": { "type": "MultiLineString", "coordinates": [ ] } },
{ "type": "Feature", "properties": { "LRR": 0.0, "LR2": 0.0, "Kec": "Kuta Selatan", "Desa": "Benoa", "KLRR": "Stabil", "Panjang": 0.0 }, "geometry": { "type": "MultiLineString", "coordinates": [ ] } },
{ "type": "Feature", "properties": { "LRR": 0.0, "LR2": 0.0, "Kec": "Kuta Selatan", "Desa": "Benoa", "KLRR": "Stabil", "Panjang": 0.0 }, "geometry": { "type": "MultiLineString", "coordinates": [ ] } },
{ "type": "Feature", "properties": { "LRR": 0.0, "LR2": 0.0, "Kec": "Kuta Selatan", "Desa": "Benoa", "KLRR": "Stabil", "Panjang": 0.0 }, "geometry": { "type": "MultiLineString", "coordinates": [ ] } },
{ "type": "Feature", "properties": { "LRR": 0.0, "LR2": 0.0, "Kec": "Kuta Selatan", "Desa": "Benoa", "KLRR": "Stabil", "Panjang": 0.0 }, "geometry": { "type": "MultiLineString", "coordinates": [ ] } },
{ "type": "Feature", "properties": { "LRR": 0.0, "LR2": 0.0, "Kec": "Kuta Selatan", "Desa": "Benoa", "KLRR": "Stabil", "Panjang": 0.0 }, "geometry": { "type": "MultiLineString", "coordinates": [ [ [ 115.22417378612289, -8.820098975084933 ], [ 115.22417378612289, -8.820098975084933 ] ] ] } },
{ "type": "Feature", "properties": { "LRR": -0.02, "LR2": 0.0, "Kec": "Kuta Selatan", "Desa": "Benoa", "KLRR": "Abrasi", "Panjang": 3.8052116709399999 }, "geometry": { "type": "MultiLineString", "coordinates": [ [ [ 115.224471412675598, -8.819941463052441 ], [ 115.224503407582432, -8.819954529400659 ] ] ] } },
{ "type": "Feature", "properties": { "LRR": 0.01, "LR2": 0.02, "Kec": "Kuta Selatan", "Desa": "Benoa", "KLRR": "Akresi", "Panjang": 0.26886933668000002 }, "geometry": { "type": "MultiLineString", "coordinates": [ [ [ 115.224635207740519, -8.819827736596853 ], [ 115.224637442665298, -8.819828719974865 ] ] ] } },
{ "type": "Feature", "properties": { "LRR": 0.0, "LR2": 0.0, "Kec": "Kuta Selatan", "Desa": "Benoa", "KLRR": "Stabil", "Panjang": 0.0 }, "geometry": { "type": "MultiLineString", "coordinates": [ ] } },
{ "type": "Feature", "properties": { "LRR": 0.0, "LR2": 0.0, "Kec": "Kuta Selatan", "Desa": "Benoa", "KLRR": "Stabil", "Panjang": 0.0 }, "geometry": { "type": "MultiLineString", "coordinates": [ ] } },
{ "type": "Feature", "properties": { "LRR": 0.0, "LR2": 0.0, "Kec": "Kuta Selatan", "Desa": "Benoa", "KLRR": "Stabil", "Panjang": 0.0 }, "geometry": { "type": "MultiLineString", "coordinates": [ ] } },
{ "type": "Feature", "properties": { "LRR": 0.0, "LR2": 0.0, "Kec": "Kuta Selatan", "Desa": "Benoa", "KLRR": "Stabil", "Panjang": 0.0 }, "geometry": { "type": "MultiLineString", "coordinates": [ ] } },
{ "type": "Feature", "properties": { "LRR": 0.09, "LR2": 0.21, "Kec": "Kuta Selatan", "Desa": "Benoa", "KLRR": "Akresi", "Panjang": 1.48279503643 }, "geometry": { "type": "MultiLineString", "coordinates": [ [ [ 115.224624314341057, -8.818765933905599 ], [ 115.224635938114105, -8.818772718977998 ] ] ] } },
{ "type": "Feature", "properties": { "LRR": -0.16, "LR2": 0.01, "Kec": "Kuta Selatan", "Desa": "Benoa", "KLRR": "Abrasi", "Panjang": 12.8042223297 }, "geometry": { "type": "MultiLineString", "coordinates": [ [ [ 115.224495715665199, -8.81840898357436 ], [ 115.224595552414115, -8.818468474307146 ] ] ] } },
{ "type": "Feature", "properties": { "LRR": -1.34, "LR2": 0.29, "Kec": "Kuta Selatan", "Desa": "Benoa", "KLRR": "Abrasi", "Panjang": 20.750012227199999 }, "geometry": { "type": "MultiLineString", "coordinates": [ [ [ 115.224652857245374, -8.817883740984234 ], [ 115.224814258339194, -8.81798079418127 ] ] ] } },
{ "type": "Feature", "properties": { "LRR": -0.14, "LR2": 0.0, "Kec": "Kuta Selatan", "Desa": "Benoa", "KLRR": "Abrasi", "Panjang": 15.2912203987 }, "geometry": { "type": "MultiLineString", "coordinates": [ [ [ 115.224707873051315, -8.817611082632062 ], [ 115.224826569723859, -8.817683003385886 ] ] ] } },
{ "type": "Feature", "properties": { "LRR": -0.03, "LR2": 0.0, "Kec": "Kuta Selatan", "Desa": "Benoa", "KLRR": "Abrasi", "Panjang": 17.5842118596 }, "geometry": { "type": "MultiLineString", "coordinates": [ [ [ 115.2247928393693, -8.817474595077138 ], [ 115.224924986452052, -8.81756401585789 ] ] ] } },
{ "type": "Feature", "properties": { "LRR": -0.17, "LR2": 0.01, "Kec": "Kuta Selatan", "Desa": "Benoa", "KLRR": "Abrasi", "Panjang": 15.889443197 }, "geometry": { "type": "MultiLineString", "coordinates": [ [ [ 115.224911080680812, -8.817362094126411 ], [ 115.225026261158149, -8.817448759460603 ] ] ] } },
{ "type": "Feature", "properties": { "LRR": -0.38, "LR2": 0.04, "Kec": "Kuta Selatan", "Desa": "Benoa", "KLRR": "Abrasi", "Panjang": 15.5168896391 }, "geometry": { "type": "MultiLineString", "coordinates": [ [ [ 115.225036622866526, -8.817242846858193 ], [ 115.225145174294013, -8.817332411930527 ] ] ] } },
{ "type": "Feature", "properties": { "LRR": -0.5, "LR2": 0.06, "Kec": "Kuta Selatan", "Desa": "Benoa", "KLRR": "Abrasi", "Panjang": 16.329060049599999 }, "geometry": { "type": "MultiLineString", "coordinates": [ [ [ 115.225168171996984, -8.817112390832486 ], [ 115.225278677444322, -8.817210942826632 ] ] ] } },
{ "type": "Feature", "properties": { "LRR": -0.45, "LR2": 0.05, "Kec": "Kuta Selatan", "Desa": "Benoa", "KLRR": "Abrasi", "Panjang": 15.988594987300001 }, "geometry": { "type": "MultiLineString", "coordinates": [ [ [ 115.225319343237416, -8.816978467988509 ], [ 115.225424304694911, -8.81707844302551 ] ] ] } },
{ "type": "Feature", "properties": { "LRR": -0.27, "LR2": 0.02, "Kec": "Kuta Selatan", "Desa": "Benoa", "KLRR": "Abrasi", "Panjang": 14.035378105 }, "geometry": { "type": "MultiLineString", "coordinates": [ [ [ 115.225488949323903, -8.816847779316465 ], [ 115.225578590671375, -8.816938064112755 ] ] ] } },
{ "type": "Feature", "properties": { "LRR": -0.15, "LR2": 0.01, "Kec": "Kuta Selatan", "Desa": "Benoa", "KLRR": "Abrasi", "Panjang": 15.306418905199999 }, "geometry": { "type": "MultiLineString", "coordinates": [ [ [ 115.225649081675812, -8.81668659022526 ], [ 115.225744746964565, -8.816787065538691 ] ] ] } },
{ "type": "Feature", "properties": { "LRR": -0.23, "LR2": 0.02, "Kec": "Kuta Selatan", "Desa": "Benoa", "KLRR": "Abrasi", "Panjang": 15.944261946199999 }, "geometry": { "type": "MultiLineString", "coordinates": [ [ [ 115.225826954332319, -8.816521605313168 ], [ 115.225925145461574, -8.816627624710593 ] ] ] } },
{ "type": "Feature", "properties": { "LRR": -0.26, "LR2": 0.02, "Kec": "Kuta Selatan", "Desa": "Benoa", "KLRR": "Abrasi", "Panjang": 16.150822831100001 }, "geometry": { "type": "MultiLineString", "coordinates": [ [ [ 115.226007338050408, -8.81636122407598 ], [ 115.226105231391159, -8.816470034794003 ] ] ] } },
{ "type": "Feature", "properties": { "LRR": -0.17, "LR2": 0.01, "Kec": "Kuta Selatan", "Desa": "Benoa", "KLRR": "Abrasi", "Panjang": 16.501654043599999 }, "geometry": { "type": "MultiLineString", "coordinates": [ [ [ 115.226191030528554, -8.816197900120144 ], [ 115.226289659380399, -8.816310297222399 ] ] ] } },
{ "type": "Feature", "properties": { "LRR": -0.07, "LR2": 0.0, "Kec": "Kuta Selatan", "Desa": "Benoa", "KLRR": "Abrasi", "Panjang": 16.868772222600001 }, "geometry": { "type": "MultiLineString", "coordinates": [ [ [ 115.226382294541025, -8.816027843675377 ], [ 115.226482233992272, -8.816143502589563 ] ] ] } },
{ "type": "Feature", "properties": { "LRR": 0.08, "LR2": 0.0, "Kec": "Kuta Selatan", "Desa": "Benoa", "KLRR": "Akresi", "Panjang": 17.2501771377 }, "geometry": { "type": "MultiLineString", "coordinates": [ [ [ 115.226580919208104, -8.815851242687982 ], [ 115.226682763528046, -8.815969819040911 ] ] ] } },
{ "type": "Feature", "properties": { "LRR": 0.12, "LR2": 0.0, "Kec": "Kuta Selatan", "Desa": "Benoa", "KLRR": "Akresi", "Panjang": 17.226190056899998 }, "geometry": { "type": "MultiLineString", "coordinates": [ [ [ 115.226782622677419, -8.815676834974488 ], [ 115.226884020304638, -8.815795505003683 ] ] ] } },
{ "type": "Feature", "properties": { "LRR": -0.01, "LR2": 0.0, "Kec": "Kuta Selatan", "Desa": "Benoa", "KLRR": "Abrasi", "Panjang": 16.637929690499998 }, "geometry": { "type": "MultiLineString", "coordinates": [ [ [ 115.226984968936719, -8.81550864042803 ], [ 115.227082415586722, -8.815623669025157 ] ] ] } },
{ "type": "Feature", "properties": { "LRR": -0.2, "LR2": 0.01, "Kec": "Kuta Selatan", "Desa": "Benoa", "KLRR": "Abrasi", "Panjang": 16.034349785 }, "geometry": { "type": "MultiLineString", "coordinates": [ [ [ 115.227192334020728, -8.815336273474996 ], [ 115.227286119855648, -8.815447234371428 ] ] ] } },
{ "type": "Feature", "properties": { "LRR": -0.26, "LR2": 0.02, "Kec": "Kuta Selatan", "Desa": "Benoa", "KLRR": "Abrasi", "Panjang": 15.397952333099999 }, "geometry": { "type": "MultiLineString", "coordinates": [ [ [ 115.227403871070308, -8.815160438925794 ], [ 115.227494087376826, -8.815266867846166 ] ] ] } },
{ "type": "Feature", "properties": { "LRR": 0.07, "LR2": 0.0, "Kec": "Kuta Selatan", "Desa": "Benoa", "KLRR": "Akresi", "Panjang": 15.191901617099999 }, "geometry": { "type": "MultiLineString", "coordinates": [ [ [ 115.227622062617399, -8.814984704317114 ], [ 115.227711471139401, -8.815089372707824 ] ] ] } },
{ "type": "Feature", "properties": { "LRR": 0.15, "LR2": 0.01, "Kec": "Kuta Selatan", "Desa": "Benoa", "KLRR": "Akresi", "Panjang": 15.696743080399999 }, "geometry": { "type": "MultiLineString", "coordinates": [ [ [ 115.22784244744193, -8.814809683276193 ], [ 115.227935310759079, -8.814917419259316 ] ] ] } },
{ "type": "Feature", "properties": { "LRR": 0.16, "LR2": 0.01, "Kec": "Kuta Selatan", "Desa": "Benoa", "KLRR": "Akresi", "Panjang": 16.207096846399999 }, "geometry": { "type": "MultiLineString", "coordinates": [ [ [ 115.228064548257692, -8.814633298631698 ], [ 115.228161044957361, -8.814744010826427 ] ] ] } },
{ "type": "Feature", "properties": { "LRR": 0.01, "LR2": 0.0, "Kec": "Kuta Selatan", "Desa": "Benoa", "KLRR": "Akresi", "Panjang": 16.7212834348 }, "geometry": { "type": "MultiLineString", "coordinates": [ [ [ 115.228287726391642, -8.81445605818671 ], [ 115.228387991364286, -8.814569669471608 ] ] ] } },
{ "type": "Feature", "properties": { "LRR": -0.21, "LR2": 0.01, "Kec": "Kuta Selatan", "Desa": "Benoa", "KLRR": "Abrasi", "Panjang": 17.250228418199999 }, "geometry": { "type": "MultiLineString", "coordinates": [ [ [ 115.228515422423911, -8.814275228779703 ], [ 115.22861990485228, -8.814391512528355 ] ] ] } },
{ "type": "Feature", "properties": { "LRR": -0.28, "LR2": 0.03, "Kec": "Kuta Selatan", "Desa": "Benoa", "KLRR": "Abrasi", "Panjang": 17.203035676599999 }, "geometry": { "type": "MultiLineString", "coordinates": [ [ [ 115.228740582744393, -8.814096413334299 ], [ 115.228845637563381, -8.814211610278234 ] ] ] } },
{ "type": "Feature", "properties": { "LRR": -0.37, "LR2": 0.04, "Kec": "Kuta Selatan", "Desa": "Benoa", "KLRR": "Abrasi", "Panjang": 15.77980841 }, "geometry": { "type": "MultiLineString", "coordinates": [ [ [ 115.228966039376076, -8.813917363135959 ], [ 115.229063168938694, -8.814022333426861 ] ] ] } },
{ "type": "Feature", "properties": { "LRR": -0.49, "LR2": 0.08, "Kec": "Kuta Selatan", "Desa": "Benoa", "KLRR": "Abrasi", "Panjang": 13.6759430638 }, "geometry": { "type": "MultiLineString", "coordinates": [ [ [ 115.2291916202892, -8.813737938141392 ], [ 115.229276457128094, -8.8138283070457 ] ] ] } },
{ "type": "Feature", "properties": { "LRR": -0.58, "LR2": 0.13, "Kec": "Kuta Selatan", "Desa": "Benoa", "KLRR": "Abrasi", "Panjang": 13.8986291773 }, "geometry": { "type": "MultiLineString", "coordinates": [ [ [ 115.229399050722463, -8.813530442732219 ], [ 115.229486187898601, -8.813621420945019 ] ] ] } },
{ "type": "Feature", "properties": { "LRR": -0.47, "LR2": 0.08, "Kec": "Kuta Selatan", "Desa": "Benoa", "KLRR": "Abrasi", "Panjang": 13.8467975532 }, "geometry": { "type": "MultiLineString", "coordinates": [ [ [ 115.229664147775793, -8.813265261226292 ], [ 115.229755242511445, -8.813351641665857 ] ] ] } },
{ "type": "Feature", "properties": { "LRR": -0.35, "LR2": 0.04, "Kec": "Kuta Selatan", "Desa": "Benoa", "KLRR": "Abrasi", "Panjang": 13.100014999400001 }, "geometry": { "type": "MultiLineString", "coordinates": [ [ [ 115.22993281625628, -8.812996506984103 ], [ 115.230023016165205, -8.813073819501675 ] ] ] } },
{ "type": "Feature", "properties": { "LRR": -0.35, "LR2": 0.04, "Kec": "Kuta Selatan", "Desa": "Benoa", "KLRR": "Abrasi", "Panjang": 12.8869774758 }, "geometry": { "type": "MultiLineString", "coordinates": [ [ [ 115.230194838548087, -8.812717387265552 ], [ 115.23028738793154, -8.812788800652248 ] ] ] } },
{ "type": "Feature", "properties": { "LRR": -0.38, "LR2": 0.06, "Kec": "Kuta Selatan", "Desa": "Benoa", "KLRR": "Abrasi", "Panjang": 12.2336702397 }, "geometry": { "type": "MultiLineString", "coordinates": [ [ [ 115.230452291385433, -8.812431560824843 ], [ 115.230543559289259, -8.812494738954465 ] ] ] } },
{ "type": "Feature", "properties": { "LRR": -0.52, "LR2": 0.1, "Kec": "Kuta Selatan", "Desa": "Benoa", "KLRR": "Abrasi", "Panjang": 12.4773782647 }, "geometry": { "type": "MultiLineString", "coordinates": [ [ [ 115.230711040431459, -8.812144293661802 ], [ 115.230807365610815, -8.812203833905254 ] ] ] } },
{ "type": "Feature", "properties": { "LRR": -0.61, "LR2": 0.1, "Kec": "Kuta Selatan", "Desa": "Benoa", "KLRR": "Abrasi", "Panjang": 15.3113266133 }, "geometry": { "type": "MultiLineString", "coordinates": [ [ [ 115.230963511624608, -8.811863996271549 ], [ 115.231085039926569, -8.81193144662495 ] ] ] } },
{ "type": "Feature", "properties": { "LRR": -0.84, "LR2": 0.15, "Kec": "Kuta Selatan", "Desa": "Benoa", "KLRR": "Abrasi", "Panjang": 16.931157528699998 }, "geometry": { "type": "MultiLineString", "coordinates": [ [ [ 115.231208922830106, -8.811591536549061 ], [ 115.231346308215635, -8.811660502568831 ] ] ] } },
{ "type": "Feature", "properties": { "LRR": -1.09, "LR2": 0.29, "Kec": "Kuta Selatan", "Desa": "Benoa", "KLRR": "Abrasi", "Panjang": 16.058812746600001 }, "geometry": { "type": "MultiLineString", "coordinates": [ [ [ 115.231442468771561, -8.811318280308837 ], [ 115.231575230603042, -8.811378611074929 ] ] ] } },
{ "type": "Feature", "properties": { "LRR": -0.83, "LR2": 0.1, "Kec": "Kuta Selatan", "Desa": "Benoa", "KLRR": "Abrasi", "Panjang": 20.8127589819 }, "geometry": { "type": "MultiLineString", "coordinates": [ [ [ 115.231581453024106, -8.811006798292039 ], [ 115.231756371214473, -8.811078448683956 ] ] ] } },
{ "type": "Feature", "properties": { "LRR": 0.52, "LR2": 0.06, "Kec": "Kuta Selatan", "Desa": "Benoa", "KLRR": "Akresi", "Panjang": 15.031922206200001 }, "geometry": { "type": "MultiLineString", "coordinates": [ [ [ 115.23163431756295, -8.810661725010743 ], [ 115.231762464673594, -8.810708856636245 ] ] ] } },
{ "type": "Feature", "properties": { "LRR": 0.89, "LR2": 0.3, "Kec": "Kuta Selatan", "Desa": "Benoa", "KLRR": "Akresi", "Panjang": 12.5821777293 }, "geometry": { "type": "MultiLineString", "coordinates": [ [ [ 115.23168316725905, -8.810332710511593 ], [ 115.231791538474695, -8.810369040869142 ] ] ] } },
{ "type": "Feature", "properties": { "LRR": 1.03, "LR2": 0.53, "Kec": "Kuta Selatan", "Desa": "Benoa", "KLRR": "Akresi", "Panjang": 9.6335624665400008 }, "geometry": { "type": "MultiLineString", "coordinates": [ [ [ 115.231720040994333, -8.810020697406348 ], [ 115.231803558870538, -8.810046855393558 ] ] ] } },
{ "type": "Feature", "properties": { "LRR": 1.09, "LR2": 0.51, "Kec": "Kuta Selatan", "Desa": "Benoa", "KLRR": "Akresi", "Panjang": 12.6158600862 }, "geometry": { "type": "MultiLineString", "coordinates": [ [ [ 115.231719976832522, -8.809709516826574 ], [ 115.231829839556625, -8.809742184392389 ] ] ] } },
{ "type": "Feature", "properties": { "LRR": 1.2, "LR2": 0.57, "Kec": "Kuta Selatan", "Desa": "Benoa", "KLRR": "Akresi", "Panjang": 14.144827145400001 }, "geometry": { "type": "MultiLineString", "coordinates": [ [ [ 115.231740575420304, -8.809401116802292 ], [ 115.231864311115288, -8.809435831383528 ] ] ] } },
{ "type": "Feature", "properties": { "LRR": 1.46, "LR2": 0.7, "Kec": "Kuta Selatan", "Desa": "Benoa", "KLRR": "Akresi", "Panjang": 15.6582504419 }, "geometry": { "type": "MultiLineString", "coordinates": [ [ [ 115.231760949844286, -8.809096069941239 ], [ 115.231898419095742, -8.809132709726221 ] ] ] } },
{ "type": "Feature", "properties": { "LRR": 1.34, "LR2": 0.57, "Kec": "Kuta Selatan", "Desa": "Benoa", "KLRR": "Akresi", "Panjang": 16.504653574300001 }, "geometry": { "type": "MultiLineString", "coordinates": [ [ [ 115.231794209419917, -8.808808710997209 ], [ 115.231939383482569, -8.808846299221939 ] ] ] } },
{ "type": "Feature", "properties": { "LRR": 1.07, "LR2": 0.5, "Kec": "Kuta Selatan", "Desa": "Benoa", "KLRR": "Akresi", "Panjang": 13.431498686499999 }, "geometry": { "type": "MultiLineString", "coordinates": [ [ [ 115.231857156457977, -8.808569227478952 ], [ 115.231974981562004, -8.808601005674694 ] ] ] } },
{ "type": "Feature", "properties": { "LRR": 1.06, "LR2": 0.52, "Kec": "Kuta Selatan", "Desa": "Benoa", "KLRR": "Akresi", "Panjang": 11.1066724798 }, "geometry": { "type": "MultiLineString", "coordinates": [ [ [ 115.231905581815525, -8.808384990612211 ], [ 115.232002027487994, -8.808414647587483 ] ] ] } },
{ "type": "Feature", "properties": { "LRR": 0.97, "LR2": 0.43, "Kec": "Kuta Selatan", "Desa": "Benoa", "KLRR": "Akresi", "Panjang": 11.9721059358 }, "geometry": { "type": "MultiLineString", "coordinates": [ [ [ 115.231951142218037, -8.808211655519649 ], [ 115.232053730630952, -8.808247744228879 ] ] ] } },
{ "type": "Feature", "properties": { "LRR": 0.74, "LR2": 0.24, "Kec": "Kuta Selatan", "Desa": "Benoa", "KLRR": "Akresi", "Panjang": 12.767340355 }, "geometry": { "type": "MultiLineString", "coordinates": [ [ [ 115.23199353129975, -8.808050385251253 ], [ 115.232101027233711, -8.808093863662704 ] ] ] } },
{ "type": "Feature", "properties": { "LRR": 0.7, "LR2": 0.21, "Kec": "Kuta Selatan", "Desa": "Benoa", "KLRR": "Akresi", "Panjang": 12.2642347251 }, "geometry": { "type": "MultiLineString", "coordinates": [ [ [ 115.232047475418682, -8.80789234903227 ], [ 115.232148677368301, -8.80793883200969 ] ] ] } },
{ "type": "Feature", "properties": { "LRR": 0.62, "LR2": 0.23, "Kec": "Kuta Selatan", "Desa": "Benoa", "KLRR": "Akresi", "Panjang": 9.617633261 }, "geometry": { "type": "MultiLineString", "coordinates": [ [ [ 115.232114275497608, -8.807736913768627 ], [ 115.232191876365249, -8.807776943477325 ] ] ] } },
{ "type": "Feature", "properties": { "LRR": 0.45, "LR2": 0.19, "Kec": "Kuta Selatan", "Desa": "Benoa", "KLRR": "Akresi", "Panjang": 8.2695533871600002 }, "geometry": { "type": "MultiLineString", "coordinates": [ [ [ 115.232197592504662, -8.8075781729622 ], [ 115.232262829562146, -8.807615304736863 ] ] ] } },
{ "type": "Feature", "properties": { "LRR": 0.56, "LR2": 0.18, "Kec": "Kuta Selatan", "Desa": "Benoa", "KLRR": "Akresi", "Panjang": 10.852915768300001 }, "geometry": { "type": "MultiLineString", "coordinates": [ [ [ 115.232288130464823, -8.807419679433202 ], [ 115.232371725545789, -8.807471768202356 ] ] ] } },
{ "type": "Feature", "properties": { "LRR": 0.85, "LR2": 0.22, "Kec": "Kuta Selatan", "Desa": "Benoa", "KLRR": "Akresi", "Panjang": 16.224518378900001 }, "geometry": { "type": "MultiLineString", "coordinates": [ [ [ 115.232363282218387, -8.807248573606737 ], [ 115.232485055058802, -8.807331303812189 ] ] ] } },
{ "type": "Feature", "properties": { "LRR": 1.01, "LR2": 0.2, "Kec": "Kuta Selatan", "Desa": "Benoa", "KLRR": "Akresi", "Panjang": 20.932673235100001 }, "geometry": { "type": "MultiLineString", "coordinates": [ [ [ 115.232446022960175, -8.807077537773885 ], [ 115.23259882151288, -8.807190298056435 ] ] ] } },
{ "type": "Feature", "properties": { "LRR": 1.05, "LR2": 0.26, "Kec": "Kuta Selatan", "Desa": "Benoa", "KLRR": "Akresi", "Panjang": 19.974730815200001 }, "geometry": { "type": "MultiLineString", "coordinates": [ [ [ 115.232597717502983, -8.806936860338702 ], [ 115.232740053078217, -8.807048963832891 ] ] ] } },
{ "type": "Feature", "properties": { "LRR": 1.07, "LR2": 0.3, "Kec": "Kuta Selatan", "Desa": "Benoa", "KLRR": "Akresi", "Panjang": 19.1750118886 }, "geometry": { "type": "MultiLineString", "coordinates": [ [ [ 115.232761641550709, -8.806784841321067 ], [ 115.232895809318052, -8.806895487833435 ] ] ] } },
{ "type": "Feature", "properties": { "LRR": 0.79, "LR2": 0.24, "Kec": "Kuta Selatan", "Desa": "Benoa", "KLRR": "Akresi", "Panjang": 14.861327790600001 }, "geometry": { "type": "MultiLineString", "coordinates": [ [ [ 115.232956753188262, -8.806646922701859 ], [ 115.233059207853131, -8.806734481186645 ] ] ] } },
{ "type": "Feature", "properties": { "LRR": 0.37, "LR2": 0.13, "Kec": "Kuta Selatan", "Desa": "Benoa", "KLRR": "Akresi", "Panjang": 9.2558844088600001 }, "geometry": { "type": "MultiLineString", "coordinates": [ [ [ 115.23317143661167, -8.806529601014168 ], [ 115.233234234208211, -8.806585285150538 ] ] ] } },
{ "type": "Feature", "properties": { "LRR": -0.2, "LR2": 0.03, "Kec": "Kuta Selatan", "Desa": "Benoa", "KLRR": "Abrasi", "Panjang": 10.407278703599999 }, "geometry": { "type": "MultiLineString", "coordinates": [ [ [ 115.233350348938245, -8.806364209818891 ], [ 115.233420169946569, -8.806427689567689 ] ] ] } },
{ "type": "Feature", "properties": { "LRR": -0.72, "LR2": 0.13, "Kec": "Kuta Selatan", "Desa": "Benoa", "KLRR": "Abrasi", "Panjang": 15.0303717885 }, "geometry": { "type": "MultiLineString", "coordinates": [ [ [ 115.233546857914106, -8.806184961643156 ], [ 115.233647451294118, -8.806276904281301 ] ] ] } },
{ "type": "Feature", "properties": { "LRR": -1.12, "LR2": 0.16, "Kec": "Kuta Selatan", "Desa": "Benoa", "KLRR": "Abrasi", "Panjang": 23.821783097699999 }, "geometry": { "type": "MultiLineString", "coordinates": [ [ [ 115.233726041733362, -8.805985851936601 ], [ 115.233885277103795, -8.806131784640549 ] ] ] } },
{ "type": "Feature", "properties": { "LRR": -1.25, "LR2": 0.18, "Kec": "Kuta Selatan", "Desa": "Benoa", "KLRR": "Abrasi", "Panjang": 26.759263858899999 }, "geometry": { "type": "MultiLineString", "coordinates": [ [ [ 115.233896262279146, -8.80579160117982 ], [ 115.234074171796223, -8.805956560702288 ] ] ] } },
{ "type": "Feature", "properties": { "LRR": -1.31, "LR2": 0.18, "Kec": "Kuta Selatan", "Desa": "Benoa", "KLRR": "Abrasi", "Panjang": 27.622259771300001 }, "geometry": { "type": "MultiLineString", "coordinates": [ [ [ 115.234064646776247, -8.805603261777856 ], [ 115.234246804551873, -8.805775116890885 ] ] ] } },
{ "type": "Feature", "properties": { "LRR": -1.29, "LR2": 0.16, "Kec": "Kuta Selatan", "Desa": "Benoa", "KLRR": "Abrasi", "Panjang": 28.589425732700001 }, "geometry": { "type": "MultiLineString", "coordinates": [ [ [ 115.234253190382262, -8.805392374457814 ], [ 115.234442655531751, -8.805569267102358 ] ] ] } },
{ "type": "Feature", "properties": { "LRR": -1.33, "LR2": 0.21, "Kec": "Kuta Selatan", "Desa": "Benoa", "KLRR": "Abrasi", "Panjang": 25.6134519559 }, "geometry": { "type": "MultiLineString", "coordinates": [ [ [ 115.234488170188726, -8.805146535207191 ], [ 115.234662794680744, -8.805299676821724 ] ] ] } },
{ "type": "Feature", "properties": { "LRR": -1.47, "LR2": 0.41, "Kec": "Kuta Selatan", "Desa": "Benoa", "KLRR": "Abrasi", "Panjang": 18.8172392482 }, "geometry": { "type": "MultiLineString", "coordinates": [ [ [ 115.234775681764219, -8.804844919291538 ], [ 115.234911124239673, -8.804948801105684 ] ] ] } },
{ "type": "Feature", "properties": { "LRR": -1.54, "LR2": 0.53, "Kec": "Kuta Selatan", "Desa": "Benoa", "KLRR": "Abrasi", "Panjang": 16.965138552500001 }, "geometry": { "type": "MultiLineString", "coordinates": [ [ [ 115.235036245989178, -8.804514284094836 ], [ 115.235164571986729, -8.80459932338327 ] ] ] } },
{ "type": "Feature", "properties": { "LRR": -1.4, "LR2": 0.43, "Kec": "Kuta Selatan", "Desa": "Benoa", "KLRR": "Abrasi", "Panjang": 17.6147386522 }, "geometry": { "type": "MultiLineString", "coordinates": [ [ [ 115.235302903330378, -8.804175915446979 ], [ 115.235442096303402, -8.804254600008273 ] ] ] } },
{ "type": "Feature", "properties": { "LRR": -1.78, "LR2": 0.67, "Kec": "Kuta Selatan", "Desa": "Benoa", "KLRR": "Abrasi", "Panjang": 17.74904109 }, "geometry": { "type": "MultiLineString", "coordinates": [ [ [ 115.235574293114951, -8.803831541024143 ], [ 115.23571991954482, -8.803900579888124 ] ] ] } },
{ "type": "Feature", "properties": { "LRR": -1.59, "LR2": 0.55, "Kec": "Kuta Selatan", "Desa": "Benoa", "KLRR": "Abrasi", "Panjang": 16.874228220199999 }, "geometry": { "type": "MultiLineString", "coordinates": [ [ [ 115.235833967639152, -8.803479660623079 ], [ 115.235976844404618, -8.803535117636594 ] ] ] } },
{ "type": "Feature", "properties": { "LRR": -1.33, "LR2": 0.21, "Kec": "Kuta Selatan", "Desa": "Benoa", "KLRR": "Abrasi", "Panjang": 25.742654972099999 }, "geometry": { "type": "MultiLineString", "coordinates": [ [ [ 115.236133063538787, -8.803124504734063 ], [ 115.236357228424154, -8.803191184716948 ] ] ] } },
{ "type": "Feature", "properties": { "LRR": 0.0, "LR2": 0.0, "Kec": "Kuta Selatan", "Desa": "Benoa", "KLRR": "Stabil", "Panjang": 0.0 }, "geometry": { "type": "MultiLineString", "coordinates": [ ] } },
{ "type": "Feature", "properties": { "LRR": 2.91, "LR2": 0.59, "Kec": "Kuta Selatan", "Desa": "Benoa", "KLRR": "Akresi", "Panjang": 32.531232277599997 }, "geometry": { "type": "MultiLineString", "coordinates": [ [ [ 115.236641839889131, -8.801715539603636 ], [ 115.236937362887915, -8.801706175355077 ] ] ] } },
{ "type": "Feature", "properties": { "LRR": 2.69, "LR2": 0.59, "Kec": "Kuta Selatan", "Desa": "Benoa", "KLRR": "Akresi", "Panjang": 26.459549254100001 }, "geometry": { "type": "MultiLineString", "coordinates": [ [ [ 115.236298126377051, -8.801210593200313 ], [ 115.236536072895618, -8.801175909240287 ] ] ] } },
{ "type": "Feature", "properties": { "LRR": 2.68, "LR2": 0.49, "Kec": "Kuta Selatan", "Desa": "Benoa", "KLRR": "Akresi", "Panjang": 29.555167986200001 }, "geometry": { "type": "MultiLineString", "coordinates": [ [ [ 115.236005518413734, -8.800767396232064 ], [ 115.236266153687708, -8.800702719190593 ] ] ] } },
{ "type": "Feature", "properties": { "LRR": 2.33, "LR2": 0.43, "Kec": "Kuta Selatan", "Desa": "Benoa", "KLRR": "Akresi", "Panjang": 29.082194796300001 }, "geometry": { "type": "MultiLineString", "coordinates": [ [ [ 115.23581204704881, -8.800336287073286 ], [ 115.23606165417911, -8.80024977757521 ] ] ] } },
{ "type": "Feature", "properties": { "LRR": 2.01, "LR2": 0.33, "Kec": "Kuta Selatan", "Desa": "Benoa", "KLRR": "Akresi", "Panjang": 30.635363070499999 }, "geometry": { "type": "MultiLineString", "coordinates": [ [ [ 115.235683707909601, -8.799894524524726 ], [ 115.235937735775849, -8.799781113268333 ] ] ] } },
{ "type": "Feature", "properties": { "LRR": 1.73, "LR2": 0.23, "Kec": "Kuta Selatan", "Desa": "Benoa", "KLRR": "Akresi", "Panjang": 28.192447596400001 }, "geometry": { "type": "MultiLineString", "coordinates": [ [ [ 115.235667384397772, -8.799400815382681 ], [ 115.235891921889902, -8.799278015033032 ] ] ] } },
{ "type": "Feature", "properties": { "LRR": 0.35, "LR2": 0.0, "Kec": "Kuta Selatan", "Desa": "Benoa", "KLRR": "Akresi", "Panjang": 39.344156096 }, "geometry": { "type": "MultiLineString", "coordinates": [ [ [ 115.23519775242265, -8.798767720613254 ], [ 115.235487139942549, -8.798558762899857 ] ] ] } },
{ "type": "Feature", "properties": { "LRR": -0.42, "LR2": 0.02, "Kec": "Kuta Selatan", "Desa": "Benoa", "KLRR": "Abrasi", "Panjang": 22.6811019067 }, "geometry": { "type": "MultiLineString", "coordinates": [ [ [ 115.23480341947625, -8.798703177279954 ], [ 115.23496886563305, -8.798580848955421 ] ] ] } },
{ "type": "Feature", "properties": { "LRR": -0.57, "LR2": 0.11, "Kec": "Kuta Selatan", "Desa": "Benoa", "KLRR": "Abrasi", "Panjang": 13.0908915411 }, "geometry": { "type": "MultiLineString", "coordinates": [ [ [ 115.234540178682849, -8.798561569349914 ], [ 115.234635404981745, -8.798490612294657 ] ] ] } },
{ "type": "Feature", "properties": { "LRR": -1.17, "LR2": 0.4, "Kec": "Kuta Selatan", "Desa": "Benoa", "KLRR": "Abrasi", "Panjang": 13.265422154299999 }, "geometry": { "type": "MultiLineString", "coordinates": [ [ [ 115.234266666142574, -8.798410885587812 ], [ 115.234362577690135, -8.798338213111082 ] ] ] } },
{ "type": "Feature", "properties": { "LRR": -1.29, "LR2": 0.38, "Kec": "Kuta Selatan", "Desa": "Benoa", "KLRR": "Abrasi", "Panjang": 14.899539994 }, "geometry": { "type": "MultiLineString", "coordinates": [ [ [ 115.234015099568637, -8.798240525481335 ], [ 115.234122147069613, -8.79815802161257 ] ] ] } },
{ "type": "Feature", "properties": { "LRR": -1.29, "LR2": 0.32, "Kec": "Kuta Selatan", "Desa": "Benoa", "KLRR": "Abrasi", "Panjang": 15.3725658615 }, "geometry": { "type": "MultiLineString", "coordinates": [ [ [ 115.23382088444005, -8.798036556547963 ], [ 115.2339309803166, -8.797950985836243 ] ] ] } },
{ "type": "Feature", "properties": { "LRR": -1.07, "LR2": 0.29, "Kec": "Kuta Selatan", "Desa": "Benoa", "KLRR": "Abrasi", "Panjang": 13.6011467343 }, "geometry": { "type": "MultiLineString", "coordinates": [ [ [ 115.233668020802185, -8.797806798456088 ], [ 115.233765303484091, -8.797730927497874 ] ] ] } },
{ "type": "Feature", "properties": { "LRR": -0.97, "LR2": 0.3, "Kec": "Kuta Selatan", "Desa": "Benoa", "KLRR": "Abrasi", "Panjang": 11.909546534 }, "geometry": { "type": "MultiLineString", "coordinates": [ [ [ 115.233559990606693, -8.797624649378017 ], [ 115.233647026583512, -8.797560634736447 ] ] ] } },
{ "type": "Feature", "properties": { "LRR": -0.98, "LR2": 0.36, "Kec": "Kuta Selatan", "Desa": "Benoa", "KLRR": "Abrasi", "Panjang": 10.6997454945 }, "geometry": { "type": "MultiLineString", "coordinates": [ [ [ 115.233475705029747, -8.797467067778442 ], [ 115.233556312735772, -8.797412952791108 ] ] ] } },
{ "type": "Feature", "properties": { "LRR": -0.9, "LR2": 0.39, "Kec": "Kuta Selatan", "Desa": "Benoa", "KLRR": "Abrasi", "Panjang": 10.1780581495 }, "geometry": { "type": "MultiLineString", "coordinates": [ [ [ 115.233394807767297, -8.797299344437116 ], [ 115.233473462573713, -8.797250909840107 ] ] ] } },
{ "type": "Feature", "properties": { "LRR": -0.73, "LR2": 0.3, "Kec": "Kuta Selatan", "Desa": "Benoa", "KLRR": "Abrasi", "Panjang": 9.1046311068599994 }, "geometry": { "type": "MultiLineString", "coordinates": [ [ [ 115.233310223734051, -8.797126144797417 ], [ 115.2333821154525, -8.79708538327297 ] ] ] } },
{ "type": "Feature", "properties": { "LRR": -0.43, "LR2": 0.12, "Kec": "Kuta Selatan", "Desa": "Benoa", "KLRR": "Abrasi", "Panjang": 7.8301005745600003 }, "geometry": { "type": "MultiLineString", "coordinates": [ [ [ 115.233216816794737, -8.796948816285854 ], [ 115.233279754796996, -8.796915773608225 ] ] ] } },
{ "type": "Feature", "properties": { "LRR": -0.11, "LR2": 0.01, "Kec": "Kuta Selatan", "Desa": "Benoa", "KLRR": "Abrasi", "Panjang": 9.1448522623099997 }, "geometry": { "type": "MultiLineString", "coordinates": [ [ [ 115.233119774647477, -8.796762234358528 ], [ 115.233194328439183, -8.796725686733881 ] ] ] } },
{ "type": "Feature", "properties": { "LRR": 0.03, "LR2": 0.0, "Kec": "Kuta Selatan", "Desa": "Benoa", "KLRR": "Akresi", "Panjang": 11.2799598868 }, "geometry": { "type": "MultiLineString", "coordinates": [ [ [ 115.23301646227462, -8.796568734612643 ], [ 115.233109472869288, -8.796525839090728 ] ] ] } },
{ "type": "Feature", "properties": { "LRR": -0.07, "LR2": 0.0, "Kec": "Kuta Selatan", "Desa": "Benoa", "KLRR": "Abrasi", "Panjang": 13.5109686828 }, "geometry": { "type": "MultiLineString", "coordinates": [ [ [ 115.232916683962316, -8.796376720615394 ], [ 115.233029349772139, -8.796328133781463 ] ] ] } },
{ "type": "Feature", "properties": { "LRR": -0.27, "LR2": 0.02, "Kec": "Kuta Selatan", "Desa": "Benoa", "KLRR": "Abrasi", "Panjang": 16.159869950699999 }, "geometry": { "type": "MultiLineString", "coordinates": [ [ [ 115.232827571989446, -8.796187859561545 ], [ 115.232963968913509, -8.796133671065508 ] ] ] } },
{ "type": "Feature", "properties": { "LRR": -0.29, "LR2": 0.02, "Kec": "Kuta Selatan", "Desa": "Benoa", "KLRR": "Abrasi", "Panjang": 15.4747671532 }, "geometry": { "type": "MultiLineString", "coordinates": [ [ [ 115.232764992034674, -8.795982749664972 ], [ 115.232896964120201, -8.795934377322263 ] ] ] } },
{ "type": "Feature", "properties": { "LRR": -0.14, "LR2": 0.01, "Kec": "Kuta Selatan", "Desa": "Benoa", "KLRR": "Abrasi", "Panjang": 13.4594534698 }, "geometry": { "type": "MultiLineString", "coordinates": [ [ [ 115.232711189673282, -8.795765470109071 ], [ 115.232826907679041, -8.795726007402038 ] ] ] } },
{ "type": "Feature", "properties": { "LRR": -0.05, "LR2": 0.0, "Kec": "Kuta Selatan", "Desa": "Benoa", "KLRR": "Abrasi", "Panjang": 12.1340464552 }, "geometry": { "type": "MultiLineString", "coordinates": [ [ [ 115.232650442835023, -8.795546987145011 ], [ 115.232755489918077, -8.795513586122324 ] ] ] } },
{ "type": "Feature", "properties": { "LRR": -0.12, "LR2": 0.01, "Kec": "Kuta Selatan", "Desa": "Benoa", "KLRR": "Abrasi", "Panjang": 9.4665281506400003 }, "geometry": { "type": "MultiLineString", "coordinates": [ [ [ 115.232604062179149, -8.795332838085178 ], [ 115.232686630968146, -8.795308777671163 ] ] ] } },
{ "type": "Feature", "properties": { "LRR": 0.0, "LR2": 0.0, "Kec": "Kuta Selatan", "Desa": "Benoa", "KLRR": "Stabil", "Panjang": 8.0422894672399998 }, "geometry": { "type": "MultiLineString", "coordinates": [ [ [ 115.232546771186676, -8.795121596055838 ], [ 115.232617387588419, -8.79510282552981 ] ] ] } },
{ "type": "Feature", "properties": { "LRR": 0.08, "LR2": 0.0, "Kec": "Kuta Selatan", "Desa": "Benoa", "KLRR": "Akresi", "Panjang": 9.6644384074099996 }, "geometry": { "type": "MultiLineString", "coordinates": [ [ [ 115.232476408943683, -8.794907814523876 ], [ 115.232561725983444, -8.794887034458304 ] ] ] } },
{ "type": "Feature", "properties": { "LRR": -0.1, "LR2": 0.01, "Kec": "Kuta Selatan", "Desa": "Benoa", "KLRR": "Abrasi", "Panjang": 11.7727717657 }, "geometry": { "type": "MultiLineString", "coordinates": [ [ [ 115.232425244726059, -8.79467072122014 ], [ 115.232529488056329, -8.794646720049816 ] ] ] } },
{ "type": "Feature", "properties": { "LRR": -0.23, "LR2": 0.03, "Kec": "Kuta Selatan", "Desa": "Benoa", "KLRR": "Abrasi", "Panjang": 12.3587571236 }, "geometry": { "type": "MultiLineString", "coordinates": [ [ [ 115.232384070980046, -8.794403729012009 ], [ 115.232493521045456, -8.794378611293347 ] ] ] } },
{ "type": "Feature", "properties": { "LRR": -0.36, "LR2": 0.06, "Kec": "Kuta Selatan", "Desa": "Benoa", "KLRR": "Abrasi", "Panjang": 13.7152623742 }, "geometry": { "type": "MultiLineString", "coordinates": [ [ [ 115.232347263230565, -8.794148484457327 ], [ 115.232468887393864, -8.794121312782275 ] ] ] } },
{ "type": "Feature", "properties": { "LRR": -0.66, "LR2": 0.15, "Kec": "Kuta Selatan", "Desa": "Benoa", "KLRR": "Abrasi", "Panjang": 15.779707481299999 }, "geometry": { "type": "MultiLineString", "coordinates": [ [ [ 115.232310638277383, -8.793902992450374 ], [ 115.232450879814152, -8.793873138867722 ] ] ] } },
{ "type": "Feature", "properties": { "LRR": -0.86, "LR2": 0.21, "Kec": "Kuta Selatan", "Desa": "Benoa", "KLRR": "Abrasi", "Panjang": 17.494552515399999 }, "geometry": { "type": "MultiLineString", "coordinates": [ [ [ 115.232268917934491, -8.79363283150763 ], [ 115.232424360242632, -8.793599549463876 ] ] ] } },
{ "type": "Feature", "properties": { "LRR": -0.77, "LR2": 0.17, "Kec": "Kuta Selatan", "Desa": "Benoa", "KLRR": "Abrasi", "Panjang": 15.8738175082 }, "geometry": { "type": "MultiLineString", "coordinates": [ [ [ 115.232229162440234, -8.793334345110054 ], [ 115.232369781544463, -8.793302255626568 ] ] ] } },
{ "type": "Feature", "properties": { "LRR": -0.45, "LR2": 0.07, "Kec": "Kuta Selatan", "Desa": "Benoa", "KLRR": "Abrasi", "Panjang": 14.732210089200001 }, "geometry": { "type": "MultiLineString", "coordinates": [ [ [ 115.23219306440356, -8.792996549081842 ], [ 115.232322606315279, -8.792962858869693 ] ] ] } },
{ "type": "Feature", "properties": { "LRR": -1.4, "LR2": 0.83, "Kec": "Kuta Selatan", "Desa": "Ungasan", "KLRR": "Abrasi", "Panjang": 11.6076344027 }, "geometry": { "type": "MultiLineString", "coordinates": [ [ [ 115.152148697709791, -8.84761968346726 ], [ 115.152136522814175, -8.84772392177875 ] ] ] } },
{ "type": "Feature", "properties": { "LRR": -1.0, "LR2": 0.56, "Kec": "Kuta Selatan", "Desa": "Ungasan", "KLRR": "Abrasi", "Panjang": 10.124251616 }, "geometry": { "type": "MultiLineString", "coordinates": [ [ [ 115.152436281433083, -8.847655457190665 ], [ 115.152426392367715, -8.847746455919852 ] ] ] } },
{ "type": "Feature", "properties": { "LRR": -0.75, "LR2": 0.45, "Kec": "Kuta Selatan", "Desa": "Ungasan", "KLRR": "Abrasi", "Panjang": 8.7343589140799995 }, "geometry": { "type": "MultiLineString", "coordinates": [ [ [ 115.152731467868833, -8.847684128808803 ], [ 115.152723809544483, -8.847762723937556 ] ] ] } },
{ "type": "Feature", "properties": { "LRR": -0.74, "LR2": 0.31, "Kec": "Kuta Selatan", "Desa": "Ungasan", "KLRR": "Abrasi", "Panjang": 9.4203152315299992 }, "geometry": { "type": "MultiLineString", "coordinates": [ [ [ 115.153017805412588, -8.847693325464972 ], [ 115.153010069764221, -8.847778142010664 ] ] ] } },
{ "type": "Feature", "properties": { "LRR": -0.95, "LR2": 0.4, "Kec": "Kuta Selatan", "Desa": "Ungasan", "KLRR": "Abrasi", "Panjang": 10.3005276135 }, "geometry": { "type": "MultiLineString", "coordinates": [ [ [ 115.153306624673036, -8.847698478505782 ], [ 115.153298842010457, -8.847791278644571 ] ] ] } },
{ "type": "Feature", "properties": { "LRR": -1.28, "LR2": 0.45, "Kec": "Kuta Selatan", "Desa": "Ungasan", "KLRR": "Abrasi", "Panjang": 12.723526955800001 }, "geometry": { "type": "MultiLineString", "coordinates": [ [ [ 115.153600754464392, -8.847692274418938 ], [ 115.153592268141182, -8.847806991997368 ] ] ] } },
{ "type": "Feature", "properties": { "LRR": -1.19, "LR2": 0.41, "Kec": "Kuta Selatan", "Desa": "Ungasan", "KLRR": "Abrasi", "Panjang": 12.6929118253 }, "geometry": { "type": "MultiLineString", "coordinates": [ [ [ 115.153864459030856, -8.84769357480533 ], [ 115.153855636159136, -8.84780798969253 ] ] ] } },
{ "type": "Feature", "properties": { "LRR": -0.88, "LR2": 0.25, "Kec": "Kuta Selatan", "Desa": "Ungasan", "KLRR": "Abrasi", "Panjang": 12.6596672031 }, "geometry": { "type": "MultiLineString", "coordinates": [ [ [ 115.154127764608489, -8.847694873038959 ], [ 115.154118576236343, -8.847808957970527 ] ] ] } },
{ "type": "Feature", "properties": { "LRR": -0.53, "LR2": 0.09, "Kec": "Kuta Selatan", "Desa": "Ungasan", "KLRR": "Abrasi", "Panjang": 12.600300584799999 }, "geometry": { "type": "MultiLineString", "coordinates": [ [ [ 115.154379623814961, -8.847696114662794 ], [ 115.154369408768517, -8.847809574365417 ] ] ] } },
{ "type": "Feature", "properties": { "LRR": -0.15, "LR2": 0.01, "Kec": "Kuta Selatan", "Desa": "Ungasan", "KLRR": "Abrasi", "Panjang": 10.232764789300001 }, "geometry": { "type": "MultiLineString", "coordinates": [ [ [ 115.154616118167624, -8.847719353170602 ], [ 115.154606451831967, -8.847811362099947 ] ] ] } },
{ "type": "Feature", "properties": { "LRR": 0.27, "LR2": 0.04, "Kec": "Kuta Selatan", "Desa": "Ungasan", "KLRR": "Akresi", "Panjang": 9.9897289424199993 }, "geometry": { "type": "MultiLineString", "coordinates": [ [ [ 115.154862570401363, -8.84774349947285 ], [ 115.154852183804195, -8.84783321939044 ] ] ] } },
{ "type": "Feature", "properties": { "LRR": 0.44, "LR2": 0.07, "Kec": "Kuta Selatan", "Desa": "Ungasan", "KLRR": "Akresi", "Panjang": 12.432458989200001 }, "geometry": { "type": "MultiLineString", "coordinates": [ [ [ 115.155132416069094, -8.847768551045776 ], [ 115.155119411529981, -8.84788020068803 ] ] ] } },
{ "type": "Feature", "properties": { "LRR": 0.66, "LR2": 0.09, "Kec": "Kuta Selatan", "Desa": "Ungasan", "KLRR": "Akresi", "Panjang": 18.424640763599999 }, "geometry": { "type": "MultiLineString", "coordinates": [ [ [ 115.155401835699791, -8.847793563265389 ], [ 115.155382439535103, -8.847959011392872 ] ] ] } },
{ "type": "Feature", "properties": { "LRR": 0.79, "LR2": 0.11, "Kec": "Kuta Selatan", "Desa": "Ungasan", "KLRR": "Akresi", "Panjang": 20.984224299499999 }, "geometry": { "type": "MultiLineString", "coordinates": [ [ [ 115.155658237855491, -8.847852554720463 ], [ 115.155635403652042, -8.848040899524625 ] ] ] } },
{ "type": "Feature", "properties": { "LRR": 0.76, "LR2": 0.12, "Kec": "Kuta Selatan", "Desa": "Ungasan", "KLRR": "Akresi", "Panjang": 18.108581440599998 }, "geometry": { "type": "MultiLineString", "coordinates": [ [ [ 115.155885225737293, -8.84793089553404 ], [ 115.155862929025076, -8.848093098303949 ] ] ] } },
{ "type": "Feature", "properties": { "LRR": 0.51, "LR2": 0.07, "Kec": "Kuta Selatan", "Desa": "Ungasan", "KLRR": "Akresi", "Panjang": 14.809754074000001 }, "geometry": { "type": "MultiLineString", "coordinates": [ [ [ 115.156110683839742, -8.848008707951678 ], [ 115.156090256591241, -8.848141045963157 ] ] ] } },
{ "type": "Feature", "properties": { "LRR": 0.17, "LR2": 0.01, "Kec": "Kuta Selatan", "Desa": "Ungasan", "KLRR": "Akresi", "Panjang": 11.4734866681 }, "geometry": { "type": "MultiLineString", "coordinates": [ [ [ 115.156339508577119, -8.848087681380113 ], [ 115.156322241481533, -8.848189976550584 ] ] ] } },
{ "type": "Feature", "properties": { "LRR": 0.07, "LR2": 0.0, "Kec": "Kuta Selatan", "Desa": "Ungasan", "KLRR": "Akresi", "Panjang": 9.1443645789799994 }, "geometry": { "type": "MultiLineString", "coordinates": [ [ [ 115.156585453380401, -8.848159652903922 ], [ 115.156571164332533, -8.84824109236474 ] ] ] } },
{ "type": "Feature", "properties": { "LRR": -0.05, "LR2": 0.0, "Kec": "Kuta Selatan", "Desa": "Ungasan", "KLRR": "Abrasi", "Panjang": 10.6998231736 }, "geometry": { "type": "MultiLineString", "coordinates": [ [ [ 115.156885275019874, -8.84821611264506 ], [ 115.156869998740859, -8.848311644395675 ] ] ] } },
{ "type": "Feature", "properties": { "LRR": 0.46, "LR2": 0.09, "Kec": "Kuta Selatan", "Desa": "Ungasan", "KLRR": "Akresi", "Panjang": 12.9443514979 }, "geometry": { "type": "MultiLineString", "coordinates": [ [ [ 115.157182142668546, -8.848272016086719 ], [ 115.157165218490519, -8.848387823416273 ] ] ] } },
{ "type": "Feature", "properties": { "LRR": 0.57, "LR2": 0.11, "Kec": "Kuta Selatan", "Desa": "Ungasan", "KLRR": "Akresi", "Panjang": 16.186884341300001 }, "geometry": { "type": "MultiLineString", "coordinates": [ [ [ 115.157496169066491, -8.848312779254057 ], [ 115.157477857079726, -8.848457980074423 ] ] ] } },
{ "type": "Feature", "properties": { "LRR": 0.78, "LR2": 0.17, "Kec": "Kuta Selatan", "Desa": "Ungasan", "KLRR": "Akresi", "Panjang": 17.182701550699999 }, "geometry": { "type": "MultiLineString", "coordinates": [ [ [ 115.157813920649303, -8.848347496013147 ], [ 115.157797672263513, -8.848501994518909 ] ] ] } },
{ "type": "Feature", "properties": { "LRR": 1.19, "LR2": 0.39, "Kec": "Kuta Selatan", "Desa": "Ungasan", "KLRR": "Akresi", "Panjang": 17.2963492055 }, "geometry": { "type": "MultiLineString", "coordinates": [ [ [ 115.158119950202163, -8.84838093073488 ], [ 115.158106042661089, -8.848536686601776 ] ] ] } },
{ "type": "Feature", "properties": { "LRR": 1.14, "LR2": 0.55, "Kec": "Kuta Selatan", "Desa": "Ungasan", "KLRR": "Akresi", "Panjang": 13.249543987199999 }, "geometry": { "type": "MultiLineString", "coordinates": [ [ [ 115.158417127502574, -8.848441934631664 ], [ 115.158408084598307, -8.848561379957298 ] ] ] } },
{ "type": "Feature", "properties": { "LRR": 0.47, "LR2": 0.17, "Kec": "Kuta Selatan", "Desa": "Ungasan", "KLRR": "Akresi", "Panjang": 8.5823538149500003 }, "geometry": { "type": "MultiLineString", "coordinates": [ [ [ 115.158710258956717, -8.848515214648122 ], [ 115.158705332708266, -8.848592649198659 ] ] ] } },
{ "type": "Feature", "properties": { "LRR": -1.03, "LR2": 0.56, "Kec": "Kuta Selatan", "Desa": "Ungasan", "KLRR": "Abrasi", "Panjang": 10.9568489078 }, "geometry": { "type": "MultiLineString", "coordinates": [ [ [ 115.159007858494107, -8.84861531302402 ], [ 115.159003059903341, -8.848714254202424 ] ] ] } },
{ "type": "Feature", "properties": { "LRR": -0.38, "LR2": 0.08, "Kec": "Kuta Selatan", "Desa": "Ungasan", "KLRR": "Abrasi", "Panjang": 10.1310579452 }, "geometry": { "type": "MultiLineString", "coordinates": [ [ [ 115.159283648486152, -8.848693048498337 ], [ 115.159280009442497, -8.848784567566991 ] ] ] } },
{ "type": "Feature", "properties": { "LRR": -1.14, "LR2": 0.26, "Kec": "Kuta Selatan", "Desa": "Ungasan", "KLRR": "Abrasi", "Panjang": 16.017132966599998 }, "geometry": { "type": "MultiLineString", "coordinates": [ [ [ 115.159588804117618, -8.848573966802327 ], [ 115.159585159632115, -8.848718725576834 ] ] ] } },
{ "type": "Feature", "properties": { "LRR": 1.24, "LR2": 0.52, "Kec": "Kuta Selatan", "Desa": "Ungasan", "KLRR": "Akresi", "Panjang": 13.077656602699999 }, "geometry": { "type": "MultiLineString", "coordinates": [ [ [ 115.159895477604081, -8.848394876556812 ], [ 115.15989430844246, -8.848513100442501 ] ] ] } },
{ "type": "Feature", "properties": { "LRR": 2.07, "LR2": 0.61, "Kec": "Kuta Selatan", "Desa": "Ungasan", "KLRR": "Akresi", "Panjang": 20.690772305199999 }, "geometry": { "type": "MultiLineString", "coordinates": [ [ [ 115.160182230292719, -8.848353627367946 ], [ 115.160181798227867, -8.848540683492132 ] ] ] } },
{ "type": "Feature", "properties": { "LRR": 2.3, "LR2": 0.56, "Kec": "Kuta Selatan", "Desa": "Ungasan", "KLRR": "Akresi", "Panjang": 25.130078759300002 }, "geometry": { "type": "MultiLineString", "coordinates": [ [ [ 115.160465414294549, -8.848365452787988 ], [ 115.160465964690161, -8.848592642694179 ] ] ] } },
{ "type": "Feature", "properties": { "LRR": 1.92, "LR2": 0.37, "Kec": "Kuta Selatan", "Desa": "Ungasan", "KLRR": "Akresi", "Panjang": 26.1349506498 }, "geometry": { "type": "MultiLineString", "coordinates": [ [ [ 115.160744629678334, -8.848377112040593 ], [ 115.160745871410413, -8.848613384042531 ] ] ] } },
{ "type": "Feature", "properties": { "LRR": 2.6, "LR2": 0.58, "Kec": "Kuta Selatan", "Desa": "Ungasan", "KLRR": "Akresi", "Panjang": 22.396348117100001 }, "geometry": { "type": "MultiLineString", "coordinates": [ [ [ 115.161021886929589, -8.848431474238584 ], [ 115.16102335121839, -8.848633945108931 ] ] ] } },
{ "type": "Feature", "properties": { "LRR": 18.99, "LR2": 0.65, "Kec": "Kuta Selatan", "Desa": "Ungasan", "KLRR": "Akresi", "Panjang": 133.008009582 }, "geometry": { "type": "MultiLineString", "coordinates": [ [ [ 115.161301731557131, -8.848463256251611 ], [ 115.161314342725362, -8.849665661318992 ] ] ] } },
{ "type": "Feature", "properties": { "LRR": -8.0, "LR2": 0.71, "Kec": "Kuta Selatan", "Desa": "Ungasan", "KLRR": "Abrasi", "Panjang": 56.038790113300003 }, "geometry": { "type": "MultiLineString", "coordinates": [ [ [ 115.161779949392312, -8.849964800362439 ], [ 115.161775533623569, -8.850471404986667 ] ] ] } },
{ "type": "Feature", "properties": { "LRR": 1.78, "LR2": 0.11, "Kec": "Kuta Selatan", "Desa": "Ungasan", "KLRR": "Akresi", "Panjang": 47.8197146997 }, "geometry": { "type": "MultiLineString", "coordinates": [ [ [ 115.162001858447596, -8.848822377978053 ], [ 115.161989612068012, -8.849254524817006 ] ] ] } },
{ "type": "Feature", "properties": { "LRR": 1.72, "LR2": 0.41, "Kec": "Kuta Selatan", "Desa": "Ungasan", "KLRR": "Akresi", "Panjang": 18.7242901511 }, "geometry": { "type": "MultiLineString", "coordinates": [ [ [ 115.162216499091357, -8.848408098282945 ], [ 115.162206852405888, -8.848577104820734 ] ] ] } },
{ "type": "Feature", "properties": { "LRR": 0.17, "LR2": 0.02, "Kec": "Kuta Selatan", "Desa": "Ungasan", "KLRR": "Akresi", "Panjang": 8.5985161233500005 }, "geometry": { "type": "MultiLineString", "coordinates": [ [ [ 115.162440283795945, -8.848307765495955 ], [ 115.162433965544054, -8.84838524675996 ] ] ] } },
{ "type": "Feature", "properties": { "LRR": 0.12, "LR2": 0.0, "Kec": "Kuta Selatan", "Desa": "Ungasan", "KLRR": "Akresi", "Panjang": 16.2052739023 }, "geometry": { "type": "MultiLineString", "coordinates": [ [ [ 115.162683446235803, -8.848277375226065 ], [ 115.162669374385928, -8.848423210475399 ] ] ] } },
{ "type": "Feature", "properties": { "LRR": 4.46, "LR2": 0.58, "Kec": "Kuta Selatan", "Desa": "Ungasan", "KLRR": "Akresi", "Panjang": 42.368515473899997 }, "geometry": { "type": "MultiLineString", "coordinates": [ [ [ 115.16293409531518, -8.848302814432429 ], [ 115.162893798596372, -8.848683748418454 ] ] ] } },
{ "type": "Feature", "properties": { "LRR": 4.99, "LR2": 0.61, "Kec": "Kuta Selatan", "Desa": "Ungasan", "KLRR": "Akresi", "Panjang": 39.569500658000003 }, "geometry": { "type": "MultiLineString", "coordinates": [ [ [ 115.163182512725228, -8.848344420872913 ], [ 115.163141467571549, -8.848699815787512 ] ] ] } },
{ "type": "Feature", "properties": { "LRR": 4.54, "LR2": 0.59, "Kec": "Kuta Selatan", "Desa": "Ungasan", "KLRR": "Akresi", "Panjang": 41.654261068399997 }, "geometry": { "type": "MultiLineString", "coordinates": [ [ [ 115.163428741766197, -8.848345628869543 ], [ 115.163381081981001, -8.848719212952901 ] ] ] } },
{ "type": "Feature", "properties": { "LRR": 6.85, "LR2": 0.67, "Kec": "Kuta Selatan", "Desa": "Ungasan", "KLRR": "Akresi", "Panjang": 53.593816434499999 }, "geometry": { "type": "MultiLineString", "coordinates": [ [ [ 115.163678163427718, -8.848375383937887 ], [ 115.163612499646945, -8.848855482396866 ] ] ] } },
{ "type": "Feature", "properties": { "LRR": 12.2, "LR2": 0.76, "Kec": "Kuta Selatan", "Desa": "Ungasan", "KLRR": "Akresi", "Panjang": 84.0943058772 }, "geometry": { "type": "MultiLineString", "coordinates": [ [ [ 115.16388468593405, -8.848497901306512 ], [ 115.163764699040073, -8.849248739498188 ] ] ] } },
{ "type": "Feature", "properties": { "LRR": 13.66, "LR2": 0.71, "Kec": "Kuta Selatan", "Desa": "Ungasan", "KLRR": "Akresi", "Panjang": 85.476142487000004 }, "geometry": { "type": "MultiLineString", "coordinates": [ [ [ 115.164125143284153, -8.848551157766288 ], [ 115.163994672910562, -8.849312940020736 ] ] ] } },
{ "type": "Feature", "properties": { "LRR": 13.81, "LR2": 0.69, "Kec": "Kuta Selatan", "Desa": "Ungasan", "KLRR": "Akresi", "Panjang": 86.1815690496 }, "geometry": { "type": "MultiLineString", "coordinates": [ [ [ 115.164409459208827, -8.848622712367073 ], [ 115.164286001660358, -8.849392108952385 ] ] ] } },
{ "type": "Feature", "properties": { "LRR": 15.62, "LR2": 0.69, "Kec": "Kuta Selatan", "Desa": "Ungasan", "KLRR": "Akresi", "Panjang": 98.984333372400002 }, "geometry": { "type": "MultiLineString", "coordinates": [ [ [ 115.164728191083583, -8.848666572013828 ], [ 115.164607061312097, -8.849553303386921 ] ] ] } },
{ "type": "Feature", "properties": { "LRR": 14.26, "LR2": 0.7, "Kec": "Kuta Selatan", "Desa": "Ungasan", "KLRR": "Akresi", "Panjang": 87.190372189599998 }, "geometry": { "type": "MultiLineString", "coordinates": [ [ [ 115.165037518282588, -8.848771803407159 ], [ 115.164947651428932, -8.849554973198758 ] ] ] } },
{ "type": "Feature", "properties": { "LRR": 11.68, "LR2": 0.71, "Kec": "Kuta Selatan", "Desa": "Ungasan", "KLRR": "Akresi", "Panjang": 71.527896542999997 }, "geometry": { "type": "MultiLineString", "coordinates": [ [ [ 115.165332012909488, -8.848884382507256 ], [ 115.165267671220292, -8.849527863821974 ] ] ] } },
{ "type": "Feature", "properties": { "LRR": 9.8, "LR2": 0.7, "Kec": "Kuta Selatan", "Desa": "Ungasan", "KLRR": "Akresi", "Panjang": 60.107451946399998 }, "geometry": { "type": "MultiLineString", "coordinates": [ [ [ 115.165594560410753, -8.849005460447211 ], [ 115.165541621702658, -8.849546311494127 ] ] ] } },
{ "type": "Feature", "properties": { "LRR": 13.55, "LR2": 0.77, "Kec": "Kuta Selatan", "Desa": "Ungasan", "KLRR": "Akresi", "Panjang": 82.005037735599998 }, "geometry": { "type": "MultiLineString", "coordinates": [ [ [ 115.165833070857872, -8.849058296836217 ], [ 115.165753305138409, -8.849795415290872 ] ] ] } },
{ "type": "Feature", "properties": { "LRR": 0.01, "LR2": 0.0, "Kec": "Kuta Selatan", "Desa": "Benoa", "KLRR": "Akresi", "Panjang": 6.1339575386899998 }, "geometry": { "type": "MultiLineString", "coordinates": [ [ [ 115.224574678299192, -8.774767653204073 ], [ 115.224628550506679, -8.774753393953446 ] ] ] } },
{ "type": "Feature", "properties": { "LRR": -0.09, "LR2": 0.01, "Kec": "Kuta Selatan", "Desa": "Benoa", "KLRR": "Abrasi", "Panjang": 8.8818627178200007 }, "geometry": { "type": "MultiLineString", "coordinates": [ [ [ 115.224476179555637, -8.77456709103482 ], [ 115.224554652620327, -8.774548276919345 ] ] ] } },
{ "type": "Feature", "properties": { "LRR": -0.37, "LR2": 0.1, "Kec": "Kuta Selatan", "Desa": "Benoa", "KLRR": "Abrasi", "Panjang": 12.456060136 }, "geometry": { "type": "MultiLineString", "coordinates": [ [ [ 115.224430806025296, -8.774359719537895 ], [ 115.224541429353536, -8.774335816475272 ] ] ] } },
{ "type": "Feature", "properties": { "LRR": -0.91, "LR2": 0.08, "Kec": "Kuta Selatan", "Desa": "Benoa", "KLRR": "Abrasi", "Panjang": 33.429268422600003 }, "geometry": { "type": "MultiLineString", "coordinates": [ [ [ 115.224431986251531, -8.774111430348201 ], [ 115.224729541496203, -8.774050416092178 ] ] ] } },
{ "type": "Feature", "properties": { "LRR": -0.32, "LR2": 0.03, "Kec": "Kuta Selatan", "Desa": "Benoa", "KLRR": "Abrasi", "Panjang": 13.026615615500001 }, "geometry": { "type": "MultiLineString", "coordinates": [ [ [ 115.224182817238471, -8.773906637882895 ], [ 115.224298982252947, -8.773883922711939 ] ] ] } },
{ "type": "Feature", "properties": { "LRR": -0.31, "LR2": 0.02, "Kec": "Kuta Selatan", "Desa": "Benoa", "KLRR": "Abrasi", "Panjang": 17.267002960300001 }, "geometry": { "type": "MultiLineString", "coordinates": [ [ [ 115.224101541955235, -8.77366766091953 ], [ 115.224255805682475, -8.773639032239542 ] ] ] } },
{ "type": "Feature", "properties": { "LRR": -0.44, "LR2": 0.07, "Kec": "Kuta Selatan", "Desa": "Benoa", "KLRR": "Abrasi", "Panjang": 14.695011295400001 }, "geometry": { "type": "MultiLineString", "coordinates": [ [ [ 115.224134245625322, -8.773415200264399 ], [ 115.224265830477762, -8.773392490712773 ] ] ] } },
{ "type": "Feature", "properties": { "LRR": -0.46, "LR2": 0.21, "Kec": "Kuta Selatan", "Desa": "Benoa", "KLRR": "Abrasi", "Panjang": 9.8448636003800001 }, "geometry": { "type": "MultiLineString", "coordinates": [ [ [ 115.224188967139099, -8.773130269244025 ], [ 115.224277112899557, -8.773115004031062 ] ] ] } },
{ "type": "Feature", "properties": { "LRR": -0.33, "LR2": 0.12, "Kec": "Kuta Selatan", "Desa": "Benoa", "KLRR": "Abrasi", "Panjang": 9.3818620032899993 }, "geometry": { "type": "MultiLineString", "coordinates": [ [ [ 115.224197494384256, -8.77285576490363 ], [ 115.22428149956788, -8.772841245974634 ] ] ] } },
{ "type": "Feature", "properties": { "LRR": -0.08, "LR2": 0.0, "Kec": "Kuta Selatan", "Desa": "Benoa", "KLRR": "Abrasi", "Panjang": 14.5657601143 }, "geometry": { "type": "MultiLineString", "coordinates": [ [ [ 115.224168396249681, -8.772353745045658 ], [ 115.224299111836785, -8.77233295705908 ] ] ] } },
{ "type": "Feature", "properties": { "LRR": -0.45, "LR2": 0.21, "Kec": "Kuta Selatan", "Desa": "Benoa", "KLRR": "Abrasi", "Panjang": 8.7225071704800001 }, "geometry": { "type": "MultiLineString", "coordinates": [ [ [ 115.224168921272195, -8.772120911138162 ], [ 115.224247411392668, -8.772109868738392 ] ] ] } },
{ "type": "Feature", "properties": { "LRR": -0.28, "LR2": 0.18, "Kec": "Kuta Selatan", "Desa": "Benoa", "KLRR": "Abrasi", "Panjang": 6.33848660615 }, "geometry": { "type": "MultiLineString", "coordinates": [ [ [ 115.224161682441462, -8.771884777801548 ], [ 115.224218838480368, -8.771877638418143 ] ] ] } },
{ "type": "Feature", "properties": { "LRR": -0.3, "LR2": 0.24, "Kec": "Kuta Selatan", "Desa": "Benoa", "KLRR": "Abrasi", "Panjang": 5.3464734744599998 }, "geometry": { "type": "MultiLineString", "coordinates": [ [ [ 115.22417222815433, -8.771639112073274 ], [ 115.224220503486166, -8.771633626105157 ] ] ] } },
{ "type": "Feature", "properties": { "LRR": -0.39, "LR2": 0.31, "Kec": "Kuta Selatan", "Desa": "Benoa", "KLRR": "Abrasi", "Panjang": 5.6833872748800003 }, "geometry": { "type": "MultiLineString", "coordinates": [ [ [ 115.224175643134799, -8.771381991266193 ], [ 115.224226987127281, -8.771376395861544 ] ] ] } },
{ "type": "Feature", "properties": { "LRR": -0.56, "LR2": 0.35, "Kec": "Kuta Selatan", "Desa": "Benoa", "KLRR": "Abrasi", "Panjang": 7.5395957730400003 }, "geometry": { "type": "MultiLineString", "coordinates": [ [ [ 115.224173859205806, -8.771113103512032 ], [ 115.224241913826063, -8.771105168215408 ] ] ] } },
{ "type": "Feature", "properties": { "LRR": -0.5, "LR2": 0.13, "Kec": "Kuta Selatan", "Desa": "Benoa", "KLRR": "Abrasi", "Panjang": 12.1498474367 }, "geometry": { "type": "MultiLineString", "coordinates": [ [ [ 115.224194807817454, -8.770844150887568 ], [ 115.224304439864738, -8.770831061528316 ] ] ] } },
{ "type": "Feature", "properties": { "LRR": -0.49, "LR2": 0.1, "Kec": "Kuta Selatan", "Desa": "Benoa", "KLRR": "Abrasi", "Panjang": 14.3501751016 }, "geometry": { "type": "MultiLineString", "coordinates": [ [ [ 115.224233608249591, -8.770566212243107 ], [ 115.224363055232459, -8.770550430492934 ] ] ] } },
{ "type": "Feature", "properties": { "LRR": -0.52, "LR2": 0.22, "Kec": "Kuta Selatan", "Desa": "Benoa", "KLRR": "Abrasi", "Panjang": 9.8036305944900004 }, "geometry": { "type": "MultiLineString", "coordinates": [ [ [ 115.223826868364853, -8.770335328808024 ], [ 115.223915258285288, -8.770324191931365 ] ] ] } },
{ "type": "Feature", "properties": { "LRR": -0.57, "LR2": 0.38, "Kec": "Kuta Selatan", "Desa": "Benoa", "KLRR": "Abrasi", "Panjang": 7.1666650896300004 }, "geometry": { "type": "MultiLineString", "coordinates": [ [ [ 115.223773103246927, -8.770083786814054 ], [ 115.223837770396059, -8.770076067071846 ] ] ] } },
{ "type": "Feature", "properties": { "LRR": -0.64, "LR2": 0.39, "Kec": "Kuta Selatan", "Desa": "Benoa", "KLRR": "Abrasi", "Panjang": 7.7896969599599997 }, "geometry": { "type": "MultiLineString", "coordinates": [ [ [ 115.223768740102784, -8.769816068629753 ], [ 115.223839045311422, -8.769807813949461 ] ] ] } },
{ "type": "Feature", "properties": { "LRR": -0.52, "LR2": 0.39, "Kec": "Kuta Selatan", "Desa": "Benoa", "KLRR": "Abrasi", "Panjang": 6.1687579188499999 }, "geometry": { "type": "MultiLineString", "coordinates": [ [ [ 115.223784713467452, -8.76953592246023 ], [ 115.223840369322062, -8.769529221731858 ] ] ] } },
{ "type": "Feature", "properties": { "LRR": 0.06, "LR2": 0.0, "Kec": "Kuta Selatan", "Desa": "Benoa", "KLRR": "Akresi", "Panjang": 11.354671445699999 }, "geometry": { "type": "MultiLineString", "coordinates": [ [ [ 115.223659354898857, -8.768995411575778 ], [ 115.2237617154573, -8.768982409220021 ] ] ] } },
{ "type": "Feature", "properties": { "LRR": -0.47, "LR2": 0.17, "Kec": "Kuta Selatan", "Desa": "Benoa", "KLRR": "Abrasi", "Panjang": 10.8752007342 }, "geometry": { "type": "MultiLineString", "coordinates": [ [ [ 115.223649968146333, -8.768729910133914 ], [ 115.223748042344042, -8.768717741080593 ] ] ] } },
{ "type": "Feature", "properties": { "LRR": -0.62, "LR2": 0.27, "Kec": "Kuta Selatan", "Desa": "Tanjung Benoa", "KLRR": "Abrasi", "Panjang": 9.6702784978699992 }, "geometry": { "type": "MultiLineString", "coordinates": [ [ [ 115.223662064697407, -8.768462513472377 ], [ 115.223749305390143, -8.76845195700229 ] ] ] } },
{ "type": "Feature", "properties": { "LRR": -0.7, "LR2": 0.38, "Kec": "Kuta Selatan", "Desa": "Tanjung Benoa", "KLRR": "Abrasi", "Panjang": 8.8705280763199994 }, "geometry": { "type": "MultiLineString", "coordinates": [ [ [ 115.223670494929209, -8.768198201538326 ], [ 115.22375055586032, -8.768188811033845 ] ] ] } },
{ "type": "Feature", "properties": { "LRR": -0.39, "LR2": 0.21, "Kec": "Kuta Selatan", "Desa": "Tanjung Benoa", "KLRR": "Abrasi", "Panjang": 7.7222428894600004 }, "geometry": { "type": "MultiLineString", "coordinates": [ [ [ 115.223946719580695, -8.767904686055328 ], [ 115.224016446635531, -8.767896768494861 ] ] ] } },
{ "type": "Feature", "properties": { "LRR": -0.52, "LR2": 0.27, "Kec": "Kuta Selatan", "Desa": "Tanjung Benoa", "KLRR": "Abrasi", "Panjang": 8.0822502970199999 }, "geometry": { "type": "MultiLineString", "coordinates": [ [ [ 115.223655969008718, -8.76767713662441 ], [ 115.223728979898738, -8.767669145046959 ] ] ] } },
{ "type": "Feature", "properties": { "LRR": -0.59, "LR2": 0.37, "Kec": "Kuta Selatan", "Desa": "Tanjung Benoa", "KLRR": "Abrasi", "Panjang": 7.4943051990200003 }, "geometry": { "type": "MultiLineString", "coordinates": [ [ [ 115.223670864474599, -8.767413188695627 ], [ 115.22373859640345, -8.767406076384241 ] ] ] } },
{ "type": "Feature", "properties": { "LRR": -0.04, "LR2": 0.26, "Kec": "Kuta Selatan", "Desa": "Tanjung Benoa", "KLRR": "Abrasi", "Panjang": 0.5923278565 }, "geometry": { "type": "MultiLineString", "coordinates": [ [ [ 115.223765711109692, -8.767142807012107 ], [ 115.223771066568176, -8.767142265322041 ] ] ] } },
{ "type": "Feature", "properties": { "LRR": -0.14, "LR2": 0.26, "Kec": "Kuta Selatan", "Desa": "Tanjung Benoa", "KLRR": "Abrasi", "Panjang": 2.1411069592 }, "geometry": { "type": "MultiLineString", "coordinates": [ [ [ 115.223831252295639, -8.766905485247323 ], [ 115.223850631816333, -8.766903744655115 ] ] ] } },
{ "type": "Feature", "properties": { "LRR": -0.97, "LR2": 0.26, "Kec": "Kuta Selatan", "Desa": "Tanjung Benoa", "KLRR": "Abrasi", "Panjang": 15.1765049699 }, "geometry": { "type": "MultiLineString", "coordinates": [ [ [ 115.223835676407475, -8.76669238090885 ], [ 115.223973224400012, -8.766682259739593 ] ] ] } },
{ "type": "Feature", "properties": { "LRR": -0.59, "LR2": 0.26, "Kec": "Kuta Selatan", "Desa": "Tanjung Benoa", "KLRR": "Abrasi", "Panjang": 9.3191368851899998 }, "geometry": { "type": "MultiLineString", "coordinates": [ [ [ 115.223854152685462, -8.766464118442514 ], [ 115.223938687091675, -8.766458980060003 ] ] ] } },
{ "type": "Feature", "properties": { "LRR": -0.95, "LR2": 0.31, "Kec": "Kuta Selatan", "Desa": "Tanjung Benoa", "KLRR": "Abrasi", "Panjang": 13.9416717614 }, "geometry": { "type": "MultiLineString", "coordinates": [ [ [ 115.223324831081356, -8.766018611716436 ], [ 115.223451455050593, -8.766014207495038 ] ] ] } },
{ "type": "Feature", "properties": { "LRR": -1.22, "LR2": 0.31, "Kec": "Kuta Selatan", "Desa": "Tanjung Benoa", "KLRR": "Abrasi", "Panjang": 16.814388715500002 }, "geometry": { "type": "MultiLineString", "coordinates": [ [ [ 115.223283123775218, -8.765785749203239 ], [ 115.223435905614764, -8.76578291635928 ] ] ] } },
{ "type": "Feature", "properties": { "LRR": -0.88, "LR2": 0.18, "Kec": "Kuta Selatan", "Desa": "Tanjung Benoa", "KLRR": "Abrasi", "Panjang": 13.839969308200001 }, "geometry": { "type": "MultiLineString", "coordinates": [ [ [ 115.223296201007358, -8.765574702664427 ], [ 115.223421974010719, -8.76557569010866 ] ] ] } },
{ "type": "Feature", "properties": { "LRR": -0.5, "LR2": 0.08, "Kec": "Kuta Selatan", "Desa": "Tanjung Benoa", "KLRR": "Abrasi", "Panjang": 12.7121526067 }, "geometry": { "type": "MultiLineString", "coordinates": [ [ [ 115.223314305251066, -8.765336783600464 ], [ 115.223429803952882, -8.765339341056025 ] ] ] } },
{ "type": "Feature", "properties": { "LRR": -0.2, "LR2": 0.01, "Kec": "Kuta Selatan", "Desa": "Tanjung Benoa", "KLRR": "Abrasi", "Panjang": 14.534271541900001 }, "geometry": { "type": "MultiLineString", "coordinates": [ [ [ 115.223321596773644, -8.765080634884724 ], [ 115.223453628961423, -8.765084403808592 ] ] ] } },
{ "type": "Feature", "properties": { "LRR": -0.08, "LR2": 0.0, "Kec": "Kuta Selatan", "Desa": "Tanjung Benoa", "KLRR": "Abrasi", "Panjang": 15.8869084027 }, "geometry": { "type": "MultiLineString", "coordinates": [ [ [ 115.223327058662434, -8.764887834386251 ], [ 115.223471146053129, -8.764896960733182 ] ] ] } },
{ "type": "Feature", "properties": { "LRR": -0.11, "LR2": 0.0, "Kec": "Kuta Selatan", "Desa": "Tanjung Benoa", "KLRR": "Abrasi", "Panjang": 14.7748676767 }, "geometry": { "type": "MultiLineString", "coordinates": [ [ [ 115.223356274881269, -8.764683159885843 ], [ 115.223489972908993, -8.76469550749991 ] ] ] } },
{ "type": "Feature", "properties": { "LRR": -0.8, "LR2": 0.42, "Kec": "Kuta Selatan", "Desa": "Tanjung Benoa", "KLRR": "Abrasi", "Panjang": 9.10760660589 }, "geometry": { "type": "MultiLineString", "coordinates": [ [ [ 115.223403192081761, -8.764440929887924 ], [ 115.223485515368637, -8.764449465626969 ] ] ] } },
{ "type": "Feature", "properties": { "LRR": -1.93, "LR2": 0.77, "Kec": "Kuta Selatan", "Desa": "Tanjung Benoa", "KLRR": "Abrasi", "Panjang": 19.8826662964 }, "geometry": { "type": "MultiLineString", "coordinates": [ [ [ 115.223453439655984, -8.764142134948067 ], [ 115.223633413553301, -8.764158144671335 ] ] ] } },
{ "type": "Feature", "properties": { "LRR": -1.52, "LR2": 0.64, "Kec": "Kuta Selatan", "Desa": "Tanjung Benoa", "KLRR": "Abrasi", "Panjang": 17.438253073599999 }, "geometry": { "type": "MultiLineString", "coordinates": [ [ [ 115.223563535796117, -8.763852604506756 ], [ 115.223721575172618, -8.76386431600671 ] ] ] } },
{ "type": "Feature", "properties": { "LRR": -0.76, "LR2": 0.13, "Kec": "Kuta Selatan", "Desa": "Tanjung Benoa", "KLRR": "Abrasi", "Panjang": 19.518644961100001 }, "geometry": { "type": "MultiLineString", "coordinates": [ [ [ 115.223557047970573, -8.763560999835326 ], [ 115.223734099123803, -8.763571797124218 ] ] ] } },
{ "type": "Feature", "properties": { "LRR": -1.68, "LR2": 0.16, "Kec": "Kuta Selatan", "Desa": "Tanjung Benoa", "KLRR": "Abrasi", "Panjang": 39.4836451981 }, "geometry": { "type": "MultiLineString", "coordinates": [ [ [ 115.223389964752741, -8.763266823858949 ], [ 115.223748317559085, -8.763285095061432 ] ] ] } },
{ "type": "Feature", "properties": { "LRR": -2.45, "LR2": 0.22, "Kec": "Kuta Selatan", "Desa": "Tanjung Benoa", "KLRR": "Abrasi", "Panjang": 45.838334556600003 }, "geometry": { "type": "MultiLineString", "coordinates": [ [ [ 115.223364823896105, -8.762978470367507 ], [ 115.223781034252582, -8.762995772143604 ] ] ] } },
{ "type": "Feature", "properties": { "LRR": -2.54, "LR2": 0.47, "Kec": "Kuta Selatan", "Desa": "Tanjung Benoa", "KLRR": "Abrasi", "Panjang": 30.7594108969 }, "geometry": { "type": "MultiLineString", "coordinates": [ [ [ 115.223535966695778, -8.762684447749814 ], [ 115.223815406154642, -8.762691824076045 ] ] ] } },
{ "type": "Feature", "properties": { "LRR": -2.17, "LR2": 0.42, "Kec": "Kuta Selatan", "Desa": "Tanjung Benoa", "KLRR": "Abrasi", "Panjang": 25.190121368900002 }, "geometry": { "type": "MultiLineString", "coordinates": [ [ [ 115.223621077575558, -8.762383603320252 ], [ 115.223849989538508, -8.762385996448966 ] ] ] } },
{ "type": "Feature", "properties": { "LRR": -2.07, "LR2": 0.54, "Kec": "Kuta Selatan", "Desa": "Tanjung Benoa", "KLRR": "Abrasi", "Panjang": 21.895591530400001 }, "geometry": { "type": "MultiLineString", "coordinates": [ [ [ 115.223651112401527, -8.762053685316813 ], [ 115.223850062605592, -8.762050028368389 ] ] ] } },
{ "type": "Feature", "properties": { "LRR": -2.42, "LR2": 0.71, "Kec": "Kuta Selatan", "Desa": "Tanjung Benoa", "KLRR": "Abrasi", "Panjang": 19.7021849753 }, "geometry": { "type": "MultiLineString", "coordinates": [ [ [ 115.223676168998324, -8.761721414929461 ], [ 115.223854950067718, -8.761711644539316 ] ] ] } },
{ "type": "Feature", "properties": { "LRR": -1.17, "LR2": 0.45, "Kec": "Kuta Selatan", "Desa": "Tanjung Benoa", "KLRR": "Abrasi", "Panjang": 13.610533364 }, "geometry": { "type": "MultiLineString", "coordinates": [ [ [ 115.223637033022484, -8.761369185839653 ], [ 115.223760135305014, -8.761357200023864 ] ] ] } },
{ "type": "Feature", "properties": { "LRR": -0.28, "LR2": 0.06, "Kec": "Kuta Selatan", "Desa": "Tanjung Benoa", "KLRR": "Abrasi", "Panjang": 8.6635629897000008 }, "geometry": { "type": "MultiLineString", "coordinates": [ [ [ 115.223565013468104, -8.761003514610664 ], [ 115.223642942842034, -8.760992351712259 ] ] ] } },
{ "type": "Feature", "properties": { "LRR": -0.27, "LR2": 0.03, "Kec": "Kuta Selatan", "Desa": "Tanjung Benoa", "KLRR": "Abrasi", "Panjang": 12.246162185399999 }, "geometry": { "type": "MultiLineString", "coordinates": [ [ [ 115.223416184092187, -8.760653073667463 ], [ 115.223525523577749, -8.760632430603442 ] ] ] } },
{ "type": "Feature", "properties": { "LRR": -0.68, "LR2": 0.11, "Kec": "Kuta Selatan", "Desa": "Tanjung Benoa", "KLRR": "Abrasi", "Panjang": 15.5863610388 }, "geometry": { "type": "MultiLineString", "coordinates": [ [ [ 115.223337475239248, -8.760315131502987 ], [ 115.223475567916722, -8.760283766192121 ] ] ] } },
{ "type": "Feature", "properties": { "LRR": -1.48, "LR2": 0.48, "Kec": "Kuta Selatan", "Desa": "Tanjung Benoa", "KLRR": "Abrasi", "Panjang": 15.4859243132 }, "geometry": { "type": "MultiLineString", "coordinates": [ [ [ 115.223283353628005, -8.759979334611607 ], [ 115.223419473091653, -8.759943779450435 ] ] ] } },
{ "type": "Feature", "properties": { "LRR": -1.76, "LR2": 0.74, "Kec": "Kuta Selatan", "Desa": "Tanjung Benoa", "KLRR": "Abrasi", "Panjang": 14.9275659268 }, "geometry": { "type": "MultiLineString", "coordinates": [ [ [ 115.223227948450869, -8.759644194401146 ], [ 115.223357997886467, -8.759605787196838 ] ] ] } },
{ "type": "Feature", "properties": { "LRR": -1.77, "LR2": 0.83, "Kec": "Kuta Selatan", "Desa": "Tanjung Benoa", "KLRR": "Abrasi", "Panjang": 14.111980343000001 }, "geometry": { "type": "MultiLineString", "coordinates": [ [ [ 115.223135663464248, -8.759326906877902 ], [ 115.223257522850275, -8.759287143917788 ] ] ] } },
{ "type": "Feature", "properties": { "LRR": -1.27, "LR2": 0.65, "Kec": "Kuta Selatan", "Desa": "Tanjung Benoa", "KLRR": "Abrasi", "Panjang": 14.2455459458 }, "geometry": { "type": "MultiLineString", "coordinates": [ [ [ 115.223051880864148, -8.759060598296141 ], [ 115.223174724942496, -8.759019951241664 ] ] ] } },
{ "type": "Feature", "properties": { "LRR": -0.9, "LR2": 0.33, "Kec": "Kuta Selatan", "Desa": "Tanjung Benoa", "KLRR": "Abrasi", "Panjang": 15.219534075 }, "geometry": { "type": "MultiLineString", "coordinates": [ [ [ 115.222979883088499, -8.758831505549624 ], [ 115.223111707932844, -8.758789860088646 ] ] ] } },
{ "type": "Feature", "properties": { "LRR": -0.43, "LR2": 0.07, "Kec": "Kuta Selatan", "Desa": "Tanjung Benoa", "KLRR": "Abrasi", "Panjang": 16.985802154200002 }, "geometry": { "type": "MultiLineString", "coordinates": [ [ [ 115.222912588854101, -8.75859293007535 ], [ 115.223060161782698, -8.758547884164754 ] ] ] } },
{ "type": "Feature", "properties": { "LRR": 0.28, "LR2": 0.03, "Kec": "Kuta Selatan", "Desa": "Tanjung Benoa", "KLRR": "Akresi", "Panjang": 13.498987275099999 }, "geometry": { "type": "MultiLineString", "coordinates": [ [ [ 115.222833022879698, -8.758342775035178 ], [ 115.222950410202643, -8.758307328079624 ] ] ] } },
{ "type": "Feature", "properties": { "LRR": 1.02, "LR2": 0.27, "Kec": "Kuta Selatan", "Desa": "Tanjung Benoa", "KLRR": "Akresi", "Panjang": 17.208059572700002 }, "geometry": { "type": "MultiLineString", "coordinates": [ [ [ 115.222704911895548, -8.758103237440519 ], [ 115.222854610955906, -8.75805824044645 ] ] ] } },
{ "type": "Feature", "properties": { "LRR": 0.98, "LR2": 0.3, "Kec": "Kuta Selatan", "Desa": "Tanjung Benoa", "KLRR": "Akresi", "Panjang": 15.866178742000001 }, "geometry": { "type": "MultiLineString", "coordinates": [ [ [ 115.222578623852286, -8.757861068419789 ], [ 115.22271666615994, -8.757819635795256 ] ] ] } },
{ "type": "Feature", "properties": { "LRR": 0.68, "LR2": 0.26, "Kec": "Kuta Selatan", "Desa": "Tanjung Benoa", "KLRR": "Akresi", "Panjang": 11.926028946600001 }, "geometry": { "type": "MultiLineString", "coordinates": [ [ [ 115.222435599156142, -8.757573105651799 ], [ 115.222538662050624, -8.757539745924584 ] ] ] } },
{ "type": "Feature", "properties": { "LRR": 0.51, "LR2": 0.11, "Kec": "Kuta Selatan", "Desa": "Tanjung Benoa", "KLRR": "Akresi", "Panjang": 11.843388987499999 }, "geometry": { "type": "MultiLineString", "coordinates": [ [ [ 115.222276919043537, -8.757313454484326 ], [ 115.222378862372281, -8.757279111286714 ] ] ] } },
{ "type": "Feature", "properties": { "LRR": -0.02, "LR2": 0.0, "Kec": "Kuta Selatan", "Desa": "Tanjung Benoa", "KLRR": "Abrasi", "Panjang": 8.1399136706899995 }, "geometry": { "type": "MultiLineString", "coordinates": [ [ [ 115.222217346280573, -8.757064187223346 ], [ 115.222287580483254, -8.75704108576115 ] ] ] } },
{ "type": "Feature", "properties": { "LRR": -0.74, "LR2": 0.13, "Kec": "Kuta Selatan", "Desa": "Tanjung Benoa", "KLRR": "Abrasi", "Panjang": 20.215358523399999 }, "geometry": { "type": "MultiLineString", "coordinates": [ [ [ 115.222119838598985, -8.756840862964189 ], [ 115.222294983184767, -8.756785701558735 ] ] ] } },
{ "type": "Feature", "properties": { "LRR": -0.77, "LR2": 0.15, "Kec": "Kuta Selatan", "Desa": "Tanjung Benoa", "KLRR": "Abrasi", "Panjang": 16.596734466800001 }, "geometry": { "type": "MultiLineString", "coordinates": [ [ [ 115.222154945399751, -8.756535778492305 ], [ 115.222298475719015, -8.756489674012437 ] ] ] } },
{ "type": "Feature", "properties": { "LRR": -0.67, "LR2": 0.11, "Kec": "Kuta Selatan", "Desa": "Tanjung Benoa", "KLRR": "Abrasi", "Panjang": 18.9855805103 }, "geometry": { "type": "MultiLineString", "coordinates": [ [ [ 115.22239208661918, -8.756042276586117 ], [ 115.22255338025694, -8.755981331425824 ] ] ] } },
{ "type": "Feature", "properties": { "LRR": 0.27, "LR2": 0.05, "Kec": "Kuta Selatan", "Desa": "Tanjung Benoa", "KLRR": "Akresi", "Panjang": 10.788977153899999 }, "geometry": { "type": "MultiLineString", "coordinates": [ [ [ 115.222237865608889, -8.755689210152871 ], [ 115.222327656494187, -8.755650032480697 ] ] ] } },
{ "type": "Feature", "properties": { "LRR": -0.37, "LR2": 0.04, "Kec": "Kuta Selatan", "Desa": "Tanjung Benoa", "KLRR": "Abrasi", "Panjang": 10.490249543199999 }, "geometry": { "type": "MultiLineString", "coordinates": [ [ [ 115.222206021392665, -8.755311391387886 ], [ 115.222291448448374, -8.755269295545878 ] ] ] } },
{ "type": "Feature", "properties": { "LRR": 0.14, "LR2": 0.05, "Kec": "Kuta Selatan", "Desa": "Tanjung Benoa", "KLRR": "Akresi", "Panjang": 5.92709070059 }, "geometry": { "type": "MultiLineString", "coordinates": [ [ [ 115.221799152456171, -8.755074395822698 ], [ 115.221846013710504, -8.755047974927491 ] ] ] } },
{ "type": "Feature", "properties": { "LRR": 0.06, "LR2": 0.02, "Kec": "Kuta Selatan", "Desa": "Tanjung Benoa", "KLRR": "Akresi", "Panjang": 2.9664606015600001 }, "geometry": { "type": "MultiLineString", "coordinates": [ [ [ 115.221712043759737, -8.754609772071705 ], [ 115.2217344478168, -8.754594855729829 ] ] ] } },
{ "type": "Feature", "properties": { "LRR": -0.01, "LR2": 0.0, "Kec": "Kuta Selatan", "Desa": "Tanjung Benoa", "KLRR": "Abrasi", "Panjang": 6.7155881604100003 }, "geometry": { "type": "MultiLineString", "coordinates": [ [ [ 115.221537444400084, -8.754097158615622 ], [ 115.221584281315245, -8.754058233877434 ] ] ] } },
{ "type": "Feature", "properties": { "LRR": 0.11, "LR2": 0.02, "Kec": "Kuta Selatan", "Desa": "Tanjung Benoa", "KLRR": "Akresi", "Panjang": 5.4455370759299999 }, "geometry": { "type": "MultiLineString", "coordinates": [ [ [ 115.221220394864517, -8.7535116782916 ], [ 115.221252680032634, -8.753474365891527 ] ] ] } },
{ "type": "Feature", "properties": { "LRR": 0.22, "LR2": 0.07, "Kec": "Kuta Selatan", "Desa": "Tanjung Benoa", "KLRR": "Akresi", "Panjang": 6.6664948714400003 }, "geometry": { "type": "MultiLineString", "coordinates": [ [ [ 115.220674483996461, -8.753091148233755 ], [ 115.220703983014587, -8.753038504575009 ] ] ] } },
{ "type": "Feature", "properties": { "LRR": -0.1, "LR2": 0.02, "Kec": "Kuta Selatan", "Desa": "Tanjung Benoa", "KLRR": "Abrasi", "Panjang": 5.2991089309900001 }, "geometry": { "type": "MultiLineString", "coordinates": [ [ [ 115.219785203344685, -8.75289728333175 ], [ 115.219796343828207, -8.752850674150848 ] ] ] } },
{ "type": "Feature", "properties": { "LRR": -0.24, "LR2": 0.02, "Kec": "Kuta Selatan", "Desa": "Tanjung Benoa", "KLRR": "Abrasi", "Panjang": 12.476035063099999 }, "geometry": { "type": "MultiLineString", "coordinates": [ [ [ 115.218429834476865, -8.752192199510571 ], [ 115.218408259989957, -8.752081465769374 ] ] ] } },
{ "type": "Feature", "properties": { "LRR": -0.23, "LR2": 0.08, "Kec": "Kuta Selatan", "Desa": "Tanjung Benoa", "KLRR": "Abrasi", "Panjang": 7.8300201893299999 }, "geometry": { "type": "MultiLineString", "coordinates": [ [ [ 115.217323208224386, -8.753168440997904 ], [ 115.217280398009692, -8.753111895720146 ] ] ] } },
{ "type": "Feature", "properties": { "LRR": 0.33, "LR2": 0.06, "Kec": "Kuta Selatan", "Desa": "Tanjung Benoa", "KLRR": "Akresi", "Panjang": 10.288935350499999 }, "geometry": { "type": "MultiLineString", "coordinates": [ [ [ 115.216841367245891, -8.753941319739877 ], [ 115.216767143604301, -8.753884748382903 ] ] ] } },
{ "type": "Feature", "properties": { "LRR": 0.13, "LR2": 0.0, "Kec": "Kuta Selatan", "Desa": "Tanjung Benoa", "KLRR": "Akresi", "Panjang": 14.2116602521 }, "geometry": { "type": "MultiLineString", "coordinates": [ [ [ 115.21653746369725, -8.754931751987655 ], [ 115.216415170253313, -8.754890442023445 ] ] ] } },
{ "type": "Feature", "properties": { "LRR": 0.85, "LR2": 0.13, "Kec": "Kuta Selatan", "Desa": "Tanjung Benoa", "KLRR": "Akresi", "Panjang": 16.2038945402 }, "geometry": { "type": "MultiLineString", "coordinates": [ [ [ 115.216405343524954, -8.75550752360388 ], [ 115.216260609444376, -8.755480529034482 ] ] ] } },
{ "type": "Feature", "properties": { "LRR": 0.26, "LR2": 0.02, "Kec": "Kuta Selatan", "Desa": "Tanjung Benoa", "KLRR": "Akresi", "Panjang": 12.711283228 }, "geometry": { "type": "MultiLineString", "coordinates": [ [ [ 115.216343969674099, -8.755920928689651 ], [ 115.2162292743389, -8.755907253902972 ] ] ] } },
{ "type": "Feature", "properties": { "LRR": -0.4, "LR2": 0.1, "Kec": "Kuta Selatan", "Desa": "Tanjung Benoa", "KLRR": "Abrasi", "Panjang": 11.0523137088 }, "geometry": { "type": "MultiLineString", "coordinates": [ [ [ 115.216303754314595, -8.756256987407324 ], [ 115.216203676352521, -8.756248511396613 ] ] ] } },
{ "type": "Feature", "properties": { "LRR": -0.39, "LR2": 0.24, "Kec": "Kuta Selatan", "Desa": "Tanjung Benoa", "KLRR": "Abrasi", "Panjang": 5.8816138089300001 }, "geometry": { "type": "MultiLineString", "coordinates": [ [ [ 115.216218074188305, -8.75661253923108 ], [ 115.216164638393153, -8.75661129990762 ] ] ] } },
{ "type": "Feature", "properties": { "LRR": -0.02, "LR2": 0.0, "Kec": "Kuta Selatan", "Desa": "Tanjung Benoa", "KLRR": "Abrasi", "Panjang": 11.9386391039 }, "geometry": { "type": "MultiLineString", "coordinates": [ [ [ 115.216089055271922, -8.757077287171356 ], [ 115.215980767699023, -8.757083955785884 ] ] ] } },
{ "type": "Feature", "properties": { "LRR": -0.04, "LR2": 0.0, "Kec": "Kuta Selatan", "Desa": "Tanjung Benoa", "KLRR": "Abrasi", "Panjang": 14.0442077268 }, "geometry": { "type": "MultiLineString", "coordinates": [ [ [ 115.216306987263309, -8.757464769100316 ], [ 115.21618031627699, -8.75748030343448 ] ] ] } },
{ "type": "Feature", "properties": { "LRR": -0.98, "LR2": 0.09, "Kec": "Kuta Selatan", "Desa": "Tanjung Benoa", "KLRR": "Abrasi", "Panjang": 28.052241453000001 }, "geometry": { "type": "MultiLineString", "coordinates": [ [ [ 115.21673136985244, -8.757706124852355 ], [ 115.216478837337107, -8.757740832939866 ] ] ] } },
{ "type": "Feature", "properties": { "LRR": -0.78, "LR2": 0.06, "Kec": "Kuta Selatan", "Desa": "Tanjung Benoa", "KLRR": "Abrasi", "Panjang": 25.9625152134 }, "geometry": { "type": "MultiLineString", "coordinates": [ [ [ 115.216933872273884, -8.757963587507101 ], [ 115.216700397244239, -8.757997430848649 ] ] ] } },
{ "type": "Feature", "properties": { "LRR": -0.22, "LR2": 0.01, "Kec": "Kuta Selatan", "Desa": "Tanjung Benoa", "KLRR": "Abrasi", "Panjang": 18.1952419568 }, "geometry": { "type": "MultiLineString", "coordinates": [ [ [ 115.217031038267137, -8.758224384990497 ], [ 115.216867429896837, -8.758248222176626 ] ] ] } },
{ "type": "Feature", "properties": { "LRR": -0.09, "LR2": 0.0, "Kec": "Kuta Selatan", "Desa": "Tanjung Benoa", "KLRR": "Abrasi", "Panjang": 13.7309859161 }, "geometry": { "type": "MultiLineString", "coordinates": [ [ [ 115.217054146509867, -8.758481193352141 ], [ 115.216930572330241, -8.758498435858954 ] ] ] } },
{ "type": "Feature", "properties": { "LRR": -0.86, "LR2": 0.17, "Kec": "Kuta Selatan", "Desa": "Tanjung Benoa", "KLRR": "Abrasi", "Panjang": 17.288495203699998 }, "geometry": { "type": "MultiLineString", "coordinates": [ [ [ 115.217033908861467, -8.758724556763463 ], [ 115.216878030767489, -8.758744119614603 ] ] ] } },
{ "type": "Feature", "properties": { "LRR": -0.81, "LR2": 0.2, "Kec": "Kuta Selatan", "Desa": "Tanjung Benoa", "KLRR": "Abrasi", "Panjang": 15.9709494358 }, "geometry": { "type": "MultiLineString", "coordinates": [ [ [ 115.217034675207316, -8.758858209907837 ], [ 115.216889845262855, -8.758867643780459 ] ] ] } },
{ "type": "Feature", "properties": { "LRR": -0.74, "LR2": 0.19, "Kec": "Kuta Selatan", "Desa": "Tanjung Benoa", "KLRR": "Abrasi", "Panjang": 15.007907102100001 }, "geometry": { "type": "MultiLineString", "coordinates": [ [ [ 115.217035276463704, -8.758962996158902 ], [ 115.216898890489361, -8.758962220966879 ] ] ] } },
{ "type": "Feature", "properties": { "LRR": -0.57, "LR2": 0.1, "Kec": "Kuta Selatan", "Desa": "Tanjung Benoa", "KLRR": "Abrasi", "Panjang": 15.917121313399999 }, "geometry": { "type": "MultiLineString", "coordinates": [ [ [ 115.21705042758947, -8.759051526589355 ], [ 115.216906282344624, -8.759039503959626 ] ] ] } },
{ "type": "Feature", "properties": { "LRR": -0.33, "LR2": 0.03, "Kec": "Kuta Selatan", "Desa": "Tanjung Benoa", "KLRR": "Abrasi", "Panjang": 18.678358357299999 }, "geometry": { "type": "MultiLineString", "coordinates": [ [ [ 115.217082134208539, -8.759152045709858 ], [ 115.216914504330759, -8.759125473846176 ] ] ] } },
{ "type": "Feature", "properties": { "LRR": 0.65, "LR2": 0.14, "Kec": "Kuta Selatan", "Desa": "Tanjung Benoa", "KLRR": "Akresi", "Panjang": 13.9502902062 }, "geometry": { "type": "MultiLineString", "coordinates": [ [ [ 115.217150816158949, -8.759372828129326 ], [ 115.217026229096831, -8.759349487101304 ] ] ] } },
{ "type": "Feature", "properties": { "LRR": 0.75, "LR2": 0.08, "Kec": "Kuta Selatan", "Desa": "Tanjung Benoa", "KLRR": "Akresi", "Panjang": 20.699418575900001 }, "geometry": { "type": "MultiLineString", "coordinates": [ [ [ 115.217126805968377, -8.759599230003614 ], [ 115.216942676408394, -8.759560928258875 ] ] ] } },
{ "type": "Feature", "properties": { "LRR": 0.0, "LR2": 0.0, "Kec": "Kuta Selatan", "Desa": "Tanjung Benoa", "KLRR": "Stabil", "Panjang": 33.460379978600002 }, "geometry": { "type": "MultiLineString", "coordinates": [ [ [ 115.216886362007614, -8.759793872587448 ], [ 115.216589541599916, -8.759728163843855 ] ] ] } },
{ "type": "Feature", "properties": { "LRR": -0.11, "LR2": 0.0, "Kec": "Kuta Selatan", "Desa": "Tanjung Benoa", "KLRR": "Abrasi", "Panjang": 15.3217238093 }, "geometry": { "type": "MultiLineString", "coordinates": [ [ [ 115.216433910414722, -8.75994444437273 ], [ 115.21629823601144, -8.759913295398665 ] ] ] } },
{ "type": "Feature", "properties": { "LRR": -1.89, "LR2": 0.32, "Kec": "Kuta Selatan", "Desa": "Tanjung Benoa", "KLRR": "Abrasi", "Panjang": 23.780296646499998 }, "geometry": { "type": "MultiLineString", "coordinates": [ [ [ 115.215994529956234, -8.760323660766939 ], [ 115.215784645075416, -8.760272429389589 ] ] ] } },
{ "type": "Feature", "properties": { "LRR": -0.79, "LR2": 0.09, "Kec": "Kuta Selatan", "Desa": "Tanjung Benoa", "KLRR": "Abrasi", "Panjang": 20.037237566600002 }, "geometry": { "type": "MultiLineString", "coordinates": [ [ [ 115.216187849011462, -8.760570177183459 ], [ 115.216011775995156, -8.760523977646034 ] ] ] } },
{ "type": "Feature", "properties": { "LRR": -0.26, "LR2": 0.02, "Kec": "Kuta Selatan", "Desa": "Tanjung Benoa", "KLRR": "Abrasi", "Panjang": 14.668090101800001 }, "geometry": { "type": "MultiLineString", "coordinates": [ [ [ 115.216203672469135, -8.760765053720801 ], [ 115.216075386844281, -8.760729021177816 ] ] ] } },
{ "type": "Feature", "properties": { "LRR": -0.56, "LR2": 0.16, "Kec": "Kuta Selatan", "Desa": "Tanjung Benoa", "KLRR": "Abrasi", "Panjang": 12.123897712 }, "geometry": { "type": "MultiLineString", "coordinates": [ [ [ 115.216195885547236, -8.760991379156879 ], [ 115.216090376509229, -8.760959803711676 ] ] ] } },
{ "type": "Feature", "properties": { "LRR": -0.71, "LR2": 0.23, "Kec": "Kuta Selatan", "Desa": "Tanjung Benoa", "KLRR": "Abrasi", "Panjang": 12.600932370600001 }, "geometry": { "type": "MultiLineString", "coordinates": [ [ [ 115.216144372509362, -8.761223529482555 ], [ 115.216035121444605, -8.761189386789269 ] ] ] } },
{ "type": "Feature", "properties": { "LRR": -0.57, "LR2": 0.2, "Kec": "Kuta Selatan", "Desa": "Tanjung Benoa", "KLRR": "Abrasi", "Panjang": 10.448405085 }, "geometry": { "type": "MultiLineString", "coordinates": [ [ [ 115.21613104416781, -8.76149282231075 ], [ 115.216040496940806, -8.761464381431635 ] ] ] } },
{ "type": "Feature", "properties": { "LRR": -0.47, "LR2": 0.07, "Kec": "Kuta Selatan", "Desa": "Tanjung Benoa", "KLRR": "Abrasi", "Panjang": 14.448355078900001 }, "geometry": { "type": "MultiLineString", "coordinates": [ [ [ 115.216116645042845, -8.761801407676609 ], [ 115.215990846761287, -8.761763978191096 ] ] ] } },
{ "type": "Feature", "properties": { "LRR": -0.82, "LR2": 0.2, "Kec": "Kuta Selatan", "Desa": "Tanjung Benoa", "KLRR": "Abrasi", "Panjang": 15.422436493799999 }, "geometry": { "type": "MultiLineString", "coordinates": [ [ [ 115.216100807431161, -8.762135484567423 ], [ 115.215965509029928, -8.76209909241992 ] ] ] } },
{ "type": "Feature", "properties": { "LRR": -0.58, "LR2": 0.2, "Kec": "Kuta Selatan", "Desa": "Tanjung Benoa", "KLRR": "Abrasi", "Panjang": 11.213943715 }, "geometry": { "type": "MultiLineString", "coordinates": [ [ [ 115.216053395174498, -8.762476871230902 ], [ 115.215954181783047, -8.762453700966129 ] ] ] } },
{ "type": "Feature", "properties": { "LRR": -0.65, "LR2": 0.36, "Kec": "Kuta Selatan", "Desa": "Tanjung Benoa", "KLRR": "Abrasi", "Panjang": 11.1225581584 }, "geometry": { "type": "MultiLineString", "coordinates": [ [ [ 115.216046254416199, -8.762840122851992 ], [ 115.215947017970763, -8.762821004632654 ] ] ] } },
{ "type": "Feature", "properties": { "LRR": -0.71, "LR2": 0.35, "Kec": "Kuta Selatan", "Desa": "Tanjung Benoa", "KLRR": "Abrasi", "Panjang": 11.3537310275 }, "geometry": { "type": "MultiLineString", "coordinates": [ [ [ 115.21601091734118, -8.763256518140649 ], [ 115.215908543553951, -8.763243702927591 ] ] ] } },
{ "type": "Feature", "properties": { "LRR": -1.26, "LR2": 0.72, "Kec": "Kuta Selatan", "Desa": "Tanjung Benoa", "KLRR": "Abrasi", "Panjang": 12.0525521901 }, "geometry": { "type": "MultiLineString", "coordinates": [ [ [ 115.215889174386362, -8.763617483774839 ], [ 115.215779975739324, -8.763608989525775 ] ] ] } },
{ "type": "Feature", "properties": { "LRR": -0.55, "LR2": 0.2, "Kec": "Kuta Selatan", "Desa": "Tanjung Benoa", "KLRR": "Abrasi", "Panjang": 10.398307511900001 }, "geometry": { "type": "MultiLineString", "coordinates": [ [ [ 115.215798472483257, -8.763917586347292 ], [ 115.215704134558194, -8.763912108686682 ] ] ] } },
{ "type": "Feature", "properties": { "LRR": -0.67, "LR2": 0.22, "Kec": "Kuta Selatan", "Desa": "Tanjung Benoa", "KLRR": "Abrasi", "Panjang": 12.5901414841 }, "geometry": { "type": "MultiLineString", "coordinates": [ [ [ 115.215769112910607, -8.764223304572003 ], [ 115.215654773483081, -8.764219095820621 ] ] ] } },
{ "type": "Feature", "properties": { "LRR": -0.72, "LR2": 0.3, "Kec": "Kuta Selatan", "Desa": "Tanjung Benoa", "KLRR": "Abrasi", "Panjang": 11.293120264400001 }, "geometry": { "type": "MultiLineString", "coordinates": [ [ [ 115.215703944029258, -8.764539649533846 ], [ 115.215601324007807, -8.764538184880669 ] ] ] } },
{ "type": "Feature", "properties": { "LRR": -0.82, "LR2": 0.38, "Kec": "Kuta Selatan", "Desa": "Tanjung Benoa", "KLRR": "Abrasi", "Panjang": 10.338098545099999 }, "geometry": { "type": "MultiLineString", "coordinates": [ [ [ 115.215659184695852, -8.764860397972591 ], [ 115.215565236507018, -8.764861186576333 ] ] ] } },
{ "type": "Feature", "properties": { "LRR": -0.72, "LR2": 0.41, "Kec": "Kuta Selatan", "Desa": "Tanjung Benoa", "KLRR": "Abrasi", "Panjang": 7.9615957924399998 }, "geometry": { "type": "MultiLineString", "coordinates": [ [ [ 115.215634055826371, -8.765180849429608 ], [ 115.215561735683963, -8.765183057432736 ] ] ] } },
{ "type": "Feature", "properties": { "LRR": -0.23, "LR2": 0.14, "Kec": "Kuta Selatan", "Desa": "Tanjung Benoa", "KLRR": "Abrasi", "Panjang": 5.1540125587899999 }, "geometry": { "type": "MultiLineString", "coordinates": [ [ [ 115.21562143609043, -8.765500816588188 ], [ 115.215574662009004, -8.76550327271165 ] ] ] } },
{ "type": "Feature", "properties": { "LRR": -0.04, "LR2": 0.0, "Kec": "Kuta Selatan", "Desa": "Tanjung Benoa", "KLRR": "Abrasi", "Panjang": 9.4881474082599997 }, "geometry": { "type": "MultiLineString", "coordinates": [ [ [ 115.215653052782542, -8.765822758376071 ], [ 115.215567100172237, -8.765829602381324 ] ] ] } },
{ "type": "Feature", "properties": { "LRR": -0.07, "LR2": 0.0, "Kec": "Kuta Selatan", "Desa": "Tanjung Benoa", "KLRR": "Abrasi", "Panjang": 7.6696927421799996 }, "geometry": { "type": "MultiLineString", "coordinates": [ [ [ 115.215732600801928, -8.766161043024653 ], [ 115.215663366313549, -8.76616905724414 ] ] ] } },
{ "type": "Feature", "properties": { "LRR": -0.31, "LR2": 0.04, "Kec": "Kuta Selatan", "Desa": "Tanjung Benoa", "KLRR": "Abrasi", "Panjang": 11.4071218326 }, "geometry": { "type": "MultiLineString", "coordinates": [ [ [ 115.215906322942743, -8.766502149326083 ], [ 115.215803937226212, -8.766518314763342 ] ] ] } },
{ "type": "Feature", "properties": { "LRR": -1.11, "LR2": 0.79, "Kec": "Kuta Selatan", "Desa": "Tanjung Benoa", "KLRR": "Abrasi", "Panjang": 11.9074152946 }, "geometry": { "type": "MultiLineString", "coordinates": [ [ [ 115.21601119459423, -8.766859576734797 ], [ 115.215905215892306, -8.766881344190555 ] ] ] } },
{ "type": "Feature", "properties": { "LRR": -1.01, "LR2": 0.53, "Kec": "Kuta Selatan", "Desa": "Tanjung Benoa", "KLRR": "Abrasi", "Panjang": 12.669466863 }, "geometry": { "type": "MultiLineString", "coordinates": [ [ [ 115.216124351930233, -8.767217201494157 ], [ 115.216012836305879, -8.767245712709686 ] ] ] } },
{ "type": "Feature", "properties": { "LRR": -0.84, "LR2": 0.4, "Kec": "Kuta Selatan", "Desa": "Tanjung Benoa", "KLRR": "Abrasi", "Panjang": 10.714109086400001 }, "geometry": { "type": "MultiLineString", "coordinates": [ [ [ 115.216215454874259, -8.767571892273825 ], [ 115.216122307533652, -8.767600106907054 ] ] ] } },
{ "type": "Feature", "properties": { "LRR": -0.82, "LR2": 0.47, "Kec": "Kuta Selatan", "Desa": "Tanjung Benoa", "KLRR": "Abrasi", "Panjang": 9.1836946972 }, "geometry": { "type": "MultiLineString", "coordinates": [ [ [ 115.21630337549631, -8.767913968499519 ], [ 115.216224497851883, -8.767941105035321 ] ] ] } },
{ "type": "Feature", "properties": { "LRR": -0.91, "LR2": 0.51, "Kec": "Kuta Selatan", "Desa": "Tanjung Benoa", "KLRR": "Abrasi", "Panjang": 10.8849049328 }, "geometry": { "type": "MultiLineString", "coordinates": [ [ [ 115.216414583792215, -8.768239798636536 ], [ 115.21632223865403, -8.768275081710867 ] ] ] } },
{ "type": "Feature", "properties": { "LRR": -1.07, "LR2": 0.46, "Kec": "Kuta Selatan", "Desa": "Tanjung Benoa", "KLRR": "Abrasi", "Panjang": 11.8864870536 }, "geometry": { "type": "MultiLineString", "coordinates": [ [ [ 115.216527334980341, -8.768548762847747 ], [ 115.216427567432106, -8.768589968900951 ] ] ] } },
{ "type": "Feature", "properties": { "LRR": -1.14, "LR2": 0.45, "Kec": "Kuta Selatan", "Desa": "Benoa", "KLRR": "Abrasi", "Panjang": 12.9692347301 }, "geometry": { "type": "MultiLineString", "coordinates": [ [ [ 115.216618799119544, -8.768805948201837 ], [ 115.216509974220997, -8.768850981041879 ] ] ] } },
{ "type": "Feature", "properties": { "LRR": -1.14, "LR2": 0.4, "Kec": "Kuta Selatan", "Desa": "Benoa", "KLRR": "Abrasi", "Panjang": 14.483277449499999 }, "geometry": { "type": "MultiLineString", "coordinates": [ [ [ 115.216721976716812, -8.769055194815433 ], [ 115.216600411002602, -8.769105397724525 ] ] ] } },
{ "type": "Feature", "properties": { "LRR": -1.37, "LR2": 0.58, "Kec": "Kuta Selatan", "Desa": "Benoa", "KLRR": "Abrasi", "Panjang": 15.9174961347 }, "geometry": { "type": "MultiLineString", "coordinates": [ [ [ 115.216820066446886, -8.769292155096169 ], [ 115.216686090501042, -8.769346429348614 ] ] ] } },
{ "type": "Feature", "properties": { "LRR": -1.36, "LR2": 0.7, "Kec": "Kuta Selatan", "Desa": "Benoa", "KLRR": "Abrasi", "Panjang": 15.3696703755 }, "geometry": { "type": "MultiLineString", "coordinates": [ [ [ 115.216910948874045, -8.769511700928659 ], [ 115.216780875354502, -8.769562341968602 ] ] ] } },
{ "type": "Feature", "properties": { "LRR": -1.05, "LR2": 0.72, "Kec": "Kuta Selatan", "Desa": "Benoa", "KLRR": "Abrasi", "Panjang": 10.864927724099999 }, "geometry": { "type": "MultiLineString", "coordinates": [ [ [ 115.217006325459451, -8.769742105421363 ], [ 115.216914190593485, -8.769777430253953 ] ] ] } },
{ "type": "Feature", "properties": { "LRR": -0.37, "LR2": 0.21, "Kec": "Kuta Selatan", "Desa": "Benoa", "KLRR": "Abrasi", "Panjang": 5.8792192435199997 }, "geometry": { "type": "MultiLineString", "coordinates": [ [ [ 115.217089242735483, -8.769962135306004 ], [ 115.2170391570031, -8.769980646242237 ] ] ] } },
{ "type": "Feature", "properties": { "LRR": 0.11, "LR2": 0.02, "Kec": "Kuta Selatan", "Desa": "Benoa", "KLRR": "Akresi", "Panjang": 7.0902851739699999 }, "geometry": { "type": "MultiLineString", "coordinates": [ [ [ 115.21720655100151, -8.77015786351836 ], [ 115.217145742026574, -8.770179068685154 ] ] ] } },
{ "type": "Feature", "properties": { "LRR": 0.45, "LR2": 0.3, "Kec": "Kuta Selatan", "Desa": "Benoa", "KLRR": "Akresi", "Panjang": 6.8573122777500002 }, "geometry": { "type": "MultiLineString", "coordinates": [ [ [ 115.217307092652703, -8.770342165203063 ], [ 115.217247772795574, -8.770361167791389 ] ] ] } },
{ "type": "Feature", "properties": { "LRR": 0.97, "LR2": 0.61, "Kec": "Kuta Selatan", "Desa": "Benoa", "KLRR": "Akresi", "Panjang": 10.0222579687 }, "geometry": { "type": "MultiLineString", "coordinates": [ [ [ 115.217410870688667, -8.770515604930354 ], [ 115.217323346752522, -8.770540685544695 ] ] ] } },
{ "type": "Feature", "properties": { "LRR": 1.46, "LR2": 0.71, "Kec": "Kuta Selatan", "Desa": "Benoa", "KLRR": "Akresi", "Panjang": 13.345780443100001 }, "geometry": { "type": "MultiLineString", "coordinates": [ [ [ 115.217497199398267, -8.770714801452053 ], [ 115.217379876338839, -8.770745396542173 ] ] ] } },
{ "type": "Feature", "properties": { "LRR": 1.72, "LR2": 0.66, "Kec": "Kuta Selatan", "Desa": "Benoa", "KLRR": "Akresi", "Panjang": 14.7466630425 }, "geometry": { "type": "MultiLineString", "coordinates": [ [ [ 115.217554478826102, -8.770910184768891 ], [ 115.217423905130161, -8.770940218246151 ] ] ] } },
{ "type": "Feature", "properties": { "LRR": 1.53, "LR2": 0.65, "Kec": "Kuta Selatan", "Desa": "Benoa", "KLRR": "Akresi", "Panjang": 11.343754674099999 }, "geometry": { "type": "MultiLineString", "coordinates": [ [ [ 115.217563524688899, -8.771090713862312 ], [ 115.21746224845144, -8.771109880940083 ] ] ] } },
{ "type": "Feature", "properties": { "LRR": 1.36, "LR2": 0.63, "Kec": "Kuta Selatan", "Desa": "Benoa", "KLRR": "Akresi", "Panjang": 11.6918544109 }, "geometry": { "type": "MultiLineString", "coordinates": [ [ [ 115.217589166447681, -8.771234278514981 ], [ 115.217483858345531, -8.771248368118368 ] ] ] } },
{ "type": "Feature", "properties": { "LRR": 1.07, "LR2": 0.52, "Kec": "Kuta Selatan", "Desa": "Benoa", "KLRR": "Akresi", "Panjang": 11.815052230199999 }, "geometry": { "type": "MultiLineString", "coordinates": [ [ [ 115.217605374148604, -8.771375482328695 ], [ 115.217498319801862, -8.771383743089151 ] ] ] } },
{ "type": "Feature", "properties": { "LRR": 0.65, "LR2": 0.38, "Kec": "Kuta Selatan", "Desa": "Benoa", "KLRR": "Akresi", "Panjang": 8.9443117930899998 }, "geometry": { "type": "MultiLineString", "coordinates": [ [ [ 115.217594929891021, -8.771525450339357 ], [ 115.217513667704068, -8.771527427307882 ] ] ] } },
{ "type": "Feature", "properties": { "LRR": 0.41, "LR2": 0.33, "Kec": "Kuta Selatan", "Desa": "Benoa", "KLRR": "Akresi", "Panjang": 6.2120101102399996 }, "geometry": { "type": "MultiLineString", "coordinates": [ [ [ 115.217584972522246, -8.771668414774695 ], [ 115.217528544146759, -8.771666684636228 ] ] ] } },
{ "type": "Feature", "properties": { "LRR": 0.29, "LR2": 0.32, "Kec": "Kuta Selatan", "Desa": "Benoa", "KLRR": "Akresi", "Panjang": 4.0506762786800001 }, "geometry": { "type": "MultiLineString", "coordinates": [ [ [ 115.217575279455303, -8.771807599508938 ], [ 115.217538609511294, -8.771804375952705 ] ] ] } },
{ "type": "Feature", "properties": { "LRR": 0.2, "LR2": 0.26, "Kec": "Kuta Selatan", "Desa": "Benoa", "KLRR": "Akresi", "Panjang": 3.0843522494400002 }, "geometry": { "type": "MultiLineString", "coordinates": [ [ [ 115.217564564376602, -8.771951076602713 ], [ 115.217536824567617, -8.771947068856775 ] ] ] } },
{ "type": "Feature", "properties": { "LRR": 0.08, "LR2": 0.24, "Kec": "Kuta Selatan", "Desa": "Benoa", "KLRR": "Akresi", "Panjang": 1.34463695066 }, "geometry": { "type": "MultiLineString", "coordinates": [ [ [ 115.217550394795111, -8.772096091531793 ], [ 115.217538416233793, -8.772093686125762 ] ] ] } },
{ "type": "Feature", "properties": { "LRR": 0.0, "LR2": 0.16, "Kec": "Kuta Selatan", "Desa": "Benoa", "KLRR": "Stabil", "Panjang": 0.01775387247 }, "geometry": { "type": "MultiLineString", "coordinates": [ [ [ 115.217535853510483, -8.772244910963044 ], [ 115.217535697387007, -8.772244870445526 ] ] ] } },
{ "type": "Feature", "properties": { "LRR": 0.0, "LR2": 0.0, "Kec": "Kuta Selatan", "Desa": "Benoa", "KLRR": "Stabil", "Panjang": 0.0 }, "geometry": { "type": "MultiLineString", "coordinates": [ ] } },
{ "type": "Feature", "properties": { "LRR": 0.0, "LR2": 0.0, "Kec": "Kuta Selatan", "Desa": "Benoa", "KLRR": "Stabil", "Panjang": 0.0 }, "geometry": { "type": "MultiLineString", "coordinates": [ ] } },
{ "type": "Feature", "properties": { "LRR": 0.0, "LR2": 0.0, "Kec": "Kuta Selatan", "Desa": "Benoa", "KLRR": "Stabil", "Panjang": 0.0 }, "geometry": { "type": "MultiLineString", "coordinates": [ [ [ 115.217457467891052, -8.772608550474787 ], [ 115.217457467891052, -8.772608550474787 ] ] ] } },
{ "type": "Feature", "properties": { "LRR": 0.0, "LR2": 0.0, "Kec": "Kuta Selatan", "Desa": "Benoa", "KLRR": "Stabil", "Panjang": 0.0 }, "geometry": { "type": "MultiLineString", "coordinates": [ ] } },
{ "type": "Feature", "properties": { "LRR": 0.0, "LR2": 0.0, "Kec": "Kuta Selatan", "Desa": "Benoa", "KLRR": "Stabil", "Panjang": 0.0 }, "geometry": { "type": "MultiLineString", "coordinates": [ ] } },
{ "type": "Feature", "properties": { "LRR": 0.0, "LR2": 0.0, "Kec": "Kuta Selatan", "Desa": "Benoa", "KLRR": "Stabil", "Panjang": 0.0 }, "geometry": { "type": "MultiLineString", "coordinates": [ ] } },
{ "type": "Feature", "properties": { "LRR": 0.0, "LR2": 0.0, "Kec": "Kuta Selatan", "Desa": "Benoa", "KLRR": "Stabil", "Panjang": 0.0 }, "geometry": { "type": "MultiLineString", "coordinates": [ ] } },
{ "type": "Feature", "properties": { "LRR": 0.0, "LR2": 0.0, "Kec": "Kuta Selatan", "Desa": "Benoa", "KLRR": "Stabil", "Panjang": 0.0 }, "geometry": { "type": "MultiLineString", "coordinates": [ [ [ 115.217051434619165, -8.773201003561795 ], [ 115.217051434619165, -8.773201003561795 ] ] ] } },
{ "type": "Feature", "properties": { "LRR": 0.0, "LR2": 0.0, "Kec": "Kuta Selatan", "Desa": "Benoa", "KLRR": "Stabil", "Panjang": 0.0 }, "geometry": { "type": "MultiLineString", "coordinates": [ ] } },
{ "type": "Feature", "properties": { "LRR": 0.0, "LR2": 0.0, "Kec": "Kuta Selatan", "Desa": "Benoa", "KLRR": "Stabil", "Panjang": 0.0 }, "geometry": { "type": "MultiLineString", "coordinates": [ ] } },
{ "type": "Feature", "properties": { "LRR": 0.0, "LR2": 0.0, "Kec": "Kuta Selatan", "Desa": "Benoa", "KLRR": "Stabil", "Panjang": 0.0 }, "geometry": { "type": "MultiLineString", "coordinates": [ ] } },
{ "type": "Feature", "properties": { "LRR": 0.0, "LR2": 0.0, "Kec": "Kuta Selatan", "Desa": "Benoa", "KLRR": "Stabil", "Panjang": 0.0 }, "geometry": { "type": "MultiLineString", "coordinates": [ ] } },
{ "type": "Feature", "properties": { "LRR": 0.0, "LR2": 0.0, "Kec": "Kuta Selatan", "Desa": "Benoa", "KLRR": "Stabil", "Panjang": 0.0 }, "geometry": { "type": "MultiLineString", "coordinates": [ ] } },
{ "type": "Feature", "properties": { "LRR": 0.0, "LR2": 0.0, "Kec": "Kuta Selatan", "Desa": "Benoa", "KLRR": "Stabil", "Panjang": 0.0 }, "geometry": { "type": "MultiLineString", "coordinates": [ ] } },
{ "type": "Feature", "properties": { "LRR": 0.0, "LR2": 0.0, "Kec": "Kuta Selatan", "Desa": "Benoa", "KLRR": "Stabil", "Panjang": 0.0 }, "geometry": { "type": "MultiLineString", "coordinates": [ ] } },
{ "type": "Feature", "properties": { "LRR": 0.0, "LR2": 0.0, "Kec": "Kuta Selatan", "Desa": "Benoa", "KLRR": "Stabil", "Panjang": 0.0 }, "geometry": { "type": "MultiLineString", "coordinates": [ ] } },
{ "type": "Feature", "properties": { "LRR": 0.0, "LR2": 0.0, "Kec": "Kuta Selatan", "Desa": "Benoa", "KLRR": "Stabil", "Panjang": 0.0 }, "geometry": { "type": "MultiLineString", "coordinates": [ ] } },
{ "type": "Feature", "properties": { "LRR": 0.0, "LR2": 0.0, "Kec": "Kuta Selatan", "Desa": "Benoa", "KLRR": "Stabil", "Panjang": 0.0 }, "geometry": { "type": "MultiLineString", "coordinates": [ ] } },
{ "type": "Feature", "properties": { "LRR": 0.0, "LR2": 0.0, "Kec": "Kuta Selatan", "Desa": "Benoa", "KLRR": "Stabil", "Panjang": 0.0 }, "geometry": { "type": "MultiLineString", "coordinates": [ ] } },
{ "type": "Feature", "properties": { "LRR": 0.0, "LR2": 0.0, "Kec": "Kuta Selatan", "Desa": "Benoa", "KLRR": "Stabil", "Panjang": 0.0 }, "geometry": { "type": "MultiLineString", "coordinates": [ ] } },
{ "type": "Feature", "properties": { "LRR": 0.0, "LR2": 0.0, "Kec": "Kuta Selatan", "Desa": "Benoa", "KLRR": "Stabil", "Panjang": 0.0 }, "geometry": { "type": "MultiLineString", "coordinates": [ ] } },
{ "type": "Feature", "properties": { "LRR": 0.0, "LR2": 0.0, "Kec": "Kuta Selatan", "Desa": "Benoa", "KLRR": "Stabil", "Panjang": 0.0 }, "geometry": { "type": "MultiLineString", "coordinates": [ [ [ 115.214055778138416, -8.77710411476178 ], [ 115.214055778138416, -8.77710411476178 ] ] ] } },
{ "type": "Feature", "properties": { "LRR": 0.0, "LR2": 0.0, "Kec": "Kuta Selatan", "Desa": "Benoa", "KLRR": "Stabil", "Panjang": 0.0 }, "geometry": { "type": "MultiLineString", "coordinates": [ ] } },
{ "type": "Feature", "properties": { "LRR": 0.0, "LR2": 0.0, "Kec": "Kuta Selatan", "Desa": "Benoa", "KLRR": "Stabil", "Panjang": 0.0 }, "geometry": { "type": "MultiLineString", "coordinates": [ ] } },
{ "type": "Feature", "properties": { "LRR": 0.0, "LR2": 0.0, "Kec": "Kuta Selatan", "Desa": "Benoa", "KLRR": "Stabil", "Panjang": 0.0 }, "geometry": { "type": "MultiLineString", "coordinates": [ ] } },
{ "type": "Feature", "properties": { "LRR": 0.0, "LR2": 0.0, "Kec": "Kuta Selatan", "Desa": "Benoa", "KLRR": "Stabil", "Panjang": 0.0 }, "geometry": { "type": "MultiLineString", "coordinates": [ ] } },
{ "type": "Feature", "properties": { "LRR": 0.0, "LR2": 0.0, "Kec": "Kuta Selatan", "Desa": "Benoa", "KLRR": "Stabil", "Panjang": 0.0 }, "geometry": { "type": "MultiLineString", "coordinates": [ ] } },
{ "type": "Feature", "properties": { "LRR": 0.0, "LR2": 0.0, "Kec": "Kuta Selatan", "Desa": "Benoa", "KLRR": "Stabil", "Panjang": 0.0 }, "geometry": { "type": "MultiLineString", "coordinates": [ ] } },
{ "type": "Feature", "properties": { "LRR": 0.0, "LR2": 0.0, "Kec": "Kuta Selatan", "Desa": "Benoa", "KLRR": "Stabil", "Panjang": 0.0 }, "geometry": { "type": "MultiLineString", "coordinates": [ ] } },
{ "type": "Feature", "properties": { "LRR": 0.0, "LR2": 0.0, "Kec": "Kuta Selatan", "Desa": "Benoa", "KLRR": "Stabil", "Panjang": 0.0 }, "geometry": { "type": "MultiLineString", "coordinates": [ ] } },
{ "type": "Feature", "properties": { "LRR": 0.0, "LR2": 0.0, "Kec": "Kuta Selatan", "Desa": "Benoa", "KLRR": "Stabil", "Panjang": 0.0 }, "geometry": { "type": "MultiLineString", "coordinates": [ ] } },
{ "type": "Feature", "properties": { "LRR": 0.0, "LR2": 0.0, "Kec": "Kuta Selatan", "Desa": "Benoa", "KLRR": "Stabil", "Panjang": 0.0 }, "geometry": { "type": "MultiLineString", "coordinates": [ [ [ 115.218770709543435, -8.787074682754135 ], [ 115.218770709543435, -8.787074682754135 ] ] ] } },
{ "type": "Feature", "properties": { "LRR": 0.0, "LR2": 0.0, "Kec": "Kuta Selatan", "Desa": "Benoa", "KLRR": "Stabil", "Panjang": 0.0 }, "geometry": { "type": "MultiLineString", "coordinates": [ ] } },
{ "type": "Feature", "properties": { "LRR": 0.0, "LR2": 0.0, "Kec": "Kuta Selatan", "Desa": "Benoa", "KLRR": "Stabil", "Panjang": 0.0 }, "geometry": { "type": "MultiLineString", "coordinates": [ ] } },
{ "type": "Feature", "properties": { "LRR": 0.0, "LR2": 0.0, "Kec": "Kuta Selatan", "Desa": "Benoa", "KLRR": "Stabil", "Panjang": 0.0 }, "geometry": { "type": "MultiLineString", "coordinates": [ ] } },
{ "type": "Feature", "properties": { "LRR": 0.0, "LR2": 0.0, "Kec": "Kuta Selatan", "Desa": "Benoa", "KLRR": "Stabil", "Panjang": 0.0 }, "geometry": { "type": "MultiLineString", "coordinates": [ [ [ 115.217706209346929, -8.787078344408146 ], [ 115.217706209346929, -8.787078344408146 ] ] ] } },
{ "type": "Feature", "properties": { "LRR": 0.0, "LR2": 0.0, "Kec": "Kuta Selatan", "Desa": "Benoa", "KLRR": "Stabil", "Panjang": 0.0 }, "geometry": { "type": "MultiLineString", "coordinates": [ ] } },
{ "type": "Feature", "properties": { "LRR": 0.0, "LR2": 0.0, "Kec": "Kuta Selatan", "Desa": "Benoa", "KLRR": "Stabil", "Panjang": 0.0 }, "geometry": { "type": "MultiLineString", "coordinates": [ ] } },
{ "type": "Feature", "properties": { "LRR": 0.0, "LR2": 0.0, "Kec": "Kuta Selatan", "Desa": "Benoa", "KLRR": "Stabil", "Panjang": 0.0 }, "geometry": { "type": "MultiLineString", "coordinates": [ ] } },
{ "type": "Feature", "properties": { "LRR": 0.0, "LR2": 0.0, "Kec": "Kuta Selatan", "Desa": "Benoa", "KLRR": "Stabil", "Panjang": 0.0 }, "geometry": { "type": "MultiLineString", "coordinates": [ ] } },
{ "type": "Feature", "properties": { "LRR": 0.0, "LR2": 0.0, "Kec": "Kuta Selatan", "Desa": "Benoa", "KLRR": "Stabil", "Panjang": 0.0 }, "geometry": { "type": "MultiLineString", "coordinates": [ ] } },
{ "type": "Feature", "properties": { "LRR": 0.0, "LR2": 0.0, "Kec": "Kuta Selatan", "Desa": "Benoa", "KLRR": "Stabil", "Panjang": 0.0 }, "geometry": { "type": "MultiLineString", "coordinates": [ ] } },
{ "type": "Feature", "properties": { "LRR": 0.0, "LR2": 0.0, "Kec": "Kuta Selatan", "Desa": "Benoa", "KLRR": "Stabil", "Panjang": 0.0 }, "geometry": { "type": "MultiLineString", "coordinates": [ ] } },
{ "type": "Feature", "properties": { "LRR": 0.0, "LR2": 0.0, "Kec": "Kuta Selatan", "Desa": "Benoa", "KLRR": "Stabil", "Panjang": 0.0 }, "geometry": { "type": "MultiLineString", "coordinates": [ ] } },
{ "type": "Feature", "properties": { "LRR": 0.0, "LR2": 0.0, "Kec": "Kuta Selatan", "Desa": "Benoa", "KLRR": "Stabil", "Panjang": 0.0 }, "geometry": { "type": "MultiLineString", "coordinates": [ [ [ 115.215510703106787, -8.786567898471956 ], [ 115.215510703106787, -8.786567898471956 ] ] ] } },
{ "type": "Feature", "properties": { "LRR": 0.0, "LR2": 0.0, "Kec": "Kuta Selatan", "Desa": "Benoa", "KLRR": "Stabil", "Panjang": 0.0 }, "geometry": { "type": "MultiLineString", "coordinates": [ ] } },
{ "type": "Feature", "properties": { "LRR": 0.0, "LR2": 0.0, "Kec": "Kuta Selatan", "Desa": "Benoa", "KLRR": "Stabil", "Panjang": 0.0 }, "geometry": { "type": "MultiLineString", "coordinates": [ ] } },
{ "type": "Feature", "properties": { "LRR": 0.0, "LR2": 0.0, "Kec": "Kuta Selatan", "Desa": "Benoa", "KLRR": "Stabil", "Panjang": 0.0 }, "geometry": { "type": "MultiLineString", "coordinates": [ ] } },
{ "type": "Feature", "properties": { "LRR": 0.0, "LR2": 0.0, "Kec": "Kuta Selatan", "Desa": "Benoa", "KLRR": "Stabil", "Panjang": 0.0 }, "geometry": { "type": "MultiLineString", "coordinates": [ ] } },
{ "type": "Feature", "properties": { "LRR": 0.0, "LR2": 0.0, "Kec": "Kuta Selatan", "Desa": "Benoa", "KLRR": "Stabil", "Panjang": 0.0 }, "geometry": { "type": "MultiLineString", "coordinates": [ ] } },
{ "type": "Feature", "properties": { "LRR": 0.0, "LR2": 0.0, "Kec": "Kuta Selatan", "Desa": "Benoa", "KLRR": "Stabil", "Panjang": 0.0 }, "geometry": { "type": "MultiLineString", "coordinates": [ ] } },
{ "type": "Feature", "properties": { "LRR": 0.0, "LR2": 0.0, "Kec": "Kuta Selatan", "Desa": "Benoa", "KLRR": "Stabil", "Panjang": 0.0 }, "geometry": { "type": "MultiLineString", "coordinates": [ ] } },
{ "type": "Feature", "properties": { "LRR": 0.0, "LR2": 0.0, "Kec": "Kuta Selatan", "Desa": "Benoa", "KLRR": "Stabil", "Panjang": 0.0 }, "geometry": { "type": "MultiLineString", "coordinates": [ ] } },
{ "type": "Feature", "properties": { "LRR": 0.0, "LR2": 0.0, "Kec": "Kuta Selatan", "Desa": "Benoa", "KLRR": "Stabil", "Panjang": 0.0 }, "geometry": { "type": "MultiLineString", "coordinates": [ [ [ 115.213505756885652, -8.786531043264965 ], [ 115.213505756885652, -8.786531043264965 ] ] ] } },
{ "type": "Feature", "properties": { "LRR": 0.0, "LR2": 0.0, "Kec": "Kuta Selatan", "Desa": "Benoa", "KLRR": "Stabil", "Panjang": 0.0 }, "geometry": { "type": "MultiLineString", "coordinates": [ ] } },
{ "type": "Feature", "properties": { "LRR": 0.0, "LR2": 0.0, "Kec": "Kuta Selatan", "Desa": "Benoa", "KLRR": "Stabil", "Panjang": 0.0 }, "geometry": { "type": "MultiLineString", "coordinates": [ ] } },
{ "type": "Feature", "properties": { "LRR": 0.0, "LR2": 0.0, "Kec": "Kuta Selatan", "Desa": "Benoa", "KLRR": "Stabil", "Panjang": 0.0 }, "geometry": { "type": "MultiLineString", "coordinates": [ [ [ 115.212832485121467, -8.786262874360688 ], [ 115.212832485121467, -8.786262874360688 ] ] ] } },
{ "type": "Feature", "properties": { "LRR": 0.0, "LR2": 0.0, "Kec": "Kuta Selatan", "Desa": "Benoa", "KLRR": "Stabil", "Panjang": 0.0 }, "geometry": { "type": "MultiLineString", "coordinates": [ ] } },
{ "type": "Feature", "properties": { "LRR": 0.0, "LR2": 0.0, "Kec": "Kuta Selatan", "Desa": "Benoa", "KLRR": "Stabil", "Panjang": 0.0 }, "geometry": { "type": "MultiLineString", "coordinates": [ ] } },
{ "type": "Feature", "properties": { "LRR": 0.0, "LR2": 0.0, "Kec": "Kuta Selatan", "Desa": "Benoa", "KLRR": "Stabil", "Panjang": 0.0 }, "geometry": { "type": "MultiLineString", "coordinates": [ ] } },
{ "type": "Feature", "properties": { "LRR": 0.0, "LR2": 0.0, "Kec": "Kuta Selatan", "Desa": "Benoa", "KLRR": "Stabil", "Panjang": 0.0 }, "geometry": { "type": "MultiLineString", "coordinates": [ ] } },
{ "type": "Feature", "properties": { "LRR": 0.0, "LR2": 0.0, "Kec": "Kuta Selatan", "Desa": "Benoa", "KLRR": "Stabil", "Panjang": 0.0 }, "geometry": { "type": "MultiLineString", "coordinates": [ ] } },
{ "type": "Feature", "properties": { "LRR": 0.0, "LR2": 0.0, "Kec": "Kuta Selatan", "Desa": "Benoa", "KLRR": "Stabil", "Panjang": 0.0 }, "geometry": { "type": "MultiLineString", "coordinates": [ ] } },
{ "type": "Feature", "properties": { "LRR": 0.0, "LR2": 0.0, "Kec": "Kuta Selatan", "Desa": "Benoa", "KLRR": "Stabil", "Panjang": 0.0 }, "geometry": { "type": "MultiLineString", "coordinates": [ ] } },
{ "type": "Feature", "properties": { "LRR": 0.0, "LR2": 0.0, "Kec": "Kuta Selatan", "Desa": "Benoa", "KLRR": "Stabil", "Panjang": 0.0 }, "geometry": { "type": "MultiLineString", "coordinates": [ ] } },
{ "type": "Feature", "properties": { "LRR": 0.0, "LR2": 0.0, "Kec": "Kuta Selatan", "Desa": "Benoa", "KLRR": "Stabil", "Panjang": 0.0 }, "geometry": { "type": "MultiLineString", "coordinates": [ ] } },
{ "type": "Feature", "properties": { "LRR": 0.0, "LR2": 0.0, "Kec": "Kuta Selatan", "Desa": "Benoa", "KLRR": "Stabil", "Panjang": 0.0 }, "geometry": { "type": "MultiLineString", "coordinates": [ ] } },
{ "type": "Feature", "properties": { "LRR": 0.0, "LR2": 0.0, "Kec": "Kuta Selatan", "Desa": "Benoa", "KLRR": "Stabil", "Panjang": 0.0 }, "geometry": { "type": "MultiLineString", "coordinates": [ ] } },
{ "type": "Feature", "properties": { "LRR": 0.0, "LR2": 0.0, "Kec": "Kuta Selatan", "Desa": "Benoa", "KLRR": "Stabil", "Panjang": 0.0 }, "geometry": { "type": "MultiLineString", "coordinates": [ ] } },
{ "type": "Feature", "properties": { "LRR": 0.0, "LR2": 0.0, "Kec": "Kuta Selatan", "Desa": "Benoa", "KLRR": "Stabil", "Panjang": 0.0 }, "geometry": { "type": "MultiLineString", "coordinates": [ ] } },
{ "type": "Feature", "properties": { "LRR": 0.0, "LR2": 0.0, "Kec": "Kuta Selatan", "Desa": "Benoa", "KLRR": "Stabil", "Panjang": 0.0 }, "geometry": { "type": "MultiLineString", "coordinates": [ ] } },
{ "type": "Feature", "properties": { "LRR": 0.0, "LR2": 0.0, "Kec": "Kuta Selatan", "Desa": "Benoa", "KLRR": "Stabil", "Panjang": 0.0 }, "geometry": { "type": "MultiLineString", "coordinates": [ ] } },
{ "type": "Feature", "properties": { "LRR": 0.0, "LR2": 0.0, "Kec": "Kuta Selatan", "Desa": "Benoa", "KLRR": "Stabil", "Panjang": 0.0 }, "geometry": { "type": "MultiLineString", "coordinates": [ ] } },
{ "type": "Feature", "properties": { "LRR": 0.0, "LR2": 0.0, "Kec": "Kuta Selatan", "Desa": "Benoa", "KLRR": "Stabil", "Panjang": 0.0 }, "geometry": { "type": "MultiLineString", "coordinates": [ ] } },
{ "type": "Feature", "properties": { "LRR": 0.0, "LR2": 0.0, "Kec": "Kuta Selatan", "Desa": "Benoa", "KLRR": "Stabil", "Panjang": 0.0 }, "geometry": { "type": "MultiLineString", "coordinates": [ ] } },
{ "type": "Feature", "properties": { "LRR": 0.0, "LR2": 0.0, "Kec": "Kuta Selatan", "Desa": "Benoa", "KLRR": "Stabil", "Panjang": 0.0 }, "geometry": { "type": "MultiLineString", "coordinates": [ [ [ 115.208075524490823, -8.785322564778873 ], [ 115.208075524490823, -8.785322564778873 ] ] ] } },
{ "type": "Feature", "properties": { "LRR": 0.0, "LR2": 0.0, "Kec": "Kuta Selatan", "Desa": "Benoa", "KLRR": "Stabil", "Panjang": 0.0 }, "geometry": { "type": "MultiLineString", "coordinates": [ ] } },
{ "type": "Feature", "properties": { "LRR": 0.0, "LR2": 0.0, "Kec": "Kuta Selatan", "Desa": "Benoa", "KLRR": "Stabil", "Panjang": 0.0 }, "geometry": { "type": "MultiLineString", "coordinates": [ ] } },
{ "type": "Feature", "properties": { "LRR": 0.0, "LR2": 0.0, "Kec": "Kuta Selatan", "Desa": "Benoa", "KLRR": "Stabil", "Panjang": 0.0 }, "geometry": { "type": "MultiLineString", "coordinates": [ ] } },
{ "type": "Feature", "properties": { "LRR": 0.0, "LR2": 0.0, "Kec": "Kuta Selatan", "Desa": "Benoa", "KLRR": "Stabil", "Panjang": 0.0 }, "geometry": { "type": "MultiLineString", "coordinates": [ ] } },
{ "type": "Feature", "properties": { "LRR": 0.0, "LR2": 0.0, "Kec": "Kuta Selatan", "Desa": "Benoa", "KLRR": "Stabil", "Panjang": 0.0 }, "geometry": { "type": "MultiLineString", "coordinates": [ ] } },
{ "type": "Feature", "properties": { "LRR": 0.0, "LR2": 0.0, "Kec": "Kuta Selatan", "Desa": "Benoa", "KLRR": "Stabil", "Panjang": 0.0 }, "geometry": { "type": "MultiLineString", "coordinates": [ ] } },
{ "type": "Feature", "properties": { "LRR": 0.0, "LR2": 0.0, "Kec": "Kuta Selatan", "Desa": "Benoa", "KLRR": "Stabil", "Panjang": 0.0 }, "geometry": { "type": "MultiLineString", "coordinates": [ ] } },
{ "type": "Feature", "properties": { "LRR": 0.0, "LR2": 0.0, "Kec": "Kuta Selatan", "Desa": "Benoa", "KLRR": "Stabil", "Panjang": 0.0 }, "geometry": { "type": "MultiLineString", "coordinates": [ ] } },
{ "type": "Feature", "properties": { "LRR": 0.0, "LR2": 0.0, "Kec": "Kuta Selatan", "Desa": "Benoa", "KLRR": "Stabil", "Panjang": 0.0 }, "geometry": { "type": "MultiLineString", "coordinates": [ ] } },
{ "type": "Feature", "properties": { "LRR": 0.0, "LR2": 0.0, "Kec": "Kuta Selatan", "Desa": "Benoa", "KLRR": "Stabil", "Panjang": 0.0 }, "geometry": { "type": "MultiLineString", "coordinates": [ ] } },
{ "type": "Feature", "properties": { "LRR": 0.0, "LR2": 0.0, "Kec": "Kuta Selatan", "Desa": "Benoa", "KLRR": "Stabil", "Panjang": 0.0 }, "geometry": { "type": "MultiLineString", "coordinates": [ ] } },
{ "type": "Feature", "properties": { "LRR": 0.0, "LR2": 0.0, "Kec": "Kuta Selatan", "Desa": "Benoa", "KLRR": "Stabil", "Panjang": 0.0 }, "geometry": { "type": "MultiLineString", "coordinates": [ ] } },
{ "type": "Feature", "properties": { "LRR": 0.0, "LR2": 0.0, "Kec": "Kuta Selatan", "Desa": "Benoa", "KLRR": "Stabil", "Panjang": 0.0 }, "geometry": { "type": "MultiLineString", "coordinates": [ ] } },
{ "type": "Feature", "properties": { "LRR": 0.0, "LR2": 0.0, "Kec": "Kuta Selatan", "Desa": "Benoa", "KLRR": "Stabil", "Panjang": 0.0 }, "geometry": { "type": "MultiLineString", "coordinates": [ ] } },
{ "type": "Feature", "properties": { "LRR": 0.0, "LR2": 0.0, "Kec": "Kuta Selatan", "Desa": "Benoa", "KLRR": "Stabil", "Panjang": 0.0 }, "geometry": { "type": "MultiLineString", "coordinates": [ ] } },
{ "type": "Feature", "properties": { "LRR": 0.0, "LR2": 0.0, "Kec": "Kuta Selatan", "Desa": "Benoa", "KLRR": "Stabil", "Panjang": 0.0 }, "geometry": { "type": "MultiLineString", "coordinates": [ ] } },
{ "type": "Feature", "properties": { "LRR": 0.0, "LR2": 0.0, "Kec": "Kuta Selatan", "Desa": "Benoa", "KLRR": "Stabil", "Panjang": 0.0 }, "geometry": { "type": "MultiLineString", "coordinates": [ ] } },
{ "type": "Feature", "properties": { "LRR": 0.0, "LR2": 0.0, "Kec": "Kuta Selatan", "Desa": "Benoa", "KLRR": "Stabil", "Panjang": 0.0 }, "geometry": { "type": "MultiLineString", "coordinates": [ ] } },
{ "type": "Feature", "properties": { "LRR": 0.0, "LR2": 0.0, "Kec": "Kuta Selatan", "Desa": "Benoa", "KLRR": "Stabil", "Panjang": 0.0 }, "geometry": { "type": "MultiLineString", "coordinates": [ ] } },
{ "type": "Feature", "properties": { "LRR": 0.0, "LR2": 0.0, "Kec": "Kuta Selatan", "Desa": "Benoa", "KLRR": "Stabil", "Panjang": 0.0 }, "geometry": { "type": "MultiLineString", "coordinates": [ ] } },
{ "type": "Feature", "properties": { "LRR": 0.0, "LR2": 0.0, "Kec": "Kuta Selatan", "Desa": "Benoa", "KLRR": "Stabil", "Panjang": 0.0 }, "geometry": { "type": "MultiLineString", "coordinates": [ ] } },
{ "type": "Feature", "properties": { "LRR": 0.0, "LR2": 0.0, "Kec": "Kuta Selatan", "Desa": "Benoa", "KLRR": "Stabil", "Panjang": 0.0 }, "geometry": { "type": "MultiLineString", "coordinates": [ ] } },
{ "type": "Feature", "properties": { "LRR": 0.0, "LR2": 0.0, "Kec": "Kuta Selatan", "Desa": "Benoa", "KLRR": "Stabil", "Panjang": 0.0 }, "geometry": { "type": "MultiLineString", "coordinates": [ ] } },
{ "type": "Feature", "properties": { "LRR": 0.0, "LR2": 0.0, "Kec": "Kuta Selatan", "Desa": "Benoa", "KLRR": "Stabil", "Panjang": 0.0 }, "geometry": { "type": "MultiLineString", "coordinates": [ ] } },
{ "type": "Feature", "properties": { "LRR": 0.0, "LR2": 0.0, "Kec": "Kuta Selatan", "Desa": "Benoa", "KLRR": "Stabil", "Panjang": 0.0 }, "geometry": { "type": "MultiLineString", "coordinates": [ ] } },
{ "type": "Feature", "properties": { "LRR": 0.0, "LR2": 0.0, "Kec": "Kuta Selatan", "Desa": "Benoa", "KLRR": "Stabil", "Panjang": 0.0 }, "geometry": { "type": "MultiLineString", "coordinates": [ ] } },
{ "type": "Feature", "properties": { "LRR": 0.0, "LR2": 0.0, "Kec": "Kuta Selatan", "Desa": "Benoa", "KLRR": "Stabil", "Panjang": 0.0 }, "geometry": { "type": "MultiLineString", "coordinates": [ ] } },
{ "type": "Feature", "properties": { "LRR": 0.0, "LR2": 0.0, "Kec": "Kuta Selatan", "Desa": "Benoa", "KLRR": "Stabil", "Panjang": 0.0 }, "geometry": { "type": "MultiLineString", "coordinates": [ ] } },
{ "type": "Feature", "properties": { "LRR": 0.0, "LR2": 0.0, "Kec": "Kuta Selatan", "Desa": "Benoa", "KLRR": "Stabil", "Panjang": 0.0 }, "geometry": { "type": "MultiLineString", "coordinates": [ ] } },
{ "type": "Feature", "properties": { "LRR": 0.0, "LR2": 0.0, "Kec": "Kuta Selatan", "Desa": "Benoa", "KLRR": "Stabil", "Panjang": 0.0 }, "geometry": { "type": "MultiLineString", "coordinates": [ ] } },
{ "type": "Feature", "properties": { "LRR": 0.0, "LR2": 0.0, "Kec": "Kuta Selatan", "Desa": "Benoa", "KLRR": "Stabil", "Panjang": 0.0 }, "geometry": { "type": "MultiLineString", "coordinates": [ [ [ 115.199826177493208, -8.781374525282136 ], [ 115.199826177493208, -8.781374525282136 ] ] ] } },
{ "type": "Feature", "properties": { "LRR": 0.0, "LR2": 0.0, "Kec": "Kuta Selatan", "Desa": "Benoa", "KLRR": "Stabil", "Panjang": 0.0 }, "geometry": { "type": "MultiLineString", "coordinates": [ ] } },
{ "type": "Feature", "properties": { "LRR": 0.0, "LR2": 0.0, "Kec": "Kuta Selatan", "Desa": "Benoa", "KLRR": "Stabil", "Panjang": 0.0 }, "geometry": { "type": "MultiLineString", "coordinates": [ ] } },
{ "type": "Feature", "properties": { "LRR": 0.0, "LR2": 0.0, "Kec": "Kuta Selatan", "Desa": "Benoa", "KLRR": "Stabil", "Panjang": 0.0 }, "geometry": { "type": "MultiLineString", "coordinates": [ [ [ 115.198737181146512, -8.781388506964111 ], [ 115.198737181146512, -8.781388506964111 ] ] ] } },
{ "type": "Feature", "properties": { "LRR": 0.0, "LR2": 0.0, "Kec": "Kuta Selatan", "Desa": "Benoa", "KLRR": "Stabil", "Panjang": 0.0 }, "geometry": { "type": "MultiLineString", "coordinates": [ ] } },
{ "type": "Feature", "properties": { "LRR": 0.0, "LR2": 0.0, "Kec": "Kuta Selatan", "Desa": "Benoa", "KLRR": "Stabil", "Panjang": 0.0 }, "geometry": { "type": "MultiLineString", "coordinates": [ ] } },
{ "type": "Feature", "properties": { "LRR": 0.0, "LR2": 0.0, "Kec": "Kuta Selatan", "Desa": "Benoa", "KLRR": "Stabil", "Panjang": 0.0 }, "geometry": { "type": "MultiLineString", "coordinates": [ ] } },
{ "type": "Feature", "properties": { "LRR": 0.0, "LR2": 0.0, "Kec": "Kuta Selatan", "Desa": "Benoa", "KLRR": "Stabil", "Panjang": 0.0 }, "geometry": { "type": "MultiLineString", "coordinates": [ ] } },
{ "type": "Feature", "properties": { "LRR": 0.0, "LR2": 0.0, "Kec": "Kuta Selatan", "Desa": "Benoa", "KLRR": "Stabil", "Panjang": 0.0 }, "geometry": { "type": "MultiLineString", "coordinates": [ [ [ 115.197707316837821, -8.781774136655821 ], [ 115.197707316837821, -8.781774136655821 ] ] ] } },
{ "type": "Feature", "properties": { "LRR": 0.0, "LR2": 0.0, "Kec": "Kuta Selatan", "Desa": "Benoa", "KLRR": "Stabil", "Panjang": 0.0 }, "geometry": { "type": "MultiLineString", "coordinates": [ ] } },
{ "type": "Feature", "properties": { "LRR": 0.0, "LR2": 0.0, "Kec": "Kuta Selatan", "Desa": "Benoa", "KLRR": "Stabil", "Panjang": 0.0 }, "geometry": { "type": "MultiLineString", "coordinates": [ ] } },
{ "type": "Feature", "properties": { "LRR": 0.0, "LR2": 0.0, "Kec": "Kuta Selatan", "Desa": "Benoa", "KLRR": "Stabil", "Panjang": 0.0 }, "geometry": { "type": "MultiLineString", "coordinates": [ ] } },
{ "type": "Feature", "properties": { "LRR": 0.0, "LR2": 0.0, "Kec": "Kuta Selatan", "Desa": null, "KLRR": "Stabil", "Panjang": 0.0 }, "geometry": { "type": "MultiLineString", "coordinates": [ [ [ 115.196994092678167, -8.782360868497802 ], [ 115.196994092678167, -8.782360868497802 ] ] ] } },
{ "type": "Feature", "properties": { "LRR": 0.0, "LR2": 0.0, "Kec": "Kuta Selatan", "Desa": "Jimbaran", "KLRR": "Stabil", "Panjang": 0.0 }, "geometry": { "type": "MultiLineString", "coordinates": [ ] } },
{ "type": "Feature", "properties": { "LRR": 0.0, "LR2": 0.0, "Kec": "Kuta Selatan", "Desa": "Jimbaran", "KLRR": "Stabil", "Panjang": 0.0 }, "geometry": { "type": "MultiLineString", "coordinates": [ ] } },
{ "type": "Feature", "properties": { "LRR": 0.0, "LR2": 0.0, "Kec": "Kuta Selatan", "Desa": "Jimbaran", "KLRR": "Stabil", "Panjang": 0.0 }, "geometry": { "type": "MultiLineString", "coordinates": [ ] } },
{ "type": "Feature", "properties": { "LRR": 0.0, "LR2": 0.0, "Kec": "Kuta Selatan", "Desa": "Jimbaran", "KLRR": "Stabil", "Panjang": 0.0 }, "geometry": { "type": "MultiLineString", "coordinates": [ ] } },
{ "type": "Feature", "properties": { "LRR": 0.0, "LR2": 0.0, "Kec": "Kuta Selatan", "Desa": "Jimbaran", "KLRR": "Stabil", "Panjang": 0.0 }, "geometry": { "type": "MultiLineString", "coordinates": [ ] } },
{ "type": "Feature", "properties": { "LRR": 0.0, "LR2": 0.0, "Kec": "Kuta Selatan", "Desa": "Jimbaran", "KLRR": "Stabil", "Panjang": 0.0 }, "geometry": { "type": "MultiLineString", "coordinates": [ ] } },
{ "type": "Feature", "properties": { "LRR": 0.0, "LR2": 0.0, "Kec": "Kuta Selatan", "Desa": "Jimbaran", "KLRR": "Stabil", "Panjang": 0.0 }, "geometry": { "type": "MultiLineString", "coordinates": [ ] } },
{ "type": "Feature", "properties": { "LRR": 0.0, "LR2": 0.0, "Kec": "Kuta Selatan", "Desa": "Jimbaran", "KLRR": "Stabil", "Panjang": 0.0 }, "geometry": { "type": "MultiLineString", "coordinates": [ [ [ 115.196565431018101, -8.782126828457088 ], [ 115.196565431018101, -8.782126828457088 ] ] ] } },
{ "type": "Feature", "properties": { "LRR": 0.0, "LR2": 0.0, "Kec": "Kuta Selatan", "Desa": "Jimbaran", "KLRR": "Stabil", "Panjang": 0.0 }, "geometry": { "type": "MultiLineString", "coordinates": [ ] } },
{ "type": "Feature", "properties": { "LRR": 0.0, "LR2": 0.0, "Kec": "Kuta Selatan", "Desa": "Jimbaran", "KLRR": "Stabil", "Panjang": 0.0 }, "geometry": { "type": "MultiLineString", "coordinates": [ ] } },
{ "type": "Feature", "properties": { "LRR": 0.0, "LR2": 0.0, "Kec": "Kuta Selatan", "Desa": "Jimbaran", "KLRR": "Stabil", "Panjang": 0.0 }, "geometry": { "type": "MultiLineString", "coordinates": [ ] } },
{ "type": "Feature", "properties": { "LRR": 0.0, "LR2": 0.0, "Kec": "Kuta Selatan", "Desa": "Jimbaran", "KLRR": "Stabil", "Panjang": 0.0 }, "geometry": { "type": "MultiLineString", "coordinates": [ [ [ 115.196356577287744, -8.782032322357622 ], [ 115.196356577287744, -8.782032322357622 ] ] ] } },
{ "type": "Feature", "properties": { "LRR": 0.0, "LR2": 0.0, "Kec": "Kuta Selatan", "Desa": "Jimbaran", "KLRR": "Stabil", "Panjang": 0.0 }, "geometry": { "type": "MultiLineString", "coordinates": [ ] } },
{ "type": "Feature", "properties": { "LRR": 0.0, "LR2": 0.0, "Kec": "Kuta Selatan", "Desa": "Jimbaran", "KLRR": "Stabil", "Panjang": 0.0 }, "geometry": { "type": "MultiLineString", "coordinates": [ ] } },
{ "type": "Feature", "properties": { "LRR": 0.0, "LR2": 0.0, "Kec": "Kuta Selatan", "Desa": "Jimbaran", "KLRR": "Stabil", "Panjang": 0.0 }, "geometry": { "type": "MultiLineString", "coordinates": [ ] } },
{ "type": "Feature", "properties": { "LRR": 0.0, "LR2": 0.0, "Kec": "Kuta Selatan", "Desa": "Jimbaran", "KLRR": "Stabil", "Panjang": 0.0 }, "geometry": { "type": "MultiLineString", "coordinates": [ ] } },
{ "type": "Feature", "properties": { "LRR": 0.0, "LR2": 0.0, "Kec": "Kuta Selatan", "Desa": "Jimbaran", "KLRR": "Stabil", "Panjang": 0.0 }, "geometry": { "type": "MultiLineString", "coordinates": [ [ [ 115.197131200630821, -8.781180990579552 ], [ 115.197131200630821, -8.781180990579552 ] ] ] } },
{ "type": "Feature", "properties": { "LRR": 0.0, "LR2": 0.0, "Kec": "Kuta Selatan", "Desa": "Benoa", "KLRR": "Stabil", "Panjang": 0.0 }, "geometry": { "type": "MultiLineString", "coordinates": [ ] } },
{ "type": "Feature", "properties": { "LRR": 0.0, "LR2": 0.0, "Kec": "Kuta Selatan", "Desa": "Jimbaran", "KLRR": "Stabil", "Panjang": 0.0 }, "geometry": { "type": "MultiLineString", "coordinates": [ ] } },
{ "type": "Feature", "properties": { "LRR": 0.0, "LR2": 0.0, "Kec": "Kuta Selatan", "Desa": "Jimbaran", "KLRR": "Stabil", "Panjang": 0.0 }, "geometry": { "type": "MultiLineString", "coordinates": [ [ [ 115.197724290178556, -8.780413004222098 ], [ 115.197724290178556, -8.780413004222098 ] ] ] } },
{ "type": "Feature", "properties": { "LRR": 0.0, "LR2": 0.0, "Kec": "Kuta Selatan", "Desa": "Jimbaran", "KLRR": "Stabil", "Panjang": 0.0 }, "geometry": { "type": "MultiLineString", "coordinates": [ ] } },
{ "type": "Feature", "properties": { "LRR": 0.0, "LR2": 0.0, "Kec": "Kuta Selatan", "Desa": "Jimbaran", "KLRR": "Stabil", "Panjang": 0.0 }, "geometry": { "type": "MultiLineString", "coordinates": [ [ [ 115.197629018055139, -8.779925242566089 ], [ 115.197629018055139, -8.779925242566089 ] ] ] } },
{ "type": "Feature", "properties": { "LRR": 0.0, "LR2": 0.0, "Kec": "Kuta Selatan", "Desa": "Jimbaran", "KLRR": "Stabil", "Panjang": 0.0 }, "geometry": { "type": "MultiLineString", "coordinates": [ [ [ 115.197419811334342, -8.779645015553582 ], [ 115.197419811334342, -8.779645015553582 ] ] ] } },
{ "type": "Feature", "properties": { "LRR": 0.0, "LR2": 0.0, "Kec": "Kuta Selatan", "Desa": "Jimbaran", "KLRR": "Stabil", "Panjang": 0.0 }, "geometry": { "type": "MultiLineString", "coordinates": [ ] } },
{ "type": "Feature", "properties": { "LRR": 0.0, "LR2": 0.0, "Kec": "Kuta Selatan", "Desa": "Jimbaran", "KLRR": "Stabil", "Panjang": 0.0 }, "geometry": { "type": "MultiLineString", "coordinates": [ [ [ 115.196714368907749, -8.779062200061725 ], [ 115.196714368907749, -8.779062200061725 ] ] ] } },
{ "type": "Feature", "properties": { "LRR": 0.0, "LR2": 0.0, "Kec": "Kuta Selatan", "Desa": "Jimbaran", "KLRR": "Stabil", "Panjang": 0.0 }, "geometry": { "type": "MultiLineString", "coordinates": [ [ [ 115.196287989434055, -8.778796714464281 ], [ 115.196287989434055, -8.778796714464281 ] ] ] } },
{ "type": "Feature", "properties": { "LRR": 0.0, "LR2": 0.0, "Kec": "Kuta Selatan", "Desa": "Jimbaran", "KLRR": "Stabil", "Panjang": 0.0 }, "geometry": { "type": "MultiLineString", "coordinates": [ ] } },
{ "type": "Feature", "properties": { "LRR": 0.0, "LR2": 0.0, "Kec": "Kuta Selatan", "Desa": "Jimbaran", "KLRR": "Stabil", "Panjang": 0.0 }, "geometry": { "type": "MultiLineString", "coordinates": [ [ [ 115.195704033334721, -8.778188221042932 ], [ 115.195704033334721, -8.778188221042932 ] ] ] } },
{ "type": "Feature", "properties": { "LRR": 0.0, "LR2": 0.0, "Kec": "Kuta Selatan", "Desa": "Jimbaran", "KLRR": "Stabil", "Panjang": 0.0 }, "geometry": { "type": "MultiLineString", "coordinates": [ ] } },
{ "type": "Feature", "properties": { "LRR": 0.0, "LR2": 0.0, "Kec": "Kuta Selatan", "Desa": "Jimbaran", "KLRR": "Stabil", "Panjang": 0.0 }, "geometry": { "type": "MultiLineString", "coordinates": [ ] } },
{ "type": "Feature", "properties": { "LRR": 0.0, "LR2": 0.0, "Kec": "Kuta Selatan", "Desa": "Jimbaran", "KLRR": "Stabil", "Panjang": 0.0 }, "geometry": { "type": "MultiLineString", "coordinates": [ ] } },
{ "type": "Feature", "properties": { "LRR": 0.0, "LR2": 0.0, "Kec": "Kuta Selatan", "Desa": "Jimbaran", "KLRR": "Stabil", "Panjang": 0.0 }, "geometry": { "type": "MultiLineString", "coordinates": [ ] } },
{ "type": "Feature", "properties": { "LRR": 0.0, "LR2": 0.0, "Kec": "Kuta Selatan", "Desa": "Jimbaran", "KLRR": "Stabil", "Panjang": 0.0 }, "geometry": { "type": "MultiLineString", "coordinates": [ ] } },
{ "type": "Feature", "properties": { "LRR": 0.0, "LR2": 0.0, "Kec": "Kuta Selatan", "Desa": "Jimbaran", "KLRR": "Stabil", "Panjang": 0.0 }, "geometry": { "type": "MultiLineString", "coordinates": [ ] } },
{ "type": "Feature", "properties": { "LRR": 0.0, "LR2": 0.0, "Kec": "Kuta Selatan", "Desa": "Jimbaran", "KLRR": "Stabil", "Panjang": 0.0 }, "geometry": { "type": "MultiLineString", "coordinates": [ ] } },
{ "type": "Feature", "properties": { "LRR": 0.0, "LR2": 0.0, "Kec": "Kuta Selatan", "Desa": "Jimbaran", "KLRR": "Stabil", "Panjang": 0.0 }, "geometry": { "type": "MultiLineString", "coordinates": [ ] } },
{ "type": "Feature", "properties": { "LRR": 0.0, "LR2": 0.0, "Kec": "Kuta Selatan", "Desa": "Jimbaran", "KLRR": "Stabil", "Panjang": 0.0 }, "geometry": { "type": "MultiLineString", "coordinates": [ ] } },
{ "type": "Feature", "properties": { "LRR": 0.0, "LR2": 0.0, "Kec": "Kuta Selatan", "Desa": "Jimbaran", "KLRR": "Stabil", "Panjang": 0.0 }, "geometry": { "type": "MultiLineString", "coordinates": [ ] } },
{ "type": "Feature", "properties": { "LRR": 0.0, "LR2": 0.0, "Kec": "Kuta Selatan", "Desa": "Jimbaran", "KLRR": "Stabil", "Panjang": 0.0 }, "geometry": { "type": "MultiLineString", "coordinates": [ ] } },
{ "type": "Feature", "properties": { "LRR": 0.0, "LR2": 0.0, "Kec": "Kuta Selatan", "Desa": "Jimbaran", "KLRR": "Stabil", "Panjang": 0.0 }, "geometry": { "type": "MultiLineString", "coordinates": [ ] } },
{ "type": "Feature", "properties": { "LRR": 0.0, "LR2": 0.0, "Kec": "Kuta Selatan", "Desa": "Jimbaran", "KLRR": "Stabil", "Panjang": 0.0 }, "geometry": { "type": "MultiLineString", "coordinates": [ ] } },
{ "type": "Feature", "properties": { "LRR": 0.0, "LR2": 0.0, "Kec": "Kuta Selatan", "Desa": "Jimbaran", "KLRR": "Stabil", "Panjang": 0.0 }, "geometry": { "type": "MultiLineString", "coordinates": [ ] } },
{ "type": "Feature", "properties": { "LRR": 0.0, "LR2": 0.0, "Kec": "Kuta Selatan", "Desa": "Jimbaran", "KLRR": "Stabil", "Panjang": 0.0 }, "geometry": { "type": "MultiLineString", "coordinates": [ ] } },
{ "type": "Feature", "properties": { "LRR": 0.0, "LR2": 0.0, "Kec": "Kuta Selatan", "Desa": "Jimbaran", "KLRR": "Stabil", "Panjang": 0.0 }, "geometry": { "type": "MultiLineString", "coordinates": [ [ [ 115.193844548499627, -8.775371724690659 ], [ 115.193844548499627, -8.775371724690659 ] ] ] } },
{ "type": "Feature", "properties": { "LRR": 0.0, "LR2": 0.0, "Kec": "Kuta Selatan", "Desa": "Jimbaran", "KLRR": "Stabil", "Panjang": 0.0 }, "geometry": { "type": "MultiLineString", "coordinates": [ ] } },
{ "type": "Feature", "properties": { "LRR": 0.0, "LR2": 0.0, "Kec": "Kuta Selatan", "Desa": "Jimbaran", "KLRR": "Stabil", "Panjang": 0.0 }, "geometry": { "type": "MultiLineString", "coordinates": [ ] } },
{ "type": "Feature", "properties": { "LRR": 0.0, "LR2": 0.0, "Kec": "Kuta Selatan", "Desa": "Jimbaran", "KLRR": "Stabil", "Panjang": 0.0 }, "geometry": { "type": "MultiLineString", "coordinates": [ [ [ 115.193723377148416, -8.77471700687474 ], [ 115.193723377148416, -8.77471700687474 ] ] ] } },
{ "type": "Feature", "properties": { "LRR": 0.0, "LR2": 0.0, "Kec": "Kuta Selatan", "Desa": "Jimbaran", "KLRR": "Stabil", "Panjang": 0.0 }, "geometry": { "type": "MultiLineString", "coordinates": [ ] } },
{ "type": "Feature", "properties": { "LRR": 0.0, "LR2": 0.0, "Kec": "Kuta Selatan", "Desa": "Jimbaran", "KLRR": "Stabil", "Panjang": 0.0 }, "geometry": { "type": "MultiLineString", "coordinates": [ ] } },
{ "type": "Feature", "properties": { "LRR": 0.0, "LR2": 0.0, "Kec": "Kuta Selatan", "Desa": "Jimbaran", "KLRR": "Stabil", "Panjang": 0.0 }, "geometry": { "type": "MultiLineString", "coordinates": [ ] } },
{ "type": "Feature", "properties": { "LRR": 0.0, "LR2": 0.0, "Kec": "Kuta Selatan", "Desa": "Jimbaran", "KLRR": "Stabil", "Panjang": 0.0 }, "geometry": { "type": "MultiLineString", "coordinates": [ ] } },
{ "type": "Feature", "properties": { "LRR": 0.0, "LR2": 0.0, "Kec": "Kuta Selatan", "Desa": "Jimbaran", "KLRR": "Stabil", "Panjang": 0.0 }, "geometry": { "type": "MultiLineString", "coordinates": [ ] } },
{ "type": "Feature", "properties": { "LRR": 0.0, "LR2": 0.0, "Kec": "Kuta Selatan", "Desa": "Jimbaran", "KLRR": "Stabil", "Panjang": 0.0 }, "geometry": { "type": "MultiLineString", "coordinates": [ ] } },
{ "type": "Feature", "properties": { "LRR": 0.0, "LR2": 0.0, "Kec": "Kuta Selatan", "Desa": "Jimbaran", "KLRR": "Stabil", "Panjang": 0.0 }, "geometry": { "type": "MultiLineString", "coordinates": [ ] } },
{ "type": "Feature", "properties": { "LRR": 0.0, "LR2": 0.0, "Kec": "Kuta Selatan", "Desa": "Jimbaran", "KLRR": "Stabil", "Panjang": 0.0 }, "geometry": { "type": "MultiLineString", "coordinates": [ ] } },
{ "type": "Feature", "properties": { "LRR": 0.0, "LR2": 0.0, "Kec": "Kuta Selatan", "Desa": "Jimbaran", "KLRR": "Stabil", "Panjang": 0.0 }, "geometry": { "type": "MultiLineString", "coordinates": [ ] } },
{ "type": "Feature", "properties": { "LRR": 0.0, "LR2": 0.0, "Kec": "Kuta Selatan", "Desa": "Jimbaran", "KLRR": "Stabil", "Panjang": 0.0 }, "geometry": { "type": "MultiLineString", "coordinates": [ ] } },
{ "type": "Feature", "properties": { "LRR": 0.0, "LR2": 0.0, "Kec": "Kuta Selatan", "Desa": "Jimbaran", "KLRR": "Stabil", "Panjang": 0.0 }, "geometry": { "type": "MultiLineString", "coordinates": [ ] } },
{ "type": "Feature", "properties": { "LRR": 0.0, "LR2": 0.0, "Kec": "Kuta Selatan", "Desa": "Jimbaran", "KLRR": "Stabil", "Panjang": 0.0 }, "geometry": { "type": "MultiLineString", "coordinates": [ ] } },
{ "type": "Feature", "properties": { "LRR": 0.0, "LR2": 0.0, "Kec": "Kuta Selatan", "Desa": "Jimbaran", "KLRR": "Stabil", "Panjang": 0.0 }, "geometry": { "type": "MultiLineString", "coordinates": [ ] } },
{ "type": "Feature", "properties": { "LRR": 0.0, "LR2": 0.0, "Kec": "Kuta Selatan", "Desa": "Jimbaran", "KLRR": "Stabil", "Panjang": 0.0 }, "geometry": { "type": "MultiLineString", "coordinates": [ ] } },
{ "type": "Feature", "properties": { "LRR": 0.0, "LR2": 0.0, "Kec": "Kuta Selatan", "Desa": "Jimbaran", "KLRR": "Stabil", "Panjang": 0.0 }, "geometry": { "type": "MultiLineString", "coordinates": [ ] } },
{ "type": "Feature", "properties": { "LRR": 0.0, "LR2": 0.0, "Kec": "Kuta Selatan", "Desa": "Jimbaran", "KLRR": "Stabil", "Panjang": 0.0 }, "geometry": { "type": "MultiLineString", "coordinates": [ ] } },
{ "type": "Feature", "properties": { "LRR": 0.0, "LR2": 0.0, "Kec": "Kuta Selatan", "Desa": "Jimbaran", "KLRR": "Stabil", "Panjang": 0.0 }, "geometry": { "type": "MultiLineString", "coordinates": [ ] } },
{ "type": "Feature", "properties": { "LRR": 0.0, "LR2": 0.0, "Kec": "Kuta Selatan", "Desa": "Jimbaran", "KLRR": "Stabil", "Panjang": 0.0 }, "geometry": { "type": "MultiLineString", "coordinates": [ ] } },
{ "type": "Feature", "properties": { "LRR": 0.0, "LR2": 0.0, "Kec": "Kuta Selatan", "Desa": "Jimbaran", "KLRR": "Stabil", "Panjang": 0.0 }, "geometry": { "type": "MultiLineString", "coordinates": [ ] } },
{ "type": "Feature", "properties": { "LRR": 0.0, "LR2": 0.0, "Kec": "Kuta Selatan", "Desa": "Jimbaran", "KLRR": "Stabil", "Panjang": 0.0 }, "geometry": { "type": "MultiLineString", "coordinates": [ ] } },
{ "type": "Feature", "properties": { "LRR": 0.0, "LR2": 0.0, "Kec": "Kuta Selatan", "Desa": "Jimbaran", "KLRR": "Stabil", "Panjang": 0.0 }, "geometry": { "type": "MultiLineString", "coordinates": [ ] } },
{ "type": "Feature", "properties": { "LRR": 0.0, "LR2": 0.0, "Kec": "Kuta Selatan", "Desa": "Jimbaran", "KLRR": "Stabil", "Panjang": 0.0 }, "geometry": { "type": "MultiLineString", "coordinates": [ [ [ 115.192035844522422, -8.76864605122277 ], [ 115.192035844522422, -8.76864605122277 ] ] ] } },
{ "type": "Feature", "properties": { "LRR": 0.0, "LR2": 0.0, "Kec": "Kuta Selatan", "Desa": "Jimbaran", "KLRR": "Stabil", "Panjang": 0.0 }, "geometry": { "type": "MultiLineString", "coordinates": [ ] } },
{ "type": "Feature", "properties": { "LRR": 0.0, "LR2": 0.0, "Kec": "Kuta Selatan", "Desa": "Jimbaran", "KLRR": "Stabil", "Panjang": 0.0 }, "geometry": { "type": "MultiLineString", "coordinates": [ ] } },
{ "type": "Feature", "properties": { "LRR": 0.0, "LR2": 0.0, "Kec": "Kuta Selatan", "Desa": "Jimbaran", "KLRR": "Stabil", "Panjang": 0.0 }, "geometry": { "type": "MultiLineString", "coordinates": [ ] } },
{ "type": "Feature", "properties": { "LRR": 0.0, "LR2": 0.0, "Kec": "Kuta Selatan", "Desa": "Jimbaran", "KLRR": "Stabil", "Panjang": 0.0 }, "geometry": { "type": "MultiLineString", "coordinates": [ ] } },
{ "type": "Feature", "properties": { "LRR": 0.0, "LR2": 0.0, "Kec": "Kuta Selatan", "Desa": "Jimbaran", "KLRR": "Stabil", "Panjang": 0.0 }, "geometry": { "type": "MultiLineString", "coordinates": [ ] } },
{ "type": "Feature", "properties": { "LRR": 0.0, "LR2": 0.0, "Kec": "Kuta Selatan", "Desa": "Jimbaran", "KLRR": "Stabil", "Panjang": 0.0 }, "geometry": { "type": "MultiLineString", "coordinates": [ ] } },
{ "type": "Feature", "properties": { "LRR": 0.0, "LR2": 0.0, "Kec": "Kuta", "Desa": "Kedonganan", "KLRR": "Stabil", "Panjang": 0.0 }, "geometry": { "type": "MultiLineString", "coordinates": [ ] } },
{ "type": "Feature", "properties": { "LRR": 0.0, "LR2": 0.0, "Kec": "Kuta", "Desa": "Kedonganan", "KLRR": "Stabil", "Panjang": 0.0 }, "geometry": { "type": "MultiLineString", "coordinates": [ ] } },
{ "type": "Feature", "properties": { "LRR": 0.0, "LR2": 0.0, "Kec": "Kuta", "Desa": "Kedonganan", "KLRR": "Stabil", "Panjang": 0.0 }, "geometry": { "type": "MultiLineString", "coordinates": [ ] } },
{ "type": "Feature", "properties": { "LRR": 0.0, "LR2": 0.0, "Kec": "Kuta", "Desa": "Kedonganan", "KLRR": "Stabil", "Panjang": 0.0 }, "geometry": { "type": "MultiLineString", "coordinates": [ ] } },
{ "type": "Feature", "properties": { "LRR": 0.0, "LR2": 0.0, "Kec": "Kuta", "Desa": "Kedonganan", "KLRR": "Stabil", "Panjang": 0.0 }, "geometry": { "type": "MultiLineString", "coordinates": [ ] } },
{ "type": "Feature", "properties": { "LRR": 0.0, "LR2": 0.0, "Kec": "Kuta", "Desa": "Kedonganan", "KLRR": "Stabil", "Panjang": 0.0 }, "geometry": { "type": "MultiLineString", "coordinates": [ ] } },
{ "type": "Feature", "properties": { "LRR": 0.0, "LR2": 0.0, "Kec": "Kuta", "Desa": "Kedonganan", "KLRR": "Stabil", "Panjang": 0.0 }, "geometry": { "type": "MultiLineString", "coordinates": [ ] } },
{ "type": "Feature", "properties": { "LRR": 0.0, "LR2": 0.0, "Kec": "Kuta", "Desa": "Kedonganan", "KLRR": "Stabil", "Panjang": 0.0 }, "geometry": { "type": "MultiLineString", "coordinates": [ [ [ 115.188388724950215, -8.76389940277414 ], [ 115.188388724950215, -8.76389940277414 ] ] ] } },
{ "type": "Feature", "properties": { "LRR": 0.0, "LR2": 0.0, "Kec": "Kuta", "Desa": "Kedonganan", "KLRR": "Stabil", "Panjang": 0.0 }, "geometry": { "type": "MultiLineString", "coordinates": [ ] } },
{ "type": "Feature", "properties": { "LRR": 0.0, "LR2": 0.0, "Kec": "Kuta", "Desa": "Kedonganan", "KLRR": "Stabil", "Panjang": 0.0 }, "geometry": { "type": "MultiLineString", "coordinates": [ ] } },
{ "type": "Feature", "properties": { "LRR": 0.0, "LR2": 0.0, "Kec": "Kuta", "Desa": "Tuban", "KLRR": "Stabil", "Panjang": 0.0 }, "geometry": { "type": "MultiLineString", "coordinates": [ ] } },
{ "type": "Feature", "properties": { "LRR": 0.0, "LR2": 0.0, "Kec": "Kuta", "Desa": "Tuban", "KLRR": "Stabil", "Panjang": 0.0 }, "geometry": { "type": "MultiLineString", "coordinates": [ ] } },
{ "type": "Feature", "properties": { "LRR": 0.0, "LR2": 0.0, "Kec": "Kuta", "Desa": "Tuban", "KLRR": "Stabil", "Panjang": 0.0 }, "geometry": { "type": "MultiLineString", "coordinates": [ ] } },
{ "type": "Feature", "properties": { "LRR": 0.0, "LR2": 0.0, "Kec": "Kuta", "Desa": "Tuban", "KLRR": "Stabil", "Panjang": 0.0 }, "geometry": { "type": "MultiLineString", "coordinates": [ ] } },
{ "type": "Feature", "properties": { "LRR": 0.0, "LR2": 0.0, "Kec": "Kuta", "Desa": "Tuban", "KLRR": "Stabil", "Panjang": 0.0 }, "geometry": { "type": "MultiLineString", "coordinates": [ ] } },
{ "type": "Feature", "properties": { "LRR": 0.0, "LR2": 0.0, "Kec": "Kuta", "Desa": "Tuban", "KLRR": "Stabil", "Panjang": 0.0 }, "geometry": { "type": "MultiLineString", "coordinates": [ ] } },
{ "type": "Feature", "properties": { "LRR": 0.0, "LR2": 0.0, "Kec": "Kuta", "Desa": "Tuban", "KLRR": "Stabil", "Panjang": 0.0 }, "geometry": { "type": "MultiLineString", "coordinates": [ ] } },
{ "type": "Feature", "properties": { "LRR": 0.0, "LR2": 0.0, "Kec": "Kuta", "Desa": "Tuban", "KLRR": "Stabil", "Panjang": 0.0 }, "geometry": { "type": "MultiLineString", "coordinates": [ ] } },
{ "type": "Feature", "properties": { "LRR": 0.0, "LR2": 0.0, "Kec": "Kuta", "Desa": "Tuban", "KLRR": "Stabil", "Panjang": 0.0 }, "geometry": { "type": "MultiLineString", "coordinates": [ ] } },
{ "type": "Feature", "properties": { "LRR": 0.0, "LR2": 0.0, "Kec": "Kuta", "Desa": "Tuban", "KLRR": "Stabil", "Panjang": 0.0 }, "geometry": { "type": "MultiLineString", "coordinates": [ ] } },
{ "type": "Feature", "properties": { "LRR": 0.0, "LR2": 0.0, "Kec": "Kuta", "Desa": "Tuban", "KLRR": "Stabil", "Panjang": 0.0 }, "geometry": { "type": "MultiLineString", "coordinates": [ ] } },
{ "type": "Feature", "properties": { "LRR": 0.0, "LR2": 0.0, "Kec": "Kuta", "Desa": "Tuban", "KLRR": "Stabil", "Panjang": 0.0 }, "geometry": { "type": "MultiLineString", "coordinates": [ [ [ 115.182879021979161, -8.753927637423574 ], [ 115.182879021979161, -8.753927637423574 ] ] ] } },
{ "type": "Feature", "properties": { "LRR": 0.0, "LR2": 0.0, "Kec": "Kuta", "Desa": "Tuban", "KLRR": "Stabil", "Panjang": 0.0 }, "geometry": { "type": "MultiLineString", "coordinates": [ ] } },
{ "type": "Feature", "properties": { "LRR": 0.0, "LR2": 0.0, "Kec": "Kuta", "Desa": "Tuban", "KLRR": "Stabil", "Panjang": 0.0 }, "geometry": { "type": "MultiLineString", "coordinates": [ ] } },
{ "type": "Feature", "properties": { "LRR": 0.0, "LR2": 0.0, "Kec": "Kuta", "Desa": "Tuban", "KLRR": "Stabil", "Panjang": 0.0 }, "geometry": { "type": "MultiLineString", "coordinates": [ ] } },
{ "type": "Feature", "properties": { "LRR": 0.0, "LR2": 0.0, "Kec": "Kuta", "Desa": "Tuban", "KLRR": "Stabil", "Panjang": 0.0 }, "geometry": { "type": "MultiLineString", "coordinates": [ ] } },
{ "type": "Feature", "properties": { "LRR": 0.0, "LR2": 0.0, "Kec": "Kuta", "Desa": "Tuban", "KLRR": "Stabil", "Panjang": 0.0 }, "geometry": { "type": "MultiLineString", "coordinates": [ ] } },
{ "type": "Feature", "properties": { "LRR": 0.0, "LR2": 0.0, "Kec": "Kuta", "Desa": "Tuban", "KLRR": "Stabil", "Panjang": 0.0 }, "geometry": { "type": "MultiLineString", "coordinates": [ ] } },
{ "type": "Feature", "properties": { "LRR": 0.0, "LR2": 0.0, "Kec": "Kuta", "Desa": "Tuban", "KLRR": "Stabil", "Panjang": 0.0 }, "geometry": { "type": "MultiLineString", "coordinates": [ [ [ 115.183587253345422, -8.752236110643459 ], [ 115.183587253345422, -8.752236110643459 ] ] ] } },
{ "type": "Feature", "properties": { "LRR": 0.0, "LR2": 0.0, "Kec": "Kuta", "Desa": "Tuban", "KLRR": "Stabil", "Panjang": 0.0 }, "geometry": { "type": "MultiLineString", "coordinates": [ ] } },
{ "type": "Feature", "properties": { "LRR": 0.0, "LR2": 0.0, "Kec": "Kuta", "Desa": "Tuban", "KLRR": "Stabil", "Panjang": 0.0 }, "geometry": { "type": "MultiLineString", "coordinates": [ ] } },
{ "type": "Feature", "properties": { "LRR": 0.0, "LR2": 0.0, "Kec": "Kuta", "Desa": "Tuban", "KLRR": "Stabil", "Panjang": 0.0 }, "geometry": { "type": "MultiLineString", "coordinates": [ ] } },
{ "type": "Feature", "properties": { "LRR": 0.0, "LR2": 0.0, "Kec": "Kuta", "Desa": "Tuban", "KLRR": "Stabil", "Panjang": 0.0 }, "geometry": { "type": "MultiLineString", "coordinates": [ ] } },
{ "type": "Feature", "properties": { "LRR": 0.0, "LR2": 0.0, "Kec": "Kuta", "Desa": "Tuban", "KLRR": "Stabil", "Panjang": 0.0 }, "geometry": { "type": "MultiLineString", "coordinates": [ ] } },
{ "type": "Feature", "properties": { "LRR": 0.0, "LR2": 0.0, "Kec": "Kuta", "Desa": "Tuban", "KLRR": "Stabil", "Panjang": 0.0 }, "geometry": { "type": "MultiLineString", "coordinates": [ ] } },
{ "type": "Feature", "properties": { "LRR": 0.0, "LR2": 0.0, "Kec": "Kuta", "Desa": "Tuban", "KLRR": "Stabil", "Panjang": 0.0 }, "geometry": { "type": "MultiLineString", "coordinates": [ ] } },
{ "type": "Feature", "properties": { "LRR": 0.0, "LR2": 0.0, "Kec": "Kuta", "Desa": "Tuban", "KLRR": "Stabil", "Panjang": 0.0 }, "geometry": { "type": "MultiLineString", "coordinates": [ ] } },
{ "type": "Feature", "properties": { "LRR": 0.0, "LR2": 0.0, "Kec": "Kuta", "Desa": "Kedonganan", "KLRR": "Stabil", "Panjang": 0.0 }, "geometry": { "type": "MultiLineString", "coordinates": [ ] } },
{ "type": "Feature", "properties": { "LRR": 0.0, "LR2": 0.0, "Kec": "Kuta", "Desa": "Kedonganan", "KLRR": "Stabil", "Panjang": 0.0 }, "geometry": { "type": "MultiLineString", "coordinates": [ ] } },
{ "type": "Feature", "properties": { "LRR": 0.0, "LR2": 0.0, "Kec": "Kuta", "Desa": "Kedonganan", "KLRR": "Stabil", "Panjang": 0.0 }, "geometry": { "type": "MultiLineString", "coordinates": [ ] } },
{ "type": "Feature", "properties": { "LRR": 0.0, "LR2": 0.0, "Kec": "Kuta", "Desa": "Kedonganan", "KLRR": "Stabil", "Panjang": 0.0 }, "geometry": { "type": "MultiLineString", "coordinates": [ ] } },
{ "type": "Feature", "properties": { "LRR": 0.0, "LR2": 0.0, "Kec": "Kuta", "Desa": "Kedonganan", "KLRR": "Stabil", "Panjang": 0.0 }, "geometry": { "type": "MultiLineString", "coordinates": [ [ [ 115.185869667336434, -8.762614789371753 ], [ 115.185869667336434, -8.762614789371753 ] ] ] } },
{ "type": "Feature", "properties": { "LRR": 0.0, "LR2": 0.0, "Kec": "Kuta", "Desa": "Kedonganan", "KLRR": "Stabil", "Panjang": 0.0 }, "geometry": { "type": "MultiLineString", "coordinates": [ ] } },
{ "type": "Feature", "properties": { "LRR": 0.0, "LR2": 0.0, "Kec": "Kuta", "Desa": "Kedonganan", "KLRR": "Stabil", "Panjang": 0.0 }, "geometry": { "type": "MultiLineString", "coordinates": [ ] } },
{ "type": "Feature", "properties": { "LRR": 0.0, "LR2": 0.0, "Kec": "Kuta", "Desa": "Kedonganan", "KLRR": "Stabil", "Panjang": 0.0 }, "geometry": { "type": "MultiLineString", "coordinates": [ ] } },
{ "type": "Feature", "properties": { "LRR": 0.0, "LR2": 0.0, "Kec": "Kuta", "Desa": "Kedonganan", "KLRR": "Stabil", "Panjang": 0.0 }, "geometry": { "type": "MultiLineString", "coordinates": [ ] } },
{ "type": "Feature", "properties": { "LRR": 0.0, "LR2": 0.0, "Kec": "Kuta", "Desa": "Kedonganan", "KLRR": "Stabil", "Panjang": 0.0 }, "geometry": { "type": "MultiLineString", "coordinates": [ [ [ 115.184765854320446, -8.764780371144138 ], [ 115.184765854320446, -8.764780371144138 ] ] ] } },
{ "type": "Feature", "properties": { "LRR": 0.0, "LR2": 0.0, "Kec": "Kuta", "Desa": "Kedonganan", "KLRR": "Stabil", "Panjang": 0.0 }, "geometry": { "type": "MultiLineString", "coordinates": [ ] } },
{ "type": "Feature", "properties": { "LRR": 0.0, "LR2": 0.0, "Kec": "Kuta", "Desa": "Kedonganan", "KLRR": "Stabil", "Panjang": 0.0 }, "geometry": { "type": "MultiLineString", "coordinates": [ ] } },
{ "type": "Feature", "properties": { "LRR": 0.0, "LR2": 0.0, "Kec": "Kuta", "Desa": "Kedonganan", "KLRR": "Stabil", "Panjang": 0.0 }, "geometry": { "type": "MultiLineString", "coordinates": [ ] } },
{ "type": "Feature", "properties": { "LRR": 0.0, "LR2": 0.0, "Kec": "Kuta", "Desa": "Kedonganan", "KLRR": "Stabil", "Panjang": 0.0 }, "geometry": { "type": "MultiLineString", "coordinates": [ ] } },
{ "type": "Feature", "properties": { "LRR": 0.0, "LR2": 0.0, "Kec": "Kuta", "Desa": "Kedonganan", "KLRR": "Stabil", "Panjang": 0.0 }, "geometry": { "type": "MultiLineString", "coordinates": [ ] } },
{ "type": "Feature", "properties": { "LRR": 0.0, "LR2": 0.0, "Kec": "Kuta", "Desa": "Kedonganan", "KLRR": "Stabil", "Panjang": 0.0 }, "geometry": { "type": "MultiLineString", "coordinates": [ ] } },
{ "type": "Feature", "properties": { "LRR": 0.0, "LR2": 0.0, "Kec": "Kuta", "Desa": "Kedonganan", "KLRR": "Stabil", "Panjang": 0.0 }, "geometry": { "type": "MultiLineString", "coordinates": [ [ [ 115.183564695476349, -8.765082418358087 ], [ 115.183564695476349, -8.765082418358087 ] ] ] } },
{ "type": "Feature", "properties": { "LRR": 0.0, "LR2": 0.0, "Kec": "Kuta", "Desa": "Kedonganan", "KLRR": "Stabil", "Panjang": 0.0 }, "geometry": { "type": "MultiLineString", "coordinates": [ ] } },
{ "type": "Feature", "properties": { "LRR": 0.0, "LR2": 0.0, "Kec": "Kuta", "Desa": "Kedonganan", "KLRR": "Stabil", "Panjang": 0.0 }, "geometry": { "type": "MultiLineString", "coordinates": [ ] } },
{ "type": "Feature", "properties": { "LRR": 0.0, "LR2": 0.0, "Kec": "Kuta", "Desa": "Kedonganan", "KLRR": "Stabil", "Panjang": 0.0 }, "geometry": { "type": "MultiLineString", "coordinates": [ ] } },
{ "type": "Feature", "properties": { "LRR": 0.0, "LR2": 0.0, "Kec": "Kuta", "Desa": "Kedonganan", "KLRR": "Stabil", "Panjang": 0.0 }, "geometry": { "type": "MultiLineString", "coordinates": [ ] } },
{ "type": "Feature", "properties": { "LRR": 0.0, "LR2": 0.0, "Kec": "Kuta", "Desa": "Kedonganan", "KLRR": "Stabil", "Panjang": 0.0 }, "geometry": { "type": "MultiLineString", "coordinates": [ ] } },
{ "type": "Feature", "properties": { "LRR": 0.0, "LR2": 0.0, "Kec": "Kuta", "Desa": "Kedonganan", "KLRR": "Stabil", "Panjang": 0.0 }, "geometry": { "type": "MultiLineString", "coordinates": [ ] } },
{ "type": "Feature", "properties": { "LRR": 0.0, "LR2": 0.0, "Kec": "Kuta", "Desa": "Kedonganan", "KLRR": "Stabil", "Panjang": 0.0 }, "geometry": { "type": "MultiLineString", "coordinates": [ ] } },
{ "type": "Feature", "properties": { "LRR": 0.0, "LR2": 0.0, "Kec": "Kuta", "Desa": "Kedonganan", "KLRR": "Stabil", "Panjang": 0.0 }, "geometry": { "type": "MultiLineString", "coordinates": [ ] } },
{ "type": "Feature", "properties": { "LRR": 0.0, "LR2": 0.0, "Kec": "Kuta", "Desa": "Kedonganan", "KLRR": "Stabil", "Panjang": 0.0 }, "geometry": { "type": "MultiLineString", "coordinates": [ ] } },
{ "type": "Feature", "properties": { "LRR": 0.0, "LR2": 0.0, "Kec": "Kuta", "Desa": "Kedonganan", "KLRR": "Stabil", "Panjang": 0.0 }, "geometry": { "type": "MultiLineString", "coordinates": [ [ [ 115.183037415908501, -8.76376417247646 ], [ 115.183037415908501, -8.76376417247646 ] ] ] } },
{ "type": "Feature", "properties": { "LRR": 0.0, "LR2": 0.0, "Kec": "Kuta", "Desa": "Kedonganan", "KLRR": "Stabil", "Panjang": 0.0 }, "geometry": { "type": "MultiLineString", "coordinates": [ ] } },
{ "type": "Feature", "properties": { "LRR": 0.0, "LR2": 0.0, "Kec": "Kuta", "Desa": "Kedonganan", "KLRR": "Stabil", "Panjang": 0.0 }, "geometry": { "type": "MultiLineString", "coordinates": [ ] } },
{ "type": "Feature", "properties": { "LRR": 0.0, "LR2": 0.0, "Kec": "Kuta", "Desa": "Kedonganan", "KLRR": "Stabil", "Panjang": 0.0 }, "geometry": { "type": "MultiLineString", "coordinates": [ ] } },
{ "type": "Feature", "properties": { "LRR": 0.0, "LR2": 0.0, "Kec": "Kuta", "Desa": "Kedonganan", "KLRR": "Stabil", "Panjang": 0.0 }, "geometry": { "type": "MultiLineString", "coordinates": [ ] } },
{ "type": "Feature", "properties": { "LRR": 0.0, "LR2": 0.0, "Kec": "Kuta", "Desa": "Kedonganan", "KLRR": "Stabil", "Panjang": 0.0 }, "geometry": { "type": "MultiLineString", "coordinates": [ ] } },
{ "type": "Feature", "properties": { "LRR": 0.0, "LR2": 0.0, "Kec": "Kuta", "Desa": "Kedonganan", "KLRR": "Stabil", "Panjang": 0.0 }, "geometry": { "type": "MultiLineString", "coordinates": [ ] } },
{ "type": "Feature", "properties": { "LRR": 0.0, "LR2": 0.0, "Kec": "Kuta", "Desa": "Kedonganan", "KLRR": "Stabil", "Panjang": 0.0 }, "geometry": { "type": "MultiLineString", "coordinates": [ ] } },
{ "type": "Feature", "properties": { "LRR": 0.0, "LR2": 0.0, "Kec": "Kuta", "Desa": "Kedonganan", "KLRR": "Stabil", "Panjang": 0.0 }, "geometry": { "type": "MultiLineString", "coordinates": [ ] } },
{ "type": "Feature", "properties": { "LRR": 0.0, "LR2": 0.0, "Kec": "Kuta", "Desa": "Kedonganan", "KLRR": "Stabil", "Panjang": 0.0 }, "geometry": { "type": "MultiLineString", "coordinates": [ ] } },
{ "type": "Feature", "properties": { "LRR": 0.0, "LR2": 0.0, "Kec": "Kuta", "Desa": "Kedonganan", "KLRR": "Stabil", "Panjang": 0.0 }, "geometry": { "type": "MultiLineString", "coordinates": [ ] } },
{ "type": "Feature", "properties": { "LRR": 0.0, "LR2": 0.0, "Kec": "Kuta", "Desa": "Kedonganan", "KLRR": "Stabil", "Panjang": 0.0 }, "geometry": { "type": "MultiLineString", "coordinates": [ ] } },
{ "type": "Feature", "properties": { "LRR": 0.0, "LR2": 0.0, "Kec": "Kuta", "Desa": "Kedonganan", "KLRR": "Stabil", "Panjang": 0.0 }, "geometry": { "type": "MultiLineString", "coordinates": [ ] } },
{ "type": "Feature", "properties": { "LRR": 0.0, "LR2": 0.0, "Kec": "Kuta", "Desa": "Kedonganan", "KLRR": "Stabil", "Panjang": 0.0 }, "geometry": { "type": "MultiLineString", "coordinates": [ [ [ 115.181540753125347, -8.761248656510306 ], [ 115.181540753125347, -8.761248656510306 ] ] ] } },
{ "type": "Feature", "properties": { "LRR": 0.0, "LR2": 0.0, "Kec": "Kuta", "Desa": "Kedonganan", "KLRR": "Stabil", "Panjang": 0.0 }, "geometry": { "type": "MultiLineString", "coordinates": [ ] } },
{ "type": "Feature", "properties": { "LRR": 0.0, "LR2": 0.0, "Kec": "Kuta", "Desa": "Kedonganan", "KLRR": "Stabil", "Panjang": 0.0 }, "geometry": { "type": "MultiLineString", "coordinates": [ ] } },
{ "type": "Feature", "properties": { "LRR": 0.0, "LR2": 0.0, "Kec": "Kuta", "Desa": "Kedonganan", "KLRR": "Stabil", "Panjang": 0.0 }, "geometry": { "type": "MultiLineString", "coordinates": [ ] } },
{ "type": "Feature", "properties": { "LRR": 0.0, "LR2": 0.0, "Kec": "Kuta", "Desa": "Kedonganan", "KLRR": "Stabil", "Panjang": 0.0 }, "geometry": { "type": "MultiLineString", "coordinates": [ ] } },
{ "type": "Feature", "properties": { "LRR": 0.0, "LR2": 0.0, "Kec": "Kuta", "Desa": "Kedonganan", "KLRR": "Stabil", "Panjang": 0.0 }, "geometry": { "type": "MultiLineString", "coordinates": [ ] } },
{ "type": "Feature", "properties": { "LRR": 0.0, "LR2": 0.0, "Kec": "Kuta", "Desa": "Kedonganan", "KLRR": "Stabil", "Panjang": 0.0 }, "geometry": { "type": "MultiLineString", "coordinates": [ ] } },
{ "type": "Feature", "properties": { "LRR": 0.0, "LR2": 0.0, "Kec": "Kuta", "Desa": "Kedonganan", "KLRR": "Stabil", "Panjang": 0.0 }, "geometry": { "type": "MultiLineString", "coordinates": [ ] } },
{ "type": "Feature", "properties": { "LRR": 0.0, "LR2": 0.0, "Kec": "Kuta", "Desa": "Kedonganan", "KLRR": "Stabil", "Panjang": 0.0 }, "geometry": { "type": "MultiLineString", "coordinates": [ ] } },
{ "type": "Feature", "properties": { "LRR": 0.0, "LR2": 0.0, "Kec": "Kuta", "Desa": "Kedonganan", "KLRR": "Stabil", "Panjang": 0.0 }, "geometry": { "type": "MultiLineString", "coordinates": [ ] } },
{ "type": "Feature", "properties": { "LRR": 0.0, "LR2": 0.0, "Kec": "Kuta", "Desa": "Kedonganan", "KLRR": "Stabil", "Panjang": 0.0 }, "geometry": { "type": "MultiLineString", "coordinates": [ ] } },
{ "type": "Feature", "properties": { "LRR": 0.0, "LR2": 0.0, "Kec": "Kuta", "Desa": "Kedonganan", "KLRR": "Stabil", "Panjang": 0.0 }, "geometry": { "type": "MultiLineString", "coordinates": [ ] } },
{ "type": "Feature", "properties": { "LRR": 0.0, "LR2": 0.0, "Kec": "Kuta", "Desa": "Kedonganan", "KLRR": "Stabil", "Panjang": 0.0 }, "geometry": { "type": "MultiLineString", "coordinates": [ ] } },
{ "type": "Feature", "properties": { "LRR": 0.0, "LR2": 0.0, "Kec": "Kuta", "Desa": "Kedonganan", "KLRR": "Stabil", "Panjang": 0.0 }, "geometry": { "type": "MultiLineString", "coordinates": [ ] } },
{ "type": "Feature", "properties": { "LRR": 0.0, "LR2": 0.0, "Kec": "Kuta", "Desa": "Kedonganan", "KLRR": "Stabil", "Panjang": 0.0 }, "geometry": { "type": "MultiLineString", "coordinates": [ ] } },
{ "type": "Feature", "properties": { "LRR": 0.0, "LR2": 0.0, "Kec": "Kuta", "Desa": "Kedonganan", "KLRR": "Stabil", "Panjang": 0.0 }, "geometry": { "type": "MultiLineString", "coordinates": [ ] } },
{ "type": "Feature", "properties": { "LRR": 0.0, "LR2": 0.0, "Kec": "Kuta", "Desa": "Kedonganan", "KLRR": "Stabil", "Panjang": 0.0 }, "geometry": { "type": "MultiLineString", "coordinates": [ [ [ 115.181157787378581, -8.758250275427677 ], [ 115.181157787378581, -8.758250275427677 ] ] ] } },
{ "type": "Feature", "properties": { "LRR": 0.0, "LR2": 0.0, "Kec": "Kuta", "Desa": "Tuban", "KLRR": "Stabil", "Panjang": 0.0 }, "geometry": { "type": "MultiLineString", "coordinates": [ ] } },
{ "type": "Feature", "properties": { "LRR": 0.0, "LR2": 0.0, "Kec": "Kuta", "Desa": "Tuban", "KLRR": "Stabil", "Panjang": 0.0 }, "geometry": { "type": "MultiLineString", "coordinates": [ ] } },
{ "type": "Feature", "properties": { "LRR": 0.0, "LR2": 0.0, "Kec": "Kuta", "Desa": "Tuban", "KLRR": "Stabil", "Panjang": 0.0 }, "geometry": { "type": "MultiLineString", "coordinates": [ ] } },
{ "type": "Feature", "properties": { "LRR": 0.0, "LR2": 0.0, "Kec": "Kuta", "Desa": "Tuban", "KLRR": "Stabil", "Panjang": 0.0 }, "geometry": { "type": "MultiLineString", "coordinates": [ ] } },
{ "type": "Feature", "properties": { "LRR": 0.0, "LR2": 0.0, "Kec": "Kuta", "Desa": "Tuban", "KLRR": "Stabil", "Panjang": 0.0 }, "geometry": { "type": "MultiLineString", "coordinates": [ ] } },
{ "type": "Feature", "properties": { "LRR": 0.0, "LR2": 0.0, "Kec": "Kuta", "Desa": "Tuban", "KLRR": "Stabil", "Panjang": 0.0 }, "geometry": { "type": "MultiLineString", "coordinates": [ ] } },
{ "type": "Feature", "properties": { "LRR": 0.0, "LR2": 0.0, "Kec": "Kuta", "Desa": "Tuban", "KLRR": "Stabil", "Panjang": 0.0 }, "geometry": { "type": "MultiLineString", "coordinates": [ ] } },
{ "type": "Feature", "properties": { "LRR": 0.0, "LR2": 0.0, "Kec": "Kuta", "Desa": "Tuban", "KLRR": "Stabil", "Panjang": 0.0 }, "geometry": { "type": "MultiLineString", "coordinates": [ ] } },
{ "type": "Feature", "properties": { "LRR": 0.0, "LR2": 0.0, "Kec": "Kuta", "Desa": "Tuban", "KLRR": "Stabil", "Panjang": 0.0 }, "geometry": { "type": "MultiLineString", "coordinates": [ ] } },
{ "type": "Feature", "properties": { "LRR": 0.0, "LR2": 0.0, "Kec": "Kuta", "Desa": "Tuban", "KLRR": "Stabil", "Panjang": 0.0 }, "geometry": { "type": "MultiLineString", "coordinates": [ ] } },
{ "type": "Feature", "properties": { "LRR": 0.0, "LR2": 0.0, "Kec": "Kuta", "Desa": "Tuban", "KLRR": "Stabil", "Panjang": 0.0 }, "geometry": { "type": "MultiLineString", "coordinates": [ ] } },
{ "type": "Feature", "properties": { "LRR": 0.0, "LR2": 0.0, "Kec": "Kuta", "Desa": "Tuban", "KLRR": "Stabil", "Panjang": 0.0 }, "geometry": { "type": "MultiLineString", "coordinates": [ ] } },
{ "type": "Feature", "properties": { "LRR": 0.0, "LR2": 0.0, "Kec": "Kuta", "Desa": "Tuban", "KLRR": "Stabil", "Panjang": 0.0 }, "geometry": { "type": "MultiLineString", "coordinates": [ ] } },
{ "type": "Feature", "properties": { "LRR": 0.0, "LR2": 0.0, "Kec": "Kuta", "Desa": "Tuban", "KLRR": "Stabil", "Panjang": 0.0 }, "geometry": { "type": "MultiLineString", "coordinates": [ ] } },
{ "type": "Feature", "properties": { "LRR": 0.0, "LR2": 0.0, "Kec": "Kuta", "Desa": "Tuban", "KLRR": "Stabil", "Panjang": 0.0 }, "geometry": { "type": "MultiLineString", "coordinates": [ ] } },
{ "type": "Feature", "properties": { "LRR": 0.0, "LR2": 0.0, "Kec": "Kuta", "Desa": "Tuban", "KLRR": "Stabil", "Panjang": 0.0 }, "geometry": { "type": "MultiLineString", "coordinates": [ ] } },
{ "type": "Feature", "properties": { "LRR": 0.0, "LR2": 0.0, "Kec": "Kuta", "Desa": "Tuban", "KLRR": "Stabil", "Panjang": 0.0 }, "geometry": { "type": "MultiLineString", "coordinates": [ ] } },
{ "type": "Feature", "properties": { "LRR": 0.0, "LR2": 0.0, "Kec": "Kuta", "Desa": "Tuban", "KLRR": "Stabil", "Panjang": 0.0 }, "geometry": { "type": "MultiLineString", "coordinates": [ [ [ 115.184991283393984, -8.74612923087262 ], [ 115.184991283393984, -8.74612923087262 ] ] ] } },
{ "type": "Feature", "properties": { "LRR": 0.0, "LR2": 0.0, "Kec": "Kuta", "Desa": "Tuban", "KLRR": "Stabil", "Panjang": 0.0 }, "geometry": { "type": "MultiLineString", "coordinates": [ ] } },
{ "type": "Feature", "properties": { "LRR": 0.0, "LR2": 0.0, "Kec": "Kuta", "Desa": "Tuban", "KLRR": "Stabil", "Panjang": 0.0 }, "geometry": { "type": "MultiLineString", "coordinates": [ ] } },
{ "type": "Feature", "properties": { "LRR": 0.0, "LR2": 0.0, "Kec": "Kuta", "Desa": "Tuban", "KLRR": "Stabil", "Panjang": 0.0 }, "geometry": { "type": "MultiLineString", "coordinates": [ [ [ 115.184737295572035, -8.745387176641435 ], [ 115.184737295572035, -8.745387176641435 ] ] ] } },
{ "type": "Feature", "properties": { "LRR": 0.0, "LR2": 0.0, "Kec": "Kuta", "Desa": "Tuban", "KLRR": "Stabil", "Panjang": 0.0 }, "geometry": { "type": "MultiLineString", "coordinates": [ ] } },
{ "type": "Feature", "properties": { "LRR": 0.0, "LR2": 0.0, "Kec": "Kuta", "Desa": "Tuban", "KLRR": "Stabil", "Panjang": 0.0 }, "geometry": { "type": "MultiLineString", "coordinates": [ ] } },
{ "type": "Feature", "properties": { "LRR": 0.0, "LR2": 0.0, "Kec": "Kuta", "Desa": "Tuban", "KLRR": "Stabil", "Panjang": 0.0 }, "geometry": { "type": "MultiLineString", "coordinates": [ ] } },
{ "type": "Feature", "properties": { "LRR": 0.0, "LR2": 0.0, "Kec": "Kuta", "Desa": "Tuban", "KLRR": "Stabil", "Panjang": 0.0 }, "geometry": { "type": "MultiLineString", "coordinates": [ ] } },
{ "type": "Feature", "properties": { "LRR": 0.0, "LR2": 0.0, "Kec": "Kuta", "Desa": "Tuban", "KLRR": "Stabil", "Panjang": 0.0 }, "geometry": { "type": "MultiLineString", "coordinates": [ ] } },
{ "type": "Feature", "properties": { "LRR": 0.0, "LR2": 0.0, "Kec": "Kuta", "Desa": "Tuban", "KLRR": "Stabil", "Panjang": 0.0 }, "geometry": { "type": "MultiLineString", "coordinates": [ [ [ 115.184192853360756, -8.744361054841452 ], [ 115.184192853360756, -8.744361054841452 ] ] ] } },
{ "type": "Feature", "properties": { "LRR": 0.0, "LR2": 0.0, "Kec": "Kuta", "Desa": "Tuban", "KLRR": "Stabil", "Panjang": 0.0 }, "geometry": { "type": "MultiLineString", "coordinates": [ ] } },
{ "type": "Feature", "properties": { "LRR": 0.0, "LR2": 0.0, "Kec": "Kuta", "Desa": "Tuban", "KLRR": "Stabil", "Panjang": 0.0 }, "geometry": { "type": "MultiLineString", "coordinates": [ [ [ 115.184246216705901, -8.744190967478533 ], [ 115.184246216705901, -8.744190967478533 ] ] ] } },
{ "type": "Feature", "properties": { "LRR": 0.0, "LR2": 0.0, "Kec": "Kuta", "Desa": "Tuban", "KLRR": "Stabil", "Panjang": 0.0 }, "geometry": { "type": "MultiLineString", "coordinates": [ ] } },
{ "type": "Feature", "properties": { "LRR": 0.0, "LR2": 0.0, "Kec": "Kuta", "Desa": "Tuban", "KLRR": "Stabil", "Panjang": 0.0 }, "geometry": { "type": "MultiLineString", "coordinates": [ ] } },
{ "type": "Feature", "properties": { "LRR": 0.0, "LR2": 0.0, "Kec": "Kuta", "Desa": "Tuban", "KLRR": "Stabil", "Panjang": 0.0 }, "geometry": { "type": "MultiLineString", "coordinates": [ ] } },
{ "type": "Feature", "properties": { "LRR": 0.0, "LR2": 0.0, "Kec": "Kuta", "Desa": "Tuban", "KLRR": "Stabil", "Panjang": 0.0 }, "geometry": { "type": "MultiLineString", "coordinates": [ ] } },
{ "type": "Feature", "properties": { "LRR": 0.0, "LR2": 0.0, "Kec": "Kuta", "Desa": "Tuban", "KLRR": "Stabil", "Panjang": 0.0 }, "geometry": { "type": "MultiLineString", "coordinates": [ ] } },
{ "type": "Feature", "properties": { "LRR": 0.0, "LR2": 0.0, "Kec": "Kuta", "Desa": "Tuban", "KLRR": "Stabil", "Panjang": 0.0 }, "geometry": { "type": "MultiLineString", "coordinates": [ ] } },
{ "type": "Feature", "properties": { "LRR": 0.0, "LR2": 0.0, "Kec": "Kuta", "Desa": "Tuban", "KLRR": "Stabil", "Panjang": 0.0 }, "geometry": { "type": "MultiLineString", "coordinates": [ ] } },
{ "type": "Feature", "properties": { "LRR": 0.0, "LR2": 0.0, "Kec": "Kuta", "Desa": "Tuban", "KLRR": "Stabil", "Panjang": 0.0 }, "geometry": { "type": "MultiLineString", "coordinates": [ ] } },
{ "type": "Feature", "properties": { "LRR": 0.0, "LR2": 0.0, "Kec": "Kuta", "Desa": "Tuban", "KLRR": "Stabil", "Panjang": 0.0 }, "geometry": { "type": "MultiLineString", "coordinates": [ ] } },
{ "type": "Feature", "properties": { "LRR": 0.0, "LR2": 0.0, "Kec": "Kuta", "Desa": "Kuta", "KLRR": "Stabil", "Panjang": 0.0 }, "geometry": { "type": "MultiLineString", "coordinates": [ ] } },
{ "type": "Feature", "properties": { "LRR": 0.0, "LR2": 0.0, "Kec": "Kuta", "Desa": "Kuta", "KLRR": "Stabil", "Panjang": 0.0 }, "geometry": { "type": "MultiLineString", "coordinates": [ ] } },
{ "type": "Feature", "properties": { "LRR": 0.0, "LR2": 0.0, "Kec": "Kuta", "Desa": "Kuta", "KLRR": "Stabil", "Panjang": 0.0 }, "geometry": { "type": "MultiLineString", "coordinates": [ ] } },
{ "type": "Feature", "properties": { "LRR": 0.0, "LR2": 0.0, "Kec": "Kuta", "Desa": "Kuta", "KLRR": "Stabil", "Panjang": 0.0 }, "geometry": { "type": "MultiLineString", "coordinates": [ ] } },
{ "type": "Feature", "properties": { "LRR": 0.0, "LR2": 0.0, "Kec": "Kuta", "Desa": "Kuta", "KLRR": "Stabil", "Panjang": 0.0 }, "geometry": { "type": "MultiLineString", "coordinates": [ ] } },
{ "type": "Feature", "properties": { "LRR": 0.0, "LR2": 0.0, "Kec": "Kuta", "Desa": "Kuta", "KLRR": "Stabil", "Panjang": 0.0 }, "geometry": { "type": "MultiLineString", "coordinates": [ ] } },
{ "type": "Feature", "properties": { "LRR": 0.0, "LR2": 0.0, "Kec": "Kuta", "Desa": "Kuta", "KLRR": "Stabil", "Panjang": 0.0 }, "geometry": { "type": "MultiLineString", "coordinates": [ [ [ 115.18616588601914, -8.742008762118745 ], [ 115.18616588601914, -8.742008762118745 ] ] ] } },
{ "type": "Feature", "properties": { "LRR": 0.0, "LR2": 0.0, "Kec": "Kuta", "Desa": "Kuta", "KLRR": "Stabil", "Panjang": 0.0 }, "geometry": { "type": "MultiLineString", "coordinates": [ ] } },
{ "type": "Feature", "properties": { "LRR": 0.0, "LR2": 0.0, "Kec": "Kuta", "Desa": "Kuta", "KLRR": "Stabil", "Panjang": 0.0 }, "geometry": { "type": "MultiLineString", "coordinates": [ ] } },
{ "type": "Feature", "properties": { "LRR": 0.0, "LR2": 0.0, "Kec": "Kuta", "Desa": "Kuta", "KLRR": "Stabil", "Panjang": 0.0 }, "geometry": { "type": "MultiLineString", "coordinates": [ ] } },
{ "type": "Feature", "properties": { "LRR": 0.0, "LR2": 0.0, "Kec": "Kuta", "Desa": "Kuta", "KLRR": "Stabil", "Panjang": 0.0 }, "geometry": { "type": "MultiLineString", "coordinates": [ ] } },
{ "type": "Feature", "properties": { "LRR": 0.0, "LR2": 0.0, "Kec": "Kuta", "Desa": "Kuta", "KLRR": "Stabil", "Panjang": 0.0 }, "geometry": { "type": "MultiLineString", "coordinates": [ ] } },
{ "type": "Feature", "properties": { "LRR": 0.0, "LR2": 0.0, "Kec": "Kuta", "Desa": "Kuta", "KLRR": "Stabil", "Panjang": 0.0 }, "geometry": { "type": "MultiLineString", "coordinates": [ ] } },
{ "type": "Feature", "properties": { "LRR": 0.0, "LR2": 0.0, "Kec": "Kuta", "Desa": "Kuta", "KLRR": "Stabil", "Panjang": 0.0 }, "geometry": { "type": "MultiLineString", "coordinates": [ ] } },
{ "type": "Feature", "properties": { "LRR": 0.0, "LR2": 0.0, "Kec": "Kuta", "Desa": "Kuta", "KLRR": "Stabil", "Panjang": 0.0 }, "geometry": { "type": "MultiLineString", "coordinates": [ ] } },
{ "type": "Feature", "properties": { "LRR": 0.0, "LR2": 0.0, "Kec": "Kuta", "Desa": "Kuta", "KLRR": "Stabil", "Panjang": 0.0 }, "geometry": { "type": "MultiLineString", "coordinates": [ ] } },
{ "type": "Feature", "properties": { "LRR": 0.0, "LR2": 0.0, "Kec": "Kuta", "Desa": "Kuta", "KLRR": "Stabil", "Panjang": 0.0 }, "geometry": { "type": "MultiLineString", "coordinates": [ ] } },
{ "type": "Feature", "properties": { "LRR": 0.0, "LR2": 0.0, "Kec": "Kuta", "Desa": "Kuta", "KLRR": "Stabil", "Panjang": 0.0 }, "geometry": { "type": "MultiLineString", "coordinates": [ ] } },
{ "type": "Feature", "properties": { "LRR": 0.0, "LR2": 0.0, "Kec": "Kuta", "Desa": "Kuta", "KLRR": "Stabil", "Panjang": 0.0 }, "geometry": { "type": "MultiLineString", "coordinates": [ ] } },
{ "type": "Feature", "properties": { "LRR": 0.0, "LR2": 0.0, "Kec": "Kuta", "Desa": "Kuta", "KLRR": "Stabil", "Panjang": 0.0 }, "geometry": { "type": "MultiLineString", "coordinates": [ ] } },
{ "type": "Feature", "properties": { "LRR": 0.0, "LR2": 0.0, "Kec": "Kuta", "Desa": "Kuta", "KLRR": "Stabil", "Panjang": 0.0 }, "geometry": { "type": "MultiLineString", "coordinates": [ ] } },
{ "type": "Feature", "properties": { "LRR": 0.0, "LR2": 0.0, "Kec": "Kuta", "Desa": "Kuta", "KLRR": "Stabil", "Panjang": 0.0 }, "geometry": { "type": "MultiLineString", "coordinates": [ ] } },
{ "type": "Feature", "properties": { "LRR": 0.0, "LR2": 0.0, "Kec": "Kuta", "Desa": "Kuta", "KLRR": "Stabil", "Panjang": 0.0 }, "geometry": { "type": "MultiLineString", "coordinates": [ ] } },
{ "type": "Feature", "properties": { "LRR": 0.0, "LR2": 0.0, "Kec": "Kuta", "Desa": "Kuta", "KLRR": "Stabil", "Panjang": 0.0 }, "geometry": { "type": "MultiLineString", "coordinates": [ ] } },
{ "type": "Feature", "properties": { "LRR": 0.0, "LR2": 0.0, "Kec": "Kuta", "Desa": "Kuta", "KLRR": "Stabil", "Panjang": 0.0 }, "geometry": { "type": "MultiLineString", "coordinates": [ ] } },
{ "type": "Feature", "properties": { "LRR": 0.0, "LR2": 0.0, "Kec": "Kuta", "Desa": "Kuta", "KLRR": "Stabil", "Panjang": 0.0 }, "geometry": { "type": "MultiLineString", "coordinates": [ ] } },
{ "type": "Feature", "properties": { "LRR": 0.0, "LR2": 0.0, "Kec": "Kuta", "Desa": "Kuta", "KLRR": "Stabil", "Panjang": 0.0 }, "geometry": { "type": "MultiLineString", "coordinates": [ [ [ 115.190096140906448, -8.738188894184287 ], [ 115.190096140906448, -8.738188894184287 ] ] ] } },
{ "type": "Feature", "properties": { "LRR": 0.0, "LR2": 0.0, "Kec": "Kuta", "Desa": "Kuta", "KLRR": "Stabil", "Panjang": 0.0 }, "geometry": { "type": "MultiLineString", "coordinates": [ ] } },
{ "type": "Feature", "properties": { "LRR": -0.08, "LR2": 0.32, "Kec": "Kuta Selatan", "Desa": "Ungasan", "KLRR": "Abrasi", "Panjang": 1.1012630970199999 }, "geometry": { "type": "MultiLineString", "coordinates": [ [ [ 115.14963185204256, -8.847263476618515 ], [ 115.149632584151846, -8.847273405956484 ] ] ] } },
{ "type": "Feature", "properties": { "LRR": -0.46, "LR2": 0.4, "Kec": "Kuta Selatan", "Desa": "Ungasan", "KLRR": "Abrasi", "Panjang": 5.2249291153800002 }, "geometry": { "type": "MultiLineString", "coordinates": [ [ [ 115.149878817418397, -8.847248326233119 ], [ 115.149881762409137, -8.847295471461969 ] ] ] } },
{ "type": "Feature", "properties": { "LRR": -0.7, "LR2": 0.48, "Kec": "Kuta Selatan", "Desa": "Ungasan", "KLRR": "Abrasi", "Panjang": 7.5851858885 }, "geometry": { "type": "MultiLineString", "coordinates": [ [ [ 115.150045563190901, -8.847244163315528 ], [ 115.150046630542391, -8.847312729210719 ] ] ] } },
{ "type": "Feature", "properties": { "LRR": -0.75, "LR2": 0.22, "Kec": "Kuta Selatan", "Desa": "Ungasan", "KLRR": "Abrasi", "Panjang": 13.4579736817 }, "geometry": { "type": "MultiLineString", "coordinates": [ [ [ 115.150223856583963, -8.847278755849219 ], [ 115.150220721311456, -8.847400383128855 ] ] ] } },
{ "type": "Feature", "properties": { "LRR": -0.8, "LR2": 0.21, "Kec": "Kuta Selatan", "Desa": "Ungasan", "KLRR": "Abrasi", "Panjang": 14.0468222539 }, "geometry": { "type": "MultiLineString", "coordinates": [ [ [ 115.150417358716609, -8.84732321626077 ], [ 115.150409893831664, -8.847449989798887 ] ] ] } },
{ "type": "Feature", "properties": { "LRR": -1.2, "LR2": 0.43, "Kec": "Kuta Selatan", "Desa": "Ungasan", "KLRR": "Abrasi", "Panjang": 15.3367300729 }, "geometry": { "type": "MultiLineString", "coordinates": [ [ [ 115.150626492932162, -8.847359210383555 ], [ 115.150614801794347, -8.847497374167714 ] ] ] } },
{ "type": "Feature", "properties": { "LRR": -1.61, "LR2": 0.49, "Kec": "Kuta Selatan", "Desa": "Ungasan", "KLRR": "Abrasi", "Panjang": 17.160942963499998 }, "geometry": { "type": "MultiLineString", "coordinates": [ [ [ 115.150851271688566, -8.847397897121651 ], [ 115.150835331368839, -8.847552229029366 ] ] ] } },
{ "type": "Feature", "properties": { "LRR": -1.93, "LR2": 0.53, "Kec": "Kuta Selatan", "Desa": "Ungasan", "KLRR": "Abrasi", "Panjang": 19.2992786774 }, "geometry": { "type": "MultiLineString", "coordinates": [ [ [ 115.151088813435479, -8.847438209887772 ], [ 115.151069069581908, -8.847611577111643 ] ] ] } },
{ "type": "Feature", "properties": { "LRR": -1.93, "LR2": 0.59, "Kec": "Kuta Selatan", "Desa": "Ungasan", "KLRR": "Abrasi", "Panjang": 18.279937178200001 }, "geometry": { "type": "MultiLineString", "coordinates": [ [ [ 115.151344621804029, -8.847482737953282 ], [ 115.15132560658148, -8.847646912663061 ] ] ] } },
{ "type": "Feature", "properties": { "LRR": -1.83, "LR2": 0.66, "Kec": "Kuta Selatan", "Desa": "Ungasan", "KLRR": "Abrasi", "Panjang": 16.075073255900001 }, "geometry": { "type": "MultiLineString", "coordinates": [ [ [ 115.151614346171627, -8.847521161600325 ], [ 115.151597641403683, -8.847665536071913 ] ] ] } },
{ "type": "Feature", "properties": { "LRR": -1.51, "LR2": 0.8, "Kec": "Kuta Selatan", "Desa": "Ungasan", "KLRR": "Abrasi", "Panjang": 12.2125276917 }, "geometry": { "type": "MultiLineString", "coordinates": [ [ [ 115.151880451263324, -8.847585604276521 ], [ 115.151867741019643, -8.847695286010673 ] ] ] } },
{ "type": "Feature", "properties": { "LRR": 2.94, "LR2": 0.27, "Kec": "Kuta Selatan", "Desa": "Ungasan", "KLRR": "Akresi", "Panjang": 46.157449516299998 }, "geometry": { "type": "MultiLineString", "coordinates": [ [ [ 115.166095588921976, -8.849067551472451 ], [ 115.16605011330951, -8.849482384536383 ] ] ] } },
{ "type": "Feature", "properties": { "LRR": 2.59, "LR2": 0.49, "Kec": "Kuta Selatan", "Desa": "Ungasan", "KLRR": "Akresi", "Panjang": 25.529986371900002 }, "geometry": { "type": "MultiLineString", "coordinates": [ [ [ 115.166412062968263, -8.849078707486045 ], [ 115.166391360658352, -8.849308593912081 ] ] ] } },
{ "type": "Feature", "properties": { "LRR": 1.39, "LR2": 0.68, "Kec": "Kuta Selatan", "Desa": "Ungasan", "KLRR": "Akresi", "Panjang": 9.1123637073299992 }, "geometry": { "type": "MultiLineString", "coordinates": [ [ [ 115.166721680869273, -8.849135167983579 ], [ 115.166716090032196, -8.849217361463204 ] ] ] } },
{ "type": "Feature", "properties": { "LRR": 0.25, "LR2": 0.49, "Kec": "Kuta Selatan", "Desa": "Ungasan", "KLRR": "Akresi", "Panjang": 1.9031622108099999 }, "geometry": { "type": "MultiLineString", "coordinates": [ [ [ 115.167012300411201, -8.84916791089932 ], [ 115.167011429992215, -8.84918509486347 ] ] ] } },
{ "type": "Feature", "properties": { "LRR": 0.01, "LR2": 0.06, "Kec": "Kuta Selatan", "Desa": "Ungasan", "KLRR": "Akresi", "Panjang": 0.38437359377000002 }, "geometry": { "type": "MultiLineString", "coordinates": [ [ [ 115.167296448750847, -8.849126870384914 ], [ 115.167296299766164, -8.849130342198489 ] ] ] } },
{ "type": "Feature", "properties": { "LRR": 0.4, "LR2": 0.05, "Kec": "Kuta Selatan", "Desa": "Benoa", "KLRR": "Akresi", "Panjang": 18.6757280926 }, "geometry": { "type": "MultiLineString", "coordinates": [ [ [ 115.232597972444893, -8.792540524874347 ], [ 115.23276101189299, -8.792493562046056 ] ] ] } },
{ "type": "Feature", "properties": { "LRR": -0.09, "LR2": 0.01, "Kec": "Kuta Selatan", "Desa": "Benoa", "KLRR": "Abrasi", "Panjang": 6.5666457227499997 }, "geometry": { "type": "MultiLineString", "coordinates": [ [ [ 115.232130116145569, -8.792345677104771 ], [ 115.232187032771364, -8.792327815083221 ] ] ] } },
{ "type": "Feature", "properties": { "LRR": -0.15, "LR2": 0.06, "Kec": "Kuta Selatan", "Desa": "Benoa", "KLRR": "Abrasi", "Panjang": 3.39499787994 }, "geometry": { "type": "MultiLineString", "coordinates": [ [ [ 115.232011059878388, -8.792041395723807 ], [ 115.232040249195833, -8.792031444702033 ] ] ] } },
{ "type": "Feature", "properties": { "LRR": -0.15, "LR2": 0.02, "Kec": "Kuta Selatan", "Desa": "Benoa", "KLRR": "Abrasi", "Panjang": 8.8823097967999995 }, "geometry": { "type": "MultiLineString", "coordinates": [ [ [ 115.231920657475243, -8.791724917721799 ], [ 115.231996315824745, -8.791696908289941 ] ] ] } },
{ "type": "Feature", "properties": { "LRR": -0.36, "LR2": 0.11, "Kec": "Kuta Selatan", "Desa": "Benoa", "KLRR": "Abrasi", "Panjang": 7.3670691037699996 }, "geometry": { "type": "MultiLineString", "coordinates": [ [ [ 115.231912890070376, -8.791390372040807 ], [ 115.231975124357021, -8.79136580210441 ] ] ] } },
{ "type": "Feature", "properties": { "LRR": -0.21, "LR2": 0.01, "Kec": "Kuta Selatan", "Desa": "Benoa", "KLRR": "Abrasi", "Panjang": 13.985766134 }, "geometry": { "type": "MultiLineString", "coordinates": [ [ [ 115.231817531699093, -8.791109543192302 ], [ 115.231934963799659, -8.79106114692803 ] ] ] } },
{ "type": "Feature", "properties": { "LRR": 0.27, "LR2": 0.02, "Kec": "Kuta Selatan", "Desa": "Benoa", "KLRR": "Akresi", "Panjang": 14.3229052731 }, "geometry": { "type": "MultiLineString", "coordinates": [ [ [ 115.231674057321399, -8.790858906247859 ], [ 115.231793880160268, -8.790808299848315 ] ] ] } },
{ "type": "Feature", "properties": { "LRR": 1.02, "LR2": 0.18, "Kec": "Kuta Selatan", "Desa": "Benoa", "KLRR": "Akresi", "Panjang": 16.446478962800001 }, "geometry": { "type": "MultiLineString", "coordinates": [ [ [ 115.231426691118088, -8.79063375115309 ], [ 115.231562858083407, -8.790572418379485 ] ] ] } },
{ "type": "Feature", "properties": { "LRR": -1.1, "LR2": 0.11, "Kec": "Kuta Selatan", "Desa": "Benoa", "KLRR": "Abrasi", "Panjang": 27.739475684599999 }, "geometry": { "type": "MultiLineString", "coordinates": [ [ [ 115.231325476635561, -8.790308437202368 ], [ 115.231551253699848, -8.790196839972493 ] ] ] } },
{ "type": "Feature", "properties": { "LRR": -1.79, "LR2": 0.33, "Kec": "Kuta Selatan", "Desa": "Benoa", "KLRR": "Abrasi", "Panjang": 27.356668130900001 }, "geometry": { "type": "MultiLineString", "coordinates": [ [ [ 115.230978217538748, -8.790026332626029 ], [ 115.231193335121475, -8.789902314674187 ] ] ] } },
{ "type": "Feature", "properties": { "LRR": -0.69, "LR2": 0.4, "Kec": "Kuta Selatan", "Desa": "Benoa", "KLRR": "Abrasi", "Panjang": 8.6249414357800003 }, "geometry": { "type": "MultiLineString", "coordinates": [ [ [ 115.23068334771736, -8.78974771775945 ], [ 115.23074891713344, -8.789704984799764 ] ] ] } },
{ "type": "Feature", "properties": { "LRR": -0.36, "LR2": 0.04, "Kec": "Kuta Selatan", "Desa": "Benoa", "KLRR": "Abrasi", "Panjang": 16.6352321283 }, "geometry": { "type": "MultiLineString", "coordinates": [ [ [ 115.230501285770146, -8.789414747882732 ], [ 115.230623642144039, -8.789326401867378 ] ] ] } },
{ "type": "Feature", "properties": { "LRR": -0.1, "LR2": 0.01, "Kec": "Kuta Selatan", "Desa": "Benoa", "KLRR": "Abrasi", "Panjang": 10.8631018714 }, "geometry": { "type": "MultiLineString", "coordinates": [ [ [ 115.230784659003561, -8.788713346238717 ], [ 115.230861750987259, -8.788651989400073 ] ] ] } },
{ "type": "Feature", "properties": { "LRR": -0.13, "LR2": 0.02, "Kec": "Kuta Selatan", "Desa": "Benoa", "KLRR": "Abrasi", "Panjang": 7.8039823097900003 }, "geometry": { "type": "MultiLineString", "coordinates": [ [ [ 115.230609081755219, -8.788358212037476 ], [ 115.230662466147777, -8.788311758399759 ] ] ] } },
{ "type": "Feature", "properties": { "LRR": -0.87, "LR2": 0.11, "Kec": "Kuta Selatan", "Desa": "Benoa", "KLRR": "Abrasi", "Panjang": 20.2513326869 }, "geometry": { "type": "MultiLineString", "coordinates": [ [ [ 115.230184122380564, -8.78834751095089 ], [ 115.230320719786647, -8.788224798101126 ] ] ] } },
{ "type": "Feature", "properties": { "LRR": -0.42, "LR2": 0.14, "Kec": "Kuta Selatan", "Desa": "Benoa", "KLRR": "Abrasi", "Panjang": 9.4311186062099992 }, "geometry": { "type": "MultiLineString", "coordinates": [ [ [ 115.229914785088809, -8.788258111117287 ], [ 115.229978304619181, -8.788200859548528 ] ] ] } },
{ "type": "Feature", "properties": { "LRR": -0.18, "LR2": 0.07, "Kec": "Kuta Selatan", "Desa": "Benoa", "KLRR": "Abrasi", "Panjang": 5.1044587459899997 }, "geometry": { "type": "MultiLineString", "coordinates": [ [ [ 115.229782726723329, -8.788051625216173 ], [ 115.229817519285845, -8.788021098793656 ] ] ] } },
{ "type": "Feature", "properties": { "LRR": -0.52, "LR2": 0.22, "Kec": "Kuta Selatan", "Desa": "Benoa", "KLRR": "Abrasi", "Panjang": 8.2249672605999997 }, "geometry": { "type": "MultiLineString", "coordinates": [ [ [ 115.229657568241024, -8.787863972568974 ], [ 115.229714205329017, -8.787815440445698 ] ] ] } },
{ "type": "Feature", "properties": { "LRR": -1.29, "LR2": 0.65, "Kec": "Kuta Selatan", "Desa": "Benoa", "KLRR": "Abrasi", "Panjang": 12.7219586791 }, "geometry": { "type": "MultiLineString", "coordinates": [ [ [ 115.22952552164648, -8.787590923766814 ], [ 115.229611558405608, -8.78751408480807 ] ] ] } },
{ "type": "Feature", "properties": { "LRR": -0.39, "LR2": 0.03, "Kec": "Kuta Selatan", "Desa": "Benoa", "KLRR": "Abrasi", "Panjang": 15.3791727416 }, "geometry": { "type": "MultiLineString", "coordinates": [ [ [ 115.22948463441476, -8.787206732119328 ], [ 115.229586667026538, -8.787111701751574 ] ] ] } },
{ "type": "Feature", "properties": { "LRR": 0.52, "LR2": 0.06, "Kec": "Kuta Selatan", "Desa": "Benoa", "KLRR": "Akresi", "Panjang": 16.290144002200002 }, "geometry": { "type": "MultiLineString", "coordinates": [ [ [ 115.22854931175371, -8.787224708470886 ], [ 115.228653242735433, -8.787119818120342 ] ] ] } },
{ "type": "Feature", "properties": { "LRR": -0.22, "LR2": 0.02, "Kec": "Kuta Selatan", "Desa": "Benoa", "KLRR": "Abrasi", "Panjang": 9.4836079613299997 }, "geometry": { "type": "MultiLineString", "coordinates": [ [ [ 115.228318035576237, -8.787008576568091 ], [ 115.22837732976933, -8.786946348206937 ] ] ] } },
{ "type": "Feature", "properties": { "LRR": -0.37, "LR2": 0.16, "Kec": "Kuta Selatan", "Desa": "Benoa", "KLRR": "Abrasi", "Panjang": 7.8753924655 }, "geometry": { "type": "MultiLineString", "coordinates": [ [ [ 115.228132712639606, -8.786749173177432 ], [ 115.228180984646926, -8.786696602207741 ] ] ] } },
{ "type": "Feature", "properties": { "LRR": -0.88, "LR2": 0.38, "Kec": "Kuta Selatan", "Desa": "Benoa", "KLRR": "Abrasi", "Panjang": 11.300966904799999 }, "geometry": { "type": "MultiLineString", "coordinates": [ [ [ 115.228008821143135, -8.786537477901584 ], [ 115.228079124342941, -8.786462992858938 ] ] ] } },
{ "type": "Feature", "properties": { "LRR": -1.24, "LR2": 0.41, "Kec": "Kuta Selatan", "Desa": "Benoa", "KLRR": "Abrasi", "Panjang": 14.3114030627 }, "geometry": { "type": "MultiLineString", "coordinates": [ [ [ 115.227901184105519, -8.786356706157829 ], [ 115.227992684868738, -8.786264747706984 ] ] ] } },
{ "type": "Feature", "properties": { "LRR": -1.23, "LR2": 0.37, "Kec": "Kuta Selatan", "Desa": "Benoa", "KLRR": "Abrasi", "Panjang": 13.861674561299999 }, "geometry": { "type": "MultiLineString", "coordinates": [ [ [ 115.227846523050758, -8.78622788104283 ], [ 115.227939953979927, -8.786143812751638 ] ] ] } },
{ "type": "Feature", "properties": { "LRR": -0.48, "LR2": 0.19, "Kec": "Kuta Selatan", "Desa": "Benoa", "KLRR": "Abrasi", "Panjang": 10.375508585 }, "geometry": { "type": "MultiLineString", "coordinates": [ [ [ 115.227852051632013, -8.786062210049165 ], [ 115.227925378470815, -8.786003231063109 ] ] ] } },
{ "type": "Feature", "properties": { "LRR": -0.09, "LR2": 0.0, "Kec": "Kuta Selatan", "Desa": "Benoa", "KLRR": "Abrasi", "Panjang": 13.225282375000001 }, "geometry": { "type": "MultiLineString", "coordinates": [ [ [ 115.227862611156581, -8.785905629061251 ], [ 115.227960050516344, -8.78583561942645 ] ] ] } },
{ "type": "Feature", "properties": { "LRR": -1.24, "LR2": 0.33, "Kec": "Kuta Selatan", "Desa": "Benoa", "KLRR": "Abrasi", "Panjang": 15.4332122073 }, "geometry": { "type": "MultiLineString", "coordinates": [ [ [ 115.227313538424241, -8.785928730295906 ], [ 115.227434857249619, -8.785858701112343 ] ] ] } },
{ "type": "Feature", "properties": { "LRR": -0.89, "LR2": 0.26, "Kec": "Kuta Selatan", "Desa": "Benoa", "KLRR": "Abrasi", "Panjang": 13.8796529417 }, "geometry": { "type": "MultiLineString", "coordinates": [ [ [ 115.227127907086427, -8.785830468140489 ], [ 115.227239490111884, -8.785771939544048 ] ] ] } },
{ "type": "Feature", "properties": { "LRR": -0.58, "LR2": 0.39, "Kec": "Kuta Selatan", "Desa": "Benoa", "KLRR": "Abrasi", "Panjang": 5.9121166716999998 }, "geometry": { "type": "MultiLineString", "coordinates": [ [ [ 115.227009317622446, -8.785677703611295 ], [ 115.227057713673929, -8.785654481485288 ] ] ] } },
{ "type": "Feature", "properties": { "LRR": -0.66, "LR2": 0.39, "Kec": "Kuta Selatan", "Desa": "Benoa", "KLRR": "Abrasi", "Panjang": 8.0360806686400004 }, "geometry": { "type": "MultiLineString", "coordinates": [ [ [ 115.226944654538087, -8.785496963867363 ], [ 115.22701151618061, -8.785467728603791 ] ] ] } },
{ "type": "Feature", "properties": { "LRR": -0.48, "LR2": 0.21, "Kec": "Kuta Selatan", "Desa": "Benoa", "KLRR": "Abrasi", "Panjang": 9.1855986002099996 }, "geometry": { "type": "MultiLineString", "coordinates": [ [ [ 115.226911308464267, -8.785329492676528 ], [ 115.226989174238099, -8.785299545199367 ] ] ] } },
{ "type": "Feature", "properties": { "LRR": -0.64, "LR2": 0.3, "Kec": "Kuta Selatan", "Desa": "Benoa", "KLRR": "Abrasi", "Panjang": 9.8023379636599994 }, "geometry": { "type": "MultiLineString", "coordinates": [ [ [ 115.226908921485261, -8.7851773479037 ], [ 115.226993645139444, -8.785149949698589 ] ] ] } },
{ "type": "Feature", "properties": { "LRR": -0.77, "LR2": 0.37, "Kec": "Kuta Selatan", "Desa": "Benoa", "KLRR": "Abrasi", "Panjang": 11.5535682333 }, "geometry": { "type": "MultiLineString", "coordinates": [ [ [ 115.226896439219971, -8.785033176858938 ], [ 115.226997934600917, -8.785006400893348 ] ] ] } },
{ "type": "Feature", "properties": { "LRR": -0.93, "LR2": 0.4, "Kec": "Kuta Selatan", "Desa": "Benoa", "KLRR": "Abrasi", "Panjang": 13.4385585703 }, "geometry": { "type": "MultiLineString", "coordinates": [ [ [ 115.226883041097949, -8.78487843162964 ], [ 115.227002513498277, -8.784853198522477 ] ] ] } },
{ "type": "Feature", "properties": { "LRR": -1.09, "LR2": 0.4, "Kec": "Kuta Selatan", "Desa": "Benoa", "KLRR": "Abrasi", "Panjang": 15.500692776799999 }, "geometry": { "type": "MultiLineString", "coordinates": [ [ [ 115.226868499673472, -8.784710483820596 ], [ 115.227007466307086, -8.784687483302388 ] ] ] } },
{ "type": "Feature", "properties": { "LRR": -1.28, "LR2": 0.4, "Kec": "Kuta Selatan", "Desa": "Benoa", "KLRR": "Abrasi", "Panjang": 17.990505221199999 }, "geometry": { "type": "MultiLineString", "coordinates": [ [ [ 115.226850497093139, -8.784531304326419 ], [ 115.227012737839274, -8.784511113810584 ] ] ] } },
{ "type": "Feature", "properties": { "LRR": -1.27, "LR2": 0.43, "Kec": "Kuta Selatan", "Desa": "Benoa", "KLRR": "Abrasi", "Panjang": 17.0006157913 }, "geometry": { "type": "MultiLineString", "coordinates": [ [ [ 115.226831383005191, -8.784295515474913 ], [ 115.226984974873133, -8.784278795814924 ] ] ] } },
{ "type": "Feature", "properties": { "LRR": -1.19, "LR2": 0.1, "Kec": "Kuta Selatan", "Desa": "Benoa", "KLRR": "Abrasi", "Panjang": 29.056093859600001 }, "geometry": { "type": "MultiLineString", "coordinates": [ [ [ 115.226875615139036, -8.784032914978701 ], [ 115.227138295880522, -8.784005967480724 ] ] ] } },
{ "type": "Feature", "properties": { "LRR": -0.28, "LR2": 0.04, "Kec": "Kuta Selatan", "Desa": "Benoa", "KLRR": "Abrasi", "Panjang": 13.5893102002 }, "geometry": { "type": "MultiLineString", "coordinates": [ [ [ 115.226747842811747, -8.783523568546386 ], [ 115.226870804093835, -8.783512051690492 ] ] ] } },
{ "type": "Feature", "properties": { "LRR": -0.12, "LR2": 0.01, "Kec": "Kuta Selatan", "Desa": "Benoa", "KLRR": "Abrasi", "Panjang": 12.6283561044 }, "geometry": { "type": "MultiLineString", "coordinates": [ [ [ 115.226734064416021, -8.783268687518385 ], [ 115.22684840383954, -8.783258790041836 ] ] ] } },
{ "type": "Feature", "properties": { "LRR": 0.0, "LR2": 0.0, "Kec": "Kuta Selatan", "Desa": "Benoa", "KLRR": "Stabil", "Panjang": 11.831573151200001 }, "geometry": { "type": "MultiLineString", "coordinates": [ [ [ 115.226735252503161, -8.783018677663264 ], [ 115.226842462271634, -8.783010429182939 ] ] ] } },
{ "type": "Feature", "properties": { "LRR": 0.01, "LR2": 0.0, "Kec": "Kuta Selatan", "Desa": "Benoa", "KLRR": "Akresi", "Panjang": 12.4857768272 }, "geometry": { "type": "MultiLineString", "coordinates": [ [ [ 115.226736450672618, -8.782766538687747 ], [ 115.226849659931702, -8.78275881023608 ] ] ] } },
{ "type": "Feature", "properties": { "LRR": -0.21, "LR2": 0.02, "Kec": "Kuta Selatan", "Desa": "Benoa", "KLRR": "Abrasi", "Panjang": 14.656407018299999 }, "geometry": { "type": "MultiLineString", "coordinates": [ [ [ 115.226749613660317, -8.782514617805804 ], [ 115.226882580995891, -8.782506739937228 ] ] ] } },
{ "type": "Feature", "properties": { "LRR": -0.56, "LR2": 0.1, "Kec": "Kuta Selatan", "Desa": "Benoa", "KLRR": "Abrasi", "Panjang": 18.7271600226 }, "geometry": { "type": "MultiLineString", "coordinates": [ [ [ 115.22677002721197, -8.782257185236869 ], [ 115.226939951895943, -8.782247569829961 ] ] ] } },
{ "type": "Feature", "properties": { "LRR": 0.18, "LR2": 0.02, "Kec": "Kuta Selatan", "Desa": "Benoa", "KLRR": "Akresi", "Panjang": 9.0327661694299994 }, "geometry": { "type": "MultiLineString", "coordinates": [ [ [ 115.227135216783765, -8.78194970135247 ], [ 115.227217125318376, -8.781944228703782 ] ] ] } },
{ "type": "Feature", "properties": { "LRR": -0.49, "LR2": 0.28, "Kec": "Kuta Selatan", "Desa": "Benoa", "KLRR": "Abrasi", "Panjang": 9.2731495710799994 }, "geometry": { "type": "MultiLineString", "coordinates": [ [ [ 115.226581052303104, -8.781433643527592 ], [ 115.226665086221175, -8.781427272348081 ] ] ] } },
{ "type": "Feature", "properties": { "LRR": -1.0, "LR2": 0.35, "Kec": "Kuta Selatan", "Desa": "Benoa", "KLRR": "Abrasi", "Panjang": 15.853856774800001 }, "geometry": { "type": "MultiLineString", "coordinates": [ [ [ 115.226501768552609, -8.78115510781525 ], [ 115.226645371653049, -8.781143391398375 ] ] ] } },
{ "type": "Feature", "properties": { "LRR": -0.14, "LR2": 0.01, "Kec": "Kuta Selatan", "Desa": "Benoa", "KLRR": "Abrasi", "Panjang": 18.731268593900001 }, "geometry": { "type": "MultiLineString", "coordinates": [ [ [ 115.226491438524391, -8.780809886880563 ], [ 115.226660527592969, -8.780790261826212 ] ] ] } },
{ "type": "Feature", "properties": { "LRR": -0.18, "LR2": 0.01, "Kec": "Kuta Selatan", "Desa": "Benoa", "KLRR": "Abrasi", "Panjang": 18.1139611995 }, "geometry": { "type": "MultiLineString", "coordinates": [ [ [ 115.22652551144256, -8.780469901538609 ], [ 115.226688356582613, -8.780445881165626 ] ] ] } },
{ "type": "Feature", "properties": { "LRR": -0.25, "LR2": 0.01, "Kec": "Kuta Selatan", "Desa": "Benoa", "KLRR": "Abrasi", "Panjang": 19.889584179900002 }, "geometry": { "type": "MultiLineString", "coordinates": [ [ [ 115.226542962144123, -8.780087317117085 ], [ 115.226720190805793, -8.780051932832178 ] ] ] } },
{ "type": "Feature", "properties": { "LRR": 0.28, "LR2": 0.05, "Kec": "Kuta Selatan", "Desa": "Benoa", "KLRR": "Akresi", "Panjang": 11.3671153646 }, "geometry": { "type": "MultiLineString", "coordinates": [ [ [ 115.226628690107859, -8.779688131556703 ], [ 115.226728893177409, -8.779663125868113 ] ] ] } },
{ "type": "Feature", "properties": { "LRR": -0.13, "LR2": 0.03, "Kec": "Kuta Selatan", "Desa": "Benoa", "KLRR": "Abrasi", "Panjang": 7.8651118500699999 }, "geometry": { "type": "MultiLineString", "coordinates": [ [ [ 115.226473819617496, -8.779415418280177 ], [ 115.226542892964645, -8.779397120285193 ] ] ] } },
{ "type": "Feature", "properties": { "LRR": -0.37, "LR2": 0.1, "Kec": "Kuta Selatan", "Desa": "Benoa", "KLRR": "Abrasi", "Panjang": 12.367027245599999 }, "geometry": { "type": "MultiLineString", "coordinates": [ [ [ 115.226442575748578, -8.779115215598212 ], [ 115.226550809929904, -8.779085074403339 ] ] ] } },
{ "type": "Feature", "properties": { "LRR": -0.62, "LR2": 0.19, "Kec": "Kuta Selatan", "Desa": "Benoa", "KLRR": "Abrasi", "Panjang": 14.918042918599999 }, "geometry": { "type": "MultiLineString", "coordinates": [ [ [ 115.226431544408541, -8.778818083349043 ], [ 115.226561713872897, -8.778780363988982 ] ] ] } },
{ "type": "Feature", "properties": { "LRR": -0.84, "LR2": 0.24, "Kec": "Kuta Selatan", "Desa": "Benoa", "KLRR": "Abrasi", "Panjang": 17.923096672 }, "geometry": { "type": "MultiLineString", "coordinates": [ [ [ 115.226392287929883, -8.778525975416768 ], [ 115.226548116971912, -8.778478783224115 ] ] ] } },
{ "type": "Feature", "properties": { "LRR": -1.1, "LR2": 0.41, "Kec": "Kuta Selatan", "Desa": "Benoa", "KLRR": "Abrasi", "Panjang": 16.3947589715 }, "geometry": { "type": "MultiLineString", "coordinates": [ [ [ 115.226352082849544, -8.778208761489701 ], [ 115.226493575889918, -8.778162306551517 ] ] ] } },
{ "type": "Feature", "properties": { "LRR": -1.06, "LR2": 0.26, "Kec": "Kuta Selatan", "Desa": "Benoa", "KLRR": "Abrasi", "Panjang": 16.640178866399999 }, "geometry": { "type": "MultiLineString", "coordinates": [ [ [ 115.226504684014444, -8.77780616261642 ], [ 115.226647053359358, -8.777755422636146 ] ] ] } },
{ "type": "Feature", "properties": { "LRR": -0.46, "LR2": 0.09, "Kec": "Kuta Selatan", "Desa": "Benoa", "KLRR": "Abrasi", "Panjang": 11.7829146843 }, "geometry": { "type": "MultiLineString", "coordinates": [ [ [ 115.226000720951689, -8.777681594742326 ], [ 115.226100836142265, -8.7776437875041 ] ] ] } },
{ "type": "Feature", "properties": { "LRR": -0.19, "LR2": 0.09, "Kec": "Kuta Selatan", "Desa": "Benoa", "KLRR": "Abrasi", "Panjang": 4.9496209032399996 }, "geometry": { "type": "MultiLineString", "coordinates": [ [ [ 115.225964349269404, -8.777403670418467 ], [ 115.226006244005333, -8.777387374733975 ] ] ] } },
{ "type": "Feature", "properties": { "LRR": -0.09, "LR2": 0.6, "Kec": "Kuta Selatan", "Desa": "Benoa", "KLRR": "Abrasi", "Panjang": 0.87162914158000004 }, "geometry": { "type": "MultiLineString", "coordinates": [ [ [ 115.225956574155148, -8.77713491073661 ], [ 115.225963958355905, -8.777132057746941 ] ] ] } },
{ "type": "Feature", "properties": { "LRR": -0.34, "LR2": 0.1, "Kec": "Kuta Selatan", "Desa": "Benoa", "KLRR": "Abrasi", "Panjang": 8.7915854908199993 }, "geometry": { "type": "MultiLineString", "coordinates": [ [ [ 115.226074455219333, -8.776738936790855 ], [ 115.226148339871571, -8.77670868020839 ] ] ] } },
{ "type": "Feature", "properties": { "LRR": 0.27, "LR2": 0.08, "Kec": "Kuta Selatan", "Desa": "Benoa", "KLRR": "Akresi", "Panjang": 6.9785465625200001 }, "geometry": { "type": "MultiLineString", "coordinates": [ [ [ 115.225178240840961, -8.776763097821936 ], [ 115.225236364374325, -8.776737851074433 ] ] ] } },
{ "type": "Feature", "properties": { "LRR": 0.01, "LR2": 0.0, "Kec": "Kuta Selatan", "Desa": "Benoa", "KLRR": "Akresi", "Panjang": 5.4470198701700001 }, "geometry": { "type": "MultiLineString", "coordinates": [ [ [ 115.225094113300713, -8.77646051191399 ], [ 115.225139117115219, -8.776439997019732 ] ] ] } },
{ "type": "Feature", "properties": { "LRR": -0.02, "LR2": 0.0, "Kec": "Kuta Selatan", "Desa": "Benoa", "KLRR": "Abrasi", "Panjang": 6.1126027720999998 }, "geometry": { "type": "MultiLineString", "coordinates": [ [ [ 115.225030532674637, -8.776192735700112 ], [ 115.225081038590147, -8.776169720621709 ] ] ] } },
{ "type": "Feature", "properties": { "LRR": 0.01, "LR2": 0.0, "Kec": "Kuta Selatan", "Desa": "Benoa", "KLRR": "Akresi", "Panjang": 4.3773104816400004 }, "geometry": { "type": "MultiLineString", "coordinates": [ [ [ 115.224965946354374, -8.775934833895997 ], [ 115.225002180925969, -8.775918498113736 ] ] ] } },
{ "type": "Feature", "properties": { "LRR": -0.19, "LR2": 0.03, "Kec": "Kuta Selatan", "Desa": "Benoa", "KLRR": "Abrasi", "Panjang": 11.963583316799999 }, "geometry": { "type": "MultiLineString", "coordinates": [ [ [ 115.224908055600579, -8.775712655777479 ], [ 115.225007874470947, -8.77566977714009 ] ] ] } },
{ "type": "Feature", "properties": { "LRR": -0.52, "LR2": 0.12, "Kec": "Kuta Selatan", "Desa": "Benoa", "KLRR": "Abrasi", "Panjang": 16.1525785832 }, "geometry": { "type": "MultiLineString", "coordinates": [ [ [ 115.224896775096781, -8.77552203673446 ], [ 115.225033544377155, -8.775468987126638 ] ] ] } },
{ "type": "Feature", "properties": { "LRR": -0.77, "LR2": 0.16, "Kec": "Kuta Selatan", "Desa": "Benoa", "KLRR": "Abrasi", "Panjang": 19.934909619900001 }, "geometry": { "type": "MultiLineString", "coordinates": [ [ [ 115.224887627416109, -8.775332031664357 ], [ 115.225058655428768, -8.77527256943203 ] ] ] } },
{ "type": "Feature", "properties": { "LRR": -0.62, "LR2": 0.15, "Kec": "Kuta Selatan", "Desa": "Benoa", "KLRR": "Abrasi", "Panjang": 17.139928810499999 }, "geometry": { "type": "MultiLineString", "coordinates": [ [ [ 115.224915847418671, -8.775119402671791 ], [ 115.225064414203459, -8.77507282221897 ] ] ] } }
]
}
