{
"type": "FeatureCollection",
"name": "ADMIN",
"crs": { "type": "name", "properties": { "name": "urn:ogc:def:crs:OGC:1.3:CRS84" } },
"features": [
{ "type": "Feature", "properties": { "Desa": "Benoa", "Kec": "Kuta Selatan", "WADMKD": "Benoa", "Kab": "Badung", "Luas": 2604.0827270700001 }, "geometry": { "type": "MultiPolygon", "coordinates": [ [ [ [ 115.223808519000045, -8.768670092999969, 0.0 ], [ 115.223813031000077, -8.768931013999975, 0.0 ], [ 115.223918022000021, -8.770019012999967, 0.0 ], [ 115.224190971000098, -8.770755996999981, 0.0 ], [ 115.224299023000071, -8.771262970999942, 0.0 ], [ 115.224337982000065, -8.772290005999935, 0.0 ], [ 115.224405001000036, -8.773184025999967, 0.0 ], [ 115.224532963000115, -8.773711974999969, 0.0 ], [ 115.224631484000042, -8.774055393999959, 0.0 ], [ 115.224679001000027, -8.774221025999964, 0.0 ], [ 115.224915015000079, -8.774720013999968, 0.0 ], [ 115.225007296000058, -8.774859692999939, 0.0 ], [ 115.225019060000022, -8.775561960999937, 0.0 ], [ 115.225066649000041, -8.77607592499993, 0.0 ], [ 115.225171345000035, -8.776485191999939, 0.0 ], [ 115.225276041000029, -8.77668506699996, 0.0 ], [ 115.225485434, -8.776789762999954, 0.0 ], [ 115.225859349000075, -8.776741644999959, 0.0 ], [ 115.225932649000015, -8.777118639999969, 0.0 ], [ 115.225997003000089, -8.777449967999928, 0.0 ], [ 115.226243926000052, -8.778386073999968, 0.0 ], [ 115.226423016000012, -8.779065015999947, 0.0 ], [ 115.22650400200007, -8.779449019999959, 0.0 ], [ 115.226695999000071, -8.780206954999926, 0.0 ], [ 115.226668010000026, -8.780592977999959, 0.0 ], [ 115.22662002800007, -8.781291030999967, 0.0 ], [ 115.226707976000057, -8.781518960999961, 0.0 ], [ 115.226782036000031, -8.781814980999968, 0.0 ], [ 115.226762996000048, -8.782304996999926, 0.0 ], [ 115.226713008000047, -8.783014971999933, 0.0 ], [ 115.22675301400011, -8.784374022999941, 0.0 ], [ 115.226771838000104, -8.784439349999957, 0.0 ], [ 115.226852987000029, -8.784720964999963, 0.0 ], [ 115.226919118000069, -8.784982459999981, 0.0 ], [ 115.226921158000096, -8.784990469999968, 0.0 ], [ 115.227033183000117, -8.785572919999936, 0.0 ], [ 115.227033267000024, -8.785573357999965, 0.0 ], [ 115.227282879000086, -8.785757237999974, 0.0 ], [ 115.227454200000011, -8.785776273999943, 0.0 ], [ 115.227549378000049, -8.78567157699996, 0.0 ], [ 115.227654075000032, -8.785595434999948, 0.0 ], [ 115.227787324000019, -8.785595434999948, 0.0 ], [ 115.227853949000064, -8.78576675599993, 0.0 ], [ 115.227920574000109, -8.786118915999964, 0.0 ], [ 115.228082378000067, -8.786452040999961, 0.0 ], [ 115.228244181000036, -8.786718539999981, 0.0 ], [ 115.228463091000094, -8.787023110999939, 0.0 ], [ 115.228805734000048, -8.787108771999954, 0.0 ], [ 115.2291293400001, -8.787042146999966, 0.0 ], [ 115.229205483000101, -8.78688034299995, 0.0 ], [ 115.229215001000057, -8.786670950999962, 0.0 ], [ 115.229281626000102, -8.786556736999955, 0.0 ], [ 115.229424394000034, -8.786585289999948, 0.0 ], [ 115.229529090000028, -8.786728057999937, 0.0 ], [ 115.229519572000072, -8.786975521999977, 0.0 ], [ 115.229469710000103, -8.787244763999979, 0.0 ], [ 115.229469789000063, -8.787244868999949, 0.0 ], [ 115.229469996000034, -8.787244989999976, 0.0 ], [ 115.229579029000092, -8.787389044999941, 0.0 ], [ 115.229657007000014, -8.787618012999928, 0.0 ], [ 115.229771034, -8.787846968999929, 0.0 ], [ 115.229927014000054, -8.788000011999941, 0.0 ], [ 115.230077032000054, -8.788066973999946, 0.0 ], [ 115.230276005000064, -8.788178005999953, 0.0 ], [ 115.230345980000038, -8.78830904199998, 0.0 ], [ 115.230412373000036, -8.788538728999981, 0.0 ], [ 115.230483482000068, -8.788782751999975, 0.0 ], [ 115.230514686000106, -8.789006644999972, 0.0 ], [ 115.230539409000016, -8.789184038999963, 0.0 ], [ 115.230577541000116, -8.789390814999933, 0.0 ], [ 115.230728338000063, -8.789735696999969, 0.0 ], [ 115.230842552000013, -8.789840392999963, 0.0 ], [ 115.23094724900011, -8.789897499999938, 0.0 ], [ 115.231032909000078, -8.789926053999977, 0.0 ], [ 115.231099534, -8.789916535999964, 0.0 ], [ 115.231166159000054, -8.789859428999932, 0.0 ], [ 115.231251820000011, -8.789783285999931, 0.0 ], [ 115.231322014000057, -8.789760680999962, 0.0 ], [ 115.231375552000031, -8.789790423999932, 0.0 ], [ 115.231446935, -8.789891550999926, 0.0 ], [ 115.231458833000033, -8.790022421999936, 0.0 ], [ 115.231458833000033, -8.790171137999948, 0.0 ], [ 115.231393398000023, -8.790302007999969, 0.0 ], [ 115.23135770600004, -8.790373391999935, 0.0 ], [ 115.231399346000103, -8.790539954999929, 0.0 ], [ 115.231476679000025, -8.79061252799994, 0.0 ], [ 115.231607549000046, -8.790666065999972, 0.0 ], [ 115.231744368000022, -8.790737449999938, 0.0 ], [ 115.231863341, -8.790868319999959, 0.0 ], [ 115.231928776000018, -8.791017035999971, 0.0 ], [ 115.231964468000115, -8.791207392999979, 0.0 ], [ 115.231976366000026, -8.791379903999939, 0.0 ], [ 115.232000160000098, -8.791623798999979, 0.0 ], [ 115.232029903000011, -8.791808206999974, 0.0 ], [ 115.232071544000064, -8.791962871999942, 0.0 ], [ 115.23214292800003, -8.792218663999961, 0.0 ], [ 115.232232158000102, -8.792367380999963, 0.0 ], [ 115.232297593000112, -8.792414969999982, 0.0 ], [ 115.232363028, -8.792409020999969, 0.0 ], [ 115.23245225800008, -8.792355482999938, 0.0 ], [ 115.232571231000065, -8.792319790999954, 0.0 ], [ 115.232630717, -8.792397123999933, 0.0 ], [ 115.232630717, -8.792492301999971, 0.0 ], [ 115.232487950000063, -8.792611274999956, 0.0 ], [ 115.232333285000095, -8.792861118999951, 0.0 ], [ 115.232321091000017, -8.792939187999934, 0.0 ], [ 115.232430073000046, -8.793181791999928, 0.0 ], [ 115.232467833000101, -8.793472785999938, 0.0 ], [ 115.232545034000054, -8.79406595699993, 0.0 ], [ 115.232638986000097, -8.794467015999942, 0.0 ], [ 115.233040020000089, -8.795935962999977, 0.0 ], [ 115.233220023000058, -8.796602998999958, 0.0 ], [ 115.233387037000057, -8.796959023999932, 0.0 ], [ 115.233778977000043, -8.797627957999964, 0.0 ], [ 115.234264036000013, -8.798258006999959, 0.0 ], [ 115.234611026000039, -8.798497004999945, 0.0 ], [ 115.234855995000089, -8.79858203699996, 0.0 ], [ 115.23516999200001, -8.798619033999955, 0.0 ], [ 115.235641975000021, -8.798577044999945, 0.0 ], [ 115.23565097300002, -8.798576001999947, 0.0 ], [ 115.23577802200009, -8.79844597999994, 0.0 ], [ 115.235900027000071, -8.798225994999939, 0.0 ], [ 115.235986987000047, -8.797856968999952, 0.0 ], [ 115.235986997000055, -8.797854979999954, 0.0 ], [ 115.235987029000057, -8.797231001999933, 0.0 ], [ 115.236109004000014, -8.797111983999969, 0.0 ], [ 115.236212027000079, -8.797085981999942, 0.0 ], [ 115.236399998000024, -8.797115968999947, 0.0 ], [ 115.236788001000036, -8.797192992999953, 0.0 ], [ 115.237295981000102, -8.797209020999958, 0.0 ], [ 115.237434036000082, -8.797287042999926, 0.0 ], [ 115.237474034000115, -8.797387022999942, 0.0 ], [ 115.237530021000111, -8.797640022999929, 0.0 ], [ 115.237603014000115, -8.797815002999926, 0.0 ], [ 115.237558983000099, -8.797934023999971, 0.0 ], [ 115.237280023000039, -8.798379979999936, 0.0 ], [ 115.237191972, -8.79844103399995, 0.0 ], [ 115.236859019, -8.79859296099994, 0.0 ], [ 115.23667699900011, -8.798872957999947, 0.0 ], [ 115.236534969000104, -8.798922007999977, 0.0 ], [ 115.236338967000052, -8.79892597099996, 0.0 ], [ 115.236117032000038, -8.798961991999931, 0.0 ], [ 115.236067969000032, -8.799066978999974, 0.0 ], [ 115.23606699000004, -8.799067968999964, 0.0 ], [ 115.23600800600002, -8.799463971999955, 0.0 ], [ 115.236021988000061, -8.799740005999979, 0.0 ], [ 115.236092989000099, -8.800019017999944, 0.0 ], [ 115.236594969000066, -8.801192041999968, 0.0 ], [ 115.23693400600007, -8.801686991999929, 0.0 ], [ 115.236938035000094, -8.801690987999962, 0.0 ], [ 115.237180981000051, -8.801919010999939, 0.0 ], [ 115.237428030000046, -8.802056027999981, 0.0 ], [ 115.237577994000048, -8.80205700199997, 0.0 ], [ 115.237751966000019, -8.80198902799998, 0.0 ], [ 115.237920983000095, -8.801844015999961, 0.0 ], [ 115.238226974000099, -8.801466975999972, 0.0 ], [ 115.238228028000094, -8.801465985999926, 0.0 ], [ 115.238458967000042, -8.801143010999965, 0.0 ], [ 115.238543030000073, -8.801117008999938, 0.0 ], [ 115.238665991000062, -8.801170012999933, 0.0 ], [ 115.238914036000097, -8.801270966999937, 0.0 ], [ 115.239091991, -8.801169022999943, 0.0 ], [ 115.239287010000112, -8.801104039999927, 0.0 ], [ 115.239447033000033, -8.801132990999974, 0.0 ], [ 115.239579010000057, -8.801212972999963, 0.0 ], [ 115.239906975000054, -8.801561975999959, 0.0 ], [ 115.239946982000106, -8.801675966999937, 0.0 ], [ 115.239926988000093, -8.80184698599993, 0.0 ], [ 115.239934025000025, -8.802023012999939, 0.0 ], [ 115.240058029000011, -8.802347017999978, 0.0 ], [ 115.240266968000014, -8.802967996999939, 0.0 ], [ 115.240222985000059, -8.803155988999947, 0.0 ], [ 115.240169009000056, -8.803380994999941, 0.0 ], [ 115.240128993000098, -8.803792002999955, 0.0 ], [ 115.239996009000038, -8.804003983999962, 0.0 ], [ 115.239866005000067, -8.80409295499993, 0.0 ], [ 115.239583024000012, -8.804295013999933, 0.0 ], [ 115.239295973000026, -8.804470025999933, 0.0 ], [ 115.239051005000078, -8.804558006999969, 0.0 ], [ 115.238794001000088, -8.804575966999948, 0.0 ], [ 115.238418017000072, -8.80452304399995, 0.0 ], [ 115.238241026000082, -8.80442097599996, 0.0 ], [ 115.238219985000114, -8.80432198799997, 0.0 ], [ 115.238271023000038, -8.804227043999958, 0.0 ], [ 115.238402022000059, -8.804118010999957, 0.0 ], [ 115.238781034000112, -8.803815976999942, 0.0 ], [ 115.238746982000066, -8.803773965999937, 0.0 ], [ 115.238612031000116, -8.803752000999964, 0.0 ], [ 115.238329990000011, -8.80380301799994, 0.0 ], [ 115.237911036000014, -8.803913955999974, 0.0 ], [ 115.237691967000046, -8.803882015999932, 0.0 ], [ 115.237615014000085, -8.803815035999946, 0.0 ], [ 115.237613974000055, -8.803813042999934, 0.0 ], [ 115.23757002900004, -8.803691981999975, 0.0 ], [ 115.237510995000093, -8.803306994999957, 0.0 ], [ 115.237536969000075, -8.80282297499997, 0.0 ], [ 115.237497989000076, -8.802808962999961, 0.0 ], [ 115.237016986000071, -8.802696972999968, 0.0 ], [ 115.236854017000041, -8.802751980999972, 0.0 ], [ 115.236602977000075, -8.802951023999981, 0.0 ], [ 115.235684973000048, -8.803817017999961, 0.0 ], [ 115.235399010000037, -8.80422099599997, 0.0 ], [ 115.235050999, -8.804638963999935, 0.0 ], [ 115.233559994000075, -8.806251974999952, 0.0 ], [ 115.232900971000049, -8.807011969999962, 0.0 ], [ 115.232620011000108, -8.807465954999941, 0.0 ], [ 115.232252006000067, -8.808225959999959, 0.0 ], [ 115.231973990000029, -8.80895899799998, 0.0 ], [ 115.231899980000094, -8.809423988999981, 0.0 ], [ 115.231803023000111, -8.810616979999963, 0.0 ], [ 115.23173000700001, -8.81098299599995, 0.0 ], [ 115.231422980000048, -8.811479972999962, 0.0 ], [ 115.231074032000038, -8.811918992999949, 0.0 ], [ 115.23046096600001, -8.812531043999968, 0.0 ], [ 115.230117981000035, -8.812944960999971, 0.0 ], [ 115.229533999000068, -8.81364997999998, 0.0 ], [ 115.228899017000117, -8.814172978999977, 0.0 ], [ 115.228256972000054, -8.814715014999933, 0.0 ], [ 115.227747980000117, -8.815126971999973, 0.0 ], [ 115.226527967000038, -8.816068973999961, 0.0 ], [ 115.22558498300009, -8.816959038999926, 0.0 ], [ 115.22532, -8.817234023999958, 0.0 ], [ 115.225319930000069, -8.817234161999977, 0.0 ], [ 115.225319727000056, -8.817234372999962, 0.0 ], [ 115.22506958300005, -8.817387115999963, 0.0 ], [ 115.224841155000036, -8.817586989999938, 0.0 ], [ 115.224678580000045, -8.817761970999982, 0.0 ], [ 115.224655557, -8.817865386999927, 0.0 ], [ 115.224691249000102, -8.81808667699994, 0.0 ], [ 115.224762633000068, -8.818257997999979, 0.0 ], [ 115.224905401000115, -8.818450734999942, 0.0 ], [ 115.225005338000074, -8.818557809999959, 0.0 ], [ 115.225159019000102, -8.81857317999993, 0.0 ], [ 115.225253978000069, -8.819194037999978, 0.0 ], [ 115.225177009000049, -8.819506971999942, 0.0 ], [ 115.225030031000074, -8.819884024999965, 0.0 ], [ 115.224880001000088, -8.82008398499994, 0.0 ], [ 115.22469499400006, -8.820215986999926, 0.0 ], [ 115.223883970000088, -8.82077899799998, 0.0 ], [ 115.223690001000023, -8.821014002999959, 0.0 ], [ 115.223254971000074, -8.821660956999949, 0.0 ], [ 115.22294699400004, -8.822116971999947, 0.0 ], [ 115.222614969, -8.822726989999978, 0.0 ], [ 115.222427022000034, -8.82323798799996, 0.0 ], [ 115.22221202500009, -8.823903968999957, 0.0 ], [ 115.221996993000062, -8.824310977999971, 0.0 ], [ 115.221996988000114, -8.824311971999975, 0.0 ], [ 115.221517027000118, -8.82518396599994, 0.0 ], [ 115.220770013000106, -8.826713013999949, 0.0 ], [ 115.220664028000101, -8.827104990999942, 0.0 ], [ 115.220235991000095, -8.828776016999939, 0.0 ], [ 115.220005018000052, -8.829380001999937, 0.0 ], [ 115.220004955000036, -8.829380126999979, 0.0 ], [ 115.220004844000073, -8.829380348999962, 0.0 ], [ 115.219385012000089, -8.830615964999936, 0.0 ], [ 115.219016979000116, -8.831166960999951, 0.0 ], [ 115.218712011000093, -8.831680020999954, 0.0 ], [ 115.218426997000051, -8.832127007999929, 0.0 ], [ 115.217896971000073, -8.832791035999946, 0.0 ], [ 115.217559011000048, -8.833118996999929, 0.0 ], [ 115.217182037000043, -8.83340799399997, 0.0 ], [ 115.216948978, -8.833524032999946, 0.0 ], [ 115.216140014000075, -8.83380600199996, 0.0 ], [ 115.214630980000038, -8.834246979999932, 0.0 ], [ 115.213747974000057, -8.834494965999966, 0.0 ], [ 115.213747708000028, -8.834495032999939, 0.0 ], [ 115.213067034, -8.834665995999956, 0.0 ], [ 115.212399020000021, -8.834830034999982, 0.0 ], [ 115.211788003000038, -8.835018026999933, 0.0 ], [ 115.209859011000049, -8.835877026999981, 0.0 ], [ 115.208685013000036, -8.836377969999944, 0.0 ], [ 115.20819202000007, -8.836524035999958, 0.0 ], [ 115.207967978000056, -8.836618959999953, 0.0 ], [ 115.207864027000028, -8.836664019999944, 0.0 ], [ 115.207317037000053, -8.836893979999957, 0.0 ], [ 115.206056035000074, -8.837374972999953, 0.0 ], [ 115.205184965000058, -8.837679034999951, 0.0 ], [ 115.204448031000084, -8.837926972999981, 0.0 ], [ 115.204149025000106, -8.838085983999974, 0.0 ], [ 115.204102010000042, -8.838121010999942, 0.0 ], [ 115.204050014000018, -8.83805495699994, 0.0 ], [ 115.203154999000049, -8.83705103799997, 0.0 ], [ 115.202171035000106, -8.835935961999951, 0.0 ], [ 115.201279002000092, -8.834720991999973, 0.0 ], [ 115.200796319, -8.834144906999938, 0.0 ], [ 115.200591907000103, -8.833711554999979, 0.0 ], [ 115.200020837000011, -8.832854948999966, 0.0 ], [ 115.199735301000032, -8.832074485999954, 0.0 ], [ 115.199563980000107, -8.831255950999946, 0.0 ], [ 115.199430730000017, -8.830780057999959, 0.0 ], [ 115.199316516000067, -8.830399344999933, 0.0 ], [ 115.199449766000043, -8.829961523999941, 0.0 ], [ 115.199297480000041, -8.829390453999963, 0.0 ], [ 115.199183266000091, -8.828743240999927, 0.0 ], [ 115.199164230000065, -8.828115061999938, 0.0 ], [ 115.199164230000065, -8.827639169999941, 0.0 ], [ 115.199126159000116, -8.827087134999942, 0.0 ], [ 115.198954838000077, -8.826401850999957, 0.0 ], [ 115.198688338000011, -8.825906922999934, 0.0 ], [ 115.198478946000023, -8.825507172999949, 0.0 ], [ 115.198022089, -8.82495513899994, 0.0 ], [ 115.197508126000116, -8.824384067999972, 0.0 ], [ 115.19724162600005, -8.823832031999927, 0.0 ], [ 115.196975126000098, -8.82324192599998, 0.0 ], [ 115.196918019, -8.822861212999953, 0.0 ], [ 115.196956090000072, -8.822480498999937, 0.0 ], [ 115.197070304000022, -8.822290141999929, 0.0 ], [ 115.197108376000074, -8.822023641999976, 0.0 ], [ 115.196423091000042, -8.821700034999935, 0.0 ], [ 115.195566485000086, -8.821433535999972, 0.0 ], [ 115.194557594000116, -8.821433535999972, 0.0 ], [ 115.194100737000099, -8.821414500999936, 0.0 ], [ 115.19360581, -8.821186071999932, 0.0 ], [ 115.192863418000115, -8.820919572999969, 0.0 ], [ 115.19250460100011, -8.82089394299993, 0.0 ], [ 115.191970196000057, -8.820568524999942, 0.0 ], [ 115.190955090000102, -8.820318043999976, 0.0 ], [ 115.18905152100001, -8.819937330999949, 0.0 ], [ 115.189931921000039, -8.818985545999965, 0.0 ], [ 115.189527413000064, -8.818700010999976, 0.0 ], [ 115.188147326000035, -8.818390680999926, 0.0 ], [ 115.187933175000012, -8.818224118999979, 0.0 ], [ 115.188434955000048, -8.817294895999964, 0.0 ], [ 115.187986973000079, -8.816857036999977, 0.0 ], [ 115.187963079000042, -8.816834323999956, 0.0 ], [ 115.1870051840001, -8.816820236999945, 0.0 ], [ 115.183673939000073, -8.816487112999937, 0.0 ], [ 115.181913138000027, -8.816391933999967, 0.0 ], [ 115.181936933000088, -8.814988051999933, 0.0 ], [ 115.181967628000052, -8.814036493999936, 0.0 ], [ 115.181850018000091, -8.813998006999952, 0.0 ], [ 115.181848009000078, -8.813995014999932, 0.0 ], [ 115.181843017, -8.813989024999955, 0.0 ], [ 115.18184399300003, -8.813958025999966, 0.0 ], [ 115.181802005, -8.813793041999929, 0.0 ], [ 115.181658002000063, -8.813599995999937, 0.0 ], [ 115.181112013000075, -8.812957033999965, 0.0 ], [ 115.181090033000032, -8.812945989999946, 0.0 ], [ 115.180712972000038, -8.812702010999942, 0.0 ], [ 115.18059499200001, -8.812521021999942, 0.0 ], [ 115.180327991000013, -8.812024032999943, 0.0 ], [ 115.180151006000074, -8.811755983999944, 0.0 ], [ 115.180109979, -8.811547979999943, 0.0 ], [ 115.18007698200006, -8.811353029999964, 0.0 ], [ 115.180053979000036, -8.811352014999954, 0.0 ], [ 115.180094964000091, -8.810864018999951, 0.0 ], [ 115.180237996000074, -8.810290013999975, 0.0 ], [ 115.18046998300008, -8.809334000999968, 0.0 ], [ 115.180810034000046, -8.808501981999939, 0.0 ], [ 115.181231036000099, -8.807605996999939, 0.0 ], [ 115.181608733000076, -8.806908642999929, 0.0 ], [ 115.181861998000045, -8.806441031999952, 0.0 ], [ 115.181951630000071, -8.806307941999933, 0.0 ], [ 115.182141313000102, -8.806026293999935, 0.0 ], [ 115.182353002000013, -8.805711970999937, 0.0 ], [ 115.182761989000028, -8.80480399299995, 0.0 ], [ 115.183090030000017, -8.804035003999957, 0.0 ], [ 115.183187963000023, -8.803347971999926, 0.0 ], [ 115.183138033000091, -8.80281397899995, 0.0 ], [ 115.182855006000068, -8.802238003999946, 0.0 ], [ 115.182587, -8.801854993999939, 0.0 ], [ 115.182143021000115, -8.801381014999947, 0.0 ], [ 115.181561033000094, -8.80088404199995, 0.0 ], [ 115.180929979000098, -8.800474960999964, 0.0 ], [ 115.180249966000019, -8.800146993999931, 0.0 ], [ 115.179663976000029, -8.799979017999931, 0.0 ], [ 115.179837994000081, -8.799734, 0.0 ], [ 115.180073029000027, -8.799471017999963, 0.0 ], [ 115.180408974000102, -8.799216025999954, 0.0 ], [ 115.180820037000103, -8.798741025999959, 0.0 ], [ 115.180834970000092, -8.798552996999945, 0.0 ], [ 115.180882963000045, -8.798240028999942, 0.0 ], [ 115.18097703400008, -8.798083023999936, 0.0 ], [ 115.181308021000063, -8.79769196999996, 0.0 ], [ 115.181766986000071, -8.797229041999969, 0.0 ], [ 115.181923985000026, -8.797168966999948, 0.0 ], [ 115.183183037000049, -8.796815022999965, 0.0 ], [ 115.18353400400008, -8.796628975999965, 0.0 ], [ 115.183859984000037, -8.796357028999978, 0.0 ], [ 115.18420401700007, -8.795933041999945, 0.0 ], [ 115.18431596500011, -8.79567497599993, 0.0 ], [ 115.185080022000079, -8.794888018999927, 0.0 ], [ 115.186089996000078, -8.794048009999926, 0.0 ], [ 115.187084009000046, -8.793437962999974, 0.0 ], [ 115.188346018000061, -8.792750019999971, 0.0 ], [ 115.189515014000108, -8.792093983999962, 0.0 ], [ 115.190713968000068, -8.791363967999928, 0.0 ], [ 115.191335026000047, -8.790945008999927, 0.0 ], [ 115.192493034000108, -8.790450978999957, 0.0 ], [ 115.193141028000014, -8.790226031999964, 0.0 ], [ 115.193907024000055, -8.789929969999946, 0.0 ], [ 115.194403034000061, -8.789549995999948, 0.0 ], [ 115.194980004000058, -8.789087971999948, 0.0 ], [ 115.19536697, -8.788986960999978, 0.0 ], [ 115.195468990000109, -8.789044033999971, 0.0 ], [ 115.195697987000017, -8.789096020999978, 0.0 ], [ 115.196061996000026, -8.789092972999981, 0.0 ], [ 115.196071971000038, -8.789076026999965, 0.0 ], [ 115.196260009000071, -8.788717986999927, 0.0 ], [ 115.196804963000091, -8.787684989999946, 0.0 ], [ 115.196944966000046, -8.787419007999972, 0.0 ], [ 115.196970988000089, -8.787368964999928, 0.0 ], [ 115.197118002000025, -8.786924042999942, 0.0 ], [ 115.19717899300008, -8.786910956999975, 0.0 ], [ 115.197107963, -8.786116987999947, 0.0 ], [ 115.197125973000084, -8.784918042999948, 0.0 ], [ 115.197018025000034, -8.78441296699998, 0.0 ], [ 115.196867016000056, -8.783483029999957, 0.0 ], [ 115.196906978000015, -8.782983, 0.0 ], [ 115.197032973000091, -8.782854975999953, 0.0 ], [ 115.19697403400005, -8.782458963999943, 0.0 ], [ 115.197177002000103, -8.782050012999946, 0.0 ], [ 115.197539032, -8.781632963999925, 0.0 ], [ 115.198209800000086, -8.781545989999927, 0.0 ], [ 115.198487028000045, -8.781510042999969, 0.0 ], [ 115.19882146100008, -8.781494140999939, 0.0 ], [ 115.19913998800007, -8.78147899399994, 0.0 ], [ 115.199610979000113, -8.781465966999974, 0.0 ], [ 115.199642983000103, -8.78146503499994, 0.0 ], [ 115.199679035000031, -8.781464031999974, 0.0 ], [ 115.199795860000108, -8.781449725999948, 0.0 ], [ 115.199998022000045, -8.781424968999943, 0.0 ], [ 115.200379008000027, -8.781319040999961, 0.0 ], [ 115.200396429000079, -8.781311034999931, 0.0 ], [ 115.200796980000064, -8.781126965999931, 0.0 ], [ 115.201035, -8.781063019999976, 0.0 ], [ 115.201104796000095, -8.781068909999931, 0.0 ], [ 115.201295015000028, -8.78108495999993, 0.0 ], [ 115.201424899000017, -8.781136811999943, 0.0 ], [ 115.20151798400002, -8.781173973999955, 0.0 ], [ 115.201573541000016, -8.781216532999963, 0.0 ], [ 115.201766023, -8.781363982999949, 0.0 ], [ 115.202119003, -8.781719997999971, 0.0 ], [ 115.202333976000091, -8.781867003999935, 0.0 ], [ 115.202594020000106, -8.781944984999939, 0.0 ], [ 115.202874027, -8.781954996999957, 0.0 ], [ 115.203437679000103, -8.781964218999974, 0.0 ], [ 115.20366901500006, -8.781968003999964, 0.0 ], [ 115.203738789000113, -8.781982421999942, 0.0 ], [ 115.204084975000114, -8.782053957999949, 0.0 ], [ 115.204294014000084, -8.782157004999931, 0.0 ], [ 115.204502024000021, -8.782333986999959, 0.0 ], [ 115.206114982000031, -8.783878038999944, 0.0 ], [ 115.206308640000088, -8.784019199999932, 0.0 ], [ 115.207077982000101, -8.784579986999972, 0.0 ], [ 115.207786989000056, -8.785191960999953, 0.0 ], [ 115.207788679000032, -8.785196188999976, 0.0 ], [ 115.207828976000087, -8.78529701399998, 0.0 ], [ 115.207934014000102, -8.785475040999927, 0.0 ], [ 115.208088011000086, -8.785554955999942, 0.0 ], [ 115.208135026000036, -8.785565031999965, 0.0 ], [ 115.208275968000066, -8.785570040999971, 0.0 ], [ 115.208295643000042, -8.785571106999953, 0.0 ], [ 115.208524411000099, -8.785583495999958, 0.0 ], [ 115.208995, -8.785608980999939, 0.0 ], [ 115.209790013000088, -8.785744005999959, 0.0 ], [ 115.210526002000051, -8.785778955999945, 0.0 ], [ 115.212233030000107, -8.78614003399997, 0.0 ], [ 115.212674109000091, -8.786348314999941, 0.0 ], [ 115.212897526, -8.786453813999969, 0.0 ], [ 115.212919617000011, -8.786464246999969, 0.0 ], [ 115.213200668000013, -8.786600360999955, 0.0 ], [ 115.213904015000026, -8.786860961999935, 0.0 ], [ 115.214345963000028, -8.787062007999964, 0.0 ], [ 115.214410031000057, -8.787048028999948, 0.0 ], [ 115.214474016000054, -8.787020039999959, 0.0 ], [ 115.214591020000057, -8.786937975999933, 0.0 ], [ 115.214644012, -8.786857959999963, 0.0 ], [ 115.214798015000042, -8.786577029999933, 0.0 ], [ 115.214994996000087, -8.786444996999933, 0.0 ], [ 115.215268031000051, -8.786347039999953, 0.0 ], [ 115.21545698500006, -8.786341968999977, 0.0 ], [ 115.215626022000038, -8.78639600899993, 0.0 ], [ 115.216904017000047, -8.786976042999981, 0.0 ], [ 115.217358000000104, -8.787184011999955, 0.0 ], [ 115.21754803400006, -8.787156979999963, 0.0 ], [ 115.217887011000016, -8.787091963999956, 0.0 ], [ 115.219486035000045, -8.787113983999973, 0.0 ], [ 115.220034, -8.787149022999927, 0.0 ], [ 115.220226010000033, -8.787132031999931, 0.0 ], [ 115.220223026000099, -8.787082030999954, 0.0 ], [ 115.220111012000075, -8.786950976999947, 0.0 ], [ 115.219900966000068, -8.786789991999967, 0.0 ], [ 115.219566992000068, -8.786638996999955, 0.0 ], [ 115.2186589800001, -8.786248010999941, 0.0 ], [ 115.218120975000033, -8.785869981999952, 0.0 ], [ 115.217562029000078, -8.785435990999929, 0.0 ], [ 115.217262006000055, -8.785143963999928, 0.0 ], [ 115.216954836000014, -8.784743902999935, 0.0 ], [ 115.216934970000011, -8.784718028999976, 0.0 ], [ 115.216706020000061, -8.78429499799995, 0.0 ], [ 115.216309997000053, -8.783376012999952, 0.0 ], [ 115.216230769000049, -8.783102074999931, 0.0 ], [ 115.216143972000054, -8.782801964999976, 0.0 ], [ 115.215614028000118, -8.780613972999959, 0.0 ], [ 115.215266840000027, -8.779497191999951, 0.0 ], [ 115.215148016000057, -8.77911497599996, 0.0 ], [ 115.215079040000091, -8.778961812999967, 0.0 ], [ 115.214839981000068, -8.778430971999967, 0.0 ], [ 115.214572997, -8.778079984999977, 0.0 ], [ 115.214362988000062, -8.777709018999929, 0.0 ], [ 115.214213972000039, -8.777245960999949, 0.0 ], [ 115.214004964000083, -8.776289986999927, 0.0 ], [ 115.213962977000051, -8.775824000999933, 0.0 ], [ 115.21401198, -8.775575023999977, 0.0 ], [ 115.214134026000011, -8.775331001999973, 0.0 ], [ 115.214424024000095, -8.774911963999955, 0.0 ], [ 115.214722966000068, -8.774566003999951, 0.0 ], [ 115.214942996000104, -8.774407954999958, 0.0 ], [ 115.215212972000018, -8.774305010999967, 0.0 ], [ 115.215769002000116, -8.774074971999937, 0.0 ], [ 115.215909803000045, -8.774000383999976, 0.0 ], [ 115.217256841000108, -8.773286797999958, 0.0 ], [ 115.217364012000075, -8.773230024999975, 0.0 ], [ 115.21747228400011, -8.773036954999952, 0.0 ], [ 115.217493033000096, -8.772999954999932, 0.0 ], [ 115.217612990000021, -8.772596018999934, 0.0 ], [ 115.217645970000035, -8.772248980999962, 0.0 ], [ 115.217604022000046, -8.771397021999974, 0.0 ], [ 115.217475972000102, -8.770764037999982, 0.0 ], [ 115.217256, -8.770078011999942, 0.0 ], [ 115.216944036000086, -8.769447955999965, 0.0 ], [ 115.216516962000014, -8.768642664999959, 0.0 ], [ 115.216537933000041, -8.768635899999936, 0.0 ], [ 115.216881754000042, -8.768576958999972, 0.0 ], [ 115.217215752000016, -8.768576958999972, 0.0 ], [ 115.217589043000089, -8.76866537099994, 0.0 ], [ 115.217785513000081, -8.768626075999975, 0.0 ], [ 115.218178451000085, -8.768557311999928, 0.0 ], [ 115.218532095000114, -8.768685016999939, 0.0 ], [ 115.218836623000016, -8.76866537099994, 0.0 ], [ 115.219150974000058, -8.768616252999948, 0.0 ], [ 115.219219738000106, -8.768616252999948, 0.0 ], [ 115.219455502000073, -8.768635899999936, 0.0 ], [ 115.219779675000041, -8.768675193999968, 0.0 ], [ 115.220703081000011, -8.76865554699998, 0.0 ], [ 115.221469311000078, -8.768576958999972, 0.0 ], [ 115.221881897000117, -8.768586782999932, 0.0 ], [ 115.222225718000118, -8.768714487999944, 0.0 ], [ 115.222618657000112, -8.768626076999965, 0.0 ], [ 115.223335770000062, -8.76865554699998, 0.0 ], [ 115.223808519000045, -8.768670092999969, 0.0 ] ] ] ] } },
{ "type": "Feature", "properties": { "Desa": "Canggu", "Kec": "Kuta Utara", "WADMKD": "Canggu", "Kab": "Badung", "Luas": 563.55033396800002 }, "geometry": { "type": "MultiPolygon", "coordinates": [ [ [ [ 115.156292963000055, -8.617134992999979, 0.0 ], [ 115.156889031000105, -8.617621979999967, 0.0 ], [ 115.157154987000013, -8.618078004999973, 0.0 ], [ 115.157234025000093, -8.618586009999945, 0.0 ], [ 115.157176980000031, -8.619120027999941, 0.0 ], [ 115.157080990000054, -8.619560034999949, 0.0 ], [ 115.156797027000039, -8.619960000999981, 0.0 ], [ 115.156243963000065, -8.620397992999926, 0.0 ], [ 115.155798015000073, -8.620943971999964, 0.0 ], [ 115.155499990000067, -8.621369990999938, 0.0 ], [ 115.155376023000031, -8.622064036999973, 0.0 ], [ 115.155332989000044, -8.622612040999968, 0.0 ], [ 115.155268967000097, -8.623101009999971, 0.0 ], [ 115.155243976000065, -8.62315702199993, 0.0 ], [ 115.155110028000081, -8.623453035999944, 0.0 ], [ 115.155007014000034, -8.62365700099997, 0.0 ], [ 115.154826037000021, -8.62390397799993, 0.0 ], [ 115.154693009000084, -8.624611989999948, 0.0 ], [ 115.154617978000033, -8.624730038999928, 0.0 ], [ 115.154548974000022, -8.624809972999969, 0.0 ], [ 115.154525013000011, -8.624946977999969, 0.0 ], [ 115.154556965000097, -8.625000008999962, 0.0 ], [ 115.154712981000102, -8.625265961999958, 0.0 ], [ 115.154808002000095, -8.625535958999933, 0.0 ], [ 115.154997963000028, -8.625892011999952, 0.0 ], [ 115.15509897700008, -8.626054022999938, 0.0 ], [ 115.155108964000078, -8.626126020999948, 0.0 ], [ 115.155002967000087, -8.626249976999929, 0.0 ], [ 115.154823009000097, -8.626332992999949, 0.0 ], [ 115.154271037000058, -8.626528018999977, 0.0 ], [ 115.154306004000091, -8.626747019999925, 0.0 ], [ 115.154377965000094, -8.627430978999939, 0.0 ], [ 115.154376034000052, -8.627736033999952, 0.0 ], [ 115.154339997000079, -8.627906966999944, 0.0 ], [ 115.154156975000092, -8.628235012999937, 0.0 ], [ 115.154102006000016, -8.628447975999961, 0.0 ], [ 115.154162975000077, -8.62861901499997, 0.0 ], [ 115.154273025000066, -8.628802039999925, 0.0 ], [ 115.154293016000111, -8.628911958999936, 0.0 ], [ 115.154293980000034, -8.628914041999963, 0.0 ], [ 115.153779020000115, -8.629338019999977, 0.0 ], [ 115.153450976000045, -8.629727012999979, 0.0 ], [ 115.153421998000113, -8.629816990999927, 0.0 ], [ 115.153331964000017, -8.630046958999969, 0.0 ], [ 115.153274974000055, -8.630166992999932, 0.0 ], [ 115.153303974000096, -8.630395997999926, 0.0 ], [ 115.153421037000044, -8.630585022999981, 0.0 ], [ 115.153974986000094, -8.631017037999925, 0.0 ], [ 115.154184031000113, -8.631192042999942, 0.0 ], [ 115.154285015000028, -8.631314011999962, 0.0 ], [ 115.154288993000023, -8.631404962999966, 0.0 ], [ 115.15421799100011, -8.63149501099997, 0.0 ], [ 115.1540890120001, -8.631568960999971, 0.0 ], [ 115.154023005000113, -8.631895037999925, 0.0 ], [ 115.154000981000081, -8.632373, 0.0 ], [ 115.153997978, -8.632435986999951, 0.0 ], [ 115.15393803500001, -8.632654982999952, 0.0 ], [ 115.153847025, -8.632808024999974, 0.0 ], [ 115.153693010000097, -8.632916021999961, 0.0 ], [ 115.153590001000111, -8.632963973999949, 0.0 ], [ 115.153500984000061, -8.63315399499993, 0.0 ], [ 115.153489988000047, -8.633273978999966, 0.0 ], [ 115.153485001000035, -8.633329001999925, 0.0 ], [ 115.153771987000027, -8.633650993999936, 0.0 ], [ 115.153883978000067, -8.633774010999957, 0.0 ], [ 115.153921974000014, -8.633939967999936, 0.0 ], [ 115.153951971000083, -8.634071989999939, 0.0 ], [ 115.153939967000042, -8.634199018999936, 0.0 ], [ 115.153792006000117, -8.634356035999929, 0.0 ], [ 115.15339799100002, -8.634353956999973, 0.0 ], [ 115.153295003000039, -8.634382023999933, 0.0 ], [ 115.15315397300003, -8.634577036999929, 0.0 ], [ 115.153077009000071, -8.634907037999938, 0.0 ], [ 115.153095965000034, -8.635675978999927, 0.0 ], [ 115.152891993000026, -8.635890031999963, 0.0 ], [ 115.152810976000069, -8.63597496899996, 0.0 ], [ 115.152692003000084, -8.63608602599993, 0.0 ], [ 115.152646977000018, -8.636241006999967, 0.0 ], [ 115.152629033000039, -8.63635697999996, 0.0 ], [ 115.152412033000019, -8.636584979999952, 0.0 ], [ 115.152229032000037, -8.636707026999943, 0.0 ], [ 115.1517440020001, -8.636765971999978, 0.0 ], [ 115.151638965000075, -8.636783994999973, 0.0 ], [ 115.151545965000082, -8.636929976999966, 0.0 ], [ 115.151490028000012, -8.637064024999972, 0.0 ], [ 115.15102498300007, -8.637449007999976, 0.0 ], [ 115.150827977000063, -8.63755498699993, 0.0 ], [ 115.150492027000041, -8.637658036999937, 0.0 ], [ 115.150301995000063, -8.637700957999925, 0.0 ], [ 115.149567019000074, -8.638321996999935, 0.0 ], [ 115.149480012000026, -8.638390995999941, 0.0 ], [ 115.149283964, -8.638545969999939, 0.0 ], [ 115.149139005000052, -8.638608993999981, 0.0 ], [ 115.148971975000109, -8.638651030999938, 0.0 ], [ 115.148417013000085, -8.63904000499997, 0.0 ], [ 115.148167970000031, -8.639247960999967, 0.0 ], [ 115.1481000120001, -8.639695960999973, 0.0 ], [ 115.148083001000032, -8.639819981999949, 0.0 ], [ 115.148064025000053, -8.639962975999936, 0.0 ], [ 115.147988036000015, -8.640229978999969, 0.0 ], [ 115.148024999000086, -8.640560980999965, 0.0 ], [ 115.148221009000054, -8.640905043999965, 0.0 ], [ 115.148279988000013, -8.641023015999963, 0.0 ], [ 115.148230978000015, -8.641302983999935, 0.0 ], [ 115.148137017000067, -8.641460980999966, 0.0 ], [ 115.147987036000018, -8.641600991999951, 0.0 ], [ 115.147948032000045, -8.641948980999928, 0.0 ], [ 115.147923971000068, -8.64218197699995, 0.0 ], [ 115.147853010000063, -8.642401007999979, 0.0 ], [ 115.147658017000026, -8.642585, 0.0 ], [ 115.147531982000032, -8.642637990999958, 0.0 ], [ 115.147450975000083, -8.642659020999929, 0.0 ], [ 115.147287966000022, -8.642904993999935, 0.0 ], [ 115.147109016000059, -8.64334703399993, 0.0 ], [ 115.14701, -8.643680992999975, 0.0 ], [ 115.146845002000077, -8.644119031999935, 0.0 ], [ 115.146615011000108, -8.644504962999974, 0.0 ], [ 115.146434996000039, -8.644720030999963, 0.0 ], [ 115.146247994000078, -8.644832020999957, 0.0 ], [ 115.145918025000014, -8.644889988999978, 0.0 ], [ 115.145723020000105, -8.644938035999928, 0.0 ], [ 115.145606014, -8.645044036999934, 0.0 ], [ 115.145538017000035, -8.645208034999939, 0.0 ], [ 115.145540992000065, -8.645533990999979, 0.0 ], [ 115.145538989000102, -8.645622018999973, 0.0 ], [ 115.14544701300008, -8.645725972999969, 0.0 ], [ 115.145299036000097, -8.645807961999935, 0.0 ], [ 115.145185009000102, -8.645993970999939, 0.0 ], [ 115.145056009000086, -8.646316033999938, 0.0 ], [ 115.144944997000039, -8.646482985999967, 0.0 ], [ 115.144822973000032, -8.646649974999946, 0.0 ], [ 115.144798026000103, -8.646787967999956, 0.0 ], [ 115.144786967000073, -8.646919972999967, 0.0 ], [ 115.1447009850001, -8.647038958999929, 0.0 ], [ 115.144534044000011, -8.647197743999925, 0.0 ], [ 115.144456007000031, -8.647271968999974, 0.0 ], [ 115.144363001000102, -8.64767799599997, 0.0 ], [ 115.144170967000036, -8.648083, 0.0 ], [ 115.14412699200011, -8.64822099099996, 0.0 ], [ 115.144154978000074, -8.648411032999945, 0.0 ], [ 115.144274027000051, -8.648805974999959, 0.0 ], [ 115.144241005000026, -8.649047965999955, 0.0 ], [ 115.143675983000094, -8.649743025999953, 0.0 ], [ 115.143060030000015, -8.650283001999981, 0.0 ], [ 115.142833006000046, -8.650504978999948, 0.0 ], [ 115.142726022000033, -8.650842964999981, 0.0 ], [ 115.142667018000111, -8.650975006999943, 0.0 ], [ 115.142525970000065, -8.651109994999956, 0.0 ], [ 115.141919965000056, -8.651301026999931, 0.0 ], [ 115.141413992000025, -8.651380008999979, 0.0 ], [ 115.141131997000116, -8.651384966999956, 0.0 ], [ 115.140931030000047, -8.651426020999963, 0.0 ], [ 115.140733009000087, -8.651568956999938, 0.0 ], [ 115.140600977000076, -8.651744030999964, 0.0 ], [ 115.140527973000076, -8.652087964999964, 0.0 ], [ 115.140450963000035, -8.652500032999967, 0.0 ], [ 115.140387001000022, -8.652604030999953, 0.0 ], [ 115.140260977000025, -8.652654034999955, 0.0 ], [ 115.139783991000058, -8.652870998999958, 0.0 ], [ 115.139563994000014, -8.653018978999967, 0.0 ], [ 115.13938801900008, -8.65320296699997, 0.0 ], [ 115.139220967000028, -8.653247981999925, 0.0 ], [ 115.138846971000021, -8.65323902199998, 0.0 ], [ 115.138711031000071, -8.653264030999935, 0.0 ], [ 115.138608024000064, -8.653432012999929, 0.0 ], [ 115.138472037000042, -8.654168015999971, 0.0 ], [ 115.138416028000051, -8.654375997999978, 0.0 ], [ 115.138092015000097, -8.654775021999967, 0.0 ], [ 115.137877014000082, -8.654958005999958, 0.0 ], [ 115.137659969000083, -8.655130041999939, 0.0 ], [ 115.137501033000035, -8.655321975999925, 0.0 ], [ 115.137326963000078, -8.655833990999952, 0.0 ], [ 115.137203968000108, -8.656197023999937, 0.0 ], [ 115.136877003000109, -8.657165024999927, 0.0 ], [ 115.13675803000001, -8.65750195499993, 0.0 ], [ 115.13667302500005, -8.657725974999948, 0.0 ], [ 115.136187035000034, -8.658157016999951, 0.0 ], [ 115.135900999000114, -8.65843401799998, 0.0 ], [ 115.135712990000115, -8.658641988999932, 0.0 ], [ 115.135476033000032, -8.658855956999957, 0.0 ], [ 115.135322019000114, -8.659051979999958, 0.0 ], [ 115.135233010000093, -8.659632018999957, 0.0 ], [ 115.135048027000039, -8.660426983999969, 0.0 ], [ 115.134497999000018, -8.661218990999942, 0.0 ], [ 115.134481025000014, -8.661243041999967, 0.0 ], [ 115.134188009000013, -8.661689032999959, 0.0 ], [ 115.134139031000018, -8.661777011999959, 0.0 ], [ 115.134127020000051, -8.661873035999974, 0.0 ], [ 115.134177032000025, -8.662000998999929, 0.0 ], [ 115.134239972000046, -8.662119984999947, 0.0 ], [ 115.134300036000013, -8.662230009999973, 0.0 ], [ 115.134675980000111, -8.662438019999968, 0.0 ], [ 115.13505598100005, -8.662658974999943, 0.0 ], [ 115.135165974000074, -8.662792020999973, 0.0 ], [ 115.135233974000016, -8.662902987999928, 0.0 ], [ 115.135270032000108, -8.663035039999954, 0.0 ], [ 115.135296021000045, -8.663310036999974, 0.0 ], [ 115.135259034000114, -8.663549023999963, 0.0 ], [ 115.135200981000025, -8.663487004999979, 0.0 ], [ 115.135200626000028, -8.663486718999934, 0.0 ], [ 115.134889968000039, -8.663237009999932, 0.0 ], [ 115.134680029000037, -8.663106007999943, 0.0 ], [ 115.134529966000059, -8.663046974999929, 0.0 ], [ 115.13431601100001, -8.662909986999978, 0.0 ], [ 115.133879016000037, -8.662534007999966, 0.0 ], [ 115.133596993000083, -8.662223955999934, 0.0 ], [ 115.133308011000054, -8.662018989999979, 0.0 ], [ 115.132994974000098, -8.661861, 0.0 ], [ 115.132758982000041, -8.661741980999977, 0.0 ], [ 115.132631972000013, -8.661672032999945, 0.0 ], [ 115.132631664000087, -8.66167186399997, 0.0 ], [ 115.13197599700004, -8.661312969999926, 0.0 ], [ 115.131596018000096, -8.661058025999978, 0.0 ], [ 115.131320990000063, -8.660818960999961, 0.0 ], [ 115.130439009000042, -8.660048972999959, 0.0 ], [ 115.129636994000066, -8.659348972999965, 0.0 ], [ 115.129337025000041, -8.658988032999957, 0.0 ], [ 115.128841011000077, -8.658368979999977, 0.0 ], [ 115.127706017000037, -8.657365, 0.0 ], [ 115.12716199700003, -8.656941038999946, 0.0 ], [ 115.126262032000113, -8.65620602599995, 0.0 ], [ 115.125291015000016, -8.655493983999975, 0.0 ], [ 115.125124013000118, -8.655240983999931, 0.0 ], [ 115.125001005000058, -8.655089975999942, 0.0 ], [ 115.125000036000074, -8.655088976999934, 0.0 ], [ 115.124891996000088, -8.654956028999948, 0.0 ], [ 115.124451989000022, -8.654480963999958, 0.0 ], [ 115.124374612000111, -8.65440435599993, 0.0 ], [ 115.12460507600008, -8.654179380999949, 0.0 ], [ 115.124919164000062, -8.653798666999933, 0.0 ], [ 115.125261807000015, -8.653417952999973, 0.0 ], [ 115.125518789000012, -8.65328470299994, 0.0 ], [ 115.126127931000042, -8.652980131999925, 0.0 ], [ 115.126546716, -8.652818328999956, 0.0 ], [ 115.12669900100002, -8.652694596999936, 0.0 ], [ 115.127022608000061, -8.652532793999967, 0.0 ], [ 115.127260554000031, -8.652218704999939, 0.0 ], [ 115.127498500000115, -8.65205690099998, 0.0 ], [ 115.127955356000029, -8.651590526999939, 0.0 ], [ 115.128278963000071, -8.65132402699993, 0.0 ], [ 115.128554981000093, -8.650933795999947, 0.0 ], [ 115.128754855000011, -8.650686331999964, 0.0 ], [ 115.129002320000041, -8.650543563999975, 0.0 ], [ 115.129487730000051, -8.650086706999957, 0.0 ], [ 115.129687604000083, -8.649839242999974, 0.0 ], [ 115.129973140000061, -8.649677439999948, 0.0 ], [ 115.130249157000094, -8.649534672999948, 0.0 ], [ 115.130410960000063, -8.649372868999933, 0.0 ], [ 115.130591799000058, -8.64910636999997, 0.0 ], [ 115.130763121000086, -8.64900167299993, 0.0 ], [ 115.130829745000028, -8.648792279999952, 0.0 ], [ 115.130848782000044, -8.648421084999939, 0.0 ], [ 115.130848781000054, -8.648145067999963, 0.0 ], [ 115.130924924000055, -8.647954709999965, 0.0 ], [ 115.131029620000049, -8.647716764999927, 0.0 ], [ 115.131181906000052, -8.647278942999947, 0.0 ], [ 115.131486477000067, -8.646593658999961, 0.0 ], [ 115.131619726000054, -8.646003552999957, 0.0 ], [ 115.131562620000068, -8.645718016999979, 0.0 ], [ 115.131520461000036, -8.645540011999969, 0.0 ], [ 115.131571, -8.645413014999974, 0.0 ], [ 115.131702037000082, -8.645227002999945, 0.0 ], [ 115.131710981000083, -8.645220990999974, 0.0 ], [ 115.13189503500007, -8.645114959999944, 0.0 ], [ 115.132113021, -8.645040006999977, 0.0 ], [ 115.133042026000112, -8.644743996999978, 0.0 ], [ 115.13327898700004, -8.644633974999977, 0.0 ], [ 115.133497975000068, -8.644477043999927, 0.0 ], [ 115.133612999000093, -8.644286976999979, 0.0 ], [ 115.133597009000027, -8.644157010999947, 0.0 ], [ 115.133512971000073, -8.643911016999937, 0.0 ], [ 115.133544997000058, -8.643827021999925, 0.0 ], [ 115.133651021000105, -8.64376101299996, 0.0 ], [ 115.134031994000111, -8.643582996999953, 0.0 ], [ 115.134241990000078, -8.643335000999969, 0.0 ], [ 115.13428500200007, -8.643180013999938, 0.0 ], [ 115.134368977, -8.643043032999969, 0.0 ], [ 115.134501977000014, -8.642959981999979, 0.0 ], [ 115.134799988000054, -8.642849983999952, 0.0 ], [ 115.135006014000055, -8.642738996999981, 0.0 ], [ 115.135093979000089, -8.642612971999938, 0.0 ], [ 115.135262006000062, -8.642384022999977, 0.0 ], [ 115.135494981000079, -8.642230954999945, 0.0 ], [ 115.135724033000088, -8.64217503499998, 0.0 ], [ 115.136120963000053, -8.64210302999993, 0.0 ], [ 115.13617199600003, -8.641962000999968, 0.0 ], [ 115.136329003000014, -8.64171898799998, 0.0 ], [ 115.136596005000115, -8.641486000999976, 0.0 ], [ 115.136929020000025, -8.641279998999948, 0.0 ], [ 115.137090008000087, -8.641172044999962, 0.0 ], [ 115.137131980000049, -8.641136996999933, 0.0 ], [ 115.137490017, -8.640839010999969, 0.0 ], [ 115.137770002000025, -8.64072295699998, 0.0 ], [ 115.138374972000065, -8.640480040999932, 0.0 ], [ 115.139077033000035, -8.640052028999946, 0.0 ], [ 115.139161963000106, -8.639842016999978, 0.0 ], [ 115.139204033000055, -8.639573044999963, 0.0 ], [ 115.13917901800005, -8.639342974999977, 0.0 ], [ 115.139114036000024, -8.63907501999995, 0.0 ], [ 115.139150007000012, -8.639011018999952, 0.0 ], [ 115.139382967000074, -8.638784009999938, 0.0 ], [ 115.139393985000083, -8.638080027999933, 0.0 ], [ 115.139390030000072, -8.637862985999959, 0.0 ], [ 115.139666971000111, -8.637419980999937, 0.0 ], [ 115.139848024000116, -8.637114985999972, 0.0 ], [ 115.140003979000085, -8.636932976999958, 0.0 ], [ 115.140119018000064, -8.636906960999966, 0.0 ], [ 115.140535969000098, -8.636783976999936, 0.0 ], [ 115.140659970000115, -8.636686958999974, 0.0 ], [ 115.140839971000105, -8.636565988999962, 0.0 ], [ 115.141429979, -8.636256015999948, 0.0 ], [ 115.142158024000082, -8.635782022999933, 0.0 ], [ 115.142196969000111, -8.63570700799994, 0.0 ], [ 115.142215016000023, -8.635646986999973, 0.0 ], [ 115.142229020000059, -8.63560204199996, 0.0 ], [ 115.142123023000067, -8.635250006999968, 0.0 ], [ 115.142013999000028, -8.635042036999948, 0.0 ], [ 115.141893001000085, -8.634847024999942, 0.0 ], [ 115.141856981000046, -8.634661010999935, 0.0 ], [ 115.141852992000054, -8.634527035999952, 0.0 ], [ 115.14154600400002, -8.634223016999954, 0.0 ], [ 115.141245025000103, -8.63393095899994, 0.0 ], [ 115.141355998000108, -8.633449997999946, 0.0 ], [ 115.141425011000024, -8.633215954999969, 0.0 ], [ 115.141477035000094, -8.633040039999969, 0.0 ], [ 115.141697036000096, -8.63271995599996, 0.0 ], [ 115.141681965000089, -8.632431994999934, 0.0 ], [ 115.14167003700004, -8.632312985999931, 0.0 ], [ 115.141651014000104, -8.632143957999972, 0.0 ], [ 115.141697013000112, -8.63185204499996, 0.0 ], [ 115.141981998, -8.631630978999965, 0.0 ], [ 115.14214999, -8.631499012999939, 0.0 ], [ 115.142244017000053, -8.631265993999932, 0.0 ], [ 115.142537257000072, -8.630436748999955, 0.0 ], [ 115.142585984000107, -8.630298955999933, 0.0 ], [ 115.142646970000101, -8.630158968999979, 0.0 ], [ 115.142966990000104, -8.629881036999961, 0.0 ], [ 115.143088995000085, -8.629732033999971, 0.0 ], [ 115.143060963000039, -8.629198966999979, 0.0 ], [ 115.143067997000117, -8.628985954999962, 0.0 ], [ 115.143121971000028, -8.628854971999942, 0.0 ], [ 115.143583025000112, -8.628610984999966, 0.0 ], [ 115.143951017000063, -8.628448981999952, 0.0 ], [ 115.144364005000057, -8.628214974999935, 0.0 ], [ 115.144534044000011, -8.628083008999965, 0.0 ], [ 115.144765987000028, -8.627902998999957, 0.0 ], [ 115.145204002000014, -8.627436993999936, 0.0 ], [ 115.145384007000075, -8.627176007999935, 0.0 ], [ 115.145405982000057, -8.626617962999944, 0.0 ], [ 115.14546197300001, -8.626227030999928, 0.0 ], [ 115.145550010000079, -8.626007992999973, 0.0 ], [ 115.145765973000039, -8.62569999699997, 0.0 ], [ 115.145824964000099, -8.625385005999931, 0.0 ], [ 115.145794011000021, -8.625065964999976, 0.0 ], [ 115.145780020000075, -8.625000998999951, 0.0 ], [ 115.145780025000022, -8.625000003999958, 0.0 ], [ 115.145710028000053, -8.624669023999957, 0.0 ], [ 115.145713994000062, -8.62450100999996, 0.0 ], [ 115.146289, -8.623361002999957, 0.0 ], [ 115.146990988000084, -8.622340015999953, 0.0 ], [ 115.147145963000071, -8.622110994999957, 0.0 ], [ 115.147170004000031, -8.62186597699997, 0.0 ], [ 115.147185004000107, -8.621769965999931, 0.0 ], [ 115.147272021000049, -8.621651975999953, 0.0 ], [ 115.147393970000053, -8.621575010999948, 0.0 ], [ 115.147766991000026, -8.621562980999954, 0.0 ], [ 115.147952007000072, -8.621532960999957, 0.0 ], [ 115.148192983000058, -8.621410018999939, 0.0 ], [ 115.148700785000074, -8.620904242999927, 0.0 ], [ 115.148726819000103, -8.620878310999956, 0.0 ], [ 115.14893599200002, -8.620669972999963, 0.0 ], [ 115.149349029000064, -8.620130985999936, 0.0 ], [ 115.149629008000034, -8.619796991999976, 0.0 ], [ 115.149681976000011, -8.61974897999994, 0.0 ], [ 115.150003022000078, -8.61948803699994, 0.0 ], [ 115.150077999000018, -8.619381015999977, 0.0 ], [ 115.150141991000055, -8.619237966999947, 0.0 ], [ 115.15037799400011, -8.619027954999979, 0.0 ], [ 115.150632016000031, -8.618902000999981, 0.0 ], [ 115.150809978000098, -8.618859019999945, 0.0 ], [ 115.150927025000101, -8.618881004999935, 0.0 ], [ 115.151152018000062, -8.618978985999945, 0.0 ], [ 115.15129502800005, -8.619006971999966, 0.0 ], [ 115.151641010000048, -8.618731955999976, 0.0 ], [ 115.151909014000012, -8.618611039999962, 0.0 ], [ 115.152193031000024, -8.618509001999939, 0.0 ], [ 115.152439037000022, -8.618352003999973, 0.0 ], [ 115.152703975, -8.618121972999973, 0.0 ], [ 115.153351032000046, -8.618011012999943, 0.0 ], [ 115.153596975000028, -8.617974954999966, 0.0 ], [ 115.153823971000065, -8.617860980999978, 0.0 ], [ 115.15390598800002, -8.617784996999944, 0.0 ], [ 115.153786005000029, -8.617163987999959, 0.0 ], [ 115.153769028000056, -8.617035011999974, 0.0 ], [ 115.153896036000106, -8.616764002999957, 0.0 ], [ 115.154048964000026, -8.616554039999926, 0.0 ], [ 115.154223008000031, -8.616422998999951, 0.0 ], [ 115.154415031000099, -8.616337960999942, 0.0 ], [ 115.154679969000085, -8.616307959999972, 0.0 ], [ 115.154961988000082, -8.616354960999956, 0.0 ], [ 115.155008035000037, -8.61656000399995, 0.0 ], [ 115.155129034000083, -8.616941033999979, 0.0 ], [ 115.15522103100011, -8.617092967999952, 0.0 ], [ 115.155365016000019, -8.61719796899996, 0.0 ], [ 115.155677992000051, -8.617240959999947, 0.0 ], [ 115.155991014000051, -8.617228000999944, 0.0 ], [ 115.156292963000055, -8.617134992999979, 0.0 ] ] ] ] } },
{ "type": "Feature", "properties": { "Desa": "Cemagi", "Kec": "Mengwi", "WADMKD": "Cemagi", "Kab": "Badung", "Luas": 475.19338521399999 }, "geometry": { "type": "MultiPolygon", "coordinates": [ [ [ [ 115.115484012000024, -8.648108969999953, 0.0 ], [ 115.114959998000018, -8.647780000999944, 0.0 ], [ 115.114379033000091, -8.647424991999969, 0.0 ], [ 115.112574030000019, -8.646438017999969, 0.0 ], [ 115.112573765000093, -8.646437871999979, 0.0 ], [ 115.112513966000051, -8.646405001999938, 0.0 ], [ 115.112465034000024, -8.646378005999964, 0.0 ], [ 115.111838015000103, -8.646035962999974, 0.0 ], [ 115.110967982000034, -8.645619957999941, 0.0 ], [ 115.110413984000047, -8.645477033999953, 0.0 ], [ 115.109996979000016, -8.645442978999938, 0.0 ], [ 115.10853596600009, -8.645331005999935, 0.0 ], [ 115.108254005000049, -8.645285955999952, 0.0 ], [ 115.107610967000028, -8.645077961999959, 0.0 ], [ 115.107610724000097, -8.645077897999954, 0.0 ], [ 115.107394996000039, -8.645018955999944, 0.0 ], [ 115.106214026000089, -8.64460203799996, 0.0 ], [ 115.105235016000051, -8.644259961999978, 0.0 ], [ 115.104924016000041, -8.644120040999951, 0.0 ], [ 115.104826312000114, -8.644061155999964, 0.0 ], [ 115.104826030000027, -8.644060985999943, 0.0 ], [ 115.104824007000047, -8.644060975999935, 0.0 ], [ 115.104377981000084, -8.643854042999976, 0.0 ], [ 115.104028963000019, -8.643617037999945, 0.0 ], [ 115.103494972000021, -8.643085, 0.0 ], [ 115.103293028000053, -8.642873037999948, 0.0 ], [ 115.103157987000031, -8.642794003999938, 0.0 ], [ 115.102902001000075, -8.642918010999949, 0.0 ], [ 115.102787029000069, -8.642960013999925, 0.0 ], [ 115.102887003000092, -8.642456965999941, 0.0 ], [ 115.102876990000027, -8.642362009999943, 0.0 ], [ 115.102706011, -8.641874973999961, 0.0 ], [ 115.102600990000042, -8.641739958999949, 0.0 ], [ 115.102600786000039, -8.641739767999979, 0.0 ], [ 115.100285965000012, -8.639563004999957, 0.0 ], [ 115.100263023000025, -8.639566958999978, 0.0 ], [ 115.100155026000039, -8.639861986999961, 0.0 ], [ 115.100094034000108, -8.639984971999979, 0.0 ], [ 115.099521967000101, -8.64023702399993, 0.0 ], [ 115.099453007000079, -8.640215982999962, 0.0 ], [ 115.099421982000081, -8.64005403799996, 0.0 ], [ 115.099452991000021, -8.639949975999969, 0.0 ], [ 115.099724983000101, -8.639710987999933, 0.0 ], [ 115.099902997000072, -8.639569963999975, 0.0 ], [ 115.099963980000098, -8.639448967999954, 0.0 ], [ 115.099943972, -8.639240979999954, 0.0 ], [ 115.099943939000013, -8.639240909999955, 0.0 ], [ 115.099839008000117, -8.639020006999942, 0.0 ], [ 115.099607002000084, -8.638633990999949, 0.0 ], [ 115.099347026000032, -8.637894967999955, 0.0 ], [ 115.09934003, -8.637855975999969, 0.0 ], [ 115.099290005000057, -8.637584026999946, 0.0 ], [ 115.099289980000094, -8.637583561999975, 0.0 ], [ 115.099284034000107, -8.637474990999976, 0.0 ], [ 115.099178765000033, -8.637282336999931, 0.0 ], [ 115.099323092000077, -8.636882212999978, 0.0 ], [ 115.099326782000048, -8.636871981999946, 0.0 ], [ 115.099333770000044, -8.636841439999955, 0.0 ], [ 115.099505289000035, -8.636091845999943, 0.0 ], [ 115.099594470000056, -8.635716240999955, 0.0 ], [ 115.099697477000063, -8.635485337999967, 0.0 ], [ 115.099843915000065, -8.635298039999952, 0.0 ], [ 115.099975298000118, -8.635211911999932, 0.0 ], [ 115.10024493700007, -8.635052902999973, 0.0 ], [ 115.100340125000116, -8.63499676999993, 0.0 ], [ 115.100928549000059, -8.634842961999937, 0.0 ], [ 115.100937461000058, -8.634840631999964, 0.0 ], [ 115.101141445000053, -8.634783787999936, 0.0 ], [ 115.101229033000095, -8.634726369999953, 0.0 ], [ 115.101288102000012, -8.634553101999927, 0.0 ], [ 115.101350204000028, -8.633772387999954, 0.0 ], [ 115.101364752000109, -8.633694058999936, 0.0 ], [ 115.10145487200009, -8.633208833999959, 0.0 ], [ 115.101544268000112, -8.632789837999951, 0.0 ], [ 115.101662472000044, -8.632428839999932, 0.0 ], [ 115.102370155000017, -8.630728330999943, 0.0 ], [ 115.102575511000055, -8.630396689999941, 0.0 ], [ 115.10259101500003, -8.630380043999935, 0.0 ], [ 115.102736424000113, -8.630223924999939, 0.0 ], [ 115.102955605000034, -8.630036984999947, 0.0 ], [ 115.103262085000097, -8.629850476999934, 0.0 ], [ 115.103860205000046, -8.629535239999939, 0.0 ], [ 115.104239936000113, -8.629247848999967, 0.0 ], [ 115.104517677000104, -8.628988879999952, 0.0 ], [ 115.104810254000085, -8.628672130999973, 0.0 ], [ 115.105491395000058, -8.627389640999979, 0.0 ], [ 115.106101498000044, -8.626494531999981, 0.0 ], [ 115.106737278000082, -8.62514135899994, 0.0 ], [ 115.106857131000083, -8.624447704999966, 0.0 ], [ 115.106917921000104, -8.623927322999975, 0.0 ], [ 115.107109871000034, -8.623364195999955, 0.0 ], [ 115.107300236000015, -8.623119255999939, 0.0 ], [ 115.107796857000039, -8.622731191999947, 0.0 ], [ 115.10813242800009, -8.622544820999963, 0.0 ], [ 115.108541391000017, -8.622228640999936, 0.0 ], [ 115.108863345000032, -8.621854177999978, 0.0 ], [ 115.109259773000076, -8.621132958999965, 0.0 ], [ 115.109494935000043, -8.620656821999944, 0.0 ], [ 115.109673268000051, -8.620388670999944, 0.0 ], [ 115.109950567000055, -8.62021647499995, 0.0 ], [ 115.110518922000097, -8.620031246999929, 0.0 ], [ 115.111116157000083, -8.619889551999961, 0.0 ], [ 115.111510280000061, -8.619631147999939, 0.0 ], [ 115.112152672000093, -8.619185938999976, 0.0 ], [ 115.112708629000053, -8.618566742999974, 0.0 ], [ 115.11319169300009, -8.61797611399993, 0.0 ], [ 115.113557788000094, -8.617500617999951, 0.0 ], [ 115.113652686000023, -8.617445750999934, 0.0 ], [ 115.113712394000117, -8.61741122899997, 0.0 ], [ 115.11393857600001, -8.617280456999936, 0.0 ], [ 115.114053894000108, -8.617213783999944, 0.0 ], [ 115.114285867000035, -8.617118025999957, 0.0 ], [ 115.114330902, -8.617099435999933, 0.0 ], [ 115.114357005000102, -8.617095091999943, 0.0 ], [ 115.115051111000071, -8.616979569999955, 0.0 ], [ 115.115369656000098, -8.616933952999943, 0.0 ], [ 115.115782848000094, -8.616874782999957, 0.0 ], [ 115.11635488200011, -8.616776705999939, 0.0 ], [ 115.116488688000118, -8.616866625999933, 0.0 ], [ 115.116518716000087, -8.617057905999957, 0.0 ], [ 115.116543146000026, -8.617213514999946, 0.0 ], [ 115.116582467000057, -8.617276820999962, 0.0 ], [ 115.116586728000016, -8.617283681999936, 0.0 ], [ 115.116654545000074, -8.617392863999953, 0.0 ], [ 115.116655846000072, -8.617394956999931, 0.0 ], [ 115.116778669000041, -8.617466349999972, 0.0 ], [ 115.116923925000037, -8.617550781999967, 0.0 ], [ 115.116972596000096, -8.617569939999953, 0.0 ], [ 115.117146901000069, -8.61763855099997, 0.0 ], [ 115.117465547000052, -8.617523288999962, 0.0 ], [ 115.117522027000064, -8.617571651999981, 0.0 ], [ 115.117663600000014, -8.617692876999968, 0.0 ], [ 115.117669161000094, -8.617697638999971, 0.0 ], [ 115.117735610000068, -8.617748285999937, 0.0 ], [ 115.11813693900001, -8.618054173999951, 0.0 ], [ 115.118135802000097, -8.618056215999957, 0.0 ], [ 115.118074541000055, -8.618166261999932, 0.0 ], [ 115.117961192000053, -8.61836987099997, 0.0 ], [ 115.117842970000083, -8.618538874999956, 0.0 ], [ 115.117786624000018, -8.618571133999978, 0.0 ], [ 115.117634114000111, -8.618658444999937, 0.0 ], [ 115.117493844000023, -8.618691673999933, 0.0 ], [ 115.117448995000018, -8.618695914999932, 0.0 ], [ 115.117304424000054, -8.618709586999955, 0.0 ], [ 115.117131868000115, -8.618807024999967, 0.0 ], [ 115.116869971000028, -8.618954910999946, 0.0 ], [ 115.116867741000078, -8.618956169999933, 0.0 ], [ 115.116938942000047, -8.619144090999953, 0.0 ], [ 115.11709948400005, -8.619567808999932, 0.0 ], [ 115.117035657000088, -8.619677445999969, 0.0 ], [ 115.116904099000067, -8.619903428999976, 0.0 ], [ 115.116874156000108, -8.619954863999965, 0.0 ], [ 115.116710850000118, -8.620052043999976, 0.0 ], [ 115.116427101000113, -8.62004494699994, 0.0 ], [ 115.116336018000084, -8.620042668999929, 0.0 ], [ 115.116333818000044, -8.620049129999927, 0.0 ], [ 115.116293750000068, -8.620166821999931, 0.0 ], [ 115.116288284, -8.620168484999965, 0.0 ], [ 115.116123094000045, -8.620218744999931, 0.0 ], [ 115.116117982000105, -8.620486285999959, 0.0 ], [ 115.116127622000022, -8.620776687999978, 0.0 ], [ 115.116127867000046, -8.620784047999962, 0.0 ], [ 115.115963364000095, -8.621122408999952, 0.0 ], [ 115.115889926000023, -8.621423530999948, 0.0 ], [ 115.115885690000027, -8.621438015999956, 0.0 ], [ 115.115861479000046, -8.621520801999964, 0.0 ], [ 115.115820592000091, -8.621660608999946, 0.0 ], [ 115.115813805000016, -8.621666587999925, 0.0 ], [ 115.115668124000081, -8.621794955999974, 0.0 ], [ 115.115425051000102, -8.622009139999932, 0.0 ], [ 115.115205487000026, -8.621996756999977, 0.0 ], [ 115.115204473000063, -8.62199641899997, 0.0 ], [ 115.114884151000069, -8.621889659999965, 0.0 ], [ 115.114867104000041, -8.621901972999979, 0.0 ], [ 115.11471774100005, -8.622009856999966, 0.0 ], [ 115.11471313900006, -8.622013181999932, 0.0 ], [ 115.114697152000076, -8.622182686999963, 0.0 ], [ 115.114701449000108, -8.622186228999965, 0.0 ], [ 115.114785279000102, -8.622255331999952, 0.0 ], [ 115.114885715000014, -8.622338121999974, 0.0 ], [ 115.115017243000011, -8.622349680999946, 0.0 ], [ 115.115021976000094, -8.62235009699998, 0.0 ], [ 115.11526341900003, -8.622532171999978, 0.0 ], [ 115.115265609000062, -8.622535686999981, 0.0 ], [ 115.115421204000086, -8.622785438999927, 0.0 ], [ 115.115564477000021, -8.622910502999957, 0.0 ], [ 115.115565106000076, -8.622910847999947, 0.0 ], [ 115.115795526000056, -8.623036944999967, 0.0 ], [ 115.116085624000107, -8.623195701999975, 0.0 ], [ 115.116505117000088, -8.62259856299994, 0.0 ], [ 115.116871203000073, -8.622080301999972, 0.0 ], [ 115.11709048900002, -8.622149210999964, 0.0 ], [ 115.117086743000073, -8.622172460999934, 0.0 ], [ 115.117065658000115, -8.622303335999959, 0.0 ], [ 115.117074129000116, -8.622384609999926, 0.0 ], [ 115.117081404000032, -8.622454417999961, 0.0 ], [ 115.117073947000108, -8.622636973999931, 0.0 ], [ 115.117072786000108, -8.622665413999925, 0.0 ], [ 115.11764728300011, -8.622883037999941, 0.0 ], [ 115.117862857000091, -8.622936854999978, 0.0 ], [ 115.117894002000071, -8.622853980999935, 0.0 ], [ 115.117916577000074, -8.622793912999953, 0.0 ], [ 115.117919164000114, -8.622794706999969, 0.0 ], [ 115.117997512000102, -8.622818754999969, 0.0 ], [ 115.118290889000036, -8.622908804999952, 0.0 ], [ 115.118420776000107, -8.622965380999972, 0.0 ], [ 115.118590407000056, -8.623039267999957, 0.0 ], [ 115.118623400000047, -8.623053638999977, 0.0 ], [ 115.118827461000024, -8.623110667999981, 0.0 ], [ 115.118993982, -8.623157204999927, 0.0 ], [ 115.118995981000012, -8.623153022999929, 0.0 ], [ 115.119261821, -8.622597005999978, 0.0 ], [ 115.119262632000073, -8.622597484999972, 0.0 ], [ 115.1194355, -8.622699607999948, 0.0 ], [ 115.119775491000041, -8.622863320999954, 0.0 ], [ 115.119961128000114, -8.622845386999927, 0.0 ], [ 115.120078213000056, -8.622906255999965, 0.0 ], [ 115.120202403, -8.622881608999933, 0.0 ], [ 115.12024499100005, -8.622873155999969, 0.0 ], [ 115.120441530000107, -8.622570297999971, 0.0 ], [ 115.12050758700002, -8.622468505999962, 0.0 ], [ 115.120508277000113, -8.622467443999938, 0.0 ], [ 115.12059807300011, -8.622519197999964, 0.0 ], [ 115.120975463000036, -8.62273670899998, 0.0 ], [ 115.120976491000079, -8.622737301999962, 0.0 ], [ 115.120793431000038, -8.623000202999947, 0.0 ], [ 115.120665994000092, -8.623092424999982, 0.0 ], [ 115.120607218000032, -8.62313495899997, 0.0 ], [ 115.120401792000052, -8.623326148999979, 0.0 ], [ 115.120391625000025, -8.623376162999932, 0.0 ], [ 115.120347456000104, -8.623593448999941, 0.0 ], [ 115.120286695000118, -8.623731007999936, 0.0 ], [ 115.1202504580001, -8.623813044999963, 0.0 ], [ 115.120209592000037, -8.623905562999937, 0.0 ], [ 115.120121811000104, -8.624044568999977, 0.0 ], [ 115.120119148000072, -8.624094986999978, 0.0 ], [ 115.120117633000064, -8.62412368899993, 0.0 ], [ 115.119950034000112, -8.624322599999971, 0.0 ], [ 115.119884372000115, -8.624326835999966, 0.0 ], [ 115.119787156000029, -8.624333106999927, 0.0 ], [ 115.119717610000066, -8.624375716999964, 0.0 ], [ 115.11951762800004, -8.624498243999938, 0.0 ], [ 115.119414930000062, -8.624561164999932, 0.0 ], [ 115.119423158000018, -8.625194319999935, 0.0 ], [ 115.119493353000053, -8.625267144999953, 0.0 ], [ 115.119539946000032, -8.625315485999977, 0.0 ], [ 115.119548801000064, -8.625332854999954, 0.0 ], [ 115.119611202000101, -8.625455269999975, 0.0 ], [ 115.119642192000015, -8.625575914999956, 0.0 ], [ 115.119648053000105, -8.625598737999951, 0.0 ], [ 115.119649335000076, -8.625682165999933, 0.0 ], [ 115.119649635000087, -8.625701702999947, 0.0 ], [ 115.119650979000085, -8.62578924099995, 0.0 ], [ 115.119651411000063, -8.625817394999956, 0.0 ], [ 115.119654013000059, -8.625986843999954, 0.0 ], [ 115.1196442050001, -8.626151165999943, 0.0 ], [ 115.119608594000056, -8.62674786599996, 0.0 ], [ 115.119567519000043, -8.627008521999926, 0.0 ], [ 115.119542132000106, -8.627169616999936, 0.0 ], [ 115.11943446500004, -8.627500719999944, 0.0 ], [ 115.119789625000067, -8.627660739999953, 0.0 ], [ 115.119834165000043, -8.62793815699996, 0.0 ], [ 115.119899831000112, -8.628347153999925, 0.0 ], [ 115.120085790000076, -8.628483354999958, 0.0 ], [ 115.120205448000092, -8.628570994999961, 0.0 ], [ 115.120205563000013, -8.628573674999927, 0.0 ], [ 115.120208531000117, -8.62864286599995, 0.0 ], [ 115.120212160000051, -8.628727457999958, 0.0 ], [ 115.120212239000011, -8.628729307999947, 0.0 ], [ 115.120400993000089, -8.628847057999963, 0.0 ], [ 115.120370752000099, -8.629175965999934, 0.0 ], [ 115.12036497400004, -8.629238809999947, 0.0 ], [ 115.1203573680001, -8.62925376499993, 0.0 ], [ 115.120250256000077, -8.62946435899994, 0.0 ], [ 115.120071350000103, -8.629651908999961, 0.0 ], [ 115.12000996300003, -8.629813655999953, 0.0 ], [ 115.120103701000062, -8.63005392499997, 0.0 ], [ 115.120107185000052, -8.630062854999949, 0.0 ], [ 115.120107049000012, -8.630063058999951, 0.0 ], [ 115.119940697000061, -8.630311225999947, 0.0 ], [ 115.119861585000081, -8.630429247999928, 0.0 ], [ 115.1198554, -8.630438474999949, 0.0 ], [ 115.119835819000059, -8.630644219999965, 0.0 ], [ 115.119827438000016, -8.630732284999965, 0.0 ], [ 115.119824791000042, -8.630736227999932, 0.0 ], [ 115.119686287000036, -8.630942630999925, 0.0 ], [ 115.119622716000094, -8.630999703999976, 0.0 ], [ 115.119515122000053, -8.631096300999957, 0.0 ], [ 115.119454046000101, -8.631262190999962, 0.0 ], [ 115.119380779000039, -8.631461190999971, 0.0 ], [ 115.119215647000033, -8.631551965999961, 0.0 ], [ 115.119125550000035, -8.631601493999938, 0.0 ], [ 115.119122575, -8.631603128999927, 0.0 ], [ 115.119067531000042, -8.631750412999963, 0.0 ], [ 115.118980584000042, -8.631983053999932, 0.0 ], [ 115.118976277000115, -8.631981940999935, 0.0 ], [ 115.118564572000082, -8.631875494999974, 0.0 ], [ 115.118431184000087, -8.631908511999939, 0.0 ], [ 115.118325714000093, -8.631934618999935, 0.0 ], [ 115.118214604000059, -8.632240817999957, 0.0 ], [ 115.118202859, -8.632273183999928, 0.0 ], [ 115.118209050000019, -8.632552085999976, 0.0 ], [ 115.118207688000098, -8.632827182999961, 0.0 ], [ 115.118328782000049, -8.633607863999941, 0.0 ], [ 115.118432588000019, -8.634056828999974, 0.0 ], [ 115.118485819000057, -8.634171073999937, 0.0 ], [ 115.118548743000019, -8.634306121999941, 0.0 ], [ 115.118472243000042, -8.634460256999944, 0.0 ], [ 115.118476789000056, -8.634469855999953, 0.0 ], [ 115.11855094200007, -8.634626458999946, 0.0 ], [ 115.118576441000073, -8.63483008399993, 0.0 ], [ 115.118582912000079, -8.635052458999951, 0.0 ], [ 115.118524505000096, -8.63537626699997, 0.0 ], [ 115.118578111000033, -8.635549294999976, 0.0 ], [ 115.11864377400002, -8.635761242999934, 0.0 ], [ 115.118655376000106, -8.635824742999944, 0.0 ], [ 115.118716654000082, -8.636160144999963, 0.0 ], [ 115.118717511000114, -8.636164837999956, 0.0 ], [ 115.118598535000046, -8.636484580999934, 0.0 ], [ 115.118592546000059, -8.636490353999932, 0.0 ], [ 115.11851407100005, -8.636566000999949, 0.0 ], [ 115.11842350500001, -8.636653305999971, 0.0 ], [ 115.11838066200005, -8.636734618999981, 0.0 ], [ 115.118178933000081, -8.637117484999976, 0.0 ], [ 115.118094746000111, -8.637277267999934, 0.0 ], [ 115.117889215000105, -8.637487295999961, 0.0 ], [ 115.117851838000092, -8.637598837999974, 0.0 ], [ 115.117731623000054, -8.637957587999949, 0.0 ], [ 115.117533166000044, -8.638686059999941, 0.0 ], [ 115.117488628000046, -8.638849536999942, 0.0 ], [ 115.117482429, -8.638859531999969, 0.0 ], [ 115.117267222, -8.639206459999969, 0.0 ], [ 115.11696125200001, -8.63981545799993, 0.0 ], [ 115.116772933000107, -8.640372274999947, 0.0 ], [ 115.116773034000062, -8.640374424999948, 0.0 ], [ 115.116775386000086, -8.640424644999939, 0.0 ], [ 115.116806548000113, -8.641090188999954, 0.0 ], [ 115.116807173000097, -8.641103537999982, 0.0 ], [ 115.116802610000036, -8.641304042999934, 0.0 ], [ 115.116778109000052, -8.642380926999977, 0.0 ], [ 115.116822998000089, -8.642794926999954, 0.0 ], [ 115.116854152000087, -8.643082247999928, 0.0 ], [ 115.116851055000097, -8.643250841999929, 0.0 ], [ 115.116848961000073, -8.643364861999942, 0.0 ], [ 115.116851336000082, -8.643383369999981, 0.0 ], [ 115.116896356000098, -8.643734410999969, 0.0 ], [ 115.116885058000094, -8.643841498999961, 0.0 ], [ 115.116872513000089, -8.643960405999962, 0.0 ], [ 115.116901423000058, -8.644239418999973, 0.0 ], [ 115.116885209000088, -8.644454144999941, 0.0 ], [ 115.116847988000018, -8.644599252999967, 0.0 ], [ 115.116843360000075, -8.644617298999947, 0.0 ], [ 115.11684273000003, -8.644619750999937, 0.0 ], [ 115.116857970000069, -8.644656662999978, 0.0 ], [ 115.116896615000087, -8.644750258999977, 0.0 ], [ 115.116936278000026, -8.644846323999957, 0.0 ], [ 115.116964928000016, -8.644984473999955, 0.0 ], [ 115.116976960000102, -8.645042487999945, 0.0 ], [ 115.116789029000074, -8.645520165999926, 0.0 ], [ 115.116720522000037, -8.64567709399995, 0.0 ], [ 115.116375336000033, -8.646467800999972, 0.0 ], [ 115.116271351000023, -8.646646830999941, 0.0 ], [ 115.116222553000057, -8.646730845999969, 0.0 ], [ 115.115795789000117, -8.647260107999955, 0.0 ], [ 115.115820405000022, -8.647640850999949, 0.0 ], [ 115.115820258000099, -8.64764066999993, 0.0 ], [ 115.115651028000116, -8.647432746999925, 0.0 ], [ 115.115500286000042, -8.647285032999946, 0.0 ], [ 115.115473702000031, -8.647277330999941, 0.0 ], [ 115.115433752000058, -8.647265755999967, 0.0 ], [ 115.115422236000086, -8.647262418999958, 0.0 ], [ 115.115422138000099, -8.647264352999969, 0.0 ], [ 115.115412327000058, -8.647457952999957, 0.0 ], [ 115.115432492000082, -8.64751916299997, 0.0 ], [ 115.115445902000033, -8.647559867999973, 0.0 ], [ 115.115483359000109, -8.647642958999938, 0.0 ], [ 115.115524545000085, -8.647737375999952, 0.0 ], [ 115.11545240800001, -8.647774704999961, 0.0 ], [ 115.115484012000024, -8.648108969999953, 0.0 ] ] ] ] } },
{ "type": "Feature", "properties": { "Desa": "Jimbaran", "Kec": "Kuta Selatan", "WADMKD": "Jimbaran", "Kab": "Badung", "Luas": 2271.4035861299999 }, "geometry": { "type": "MultiPolygon", "coordinates": [ [ [ [ 115.197539032, -8.781632963999925, 0.0 ], [ 115.197177002000103, -8.782050012999946, 0.0 ], [ 115.19697403400005, -8.782458963999943, 0.0 ], [ 115.197032973000091, -8.782854975999953, 0.0 ], [ 115.196906978000015, -8.782983, 0.0 ], [ 115.196867016000056, -8.783483029999957, 0.0 ], [ 115.197018025000034, -8.78441296699998, 0.0 ], [ 115.197125973000084, -8.784918042999948, 0.0 ], [ 115.197107963, -8.786116987999947, 0.0 ], [ 115.19717899300008, -8.786910956999975, 0.0 ], [ 115.197118002000025, -8.786924042999942, 0.0 ], [ 115.196970988000089, -8.787368964999928, 0.0 ], [ 115.196944966000046, -8.787419007999972, 0.0 ], [ 115.196804963000091, -8.787684989999946, 0.0 ], [ 115.196260009000071, -8.788717986999927, 0.0 ], [ 115.196071971000038, -8.789076026999965, 0.0 ], [ 115.196061996000026, -8.789092972999981, 0.0 ], [ 115.195697987000017, -8.789096020999978, 0.0 ], [ 115.195468990000109, -8.789044033999971, 0.0 ], [ 115.19536697, -8.788986960999978, 0.0 ], [ 115.194980004000058, -8.789087971999948, 0.0 ], [ 115.194403034000061, -8.789549995999948, 0.0 ], [ 115.193907024000055, -8.789929969999946, 0.0 ], [ 115.193141028000014, -8.790226031999964, 0.0 ], [ 115.192493034000108, -8.790450978999957, 0.0 ], [ 115.191335026000047, -8.790945008999927, 0.0 ], [ 115.190713968000068, -8.791363967999928, 0.0 ], [ 115.189515014000108, -8.792093983999962, 0.0 ], [ 115.188346018000061, -8.792750019999971, 0.0 ], [ 115.187084009000046, -8.793437962999974, 0.0 ], [ 115.186089996000078, -8.794048009999926, 0.0 ], [ 115.185080022000079, -8.794888018999927, 0.0 ], [ 115.18431596500011, -8.79567497599993, 0.0 ], [ 115.18420401700007, -8.795933041999945, 0.0 ], [ 115.183859984000037, -8.796357028999978, 0.0 ], [ 115.18353400400008, -8.796628975999965, 0.0 ], [ 115.183183037000049, -8.796815022999965, 0.0 ], [ 115.181923985000026, -8.797168966999948, 0.0 ], [ 115.181766986000071, -8.797229041999969, 0.0 ], [ 115.181308021000063, -8.79769196999996, 0.0 ], [ 115.18097703400008, -8.798083023999936, 0.0 ], [ 115.180882963000045, -8.798240028999942, 0.0 ], [ 115.180834970000092, -8.798552996999945, 0.0 ], [ 115.180820037000103, -8.798741025999959, 0.0 ], [ 115.180408974000102, -8.799216025999954, 0.0 ], [ 115.180073029000027, -8.799471017999963, 0.0 ], [ 115.179837994000081, -8.799734, 0.0 ], [ 115.179663976000029, -8.799979017999931, 0.0 ], [ 115.180249966000019, -8.800146993999931, 0.0 ], [ 115.180929979000098, -8.800474960999964, 0.0 ], [ 115.181561033000094, -8.80088404199995, 0.0 ], [ 115.182143021000115, -8.801381014999947, 0.0 ], [ 115.182587, -8.801854993999939, 0.0 ], [ 115.182855006000068, -8.802238003999946, 0.0 ], [ 115.183138033000091, -8.80281397899995, 0.0 ], [ 115.183187963000023, -8.803347971999926, 0.0 ], [ 115.183090030000017, -8.804035003999957, 0.0 ], [ 115.182761989000028, -8.80480399299995, 0.0 ], [ 115.182353002000013, -8.805711970999937, 0.0 ], [ 115.182141313000102, -8.806026293999935, 0.0 ], [ 115.181951630000071, -8.806307941999933, 0.0 ], [ 115.181861998000045, -8.806441031999952, 0.0 ], [ 115.181608733000076, -8.806908642999929, 0.0 ], [ 115.181153711000093, -8.806946115999949, 0.0 ], [ 115.180570744000079, -8.806958012999928, 0.0 ], [ 115.180011570000033, -8.806969909999964, 0.0 ], [ 115.178679072000023, -8.806969909999964, 0.0 ], [ 115.178119898000091, -8.806934217999981, 0.0 ], [ 115.177715390000117, -8.806850936999979, 0.0 ], [ 115.177239498000063, -8.806612990999952, 0.0 ], [ 115.176862276000065, -8.806534402999944, 0.0 ], [ 115.176861121000115, -8.806515545999957, 0.0 ], [ 115.176879525000118, -8.806516362999957, 0.0 ], [ 115.176923780000038, -8.806515899999965, 0.0 ], [ 115.176864732000013, -8.806490448999966, 0.0 ], [ 115.176607751, -8.806576108999934, 0.0 ], [ 115.17595102000007, -8.806818813999939, 0.0 ], [ 115.174751771000047, -8.807318500999941, 0.0 ], [ 115.173780952000016, -8.807632589999969, 0.0 ], [ 115.172995729000036, -8.80794667899994, 0.0 ], [ 115.172795855000118, -8.808032339999954, 0.0 ], [ 115.172239061000028, -8.807932401999949, 0.0 ], [ 115.171882142000072, -8.807875294999974, 0.0 ], [ 115.171025535000012, -8.807703972999946, 0.0 ], [ 115.169940501000042, -8.807261393999966, 0.0 ], [ 115.1685413780001, -8.806904473999964, 0.0 ], [ 115.167484898000112, -8.806747429999973, 0.0 ], [ 115.166257096000095, -8.806476171999975, 0.0 ], [ 115.165429043000017, -8.806219189999979, 0.0 ], [ 115.164772312000082, -8.806119251999974, 0.0 ], [ 115.164258349000079, -8.806133528999965, 0.0 ], [ 115.163587340000049, -8.806062144999942, 0.0 ], [ 115.163073377000046, -8.806005038999956, 0.0 ], [ 115.162530860000061, -8.805905100999951, 0.0 ], [ 115.161460102000092, -8.80556245899993, 0.0 ], [ 115.160517835000064, -8.805348307999964, 0.0 ], [ 115.159789721000038, -8.805134155999951, 0.0 ], [ 115.159275757000046, -8.805005664999953, 0.0 ], [ 115.158776070000044, -8.805019941999944, 0.0 ], [ 115.158404874000098, -8.80497711199996, 0.0 ], [ 115.157876634000104, -8.804877173999955, 0.0 ], [ 115.157376947000103, -8.804848620999962, 0.0 ], [ 115.157077135, -8.804848619999973, 0.0 ], [ 115.156534618000023, -8.804948557999978, 0.0 ], [ 115.155906440000081, -8.805034217999946, 0.0 ], [ 115.155263714000057, -8.805069436999929, 0.0 ], [ 115.154711796000015, -8.805209456999933, 0.0 ], [ 115.154502559000093, -8.805191262999926, 0.0 ], [ 115.153945764000014, -8.805062771999928, 0.0 ], [ 115.153388970000037, -8.804920003999939, 0.0 ], [ 115.153032051000082, -8.80477723599995, 0.0 ], [ 115.152775070000075, -8.80493428099993, 0.0 ], [ 115.152575195000054, -8.804962834999969, 0.0 ], [ 115.152489534000097, -8.804920003999939, 0.0 ], [ 115.152318213000058, -8.804748682999957, 0.0 ], [ 115.152146892000019, -8.804762959999948, 0.0 ], [ 115.152075508000053, -8.804991387999962, 0.0 ], [ 115.151889910000023, -8.805605288999971, 0.0 ], [ 115.151718589000097, -8.806033591999949, 0.0 ], [ 115.151647205000017, -8.806219189999979, 0.0 ], [ 115.151318839000055, -8.806290573999945, 0.0 ], [ 115.151019027000075, -8.80623346699997, 0.0 ], [ 115.150733492000086, -8.806247743999961, 0.0 ], [ 115.149933993000104, -8.806419064999943, 0.0 ], [ 115.149077387000034, -8.806419064999943, 0.0 ], [ 115.148106567000013, -8.806490447999977, 0.0 ], [ 115.147264238000048, -8.806476171999975, 0.0 ], [ 115.146464739000066, -8.806604662999973, 0.0 ], [ 115.146079267, -8.806775983999955, 0.0 ], [ 115.145322597000018, -8.807475545999978, 0.0 ], [ 115.145065616000011, -8.807689696999944, 0.0 ], [ 115.145065616000011, -8.807818187999942, 0.0 ], [ 115.144965678000062, -8.808003785999972, 0.0 ], [ 115.14465159000008, -8.80813227699997, 0.0 ], [ 115.144366054000102, -8.808317874999943, 0.0 ], [ 115.143952029000047, -8.808831838999936, 0.0 ], [ 115.143637939000087, -8.809559953999951, 0.0 ], [ 115.143438064000065, -8.809845487999951, 0.0 ], [ 115.143266743000027, -8.80998825599994, 0.0 ], [ 115.143066869000108, -8.810102469999947, 0.0 ], [ 115.142781334, -8.810202407999952, 0.0 ], [ 115.14241013700007, -8.81033089899995, 0.0 ], [ 115.142081772000097, -8.810445112999957, 0.0 ], [ 115.141653468000072, -8.810587880999947, 0.0 ], [ 115.141239442000028, -8.810730647999947, 0.0 ], [ 115.140625541000077, -8.811358825999946, 0.0 ], [ 115.140083025000081, -8.811815682999963, 0.0 ], [ 115.13976893600011, -8.812186877999977, 0.0 ], [ 115.13954982000007, -8.812319500999934, 0.0 ], [ 115.139558360000024, -8.812330380999981, 0.0 ], [ 115.139319597000053, -8.812547438999957, 0.0 ], [ 115.139024543, -8.812633099999971, 0.0 ], [ 115.138957918000074, -8.812642616999938, 0.0 ], [ 115.138786597000035, -8.812119135999978, 0.0 ], [ 115.138567687000091, -8.811652761999937, 0.0 ], [ 115.138234562000093, -8.811214940999946, 0.0 ], [ 115.138025170000105, -8.810929404999968, 0.0 ], [ 115.138007820000098, -8.810897183999941, 0.0 ], [ 115.137989004000019, -8.81088297499997, 0.0 ], [ 115.137987990000056, -8.810860358999946, 0.0 ], [ 115.137980981000055, -8.810703966999938, 0.0 ], [ 115.137528995000025, -8.809925027999952, 0.0 ], [ 115.136833012000011, -8.809322038999937, 0.0 ], [ 115.136561028000074, -8.809144977999949, 0.0 ], [ 115.135852971000077, -8.808858011999973, 0.0 ], [ 115.135500977000106, -8.808690044999935, 0.0 ], [ 115.135235020000096, -8.808477037999978, 0.0 ], [ 115.134976019000078, -8.808237039999938, 0.0 ], [ 115.134273037000071, -8.807700989999944, 0.0 ], [ 115.133972003000054, -8.807488983999974, 0.0 ], [ 115.133597020000025, -8.807227982999962, 0.0 ], [ 115.133499007000069, -8.807106015999977, 0.0 ], [ 115.133297030000108, -8.806823003999966, 0.0 ], [ 115.132772977000059, -8.806339993999927, 0.0 ], [ 115.132474028000047, -8.806130979999978, 0.0 ], [ 115.132055994000098, -8.805952016999981, 0.0 ], [ 115.131745967000029, -8.80582998999995, 0.0 ], [ 115.131477016000076, -8.805646975999935, 0.0 ], [ 115.130987963000052, -8.804866040999968, 0.0 ], [ 115.130490013000099, -8.804289968999967, 0.0 ], [ 115.129843992000019, -8.803725994999979, 0.0 ], [ 115.129582031000041, -8.803435001999958, 0.0 ], [ 115.129506983000056, -8.803291997999963, 0.0 ], [ 115.12954602700006, -8.80296399599996, 0.0 ], [ 115.129868027000043, -8.802149037999925, 0.0 ], [ 115.130099023000071, -8.801801019999971, 0.0 ], [ 115.130309033000117, -8.801513004999947, 0.0 ], [ 115.130570981, -8.80091097199994, 0.0 ], [ 115.130685020000101, -8.799975035999978, 0.0 ], [ 115.130682036000053, -8.799822988999949, 0.0 ], [ 115.130584008000028, -8.799584964999951, 0.0 ], [ 115.130389035, -8.799341034999941, 0.0 ], [ 115.130119989000036, -8.799147986999969, 0.0 ], [ 115.129825031000109, -8.79902603599993, 0.0 ], [ 115.129475964000108, -8.798994020999942, 0.0 ], [ 115.129119007000099, -8.798996043999978, 0.0 ], [ 115.128960012000107, -8.798960001999944, 0.0 ], [ 115.128849975000094, -8.798875033999934, 0.0 ], [ 115.128825998000025, -8.798754970999937, 0.0 ], [ 115.128910964000056, -8.79810198399997, 0.0 ], [ 115.12890898, -8.797929966999959, 0.0 ], [ 115.128818021000029, -8.797762027999966, 0.0 ], [ 115.128447972000117, -8.797371974999976, 0.0 ], [ 115.128142973000081, -8.79711601899993, 0.0 ], [ 115.127765996000107, -8.796702972999981, 0.0 ], [ 115.127453009000078, -8.79632197199993, 0.0 ], [ 115.127380026000083, -8.796171023999932, 0.0 ], [ 115.127356992000045, -8.796072025999933, 0.0 ], [ 115.126888968000117, -8.79583704099997, 0.0 ], [ 115.126527963000058, -8.795675982999967, 0.0 ], [ 115.12623097300002, -8.795363030999965, 0.0 ], [ 115.1260419890001, -8.795180954999978, 0.0 ], [ 115.125867030000109, -8.79508599199994, 0.0 ], [ 115.125715996000054, -8.795062009999981, 0.0 ], [ 115.125608968000051, -8.79512402499995, 0.0 ], [ 115.125516025000024, -8.795187014999954, 0.0 ], [ 115.125355991000106, -8.795193990999962, 0.0 ], [ 115.125181013000088, -8.795251961999952, 0.0 ], [ 115.125100965000115, -8.795284011999968, 0.0 ], [ 115.125001016000056, -8.795219972999973, 0.0 ], [ 115.124999972000069, -8.795218972999976, 0.0 ], [ 115.124936029000082, -8.795177980999938, 0.0 ], [ 115.124719027000083, -8.795008960999951, 0.0 ], [ 115.123744032000104, -8.794193965999966, 0.0 ], [ 115.123294033000093, -8.793982025999981, 0.0 ], [ 115.123118976000114, -8.793892031999974, 0.0 ], [ 115.122715980000066, -8.793469000999949, 0.0 ], [ 115.12257097600002, -8.793333963999942, 0.0 ], [ 115.122380037000084, -8.793257990999962, 0.0 ], [ 115.12233406900009, -8.793252979999977, 0.0 ], [ 115.122334337000098, -8.79325272899996, 0.0 ], [ 115.122536733000061, -8.792979299999956, 0.0 ], [ 115.122902995000118, -8.792484495999929, 0.0 ], [ 115.123431632, -8.791702293999947, 0.0 ], [ 115.123680878000073, -8.79141470899998, 0.0 ], [ 115.124185759000056, -8.790985907999925, 0.0 ], [ 115.1248888880001, -8.790446821999979, 0.0 ], [ 115.124961976, -8.790359635999948, 0.0 ], [ 115.124962005000043, -8.790359600999977, 0.0 ], [ 115.124956162000103, -8.790207245999966, 0.0 ], [ 115.124952982000082, -8.790124311999932, 0.0 ], [ 115.124907917000087, -8.789843161999954, 0.0 ], [ 115.124908011000116, -8.789843017999942, 0.0 ], [ 115.124907902000018, -8.789842948999933, 0.0 ], [ 115.124924432000057, -8.789720265999961, 0.0 ], [ 115.125000964000037, -8.789645737999933, 0.0 ], [ 115.125042274000066, -8.789605503999951, 0.0 ], [ 115.125133521000066, -8.789574312999946, 0.0 ], [ 115.12516886200001, -8.78956223299997, 0.0 ], [ 115.125269889000037, -8.789594178999948, 0.0 ], [ 115.125358917000085, -8.789727969999944, 0.0 ], [ 115.125393032000034, -8.789796587999945, 0.0 ], [ 115.12542893300008, -8.789868798999976, 0.0 ], [ 115.125492092000059, -8.789929410999946, 0.0 ], [ 115.125569177000102, -8.790003386999956, 0.0 ], [ 115.125699940000118, -8.790039042999979, 0.0 ], [ 115.125899080000067, -8.790084376999971, 0.0 ], [ 115.126169108000113, -8.790263248999963, 0.0 ], [ 115.126189510000017, -8.790295574999959, 0.0 ], [ 115.12633740800004, -8.790529914999979, 0.0 ], [ 115.126393112000073, -8.790595728999961, 0.0 ], [ 115.126406757000041, -8.790611850999937, 0.0 ], [ 115.126406901000109, -8.790611885999965, 0.0 ], [ 115.12646501200004, -8.790626179999947, 0.0 ], [ 115.126465228000029, -8.790626232999955, 0.0 ], [ 115.126465325000026, -8.790626256999929, 0.0 ], [ 115.126541986, -8.790645113999972, 0.0 ], [ 115.126719111000057, -8.790508325999951, 0.0 ], [ 115.126845901000024, -8.790452180999978, 0.0 ], [ 115.126946738000015, -8.790448002999938, 0.0 ], [ 115.127173180000113, -8.790438619999975, 0.0 ], [ 115.12754764400006, -8.790405502999931, 0.0 ], [ 115.127764528000057, -8.790427096999963, 0.0 ], [ 115.127998656000045, -8.79045040699998, 0.0 ], [ 115.128060516, -8.790453138999965, 0.0 ], [ 115.128172111000026, -8.790458066999975, 0.0 ], [ 115.128284400000098, -8.790418766999949, 0.0 ], [ 115.128579214000069, -8.790315584999973, 0.0 ], [ 115.129882306000013, -8.789893568999958, 0.0 ], [ 115.130087739000032, -8.789847730999952, 0.0 ], [ 115.130126027000074, -8.789847739999971, 0.0 ], [ 115.130324041000108, -8.789843949999977, 0.0 ], [ 115.130388051000068, -8.789835850999964, 0.0 ], [ 115.130614666000042, -8.789807176999943, 0.0 ], [ 115.130614828000034, -8.78980704199995, 0.0 ], [ 115.131052790000012, -8.789440811999953, 0.0 ], [ 115.131118285000071, -8.789386664999938, 0.0 ], [ 115.131273366000073, -8.789258453999935, 0.0 ], [ 115.131452547000094, -8.789155403999928, 0.0 ], [ 115.131452656000079, -8.789155340999969, 0.0 ], [ 115.131452721000073, -8.789155303999962, 0.0 ], [ 115.131489907000059, -8.789133917999948, 0.0 ], [ 115.131777072000091, -8.788931678999973, 0.0 ], [ 115.131855587000018, -8.788876383999934, 0.0 ], [ 115.13185576300009, -8.788876220999953, 0.0 ], [ 115.131892721000099, -8.788841973999979, 0.0 ], [ 115.131925080000087, -8.788811988999953, 0.0 ], [ 115.131950459000109, -8.788742140999943, 0.0 ], [ 115.132503862000021, -8.787782483999933, 0.0 ], [ 115.132503971, -8.787782294999943, 0.0 ], [ 115.132504038000093, -8.787782178999976, 0.0 ], [ 115.132548043000043, -8.787705869999968, 0.0 ], [ 115.132822480000073, -8.787231676999966, 0.0 ], [ 115.133008924000023, -8.787011828999937, 0.0 ], [ 115.133104858000024, -8.786937787999932, 0.0 ], [ 115.133243869000012, -8.786830499999951, 0.0 ], [ 115.133426625000084, -8.786737529999925, 0.0 ], [ 115.133426729, -8.786737476999974, 0.0 ], [ 115.133426926000084, -8.786737376999952, 0.0 ], [ 115.133558000000107, -8.786670698999956, 0.0 ], [ 115.135084757000072, -8.786308016999953, 0.0 ], [ 115.135171104000051, -8.786283911999931, 0.0 ], [ 115.135502667000083, -8.786191353999925, 0.0 ], [ 115.136090915000068, -8.78588667899993, 0.0 ], [ 115.136894424000047, -8.785470511999961, 0.0 ], [ 115.137080550000064, -8.785321587999931, 0.0 ], [ 115.137486946000081, -8.78499642099996, 0.0 ], [ 115.137993879000078, -8.784556713999962, 0.0 ], [ 115.138224951000097, -8.784356284999944, 0.0 ], [ 115.138405183000032, -8.784173425999938, 0.0 ], [ 115.13874906, -8.783824535999941, 0.0 ], [ 115.139251745000024, -8.783373629999971, 0.0 ], [ 115.139853892000019, -8.782981950999954, 0.0 ], [ 115.140415473000076, -8.782576717999973, 0.0 ], [ 115.140680357000065, -8.782335164999949, 0.0 ], [ 115.140720765000083, -8.782298315999981, 0.0 ], [ 115.140720866000038, -8.782298096999966, 0.0 ], [ 115.140847012000108, -8.782024171999979, 0.0 ], [ 115.140847209000071, -8.782023743999957, 0.0 ], [ 115.140847295000071, -8.782023556999945, 0.0 ], [ 115.141415324000036, -8.780790083999932, 0.0 ], [ 115.14146034700002, -8.78062762899998, 0.0 ], [ 115.141468603000021, -8.780562791999955, 0.0 ], [ 115.141479556000036, -8.780476771999929, 0.0 ], [ 115.141602532000093, -8.780292839999959, 0.0 ], [ 115.141740786000014, -8.78019287199993, 0.0 ], [ 115.141888114000039, -8.78015994499998, 0.0 ], [ 115.142106258000013, -8.780111190999946, 0.0 ], [ 115.142465241000082, -8.780380245999936, 0.0 ], [ 115.142650912000022, -8.78013131299997, 0.0 ], [ 115.142687608000074, -8.780092054999955, 0.0 ], [ 115.142687808, -8.780091841999933, 0.0 ], [ 115.142758797000056, -8.780015897999931, 0.0 ], [ 115.142788024000083, -8.780003299999976, 0.0 ], [ 115.142878370000062, -8.779964358999962, 0.0 ], [ 115.143030673000112, -8.780017932999954, 0.0 ], [ 115.143242565000037, -8.780119344999946, 0.0 ], [ 115.143334308000021, -8.780141700999934, 0.0 ], [ 115.143391564000012, -8.780155653999941, 0.0 ], [ 115.14375751700004, -8.77981098999993, 0.0 ], [ 115.14383505100011, -8.779741781999974, 0.0 ], [ 115.143876023000075, -8.779705209999975, 0.0 ], [ 115.144037191000052, -8.779663005999964, 0.0 ], [ 115.144120782000073, -8.779607222999971, 0.0 ], [ 115.144120892000046, -8.779607148999958, 0.0 ], [ 115.144317532000059, -8.779475923999939, 0.0 ], [ 115.144488113000079, -8.779382821999945, 0.0 ], [ 115.144654553, -8.77936062699996, 0.0 ], [ 115.144654967000065, -8.77936103299993, 0.0 ], [ 115.144975036, -8.779812016999927, 0.0 ], [ 115.145079024000097, -8.779937986999926, 0.0 ], [ 115.145079622000026, -8.779937977999964, 0.0 ], [ 115.145691016000114, -8.779928973999972, 0.0 ], [ 115.146101984000097, -8.779973024999947, 0.0 ], [ 115.14653803300007, -8.780036992999953, 0.0 ], [ 115.146868002000019, -8.780034004999948, 0.0 ], [ 115.147450983000113, -8.77984596899995, 0.0 ], [ 115.148089976000051, -8.779620966999971, 0.0 ], [ 115.148545967000018, -8.779501993999929, 0.0 ], [ 115.148924999000087, -8.779458027999965, 0.0 ], [ 115.149254969000026, -8.77948495499993, 0.0 ], [ 115.150128997000024, -8.779737990999934, 0.0 ], [ 115.150664964000043, -8.779888042999971, 0.0 ], [ 115.151852020000092, -8.779837006999969, 0.0 ], [ 115.152129998000078, -8.779830956999945, 0.0 ], [ 115.152337989000102, -8.779884038999967, 0.0 ], [ 115.152606980000087, -8.780225035999933, 0.0 ], [ 115.152723987000059, -8.780371044999981, 0.0 ], [ 115.152745036000056, -8.780387959999928, 0.0 ], [ 115.152900033000037, -8.780473954999934, 0.0 ], [ 115.152900300000056, -8.780474026999968, 0.0 ], [ 115.153149997000014, -8.780540981999934, 0.0 ], [ 115.153327018000027, -8.780552966999949, 0.0 ], [ 115.154126035000104, -8.780321957999945, 0.0 ], [ 115.155353019000017, -8.780213980999974, 0.0 ], [ 115.155606018000071, -8.780227962999959, 0.0 ], [ 115.156052997000074, -8.780461994999939, 0.0 ], [ 115.156713993000039, -8.78089502399996, 0.0 ], [ 115.156977979000089, -8.781066967999948, 0.0 ], [ 115.157498023000016, -8.781179963999932, 0.0 ], [ 115.157762981000019, -8.781230971999946, 0.0 ], [ 115.158608989000072, -8.781712987999981, 0.0 ], [ 115.158888007000087, -8.781845956999973, 0.0 ], [ 115.159173030000034, -8.781916043999956, 0.0 ], [ 115.159937983000077, -8.781785006999939, 0.0 ], [ 115.16041524000002, -8.781727051999951, 0.0 ], [ 115.160416008000084, -8.781726958999968, 0.0 ], [ 115.161016994000079, -8.781747967999934, 0.0 ], [ 115.16145799800006, -8.781766026999946, 0.0 ], [ 115.161708964000013, -8.781675957999937, 0.0 ], [ 115.162186002000112, -8.781377015999965, 0.0 ], [ 115.162668007000093, -8.780967009999927, 0.0 ], [ 115.163384017000112, -8.780228042999966, 0.0 ], [ 115.163957976, -8.779572985999948, 0.0 ], [ 115.164337037000109, -8.779051025999934, 0.0 ], [ 115.165151965000064, -8.777715966999949, 0.0 ], [ 115.165674010000089, -8.776826997999933, 0.0 ], [ 115.166606964000039, -8.775016969999967, 0.0 ], [ 115.166886028000022, -8.77437701499997, 0.0 ], [ 115.167143999000018, -8.773697998999978, 0.0 ], [ 115.167639007000048, -8.772237994999955, 0.0 ], [ 115.168086017000064, -8.770799992999969, 0.0 ], [ 115.168337030000089, -8.76987300299993, 0.0 ], [ 115.168645026000036, -8.768343030999972, 0.0 ], [ 115.168818987, -8.767388007999955, 0.0 ], [ 115.169807996000031, -8.767312987999958, 0.0 ], [ 115.169825981000031, -8.767312984999933, 0.0 ], [ 115.170166999000116, -8.767316986999958, 0.0 ], [ 115.170781989000034, -8.767335963999926, 0.0 ], [ 115.172004003000097, -8.767454956999927, 0.0 ], [ 115.172794018000104, -8.767495025999949, 0.0 ], [ 115.174080005000064, -8.767512000999943, 0.0 ], [ 115.174135988000103, -8.76751100599995, 0.0 ], [ 115.174161020000042, -8.767540955999948, 0.0 ], [ 115.174431985000069, -8.767696017999981, 0.0 ], [ 115.174799008000036, -8.767837985999961, 0.0 ], [ 115.175029986000027, -8.767940970999973, 0.0 ], [ 115.17551796500004, -8.768050982999966, 0.0 ], [ 115.176428965000014, -8.768329985999969, 0.0 ], [ 115.176995990000023, -8.76853501599993, 0.0 ], [ 115.17701596500001, -8.768541981999931, 0.0 ], [ 115.177019037000036, -8.768541995999954, 0.0 ], [ 115.177339974, -8.768622997999955, 0.0 ], [ 115.178076, -8.768501991999926, 0.0 ], [ 115.178133634, -8.768507838999938, 0.0 ], [ 115.178257995000081, -8.768635160999963, 0.0 ], [ 115.17858802100011, -8.76897865799998, 0.0 ], [ 115.178843960000108, -8.769200918999957, 0.0 ], [ 115.178965194000057, -8.769254800999931, 0.0 ], [ 115.179039281000087, -8.769254800999931, 0.0 ], [ 115.179120103000059, -8.769227860999933, 0.0 ], [ 115.179167250000091, -8.769173978999959, 0.0 ], [ 115.179234603000054, -8.769059479999953, 0.0 ], [ 115.179322160000083, -8.768675572999939, 0.0 ], [ 115.179376018000085, -8.768530829999975, 0.0 ], [ 115.179515299000059, -8.768520836999926, 0.0 ], [ 115.179537687000106, -8.768540868999935, 0.0 ], [ 115.179834037000091, -8.768628425999964, 0.0 ], [ 115.180130387000077, -8.76873618999997, 0.0 ], [ 115.180372854000098, -8.768783335999956, 0.0 ], [ 115.180541235000078, -8.768769864999967, 0.0 ], [ 115.180824114000075, -8.768709248999926, 0.0 ], [ 115.181057427000042, -8.768712629999925, 0.0 ], [ 115.181504004000089, -8.768905020999966, 0.0 ], [ 115.182173971000111, -8.769470018999925, 0.0 ], [ 115.183134977, -8.770347991999927, 0.0 ], [ 115.183394999000029, -8.770442976999959, 0.0 ], [ 115.1836800210001, -8.77042102799993, 0.0 ], [ 115.184177, -8.770422965999956, 0.0 ], [ 115.184721981000052, -8.770354991999966, 0.0 ], [ 115.185291029000041, -8.770099030999972, 0.0 ], [ 115.185956983000096, -8.769701982999948, 0.0 ], [ 115.186597027000062, -8.769516954999972, 0.0 ], [ 115.187308033000022, -8.769378998999969, 0.0 ], [ 115.18804203500008, -8.769335969999929, 0.0 ], [ 115.188325967000083, -8.769383973999936, 0.0 ], [ 115.188681002000067, -8.769573959999946, 0.0 ], [ 115.18905802800009, -8.769788003999963, 0.0 ], [ 115.189318988000082, -8.769860030999951, 0.0 ], [ 115.189625964000015, -8.769885003999946, 0.0 ], [ 115.189935012000092, -8.769745024999963, 0.0 ], [ 115.190220991000047, -8.769417012999952, 0.0 ], [ 115.190389978000098, -8.768782017999968, 0.0 ], [ 115.190441024000052, -8.767958986999929, 0.0 ], [ 115.190328012, -8.766923024999926, 0.0 ], [ 115.19034302700004, -8.76680902399994, 0.0 ], [ 115.190368977000048, -8.766819994999935, 0.0 ], [ 115.190432790000045, -8.766828948999944, 0.0 ], [ 115.190433005000045, -8.766828978999968, 0.0 ], [ 115.190502001000027, -8.766818010999941, 0.0 ], [ 115.19052599500003, -8.766815369999961, 0.0 ], [ 115.190837975000022, -8.766781023999954, 0.0 ], [ 115.191026020000095, -8.766852970999935, 0.0 ], [ 115.191214991000038, -8.766996963999929, 0.0 ], [ 115.191443025000012, -8.767276005999975, 0.0 ], [ 115.19158896700003, -8.767577975999927, 0.0 ], [ 115.191689034000092, -8.767928988999927, 0.0 ], [ 115.191825154000071, -8.768527758999937, 0.0 ], [ 115.191917969000087, -8.768936039999971, 0.0 ], [ 115.19198725900003, -8.769106353999973, 0.0 ], [ 115.192096966, -8.769376012999942, 0.0 ], [ 115.192196022000076, -8.769672967999952, 0.0 ], [ 115.192217975000062, -8.76996801699994, 0.0 ], [ 115.192293988000074, -8.770505028999935, 0.0 ], [ 115.19252700200002, -8.770947971999931, 0.0 ], [ 115.192672974000061, -8.771058043999972, 0.0 ], [ 115.193057020000083, -8.771246989999952, 0.0 ], [ 115.193384016000095, -8.771456000999933, 0.0 ], [ 115.193665991000103, -8.771739006999951, 0.0 ], [ 115.193837987000052, -8.771999972999936, 0.0 ], [ 115.194028013000093, -8.772438010999963, 0.0 ], [ 115.194078012000091, -8.772745034999957, 0.0 ], [ 115.194037997, -8.773069977999967, 0.0 ], [ 115.193989224, -8.773283782999954, 0.0 ], [ 115.193925988000046, -8.77356098599995, 0.0 ], [ 115.193801765000103, -8.774068812999928, 0.0 ], [ 115.19370802800006, -8.774452005999933, 0.0 ], [ 115.193703988000038, -8.775116988999969, 0.0 ], [ 115.193695001000037, -8.775874960999943, 0.0 ], [ 115.19377496300001, -8.776169021999976, 0.0 ], [ 115.19389298100009, -8.77637296499995, 0.0 ], [ 115.194212199000049, -8.776791098999979, 0.0 ], [ 115.194303002000083, -8.776910038999972, 0.0 ], [ 115.194479074000014, -8.777120674999935, 0.0 ], [ 115.194792003000089, -8.777495035999948, 0.0 ], [ 115.194856967000078, -8.77755898199996, 0.0 ], [ 115.195478972000046, -8.778100955999946, 0.0 ], [ 115.196819007000045, -8.779134018999969, 0.0 ], [ 115.197176982000087, -8.779432030999942, 0.0 ], [ 115.197474967000062, -8.779799988999969, 0.0 ], [ 115.19759297500002, -8.780053012999929, 0.0 ], [ 115.197595033000084, -8.780200992999937, 0.0 ], [ 115.1975270370001, -8.780366722999929, 0.0 ], [ 115.197522006000099, -8.780378983999981, 0.0 ], [ 115.197505581000087, -8.780405271999939, 0.0 ], [ 115.197228971000072, -8.780847976999951, 0.0 ], [ 115.196958969000093, -8.781358025999964, 0.0 ], [ 115.197008003000064, -8.781493031999958, 0.0 ], [ 115.197123016000091, -8.781606027999942, 0.0 ], [ 115.197278001000086, -8.78165096999993, 0.0 ], [ 115.197453082000038, -8.781640806999974, 0.0 ], [ 115.197501013000078, -8.78163802499995, 0.0 ], [ 115.197539032, -8.781632963999925, 0.0 ] ] ] ] } },
{ "type": "Feature", "properties": { "Desa": "Kedonganan", "Kec": "Kuta", "WADMKD": "Kedonganan", "Kab": "Badung", "Luas": 226.625491275 }, "geometry": { "type": "MultiPolygon", "coordinates": [ [ [ [ 115.188699003000011, -8.765626974999975, 0.0 ], [ 115.188501976000111, -8.76564600699993, 0.0 ], [ 115.188163006000082, -8.765589965999936, 0.0 ], [ 115.187960984000028, -8.765479986999935, 0.0 ], [ 115.18776399300009, -8.765275030999931, 0.0 ], [ 115.187709992, -8.76512996699995, 0.0 ], [ 115.187720028000058, -8.764960985999949, 0.0 ], [ 115.18779599800007, -8.764686020999932, 0.0 ], [ 115.187836965000088, -8.764660004999939, 0.0 ], [ 115.187880998000082, -8.764557983999964, 0.0 ], [ 115.188043995000044, -8.76412299499998, 0.0 ], [ 115.188170969000112, -8.763992989999963, 0.0 ], [ 115.188295983000103, -8.763957975999972, 0.0 ], [ 115.188504015000035, -8.76397198899997, 0.0 ], [ 115.188622031000023, -8.764036008999938, 0.0 ], [ 115.188757027000065, -8.764198996999937, 0.0 ], [ 115.188860003000059, -8.764443995999954, 0.0 ], [ 115.188965974000098, -8.764968043999943, 0.0 ], [ 115.188972999000043, -8.765235000999951, 0.0 ], [ 115.188916008000092, -8.765443980999976, 0.0 ], [ 115.188821001000065, -8.765565009999932, 0.0 ], [ 115.188699003000011, -8.765626974999975, 0.0 ] ] ], [ [ [ 115.169718424000052, -8.756014775999972, 0.0 ], [ 115.169741390000013, -8.756028466999965, 0.0 ], [ 115.169744003, -8.756025034999936, 0.0 ], [ 115.17008596300002, -8.756064020999929, 0.0 ], [ 115.170127925000088, -8.756071068999972, 0.0 ], [ 115.170499738000103, -8.756106952999971, 0.0 ], [ 115.171171141000059, -8.756193745999951, 0.0 ], [ 115.171412445000101, -8.756221020999931, 0.0 ], [ 115.171895182000071, -8.756249462999961, 0.0 ], [ 115.171977337000044, -8.756263492999949, 0.0 ], [ 115.172026034000055, -8.756260960999953, 0.0 ], [ 115.172471979000079, -8.756335969999952, 0.0 ], [ 115.172592979000115, -8.756339989999958, 0.0 ], [ 115.172771973000067, -8.756376015999933, 0.0 ], [ 115.174057221000112, -8.75660781299996, 0.0 ], [ 115.174353152000094, -8.756702123999958, 0.0 ], [ 115.174762590000114, -8.756795942999929, 0.0 ], [ 115.175175541000044, -8.756926516999954, 0.0 ], [ 115.17540034600006, -8.757019445999958, 0.0 ], [ 115.175758302000077, -8.757068930999935, 0.0 ], [ 115.176204512000027, -8.757137864999947, 0.0 ], [ 115.176517007000029, -8.757218987999977, 0.0 ], [ 115.176850019000085, -8.757295978999935, 0.0 ], [ 115.17691299, -8.75730604499995, 0.0 ], [ 115.177050998000027, -8.757325962999971, 0.0 ], [ 115.177096010000014, -8.757330970999931, 0.0 ], [ 115.177501991000099, -8.757427022999934, 0.0 ], [ 115.177612018000104, -8.75756096899994, 0.0 ], [ 115.17772203700008, -8.757634985999971, 0.0 ], [ 115.178395003000105, -8.757732956999973, 0.0 ], [ 115.178443977000029, -8.757662959999948, 0.0 ], [ 115.178461564000031, -8.757612882999979, 0.0 ], [ 115.178812940000057, -8.757711987999926, 0.0 ], [ 115.17951964000008, -8.757819063999932, 0.0 ], [ 115.180333416000053, -8.75794755499993, 0.0 ], [ 115.180966065, -8.758081884999967, 0.0 ], [ 115.180885000000103, -8.758479000999955, 0.0 ], [ 115.180876993000084, -8.758969959999945, 0.0 ], [ 115.180943008000099, -8.759463986999947, 0.0 ], [ 115.181238375000021, -8.761066174999939, 0.0 ], [ 115.181329964000042, -8.761562985999944, 0.0 ], [ 115.181370663000052, -8.761667106999937, 0.0 ], [ 115.18177598300008, -8.762704044999964, 0.0 ], [ 115.18205003300011, -8.763056979999931, 0.0 ], [ 115.182577014000117, -8.763699023999948, 0.0 ], [ 115.182678223000039, -8.763925436999955, 0.0 ], [ 115.182728982000071, -8.764038987999982, 0.0 ], [ 115.182729343, -8.764040951999959, 0.0 ], [ 115.182781987000112, -8.764327044999959, 0.0 ], [ 115.182762131000118, -8.764442458999952, 0.0 ], [ 115.182761011000025, -8.764448970999979, 0.0 ], [ 115.182761027000083, -8.764588470999968, 0.0 ], [ 115.18276103300002, -8.764645025999926, 0.0 ], [ 115.182835023000052, -8.764700971999957, 0.0 ], [ 115.18304101800004, -8.764763969999933, 0.0 ], [ 115.183287981000035, -8.764770038999927, 0.0 ], [ 115.184082031000116, -8.764765336999972, 0.0 ], [ 115.184138989000076, -8.764765, 0.0 ], [ 115.184136967000086, -8.764842002999956, 0.0 ], [ 115.184069993000094, -8.765131019999956, 0.0 ], [ 115.183979989000022, -8.765239958999928, 0.0 ], [ 115.18387000700011, -8.765281009999967, 0.0 ], [ 115.18380581100007, -8.765305866999938, 0.0 ], [ 115.183653031000063, -8.765365023999948, 0.0 ], [ 115.183619017000069, -8.765455972999973, 0.0 ], [ 115.183650028000102, -8.765613038999959, 0.0 ], [ 115.183691998000086, -8.765611975999946, 0.0 ], [ 115.183715820000089, -8.765611713999931, 0.0 ], [ 115.184326974000101, -8.765604994999933, 0.0 ], [ 115.184411018000105, -8.765534984999931, 0.0 ], [ 115.184633035000047, -8.765307996999979, 0.0 ], [ 115.18500903000006, -8.76506900499993, 0.0 ], [ 115.18529989000001, -8.764865378999957, 0.0 ], [ 115.185338975000036, -8.764838015999942, 0.0 ], [ 115.185431009000013, -8.764712406999934, 0.0 ], [ 115.185465029000056, -8.764665975999947, 0.0 ], [ 115.185485840000069, -8.764588966999952, 0.0 ], [ 115.185510966000038, -8.764495991999979, 0.0 ], [ 115.185502030000066, -8.764221976999977, 0.0 ], [ 115.185485840000069, -8.763702979999948, 0.0 ], [ 115.185484001000077, -8.763644025999952, 0.0 ], [ 115.185485840000069, -8.763625794999939, 0.0 ], [ 115.185532022000075, -8.763167990999932, 0.0 ], [ 115.185548717000074, -8.763136435999968, 0.0 ], [ 115.185632005000116, -8.762979013999939, 0.0 ], [ 115.185779019000051, -8.762857963999977, 0.0 ], [ 115.185988020000082, -8.762779965999925, 0.0 ], [ 115.186010574000079, -8.762780930999952, 0.0 ], [ 115.186175997000078, -8.762788008999962, 0.0 ], [ 115.186463023000101, -8.762876974999926, 0.0 ], [ 115.186745029, -8.763043018999952, 0.0 ], [ 115.187105963000022, -8.763236015999951, 0.0 ], [ 115.18712903100004, -8.763254023999934, 0.0 ], [ 115.187167987000066, -8.763318025999979, 0.0 ], [ 115.187184987000023, -8.763444021999931, 0.0 ], [ 115.187173256000051, -8.763485211999978, 0.0 ], [ 115.187130022000019, -8.763637011999947, 0.0 ], [ 115.186905979000016, -8.76406601399998, 0.0 ], [ 115.186710647000041, -8.764408400999969, 0.0 ], [ 115.186708037000017, -8.76441297599996, 0.0 ], [ 115.186708089000035, -8.764413684999965, 0.0 ], [ 115.186710990000051, -8.764453032999938, 0.0 ], [ 115.186760976000073, -8.764576021999972, 0.0 ], [ 115.186807002000023, -8.764743012999929, 0.0 ], [ 115.186877002000074, -8.765312987999948, 0.0 ], [ 115.187005022000108, -8.765431018999948, 0.0 ], [ 115.187247029000105, -8.765562974999966, 0.0 ], [ 115.187880025000027, -8.765871981999965, 0.0 ], [ 115.188670037000065, -8.76625396399993, 0.0 ], [ 115.188845988000025, -8.76623898899993, 0.0 ], [ 115.189022971000099, -8.766149989999974, 0.0 ], [ 115.189060667000035, -8.766113280999946, 0.0 ], [ 115.189216021000107, -8.765961998999956, 0.0 ], [ 115.189645010000049, -8.765549976999978, 0.0 ], [ 115.18978202400001, -8.765544034999948, 0.0 ], [ 115.189814110000043, -8.765555938999967, 0.0 ], [ 115.18992198, -8.76559595699996, 0.0 ], [ 115.190034965000109, -8.765724038999963, 0.0 ], [ 115.190145963000077, -8.765952986999935, 0.0 ], [ 115.190165965, -8.766140009999958, 0.0 ], [ 115.190161017000037, -8.766605044999949, 0.0 ], [ 115.190188912000053, -8.766646027999968, 0.0 ], [ 115.190239964000057, -8.766721031999964, 0.0 ], [ 115.19031850500005, -8.766796599999964, 0.0 ], [ 115.190322013000014, -8.766799974999969, 0.0 ], [ 115.190328495000017, -8.766802765999955, 0.0 ], [ 115.19034302700004, -8.76680902399994, 0.0 ], [ 115.190328012, -8.766923024999926, 0.0 ], [ 115.190441024000052, -8.767958986999929, 0.0 ], [ 115.190389978000098, -8.768782017999968, 0.0 ], [ 115.190220991000047, -8.769417012999952, 0.0 ], [ 115.189935012000092, -8.769745024999963, 0.0 ], [ 115.189625964000015, -8.769885003999946, 0.0 ], [ 115.189318988000082, -8.769860030999951, 0.0 ], [ 115.18905802800009, -8.769788003999963, 0.0 ], [ 115.188681002000067, -8.769573959999946, 0.0 ], [ 115.188325967000083, -8.769383973999936, 0.0 ], [ 115.18804203500008, -8.769335969999929, 0.0 ], [ 115.187308033000022, -8.769378998999969, 0.0 ], [ 115.186597027000062, -8.769516954999972, 0.0 ], [ 115.185956983000096, -8.769701982999948, 0.0 ], [ 115.185291029000041, -8.770099030999972, 0.0 ], [ 115.184721981000052, -8.770354991999966, 0.0 ], [ 115.184177, -8.770422965999956, 0.0 ], [ 115.1836800210001, -8.77042102799993, 0.0 ], [ 115.183394999000029, -8.770442976999959, 0.0 ], [ 115.183134977, -8.770347991999927, 0.0 ], [ 115.182173971000111, -8.769470018999925, 0.0 ], [ 115.181504004000089, -8.768905020999966, 0.0 ], [ 115.181057427000042, -8.768712629999925, 0.0 ], [ 115.180824114000075, -8.768709248999926, 0.0 ], [ 115.180541235000078, -8.768769864999967, 0.0 ], [ 115.180372854000098, -8.768783335999956, 0.0 ], [ 115.180130387000077, -8.76873618999997, 0.0 ], [ 115.179834037000091, -8.768628425999964, 0.0 ], [ 115.179537687000106, -8.768540868999935, 0.0 ], [ 115.179515299000059, -8.768520836999926, 0.0 ], [ 115.179376018000085, -8.768530829999975, 0.0 ], [ 115.179322160000083, -8.768675572999939, 0.0 ], [ 115.179234603000054, -8.769059479999953, 0.0 ], [ 115.179167250000091, -8.769173978999959, 0.0 ], [ 115.179120103000059, -8.769227860999933, 0.0 ], [ 115.179039281000087, -8.769254800999931, 0.0 ], [ 115.178965194000057, -8.769254800999931, 0.0 ], [ 115.178843960000108, -8.769200918999957, 0.0 ], [ 115.17858802100011, -8.76897865799998, 0.0 ], [ 115.178257995000081, -8.768635160999963, 0.0 ], [ 115.178133634, -8.768507838999938, 0.0 ], [ 115.178076, -8.768501991999926, 0.0 ], [ 115.177339974, -8.768622997999955, 0.0 ], [ 115.177019037000036, -8.768541995999954, 0.0 ], [ 115.17701596500001, -8.768541981999931, 0.0 ], [ 115.176995990000023, -8.76853501599993, 0.0 ], [ 115.176428965000014, -8.768329985999969, 0.0 ], [ 115.17551796500004, -8.768050982999966, 0.0 ], [ 115.175029986000027, -8.767940970999973, 0.0 ], [ 115.174799008000036, -8.767837985999961, 0.0 ], [ 115.174431985000069, -8.767696017999981, 0.0 ], [ 115.174161020000042, -8.767540955999948, 0.0 ], [ 115.174135988000103, -8.76751100599995, 0.0 ], [ 115.174080005000064, -8.767512000999943, 0.0 ], [ 115.172794018000104, -8.767495025999949, 0.0 ], [ 115.172004003000097, -8.767454956999927, 0.0 ], [ 115.170781989000034, -8.767335963999926, 0.0 ], [ 115.170166999000116, -8.767316986999958, 0.0 ], [ 115.169825981000031, -8.767312984999933, 0.0 ], [ 115.169807996000031, -8.767312987999958, 0.0 ], [ 115.168818987, -8.767388007999955, 0.0 ], [ 115.168825997000113, -8.767348993999974, 0.0 ], [ 115.169072025000105, -8.765924023999958, 0.0 ], [ 115.169157985000083, -8.764345971999944, 0.0 ], [ 115.169149972000014, -8.762155980999978, 0.0 ], [ 115.169133028000033, -8.761682981999968, 0.0 ], [ 115.168944981000095, -8.760756031999961, 0.0 ], [ 115.168769019000024, -8.760085032999939, 0.0 ], [ 115.168562992000034, -8.759387042999947, 0.0 ], [ 115.16794901600008, -8.75797001899997, 0.0 ], [ 115.167756978000057, -8.757568030999948, 0.0 ], [ 115.16747802000009, -8.757164988999932, 0.0 ], [ 115.16726501800008, -8.756836024999927, 0.0 ], [ 115.167227965000052, -8.756781972999931, 0.0 ], [ 115.167238747000056, -8.756778179999969, 0.0 ], [ 115.16727766200006, -8.756741374999933, 0.0 ], [ 115.167551980000098, -8.756525953999926, 0.0 ], [ 115.16778888500005, -8.756409542999961, 0.0 ], [ 115.16802197100003, -8.756318828999952, 0.0 ], [ 115.168321687000116, -8.756195373999958, 0.0 ], [ 115.168706009000061, -8.756138455999974, 0.0 ], [ 115.169119802000068, -8.75609637499997, 0.0 ], [ 115.169415340000114, -8.756072088999929, 0.0 ], [ 115.169655559000034, -8.756032840999978, 0.0 ], [ 115.169718424000052, -8.756014775999972, 0.0 ] ] ] ] } },
{ "type": "Feature", "properties": { "Desa": "Kerobokan Kelod", "Kec": "Kuta Utara", "WADMKD": "Kerobokan Kelod", "Kab": "Badung", "Luas": 779.30768592300001 }, "geometry": { "type": "MultiPolygon", "coordinates": [ [ [ [ 115.174191604000043, -8.660497046999978, 0.0 ], [ 115.174171283000078, -8.660620259999973, 0.0 ], [ 115.174136520000047, -8.660721807999948, 0.0 ], [ 115.17406152600006, -8.660905360999948, 0.0 ], [ 115.174023560000023, -8.660988163999946, 0.0 ], [ 115.173988225000016, -8.661103332999971, 0.0 ], [ 115.173960154000042, -8.661183067999957, 0.0 ], [ 115.173894455000095, -8.661288168999931, 0.0 ], [ 115.17387177, -8.661352434999969, 0.0 ], [ 115.173827028, -8.661409111999944, 0.0 ], [ 115.173802588000058, -8.661441977999971, 0.0 ], [ 115.173745953000093, -8.661462413999971, 0.0 ], [ 115.17368805000001, -8.661507730999972, 0.0 ], [ 115.173657433000017, -8.661542337999947, 0.0 ], [ 115.173612582000032, -8.661593386999925, 0.0 ], [ 115.173564590000069, -8.661659163999957, 0.0 ], [ 115.173459524, -8.661735988999965, 0.0 ], [ 115.17343917300002, -8.661803169999928, 0.0 ], [ 115.173429868000085, -8.661854480999978, 0.0 ], [ 115.173431143000016, -8.661947339999926, 0.0 ], [ 115.173452873000087, -8.662058878999972, 0.0 ], [ 115.173474819000035, -8.66220655199993, 0.0 ], [ 115.173490993000087, -8.66229859799995, 0.0 ], [ 115.173509694000018, -8.662401793999948, 0.0 ], [ 115.173502023000083, -8.662513320999949, 0.0 ], [ 115.173484819, -8.662629669999944, 0.0 ], [ 115.173516402000018, -8.662700234999932, 0.0 ], [ 115.173575644000039, -8.662775415999931, 0.0 ], [ 115.173606002000042, -8.662853097999971, 0.0 ], [ 115.173615827000049, -8.662983642999961, 0.0 ], [ 115.17361156000004, -8.663300728999957, 0.0 ], [ 115.173581218000095, -8.66354042699993, 0.0 ], [ 115.173573024, -8.663732722999953, 0.0 ], [ 115.173575482000047, -8.663910434999934, 0.0 ], [ 115.173581005000074, -8.664095584999927, 0.0 ], [ 115.173613447000093, -8.664257296999949, 0.0 ], [ 115.173610683000106, -8.664390828999956, 0.0 ], [ 115.173602494000079, -8.664479428999925, 0.0 ], [ 115.173597163000068, -8.664652711999963, 0.0 ], [ 115.173617137000065, -8.664856800999928, 0.0 ], [ 115.173644873000057, -8.665019712999936, 0.0 ], [ 115.173695813000109, -8.665135230999965, 0.0 ], [ 115.173725167000043, -8.665221002999942, 0.0 ], [ 115.173721651000051, -8.665278740999952, 0.0 ], [ 115.173678678000101, -8.66539101799998, 0.0 ], [ 115.17363174400009, -8.66548482099995, 0.0 ], [ 115.1736248200001, -8.665537653999934, 0.0 ], [ 115.173784516000069, -8.665561519999926, 0.0 ], [ 115.173931660000108, -8.66558318899996, 0.0 ], [ 115.174115763000032, -8.665601189999961, 0.0 ], [ 115.174414551000041, -8.665635005999945, 0.0 ], [ 115.174812042000099, -8.665671810999982, 0.0 ], [ 115.175393855000038, -8.665766394999935, 0.0 ], [ 115.175519996000048, -8.665789366999945, 0.0 ], [ 115.175498764000054, -8.665835571999935, 0.0 ], [ 115.175491589000103, -8.665890185999956, 0.0 ], [ 115.175496478000014, -8.665944099999933, 0.0 ], [ 115.175543212000093, -8.666056033999951, 0.0 ], [ 115.17558405300008, -8.66615965799997, 0.0 ], [ 115.175596441000039, -8.666203442999972, 0.0 ], [ 115.175615195000091, -8.666269628999942, 0.0 ], [ 115.175609270000109, -8.666352788999973, 0.0 ], [ 115.175602826000045, -8.666435590999981, 0.0 ], [ 115.17562147600006, -8.66648044599998, 0.0 ], [ 115.175621155000044, -8.666546871999969, 0.0 ], [ 115.175620785000092, -8.666623692999963, 0.0 ], [ 115.175669637000055, -8.666700033999973, 0.0 ], [ 115.175745456000072, -8.666777137999929, 0.0 ], [ 115.175858113000118, -8.666880602999981, 0.0 ], [ 115.175881126000036, -8.666901738999968, 0.0 ], [ 115.175939367000069, -8.667020308999952, 0.0 ], [ 115.175972423000076, -8.667172050999966, 0.0 ], [ 115.175973708000015, -8.667185201999928, 0.0 ], [ 115.175982449000117, -8.667274676999966, 0.0 ], [ 115.176006496000014, -8.66736427099994, 0.0 ], [ 115.176071135000029, -8.667441974999974, 0.0 ], [ 115.176156823000042, -8.667538830999945, 0.0 ], [ 115.176191398000014, -8.667575962999933, 0.0 ], [ 115.17624559, -8.667634163999935, 0.0 ], [ 115.176367783000046, -8.667819956999949, 0.0 ], [ 115.176466991000098, -8.667987290999974, 0.0 ], [ 115.176524900000118, -8.668096305999939, 0.0 ], [ 115.176610286000027, -8.668255890999944, 0.0 ], [ 115.176648125000042, -8.668347997999945, 0.0 ], [ 115.176652977000117, -8.668471754999928, 0.0 ], [ 115.176634384000067, -8.668585671999949, 0.0 ], [ 115.176640711000118, -8.668691187999968, 0.0 ], [ 115.176641973000073, -8.66871224099998, 0.0 ], [ 115.176646066000103, -8.668801298999938, 0.0 ], [ 115.176662143000044, -8.668908302999967, 0.0 ], [ 115.176712302000055, -8.669004895999933, 0.0 ], [ 115.17673624300005, -8.669061127999953, 0.0 ], [ 115.176799080000023, -8.669117166999968, 0.0 ], [ 115.176806767000016, -8.669124021999949, 0.0 ], [ 115.176876434000064, -8.669155061999959, 0.0 ], [ 115.17692751200002, -8.669167452999943, 0.0 ], [ 115.176967195000088, -8.669185826999978, 0.0 ], [ 115.17698035300009, -8.669229524999935, 0.0 ], [ 115.176968399000089, -8.669268844999976, 0.0 ], [ 115.176973536000105, -8.669312504999937, 0.0 ], [ 115.176994654000055, -8.669369011999947, 0.0 ], [ 115.177041502000066, -8.669412869999974, 0.0 ], [ 115.177109862000066, -8.669431288999931, 0.0 ], [ 115.177185714000075, -8.669448679999959, 0.0 ], [ 115.177240090000055, -8.669484059999945, 0.0 ], [ 115.177277306000065, -8.669528936999939, 0.0 ], [ 115.177293107000082, -8.669587546999935, 0.0 ], [ 115.177322402000073, -8.669714333999934, 0.0 ], [ 115.177243023000074, -8.669762911999953, 0.0 ], [ 115.177253626000038, -8.669788517999962, 0.0 ], [ 115.177254779, -8.669791302999954, 0.0 ], [ 115.177318086000014, -8.669944194999971, 0.0 ], [ 115.177364120000107, -8.669934835999982, 0.0 ], [ 115.177409452, -8.670071278999956, 0.0 ], [ 115.177412394000044, -8.670126634999974, 0.0 ], [ 115.177413476000083, -8.670172887999968, 0.0 ], [ 115.177456939000081, -8.670286940999972, 0.0 ], [ 115.177498537000019, -8.67037896599993, 0.0 ], [ 115.177546829000107, -8.67046298799994, 0.0 ], [ 115.177570197000023, -8.670510915999955, 0.0 ], [ 115.177588054000012, -8.670552262999934, 0.0 ], [ 115.177604437000014, -8.67059037699994, 0.0 ], [ 115.177614798000036, -8.670614624999928, 0.0 ], [ 115.177666346000024, -8.67072856599998, 0.0 ], [ 115.177714782000066, -8.670851778999975, 0.0 ], [ 115.177821802000039, -8.671033168999941, 0.0 ], [ 115.1778834590001, -8.671110793999958, 0.0 ], [ 115.17789467800003, -8.671139989999972, 0.0 ], [ 115.177900980000118, -8.671163965999938, 0.0 ], [ 115.177913634000106, -8.67120127499993, 0.0 ], [ 115.17792367100003, -8.671226865999927, 0.0 ], [ 115.177938015000109, -8.671246622999945, 0.0 ], [ 115.177970537000078, -8.671266998999954, 0.0 ], [ 115.178011030000107, -8.671298055999955, 0.0 ], [ 115.178037603, -8.67133223999997, 0.0 ], [ 115.178093575000048, -8.671369223999932, 0.0 ], [ 115.178128186000095, -8.671439005999957, 0.0 ], [ 115.17815062000011, -8.671517199999926, 0.0 ], [ 115.178167714000097, -8.671649020999951, 0.0 ], [ 115.178191155000036, -8.671746664999944, 0.0 ], [ 115.178231595000057, -8.671895172999939, 0.0 ], [ 115.178258411000115, -8.671981623999955, 0.0 ], [ 115.178271645000109, -8.672036304999949, 0.0 ], [ 115.17826742200009, -8.672079667999981, 0.0 ], [ 115.178260767000097, -8.672148000999925, 0.0 ], [ 115.178275241000051, -8.672177868999938, 0.0 ], [ 115.17829972200002, -8.672202463999952, 0.0 ], [ 115.178329550000058, -8.672227084999975, 0.0 ], [ 115.17834533700011, -8.672251051999979, 0.0 ], [ 115.17835264900009, -8.672282622999944, 0.0 ], [ 115.178349176000097, -8.672333373999948, 0.0 ], [ 115.17833771800008, -8.672387560999937, 0.0 ], [ 115.178385365000054, -8.672444258999974, 0.0 ], [ 115.178412950000052, -8.672462757999938, 0.0 ], [ 115.178466363000098, -8.672493591999967, 0.0 ], [ 115.178501474000086, -8.672508924999931, 0.0 ], [ 115.178539049000051, -8.672525333999943, 0.0 ], [ 115.178592955000113, -8.672539644999972, 0.0 ], [ 115.178635598000028, -8.672540402999971, 0.0 ], [ 115.178673656000115, -8.672539859999972, 0.0 ], [ 115.178710353000042, -8.672546095999962, 0.0 ], [ 115.17872916500005, -8.672550932999968, 0.0 ], [ 115.178746587000091, -8.672572263999939, 0.0 ], [ 115.178768031000118, -8.672596682999938, 0.0 ], [ 115.178793252000105, -8.672667019999949, 0.0 ], [ 115.178810465000083, -8.67271085699997, 0.0 ], [ 115.178826792000109, -8.672748600999967, 0.0 ], [ 115.178830271000038, -8.672788298999933, 0.0 ], [ 115.178840997000066, -8.67282073399997, 0.0 ], [ 115.178851132000091, -8.672850371999971, 0.0 ], [ 115.178869381000027, -8.672867742999927, 0.0 ], [ 115.178922975000091, -8.672886669999968, 0.0 ], [ 115.178965459000096, -8.672899972999971, 0.0 ], [ 115.178998620000016, -8.672928979999938, 0.0 ], [ 115.178984444000093, -8.672988756999928, 0.0 ], [ 115.178931272000113, -8.673027160999936, 0.0 ], [ 115.178889244000061, -8.673046579999948, 0.0 ], [ 115.178918205000059, -8.673114921999968, 0.0 ], [ 115.178957160000095, -8.673157587999981, 0.0 ], [ 115.179041673000029, -8.673155735999956, 0.0 ], [ 115.179081261000078, -8.67320119599998, 0.0 ], [ 115.179097909, -8.673274576999972, 0.0 ], [ 115.179061929000113, -8.673323661999973, 0.0 ], [ 115.179093926000064, -8.673407278999946, 0.0 ], [ 115.179185663000112, -8.673457736999978, 0.0 ], [ 115.179247351000072, -8.673529336999934, 0.0 ], [ 115.179311158000019, -8.673646493999968, 0.0 ], [ 115.179327992000026, -8.67374326099997, 0.0 ], [ 115.179313685000011, -8.673807538999938, 0.0 ], [ 115.179290207, -8.673871618999954, 0.0 ], [ 115.179279048000012, -8.673943705999932, 0.0 ], [ 115.179273664000107, -8.673978489999968, 0.0 ], [ 115.179228813, -8.674193499999944, 0.0 ], [ 115.179225321000104, -8.674223223999945, 0.0 ], [ 115.179400293000072, -8.674203445999979, 0.0 ], [ 115.179423889000077, -8.674260951999941, 0.0 ], [ 115.179467473000045, -8.674309218999952, 0.0 ], [ 115.179517909000083, -8.674353655999937, 0.0 ], [ 115.179535857000019, -8.674365359999967, 0.0 ], [ 115.179589796000073, -8.674400533999972, 0.0 ], [ 115.1796413940001, -8.674520834999953, 0.0 ], [ 115.179668948000085, -8.674601955999947, 0.0 ], [ 115.179712395000024, -8.67468202799995, 0.0 ], [ 115.179748409000013, -8.674754569999948, 0.0 ], [ 115.179755665000016, -8.674802496999973, 0.0 ], [ 115.179753363000032, -8.674860494999962, 0.0 ], [ 115.179751799000087, -8.674896548999925, 0.0 ], [ 115.179698181000049, -8.674968247999971, 0.0 ], [ 115.179598265000095, -8.675061426999946, 0.0 ], [ 115.179595363000089, -8.675063129999955, 0.0 ], [ 115.17954249200011, -8.675094152999975, 0.0 ], [ 115.179502771000102, -8.675124826999934, 0.0 ], [ 115.179480193000018, -8.675149197999929, 0.0 ], [ 115.179474227000014, -8.675166463999972, 0.0 ], [ 115.179471436000085, -8.675190928999939, 0.0 ], [ 115.179476381000086, -8.675260433999938, 0.0 ], [ 115.179497332000096, -8.675304561999951, 0.0 ], [ 115.179483492000031, -8.675432841999964, 0.0 ], [ 115.179476606000094, -8.675449835999927, 0.0 ], [ 115.179475915000012, -8.675519690999977, 0.0 ], [ 115.179476892000025, -8.675537887999951, 0.0 ], [ 115.17950294100001, -8.675554940999973, 0.0 ], [ 115.179513783000061, -8.675562038999942, 0.0 ], [ 115.179522171000031, -8.675582249999934, 0.0 ], [ 115.17951711, -8.67565923799998, 0.0 ], [ 115.179496498000049, -8.675675890999969, 0.0 ], [ 115.17947983800002, -8.675687590999928, 0.0 ], [ 115.179462209, -8.675760625999942, 0.0 ], [ 115.179453830000057, -8.67584829599997, 0.0 ], [ 115.179453709000086, -8.675922019999973, 0.0 ], [ 115.179465498000013, -8.676026528999955, 0.0 ], [ 115.179451303000064, -8.676055713999972, 0.0 ], [ 115.179370433000031, -8.676125137999975, 0.0 ], [ 115.179310887000042, -8.676174883999977, 0.0 ], [ 115.179250991000117, -8.676218714999948, 0.0 ], [ 115.179250745000104, -8.676219230999948, 0.0 ], [ 115.179223412000056, -8.676246101999936, 0.0 ], [ 115.179227081000022, -8.676264651999929, 0.0 ], [ 115.179206337000096, -8.67631081199994, 0.0 ], [ 115.179193278000071, -8.676347519999979, 0.0 ], [ 115.179153422000013, -8.676394509999966, 0.0 ], [ 115.179131517000087, -8.676446260999967, 0.0 ], [ 115.179116640000075, -8.676499520999926, 0.0 ], [ 115.179106533000095, -8.676563925999972, 0.0 ], [ 115.179083199000047, -8.676600803999975, 0.0 ], [ 115.179047921, -8.676625963999982, 0.0 ], [ 115.179009749000102, -8.67662906399994, 0.0 ], [ 115.17895446700004, -8.676651400999958, 0.0 ], [ 115.178874813000107, -8.676664327999958, 0.0 ], [ 115.17882828300003, -8.676644395999972, 0.0 ], [ 115.178815126000018, -8.676617573999977, 0.0 ], [ 115.178798531000098, -8.676584877999971, 0.0 ], [ 115.178772953000021, -8.676579432999972, 0.0 ], [ 115.178754641000069, -8.67658939699993, 0.0 ], [ 115.178744324000036, -8.676647299999956, 0.0 ], [ 115.178718280000112, -8.676692654999954, 0.0 ], [ 115.178682257000105, -8.676707384999929, 0.0 ], [ 115.178631802000041, -8.676739449999957, 0.0 ], [ 115.178589491000025, -8.676786095999944, 0.0 ], [ 115.178521373000081, -8.676818844999957, 0.0 ], [ 115.178452425000046, -8.676812143999939, 0.0 ], [ 115.178378018000103, -8.67680033299996, 0.0 ], [ 115.178314395000029, -8.676785049999978, 0.0 ], [ 115.178259661000084, -8.676782850999928, 0.0 ], [ 115.178243507000047, -8.67678220199997, 0.0 ], [ 115.178142520000051, -8.676778500999944, 0.0 ], [ 115.178078018000065, -8.676809856999967, 0.0 ], [ 115.178025689000037, -8.676895441999932, 0.0 ], [ 115.17795074300011, -8.677036291999968, 0.0 ], [ 115.177929622000079, -8.677084990999958, 0.0 ], [ 115.177921592000075, -8.677137410999933, 0.0 ], [ 115.177911914000106, -8.677199119999955, 0.0 ], [ 115.177932035000026, -8.677283454999952, 0.0 ], [ 115.177933478000114, -8.677289504999976, 0.0 ], [ 115.177936843000111, -8.677478960999963, 0.0 ], [ 115.177924015000031, -8.677699201999928, 0.0 ], [ 115.177894435000098, -8.67784486499994, 0.0 ], [ 115.177817950000076, -8.67795738999996, 0.0 ], [ 115.177723467000078, -8.67802630999995, 0.0 ], [ 115.177659813000105, -8.678089469999975, 0.0 ], [ 115.177643024000076, -8.678153111999961, 0.0 ], [ 115.1776049, -8.678189334999956, 0.0 ], [ 115.177562675000104, -8.678215963999946, 0.0 ], [ 115.177514269000085, -8.678242870999952, 0.0 ], [ 115.17745440300007, -8.67826464999996, 0.0 ], [ 115.177362650000077, -8.678325860999962, 0.0 ], [ 115.177298034000046, -8.678385624999976, 0.0 ], [ 115.17718474600008, -8.678479683999967, 0.0 ], [ 115.177128436000089, -8.678512702999967, 0.0 ], [ 115.177035462000049, -8.678551206999941, 0.0 ], [ 115.176968842000065, -8.678571550999948, 0.0 ], [ 115.176817968000023, -8.678597860999957, 0.0 ], [ 115.176745869000115, -8.67861499199995, 0.0 ], [ 115.17667979700002, -8.67861649699995, 0.0 ], [ 115.176600973000063, -8.678562853999949, 0.0 ], [ 115.176549037000086, -8.678524068999934, 0.0 ], [ 115.176496632000067, -8.678516784999943, 0.0 ], [ 115.176412782000057, -8.678508323999949, 0.0 ], [ 115.176401127000076, -8.678507147999937, 0.0 ], [ 115.176360657000032, -8.678478146999964, 0.0 ], [ 115.176299393000022, -8.678494469999976, 0.0 ], [ 115.176280739000049, -8.67850270799994, 0.0 ], [ 115.176268022000045, -8.67853979399996, 0.0 ], [ 115.176267598000095, -8.678575506999948, 0.0 ], [ 115.176258768000025, -8.67859408299995, 0.0 ], [ 115.176239680000094, -8.678616903999966, 0.0 ], [ 115.176209435000032, -8.678635302999965, 0.0 ], [ 115.176196426000047, -8.67865657699997, 0.0 ], [ 115.176176865000116, -8.678687432999936, 0.0 ], [ 115.176147927000102, -8.678707747999965, 0.0 ], [ 115.176124487000038, -8.678726759999961, 0.0 ], [ 115.176107210000055, -8.678797938999935, 0.0 ], [ 115.17607427400003, -8.678854094999963, 0.0 ], [ 115.17600480200008, -8.678898931999981, 0.0 ], [ 115.175980492, -8.678920972999947, 0.0 ], [ 115.175976421000087, -8.678964263999944, 0.0 ], [ 115.175963399000011, -8.679023497999935, 0.0 ], [ 115.175964789000091, -8.679080041999953, 0.0 ], [ 115.175981895000064, -8.679160611999976, 0.0 ], [ 115.175969218000091, -8.679260260999968, 0.0 ], [ 115.175953305, -8.679331116999947, 0.0 ], [ 115.175945426000112, -8.679409132999979, 0.0 ], [ 115.175943770000117, -8.679418727999973, 0.0 ], [ 115.175930853000068, -8.679493556999944, 0.0 ], [ 115.175898983000025, -8.679655796999953, 0.0 ], [ 115.175861115000089, -8.679731214999947, 0.0 ], [ 115.175773291000041, -8.679816010999957, 0.0 ], [ 115.175712326000053, -8.67987487299996, 0.0 ], [ 115.175669133000042, -8.679912719999948, 0.0 ], [ 115.175650713000095, -8.679948228999933, 0.0 ], [ 115.17562306100001, -8.680038257999968, 0.0 ], [ 115.175593318000097, -8.680115008999962, 0.0 ], [ 115.175610018000043, -8.680196498999976, 0.0 ], [ 115.175610864000078, -8.680200626999977, 0.0 ], [ 115.175590749000094, -8.680313670999965, 0.0 ], [ 115.175547553000115, -8.680392447999964, 0.0 ], [ 115.17538915800003, -8.68054108299998, 0.0 ], [ 115.175298070000053, -8.680588893999925, 0.0 ], [ 115.175215663000017, -8.680602541999974, 0.0 ], [ 115.175194695000073, -8.680606014999967, 0.0 ], [ 115.175140185000032, -8.68061049399995, 0.0 ], [ 115.17510776600011, -8.68062841699998, 0.0 ], [ 115.175075869000011, -8.680654688999937, 0.0 ], [ 115.175074725000059, -8.680656445999944, 0.0 ], [ 115.175050855000109, -8.680693127999973, 0.0 ], [ 115.175032800000054, -8.680764998999962, 0.0 ], [ 115.17485742000008, -8.680704322999929, 0.0 ], [ 115.174625352000021, -8.680657462999932, 0.0 ], [ 115.174412011000072, -8.680617345999963, 0.0 ], [ 115.174203891000047, -8.680572465999944, 0.0 ], [ 115.174167119000117, -8.680556383999942, 0.0 ], [ 115.174121058000082, -8.680540122999957, 0.0 ], [ 115.174118849000024, -8.680539094999972, 0.0 ], [ 115.174085231000049, -8.680523450999942, 0.0 ], [ 115.174045266, -8.680525132999946, 0.0 ], [ 115.174006268000085, -8.680561121999972, 0.0 ], [ 115.173977521000097, -8.680631802999926, 0.0 ], [ 115.173934406000058, -8.680700773999945, 0.0 ], [ 115.173791779000112, -8.680917330999932, 0.0 ], [ 115.173751860000039, -8.681051130999947, 0.0 ], [ 115.17370268600007, -8.68128713699997, 0.0 ], [ 115.173646051000105, -8.681497589999935, 0.0 ], [ 115.173576601000036, -8.681728260999932, 0.0 ], [ 115.173566699000048, -8.681761147999964, 0.0 ], [ 115.17354509200004, -8.681805742999927, 0.0 ], [ 115.173503046000064, -8.681847776999973, 0.0 ], [ 115.173433469000088, -8.681886092999946, 0.0 ], [ 115.173391490000085, -8.681941232999975, 0.0 ], [ 115.173364391000064, -8.682015601999979, 0.0 ], [ 115.173345694000091, -8.682121938999956, 0.0 ], [ 115.173324510000043, -8.682192280999971, 0.0 ], [ 115.173098999000104, -8.682215141999961, 0.0 ], [ 115.172862357000099, -8.682243625999945, 0.0 ], [ 115.172806185000013, -8.682257712999956, 0.0 ], [ 115.172726923000027, -8.682277589999956, 0.0 ], [ 115.172652513000116, -8.682295555999929, 0.0 ], [ 115.172508437000033, -8.682325727999967, 0.0 ], [ 115.172531180000078, -8.682386214999951, 0.0 ], [ 115.172585561, -8.682418371999972, 0.0 ], [ 115.172621814000081, -8.682466542999975, 0.0 ], [ 115.172704962000012, -8.682701968999936, 0.0 ], [ 115.172727853000083, -8.682788349999953, 0.0 ], [ 115.172763189000079, -8.682866888999968, 0.0 ], [ 115.172810035000111, -8.682907458999978, 0.0 ], [ 115.172853346000011, -8.682931903999929, 0.0 ], [ 115.173041499000078, -8.683011796999949, 0.0 ], [ 115.173074838000048, -8.683027412999934, 0.0 ], [ 115.173100804000114, -8.683049411999946, 0.0 ], [ 115.173115343000063, -8.683079490999944, 0.0 ], [ 115.173131633000025, -8.683120848999977, 0.0 ], [ 115.173143100000061, -8.683189567999932, 0.0 ], [ 115.173154129000068, -8.683210315999929, 0.0 ], [ 115.173004642000024, -8.683202447999975, 0.0 ], [ 115.172739509000053, -8.683188493999978, 0.0 ], [ 115.17222554500006, -8.683150421999926, 0.0 ], [ 115.17161640300003, -8.683169457999952, 0.0 ], [ 115.171121475000064, -8.683150422999972, 0.0 ], [ 115.170559923000042, -8.68309331599994, 0.0 ], [ 115.169893673000047, -8.682912476999945, 0.0 ], [ 115.169313085000113, -8.682674530999975, 0.0 ], [ 115.168580211000062, -8.68251272699996, 0.0 ], [ 115.168047212000033, -8.682379476999927, 0.0 ], [ 115.167609391000042, -8.682274780999933, 0.0 ], [ 115.167399998000064, -8.682208155999945, 0.0 ], [ 115.167323855000063, -8.682465137999941, 0.0 ], [ 115.16717157000005, -8.682836333999944, 0.0 ], [ 115.166952659000117, -8.683121868999933, 0.0 ], [ 115.166838446000042, -8.683198011999934, 0.0 ], [ 115.16656242800002, -8.683198011999934, 0.0 ], [ 115.166124607000029, -8.683083797999927, 0.0 ], [ 115.165429805000031, -8.682902958999932, 0.0 ], [ 115.164820662000011, -8.682684047999942, 0.0 ], [ 115.164620787000104, -8.682645976999936, 0.0 ], [ 115.164525609000066, -8.683055243999945, 0.0 ], [ 115.164420913000072, -8.683512100999963, 0.0 ], [ 115.16349768200007, -8.683683421999945, 0.0 ], [ 115.162679147000063, -8.683883296999966, 0.0 ], [ 115.161851095000088, -8.684045099999935, 0.0 ], [ 115.161042079000026, -8.684149795999929, 0.0 ], [ 115.160271133000037, -8.684187867999981, 0.0 ], [ 115.159433562000117, -8.684149795999929, 0.0 ], [ 115.158672135000074, -8.684149795999929, 0.0 ], [ 115.158110583000052, -8.68411172499998, 0.0 ], [ 115.157625172000053, -8.683949921999954, 0.0 ], [ 115.157320602000027, -8.683797635999952, 0.0 ], [ 115.157387226000083, -8.68335981599995, 0.0 ], [ 115.157615654000097, -8.683416921999935, 0.0 ], [ 115.1578440830001, -8.683331261999967, 0.0 ], [ 115.158024922000095, -8.683169457999952, 0.0 ], [ 115.158101064000107, -8.682960065999964, 0.0 ], [ 115.158167689000038, -8.682417548999979, 0.0 ], [ 115.158167689000038, -8.682217673999958, 0.0 ], [ 115.15808202900007, -8.682055870999932, 0.0 ], [ 115.157910708000031, -8.682055870999932, 0.0 ], [ 115.157796494000081, -8.68224622799994, 0.0 ], [ 115.157729869000036, -8.682541280999942, 0.0 ], [ 115.15763469, -8.682760190999943, 0.0 ], [ 115.157463369000084, -8.682807779999962, 0.0 ], [ 115.156720977000077, -8.682703083999968, 0.0 ], [ 115.155083908000051, -8.682417548999979, 0.0 ], [ 115.154959364000092, -8.682424983999965, 0.0 ], [ 115.154916995, -8.682395020999934, 0.0 ], [ 115.154273033000095, -8.682340020999959, 0.0 ], [ 115.153307011000038, -8.682358031999968, 0.0 ], [ 115.153194972000051, -8.682364990999929, 0.0 ], [ 115.152984015000015, -8.682361980999929, 0.0 ], [ 115.1528489640001, -8.682248972999957, 0.0 ], [ 115.152671979000047, -8.682392014999948, 0.0 ], [ 115.152353982000022, -8.682491980999941, 0.0 ], [ 115.152322017000074, -8.682502039999974, 0.0 ], [ 115.151943998000093, -8.682527956999934, 0.0 ], [ 115.151850996, -8.682503010999937, 0.0 ], [ 115.151771984000106, -8.682482019999952, 0.0 ], [ 115.151570005000053, -8.682313007999937, 0.0 ], [ 115.15138697000009, -8.682130980999943, 0.0 ], [ 115.15116096600002, -8.682048987999963, 0.0 ], [ 115.151015018000066, -8.682049996999979, 0.0 ], [ 115.150778963000107, -8.682153974999949, 0.0 ], [ 115.150725998000098, -8.682183997999971, 0.0 ], [ 115.150589002000061, -8.681458957999951, 0.0 ], [ 115.15054503500005, -8.681211983999958, 0.0 ], [ 115.150492034000081, -8.681127031999949, 0.0 ], [ 115.150273977000097, -8.680982979999953, 0.0 ], [ 115.149943973000063, -8.68044501199995, 0.0 ], [ 115.14965702500001, -8.679926957999953, 0.0 ], [ 115.149079022000024, -8.67890402699993, 0.0 ], [ 115.14854901800004, -8.678238001999944, 0.0 ], [ 115.14809299500007, -8.677793967999946, 0.0 ], [ 115.147877036000068, -8.67763501099995, 0.0 ], [ 115.147546976000058, -8.677293004999967, 0.0 ], [ 115.147291973000051, -8.676937985999928, 0.0 ], [ 115.147113032000107, -8.676578996999979, 0.0 ], [ 115.146932993000064, -8.676062003999959, 0.0 ], [ 115.146306971000058, -8.675102018999951, 0.0 ], [ 115.145944995000036, -8.674654011999962, 0.0 ], [ 115.145438034000108, -8.674194995999926, 0.0 ], [ 115.144737995000014, -8.673464960999979, 0.0 ], [ 115.144534044000011, -8.673206968999978, 0.0 ], [ 115.144489018000058, -8.673150011999951, 0.0 ], [ 115.144301982000115, -8.672868988999937, 0.0 ], [ 115.144144003000065, -8.672651016999964, 0.0 ], [ 115.144122036000113, -8.672623973999976, 0.0 ], [ 115.144085991000111, -8.672519038999951, 0.0 ], [ 115.143810026000097, -8.671902964999958, 0.0 ], [ 115.143658017, -8.671689993999962, 0.0 ], [ 115.143561031000104, -8.671576988999959, 0.0 ], [ 115.144061037000029, -8.671605, 0.0 ], [ 115.144228970000086, -8.671717987999955, 0.0 ], [ 115.144464, -8.671790988999931, 0.0 ], [ 115.144534044000011, -8.671799913999962, 0.0 ], [ 115.144848981000109, -8.671840042999975, 0.0 ], [ 115.14512202800006, -8.671829980999973, 0.0 ], [ 115.14532202700002, -8.67179000699997, 0.0 ], [ 115.145605033000038, -8.67173497899995, 0.0 ], [ 115.145793022000021, -8.67154697999996, 0.0 ], [ 115.146176037000032, -8.671110997999961, 0.0 ], [ 115.146278998000071, -8.670998963999978, 0.0 ], [ 115.146370026000113, -8.67089102999995, 0.0 ], [ 115.146470979000014, -8.670776002999958, 0.0 ], [ 115.146890999000107, -8.670432034999976, 0.0 ], [ 115.147209018000012, -8.67029501199994, 0.0 ], [ 115.147436973000026, -8.670237003999944, 0.0 ], [ 115.148056023000095, -8.670066008999981, 0.0 ], [ 115.148356021000041, -8.66993703299994, 0.0 ], [ 115.148488978000046, -8.669834001999959, 0.0 ], [ 115.148669, -8.669605015999934, 0.0 ], [ 115.14888798000004, -8.669345034999935, 0.0 ], [ 115.149007033000089, -8.669296982999981, 0.0 ], [ 115.149355990000117, -8.669160017999957, 0.0 ], [ 115.149595975000011, -8.66894, 0.0 ], [ 115.149704006000093, -8.668756039999948, 0.0 ], [ 115.149690968000073, -8.668634041999951, 0.0 ], [ 115.149577029000056, -8.668081033999954, 0.0 ], [ 115.149608993000015, -8.66778001299997, 0.0 ], [ 115.149682977000111, -8.667603028999963, 0.0 ], [ 115.1499459690001, -8.667411955999967, 0.0 ], [ 115.150209968000013, -8.667168008999965, 0.0 ], [ 115.150214996000045, -8.666967008999961, 0.0 ], [ 115.150159999000039, -8.666157039999973, 0.0 ], [ 115.150221974000033, -8.665724015999956, 0.0 ], [ 115.150342005000084, -8.665491031999977, 0.0 ], [ 115.150882021000029, -8.664581984999927, 0.0 ], [ 115.150837978000027, -8.664473033999968, 0.0 ], [ 115.150713015000065, -8.664382039999964, 0.0 ], [ 115.150538017000031, -8.664335003999952, 0.0 ], [ 115.150326024000037, -8.664361998999937, 0.0 ], [ 115.150324975000103, -8.664361992999943, 0.0 ], [ 115.149919037000018, -8.664401967999936, 0.0 ], [ 115.149670010000023, -8.664280996999935, 0.0 ], [ 115.149425026000017, -8.66408402899998, 0.0 ], [ 115.149074025000118, -8.663721044999932, 0.0 ], [ 115.148971029000109, -8.66350397399998, 0.0 ], [ 115.148971024000048, -8.663306022999961, 0.0 ], [ 115.148961006000036, -8.663163973999929, 0.0 ], [ 115.148826970000073, -8.663044010999954, 0.0 ], [ 115.148731840000096, -8.662943268999982, 0.0 ], [ 115.149429381000118, -8.662943268999982, 0.0 ], [ 115.150419237000051, -8.662952785999948, 0.0 ], [ 115.151399574000038, -8.662990857999944, 0.0 ], [ 115.152075342000103, -8.663019410999937, 0.0 ], [ 115.153188930000056, -8.663124107999977, 0.0 ], [ 115.154664195, -8.663181214999952, 0.0 ], [ 115.155539837000106, -8.663219285999958, 0.0 ], [ 115.156177532000015, -8.663266875999966, 0.0 ], [ 115.156301264000035, -8.663086036999971, 0.0 ], [ 115.156577282000057, -8.662676768999972, 0.0 ], [ 115.156891371000029, -8.662391233999926, 0.0 ], [ 115.157205459000011, -8.662172323999926, 0.0 ], [ 115.157386298, -8.661981965999928, 0.0 ], [ 115.157443405000095, -8.661810644999946, 0.0 ], [ 115.157433888000014, -8.661544145999926, 0.0 ], [ 115.157348227000057, -8.661306199999956, 0.0 ], [ 115.157291120000082, -8.661020663999977, 0.0 ], [ 115.157234013000107, -8.660706575999939, 0.0 ], [ 115.157234013000107, -8.660506700999974, 0.0 ], [ 115.157234013000107, -8.660440075999929, 0.0 ], [ 115.157265055000039, -8.660284866999973, 0.0 ], [ 115.157253282000056, -8.660287092999965, 0.0 ], [ 115.157267325000021, -8.660244959999943, 0.0 ], [ 115.157314915000029, -8.660159298999929, 0.0 ], [ 115.1574005760001, -8.660092673999941, 0.0 ], [ 115.15755286000001, -8.659968941999978, 0.0 ], [ 115.15775273600002, -8.659835692999934, 0.0 ], [ 115.157905022000023, -8.65973099699994, 0.0 ], [ 115.157990682000104, -8.659645335999926, 0.0 ], [ 115.158019235000097, -8.659521602999973, 0.0 ], [ 115.158019235000097, -8.659350282999981, 0.0 ], [ 115.157990681000115, -8.659083782999971, 0.0 ], [ 115.158019235000097, -8.658845836999944, 0.0 ], [ 115.158152485000073, -8.658722104999981, 0.0 ], [ 115.158542717000046, -8.658474640999941, 0.0 ], [ 115.158818734000079, -8.658236694999971, 0.0 ], [ 115.159342215000038, -8.657741766999948, 0.0 ], [ 115.159599197000034, -8.657513338999934, 0.0 ], [ 115.15985617900003, -8.65755140999994, 0.0 ], [ 115.160294, -8.657665623999947, 0.0 ], [ 115.160693750000064, -8.657808391999936, 0.0 ], [ 115.161198195000111, -8.657989230999931, 0.0 ], [ 115.161607462, -8.658065373999932, 0.0 ], [ 115.162073837000094, -8.658141515999944, 0.0 ], [ 115.162245158000019, -8.658131998999977, 0.0 ], [ 115.162530693, -8.658084409999958, 0.0 ], [ 115.162820439000029, -8.65801754499995, 0.0 ], [ 115.162690550000093, -8.657015682999941, 0.0 ], [ 115.162906648000103, -8.657011271999977, 0.0 ], [ 115.163677593000102, -8.657011271999977, 0.0 ], [ 115.164077343000031, -8.656982718999927, 0.0 ], [ 115.164441400000101, -8.656925611999952, 0.0 ], [ 115.164634137, -8.656818536999936, 0.0 ], [ 115.164769766000063, -8.656561554999939, 0.0 ], [ 115.164905396000108, -8.656140389999962, 0.0 ], [ 115.165005333000067, -8.655976206999981, 0.0 ], [ 115.16514810000001, -8.655919099999949, 0.0 ], [ 115.165269453000064, -8.655983344999981, 0.0 ], [ 115.165397944, -8.656183219999946, 0.0 ], [ 115.16551929600007, -8.656561554999939, 0.0 ], [ 115.165576404000035, -8.656732875999978, 0.0 ], [ 115.165612095000029, -8.656768567999961, 0.0 ], [ 115.165762001000076, -8.656797120999954, 0.0 ], [ 115.16578482500006, -8.65680126999996, 0.0 ], [ 115.165786989000026, -8.65689903699996, 0.0 ], [ 115.165818964000096, -8.657072014999926, 0.0 ], [ 115.166204003000075, -8.657092029999944, 0.0 ], [ 115.167032969000047, -8.657084976999954, 0.0 ], [ 115.167095035000102, -8.657092957999964, 0.0 ], [ 115.16701803400008, -8.657848968999929, 0.0 ], [ 115.166990979000047, -8.658532004999927, 0.0 ], [ 115.167041392000101, -8.659299745999931, 0.0 ], [ 115.167239646000098, -8.659288416999971, 0.0 ], [ 115.168131944000038, -8.659347902999968, 0.0 ], [ 115.168976653000072, -8.659490670999958, 0.0 ], [ 115.170618482, -8.659740513999964, 0.0 ], [ 115.171272833000103, -8.659788102999926, 0.0 ], [ 115.172153234, -8.659907075999968, 0.0 ], [ 115.17273620200001, -8.660097433999965, 0.0 ], [ 115.17359280800008, -8.660323482999956, 0.0 ], [ 115.174191604000043, -8.660497046999978, 0.0 ] ] ] ] } },
{ "type": "Feature", "properties": { "Desa": "Kuta", "Kec": "Kuta", "WADMKD": "Kuta", "Kab": "Badung", "Luas": 777.91650626000001 }, "geometry": { "type": "MultiPolygon", "coordinates": [ [ [ [ 115.187442315000112, -8.70692619099998, 0.0 ], [ 115.187561989000073, -8.706966082999941, 0.0 ], [ 115.187416522000035, -8.707528334999949, 0.0 ], [ 115.187295809000034, -8.707975075999968, 0.0 ], [ 115.187203219000025, -8.708287205999966, 0.0 ], [ 115.187096279000116, -8.708504339999934, 0.0 ], [ 115.187073686000076, -8.708531370999935, 0.0 ], [ 115.187044745000094, -8.708544003999975, 0.0 ], [ 115.187023870000075, -8.708547628999952, 0.0 ], [ 115.186999775000118, -8.708553367999968, 0.0 ], [ 115.186980990000052, -8.708567113999948, 0.0 ], [ 115.186964833000047, -8.708590450999964, 0.0 ], [ 115.186957717000041, -8.708624472999929, 0.0 ], [ 115.186898312000039, -8.708854870999971, 0.0 ], [ 115.186879549000082, -8.708975043999942, 0.0 ], [ 115.186876546, -8.70912902799995, 0.0 ], [ 115.18689375800011, -8.709356119999939, 0.0 ], [ 115.186894402, -8.709444456999961, 0.0 ], [ 115.186882200000014, -8.709534861999941, 0.0 ], [ 115.186857242000087, -8.709647926999935, 0.0 ], [ 115.186830805000113, -8.709767691999957, 0.0 ], [ 115.186729700000114, -8.710105646999978, 0.0 ], [ 115.18667209900002, -8.710183595999979, 0.0 ], [ 115.186508993000075, -8.710291373999951, 0.0 ], [ 115.186385215000087, -8.710386774999961, 0.0 ], [ 115.186372959000096, -8.710396220999939, 0.0 ], [ 115.186289776000081, -8.710501052999973, 0.0 ], [ 115.186225065000031, -8.710611427999936, 0.0 ], [ 115.186191535000034, -8.710688427999969, 0.0 ], [ 115.18618544900005, -8.710730436999938, 0.0 ], [ 115.186192719000019, -8.710775702999968, 0.0 ], [ 115.186208535000105, -8.710823138999956, 0.0 ], [ 115.186226949000115, -8.710862391999967, 0.0 ], [ 115.186368408000021, -8.711163935999934, 0.0 ], [ 115.186392193000074, -8.711222583999927, 0.0 ], [ 115.186402533000091, -8.711283307999963, 0.0 ], [ 115.186384440000097, -8.711352151999961, 0.0 ], [ 115.185992795000061, -8.711563136999928, 0.0 ], [ 115.185966904000111, -8.711577084999931, 0.0 ], [ 115.185988086000066, -8.711617290999925, 0.0 ], [ 115.186041100000011, -8.711717921999934, 0.0 ], [ 115.186170496000045, -8.711946292999926, 0.0 ], [ 115.186230613000021, -8.712123248999944, 0.0 ], [ 115.186310730000059, -8.712367348999976, 0.0 ], [ 115.186383184000078, -8.712647596999943, 0.0 ], [ 115.186435455000037, -8.712899013999959, 0.0 ], [ 115.186471343000107, -8.713220594999939, 0.0 ], [ 115.186922588000016, -8.713246719999972, 0.0 ], [ 115.186884077000059, -8.713584947999948, 0.0 ], [ 115.186851759000092, -8.713854053999967, 0.0 ], [ 115.186849695000092, -8.714060511999946, 0.0 ], [ 115.18683468100005, -8.714290322999943, 0.0 ], [ 115.186800035000033, -8.714598795999962, 0.0 ], [ 115.186793202000104, -8.714684968999961, 0.0 ], [ 115.186797265000109, -8.714729687999977, 0.0 ], [ 115.186822484000118, -8.714823463999949, 0.0 ], [ 115.186830652000026, -8.714904386999933, 0.0 ], [ 115.186830623000105, -8.71513214099997, 0.0 ], [ 115.186840004000032, -8.715183269999955, 0.0 ], [ 115.186858377000021, -8.715199587999962, 0.0 ], [ 115.186877304000063, -8.715211917999966, 0.0 ], [ 115.187044102000073, -8.715281624999932, 0.0 ], [ 115.187060857, -8.715300595999963, 0.0 ], [ 115.187066082000115, -8.715326162999929, 0.0 ], [ 115.187065787000051, -8.715347277999967, 0.0 ], [ 115.187081541000111, -8.715503171999956, 0.0 ], [ 115.187095114000044, -8.715720334999958, 0.0 ], [ 115.187080100000117, -8.715991009999925, 0.0 ], [ 115.187041611000041, -8.716242115999933, 0.0 ], [ 115.187008847000016, -8.716326025999933, 0.0 ], [ 115.186950936000017, -8.716446185999928, 0.0 ], [ 115.186924324000074, -8.716496980999977, 0.0 ], [ 115.186905226000022, -8.716561955999964, 0.0 ], [ 115.186870924000118, -8.716669621999927, 0.0 ], [ 115.186848157000099, -8.716875496999933, 0.0 ], [ 115.186846682, -8.716959566999947, 0.0 ], [ 115.186855207, -8.717077209999957, 0.0 ], [ 115.186865411000099, -8.717179427999952, 0.0 ], [ 115.186881497000059, -8.717281674999981, 0.0 ], [ 115.186974011000075, -8.717658913999969, 0.0 ], [ 115.187026490000108, -8.71782514399996, 0.0 ], [ 115.187042839000014, -8.717873114999975, 0.0 ], [ 115.187058748000027, -8.717901393999966, 0.0 ], [ 115.187094987000023, -8.717928172999962, 0.0 ], [ 115.187153195000064, -8.717946543999972, 0.0 ], [ 115.187204428000086, -8.717969669999945, 0.0 ], [ 115.187274796000111, -8.71801736599997, 0.0 ], [ 115.187501649000069, -8.71816440799995, 0.0 ], [ 115.187555311000096, -8.718201599999929, 0.0 ], [ 115.187580077, -8.718219734999934, 0.0 ], [ 115.187628067000105, -8.718243876999964, 0.0 ], [ 115.187695492000103, -8.718267019999928, 0.0 ], [ 115.187743644000079, -8.718297769999936, 0.0 ], [ 115.187750222000091, -8.718375505999973, 0.0 ], [ 115.187814988000014, -8.718458399999975, 0.0 ], [ 115.187912151000091, -8.718529066999963, 0.0 ], [ 115.188037752000014, -8.718638861999978, 0.0 ], [ 115.188116462000039, -8.718700093999928, 0.0 ], [ 115.187416840000083, -8.719640187999971, 0.0 ], [ 115.187160102, -8.720013801999926, 0.0 ], [ 115.187080420000029, -8.72022282699993, 0.0 ], [ 115.18693448700003, -8.720700172999955, 0.0 ], [ 115.186961497000084, -8.721440719999975, 0.0 ], [ 115.187067453000054, -8.721451113999933, 0.0 ], [ 115.187287558000094, -8.72147270499994, 0.0 ], [ 115.188150016, -8.72865405899995, 0.0 ], [ 115.18988141300008, -8.733226547999948, 0.0 ], [ 115.18966384600003, -8.733512293999979, 0.0 ], [ 115.189004217000047, -8.734378628999934, 0.0 ], [ 115.189024019000044, -8.734500435999962, 0.0 ], [ 115.187461122000059, -8.735147170999937, 0.0 ], [ 115.187436745000014, -8.735181285999943, 0.0 ], [ 115.18743018300006, -8.73522055799998, 0.0 ], [ 115.187421129000086, -8.735248406999972, 0.0 ], [ 115.187446713000099, -8.73549195399994, 0.0 ], [ 115.18744700100001, -8.735696077999933, 0.0 ], [ 115.187377289000096, -8.735882115999971, 0.0 ], [ 115.187274751000018, -8.736004605999938, 0.0 ], [ 115.18727242600005, -8.736082049999936, 0.0 ], [ 115.187267785000017, -8.736236667999947, 0.0 ], [ 115.18723981800008, -8.737168313999973, 0.0 ], [ 115.187433721000048, -8.737917265999954, 0.0 ], [ 115.187563250000039, -8.738155279999944, 0.0 ], [ 115.187644535000118, -8.738304642999935, 0.0 ], [ 115.187774764000096, -8.738543940999932, 0.0 ], [ 115.188248246000057, -8.73883288899998, 0.0 ], [ 115.188298248000024, -8.738863403999972, 0.0 ], [ 115.188702604000014, -8.739015093999967, 0.0 ], [ 115.188763813000037, -8.73903805599997, 0.0 ], [ 115.188839163000011, -8.739044688999968, 0.0 ], [ 115.188754488000086, -8.739337838999973, 0.0 ], [ 115.188754971000094, -8.739338033999957, 0.0 ], [ 115.188892010000018, -8.739356043999976, 0.0 ], [ 115.188982970000097, -8.739404023999953, 0.0 ], [ 115.189256019000027, -8.739466974999971, 0.0 ], [ 115.189349002000085, -8.739514964999955, 0.0 ], [ 115.189385014000095, -8.739599019999957, 0.0 ], [ 115.189367641000104, -8.73966065299993, 0.0 ], [ 115.189344989, -8.739741011999968, 0.0 ], [ 115.189133842000047, -8.739912021999942, 0.0 ], [ 115.188945010000111, -8.740064957999948, 0.0 ], [ 115.188872977000074, -8.740348981999944, 0.0 ], [ 115.18882102900011, -8.74058600799998, 0.0 ], [ 115.188745245000064, -8.740706293999949, 0.0 ], [ 115.188723997000011, -8.740740020999965, 0.0 ], [ 115.188601077000044, -8.740812374999962, 0.0 ], [ 115.188476015000106, -8.740885990999971, 0.0 ], [ 115.188372266000101, -8.740905761999954, 0.0 ], [ 115.188203010000052, -8.740938015999973, 0.0 ], [ 115.18793800100002, -8.740917042999968, 0.0 ], [ 115.187656036000021, -8.740853957999946, 0.0 ], [ 115.187461356000085, -8.740783690999933, 0.0 ], [ 115.18736797400004, -8.740749986999958, 0.0 ], [ 115.187200027000017, -8.740723963999926, 0.0 ], [ 115.187028990000044, -8.740779006999958, 0.0 ], [ 115.186656990000074, -8.741019020999943, 0.0 ], [ 115.186620986000094, -8.741041987999949, 0.0 ], [ 115.186437989000069, -8.741153014999952, 0.0 ], [ 115.186314153000012, -8.741364166999972, 0.0 ], [ 115.186264967000056, -8.741448033999973, 0.0 ], [ 115.186110029000019, -8.742032026999937, 0.0 ], [ 115.186096191000047, -8.742231465999964, 0.0 ], [ 115.186079985000106, -8.742465032999974, 0.0 ], [ 115.186079987000085, -8.742991013999927, 0.0 ], [ 115.186050023, -8.74320599899994, 0.0 ], [ 115.185991648000027, -8.743355827999949, 0.0 ], [ 115.185983025000041, -8.743377961999954, 0.0 ], [ 115.185864005000099, -8.74349200599994, 0.0 ], [ 115.18574396300005, -8.743429965999951, 0.0 ], [ 115.185516993000078, -8.743151018999981, 0.0 ], [ 115.185486739000112, -8.743103668999936, 0.0 ], [ 115.185485168000014, -8.743101209999963, 0.0 ], [ 115.18548501500004, -8.743100970999933, 0.0 ], [ 115.185162017000039, -8.74319371799993, 0.0 ], [ 115.185154027000067, -8.743196011999942, 0.0 ], [ 115.185045986000091, -8.742884009999955, 0.0 ], [ 115.184801993000065, -8.74219, 0.0 ], [ 115.18458101300007, -8.741541023999957, 0.0 ], [ 115.184426030000054, -8.741003995999961, 0.0 ], [ 115.184261034000087, -8.740507957999966, 0.0 ], [ 115.184132028000022, -8.740130954999927, 0.0 ], [ 115.183992008000018, -8.739722985999947, 0.0 ], [ 115.183946037000055, -8.739513963999968, 0.0 ], [ 115.183987983000065, -8.739378037999927, 0.0 ], [ 115.184104002000026, -8.739310981999949, 0.0 ], [ 115.184341034000113, -8.739259962999938, 0.0 ], [ 115.184797988000014, -8.739193997999962, 0.0 ], [ 115.18527197100002, -8.739123955999958, 0.0 ], [ 115.185481978000098, -8.739083020999942, 0.0 ], [ 115.185802015000036, -8.738943001999928, 0.0 ], [ 115.185840977000112, -8.738896998999962, 0.0 ], [ 115.185863027000096, -8.738800025999979, 0.0 ], [ 115.185877973000061, -8.738389996999956, 0.0 ], [ 115.185804004000033, -8.738128956999958, 0.0 ], [ 115.185641031000046, -8.737864960999957, 0.0 ], [ 115.185447019000094, -8.737650981999934, 0.0 ], [ 115.185170970000058, -8.73744998799998, 0.0 ], [ 115.184790013000111, -8.737327040999958, 0.0 ], [ 115.184347022000111, -8.737279994999938, 0.0 ], [ 115.183931032000032, -8.737212016999933, 0.0 ], [ 115.18337400900009, -8.737192986999958, 0.0 ], [ 115.182726000000116, -8.73720904299995, 0.0 ], [ 115.18213701500008, -8.737244995999959, 0.0 ], [ 115.181912996000051, -8.737255038999933, 0.0 ], [ 115.181020021000108, -8.737397998999938, 0.0 ], [ 115.18079440200006, -8.737393262999944, 0.0 ], [ 115.180724003000023, -8.737230801999942, 0.0 ], [ 115.180676414000118, -8.736969060999968, 0.0 ], [ 115.180593132000013, -8.736397990999933, 0.0 ], [ 115.180545543000108, -8.736136249999959, 0.0 ], [ 115.179343915000118, -8.736064865999936, 0.0 ], [ 115.178106596000021, -8.736148146999938, 0.0 ], [ 115.178035212000054, -8.736374195999929, 0.0 ], [ 115.177535525000053, -8.736386092999965, 0.0 ], [ 115.176262513000097, -8.736469373999967, 0.0 ], [ 115.17598887500003, -8.736612141999956, 0.0 ], [ 115.175965080000083, -8.736802497999975, 0.0 ], [ 115.176000772000066, -8.737171314999955, 0.0 ], [ 115.176021083000023, -8.737516598999946, 0.0 ], [ 115.175749029000031, -8.737542957999949, 0.0 ], [ 115.17547697100008, -8.737601034999955, 0.0 ], [ 115.174966004000112, -8.737926959999982, 0.0 ], [ 115.174669026000061, -8.738116974999969, 0.0 ], [ 115.174391968, -8.738293978999934, 0.0 ], [ 115.174158033000026, -8.73841695699997, 0.0 ], [ 115.173940997000045, -8.738531971999976, 0.0 ], [ 115.173842964000073, -8.73855201799995, 0.0 ], [ 115.173523965000072, -8.738617006999959, 0.0 ], [ 115.173269, -8.738626985999929, 0.0 ], [ 115.173014917000046, -8.738580679999927, 0.0 ], [ 115.172971719000088, -8.738775070999964, 0.0 ], [ 115.172876541000051, -8.739346141999931, 0.0 ], [ 115.172709978000057, -8.739500806999956, 0.0 ], [ 115.172305469000094, -8.739465115999963, 0.0 ], [ 115.171317993000116, -8.739334244999952, 0.0 ], [ 115.170639847000075, -8.739191476999963, 0.0 ], [ 115.17010446900008, -8.739131990999965, 0.0 ], [ 115.169771343000093, -8.739096298999925, 0.0 ], [ 115.169391712000106, -8.739035557999955, 0.0 ], [ 115.169126998000024, -8.739492992999942, 0.0 ], [ 115.169023269000036, -8.739732594999964, 0.0 ], [ 115.168474537000066, -8.739607882999962, 0.0 ], [ 115.167974851000054, -8.739465114999973, 0.0 ], [ 115.167843980000043, -8.739429422999933, 0.0 ], [ 115.167522753000071, -8.739595985999927, 0.0 ], [ 115.167237217000093, -8.739786342999935, 0.0 ], [ 115.167153936000091, -8.739964801999974, 0.0 ], [ 115.167082553000114, -8.740381207999974, 0.0 ], [ 115.166951682000104, -8.740571564999925, 0.0 ], [ 115.16671373600002, -8.740583461999961, 0.0 ], [ 115.166333023000107, -8.740547769999978, 0.0 ], [ 115.166237844000079, -8.74032172099993, 0.0 ], [ 115.166095076000033, -8.740167055999962, 0.0 ], [ 115.165535903000091, -8.740024288999962, 0.0 ], [ 115.16509570300002, -8.739917212999956, 0.0 ], [ 115.164465145, -8.739917212999956, 0.0 ], [ 115.164048740000112, -8.739988596999979, 0.0 ], [ 115.163679923000018, -8.740071877999981, 0.0 ], [ 115.163227826000025, -8.740107569999964, 0.0 ], [ 115.162418809000087, -8.740226542999949, 0.0 ], [ 115.162252247000083, -8.740607256999965, 0.0 ], [ 115.162192760000039, -8.74085710099996, 0.0 ], [ 115.16208568400009, -8.740940381999962, 0.0 ], [ 115.161883430000103, -8.741035558999954, 0.0 ], [ 115.16166927900008, -8.741059353999958, 0.0 ], [ 115.161300462000099, -8.741059353999958, 0.0 ], [ 115.16094354300003, -8.741059353999958, 0.0 ], [ 115.160907851000047, -8.741594732999943, 0.0 ], [ 115.160788878000062, -8.741915959999972, 0.0 ], [ 115.160693700000024, -8.742046830999925, 0.0 ], [ 115.160443857000018, -8.742415646999973, 0.0 ], [ 115.160253500000067, -8.742939128999978, 0.0 ], [ 115.160086937000074, -8.74327225299993, 0.0 ], [ 115.159945700000094, -8.743383225999935, 0.0 ], [ 115.157044953000081, -8.744007993999958, 0.0 ], [ 115.156941387000074, -8.744033042999945, 0.0 ], [ 115.156822414000089, -8.742159217999927, 0.0 ], [ 115.15952905100005, -8.742069987999969, 0.0 ], [ 115.160164719000022, -8.742147245999945, 0.0 ], [ 115.1602159790001, -8.741857971999934, 0.0 ], [ 115.160325027000113, -8.741044006999971, 0.0 ], [ 115.160339035000106, -8.740892039999949, 0.0 ], [ 115.160788976000049, -8.739560845999961, 0.0 ], [ 115.160788976000049, -8.739046378999944, 0.0 ], [ 115.160788976000049, -8.738399668999932, 0.0 ], [ 115.160484405000034, -8.737771491999979, 0.0 ], [ 115.160198870000045, -8.737619205999977, 0.0 ], [ 115.160198870000045, -8.73723849199996, 0.0 ], [ 115.160655726000073, -8.737105242999974, 0.0 ], [ 115.160998368000037, -8.737124277999953, 0.0 ], [ 115.161436189000028, -8.736991027999977, 0.0 ], [ 115.161762069000019, -8.736705402999974, 0.0 ], [ 115.162082020000071, -8.736424974999977, 0.0 ], [ 115.162540978000038, -8.735596976999943, 0.0 ], [ 115.162942987000065, -8.73478397699995, 0.0 ], [ 115.163353986000061, -8.733174961999964, 0.0 ], [ 115.163622991000011, -8.731641998999976, 0.0 ], [ 115.16371902800006, -8.730650984999954, 0.0 ], [ 115.163836985000103, -8.730248961999962, 0.0 ], [ 115.164042009000013, -8.729754983999953, 0.0 ], [ 115.164445036000075, -8.729083985999978, 0.0 ], [ 115.165001981000046, -8.728471039999931, 0.0 ], [ 115.1653709630001, -8.728126994999968, 0.0 ], [ 115.166806027, -8.72717001999996, 0.0 ], [ 115.167486992000022, -8.726675986999965, 0.0 ], [ 115.167968012000074, -8.726189031999979, 0.0 ], [ 115.168477022000047, -8.725523962999944, 0.0 ], [ 115.168895975000055, -8.724842007999939, 0.0 ], [ 115.169078991000106, -8.72447997699993, 0.0 ], [ 115.169217995000054, -8.724092966999933, 0.0 ], [ 115.169328036000024, -8.723452997999971, 0.0 ], [ 115.169347031000029, -8.722906955999974, 0.0 ], [ 115.169260016000067, -8.721988991999979, 0.0 ], [ 115.168775998000115, -8.71980203399994, 0.0 ], [ 115.168297006000103, -8.717676022999967, 0.0 ], [ 115.167870992000076, -8.715765033999958, 0.0 ], [ 115.16782701000011, -8.715518961999976, 0.0 ], [ 115.167574027000114, -8.71481803699993, 0.0 ], [ 115.167189983000071, -8.71361301099995, 0.0 ], [ 115.167094978000023, -8.713259039999969, 0.0 ], [ 115.16672858600009, -8.711880315999963, 0.0 ], [ 115.167303843000013, -8.711746773999948, 0.0 ], [ 115.16833890800001, -8.711485033999963, 0.0 ], [ 115.168945671000074, -8.712270254999964, 0.0 ], [ 115.169683304000046, -8.712091796999971, 0.0 ], [ 115.170254374000024, -8.711960925999961, 0.0 ], [ 115.170360783000092, -8.712242149999952, 0.0 ], [ 115.170361004000029, -8.71224198799996, 0.0 ], [ 115.170556987000055, -8.712524042999974, 0.0 ], [ 115.170817974000101, -8.712519965999945, 0.0 ], [ 115.171529031000091, -8.712410038999963, 0.0 ], [ 115.172177032000036, -8.712309027999936, 0.0 ], [ 115.172574006000104, -8.712243957999931, 0.0 ], [ 115.17300603000001, -8.71218203899997, 0.0 ], [ 115.173108977000084, -8.712166986999932, 0.0 ], [ 115.173695966000082, -8.71205501299994, 0.0 ], [ 115.173904015000062, -8.71201298699998, 0.0 ], [ 115.174468990000037, -8.711898013999928, 0.0 ], [ 115.175161016000061, -8.711756984999965, 0.0 ], [ 115.176398029000097, -8.711590006999927, 0.0 ], [ 115.176844025000037, -8.711598021999976, 0.0 ], [ 115.177291702000048, -8.711610299999961, 0.0 ], [ 115.177244126, -8.711467571999947, 0.0 ], [ 115.1771311010001, -8.711336700999937, 0.0 ], [ 115.176875308000035, -8.711063062999926, 0.0 ], [ 115.176690901000029, -8.710825116999956, 0.0 ], [ 115.176536236000061, -8.710575272999961, 0.0 ], [ 115.176417263000076, -8.71027189299997, 0.0 ], [ 115.17634587900011, -8.710087483999928, 0.0 ], [ 115.176500544000078, -8.710010151999938, 0.0 ], [ 115.176815822000094, -8.709956613999964, 0.0 ], [ 115.177279817000112, -8.709909024999945, 0.0 ], [ 115.177708120000034, -8.709909023999955, 0.0 ], [ 115.178076937000014, -8.709980408999968, 0.0 ], [ 115.17826729300009, -8.710069637999936, 0.0 ], [ 115.178707494000037, -8.710117226999955, 0.0 ], [ 115.17877648700005, -8.710124364999956, 0.0 ], [ 115.178776379000055, -8.710116694999954, 0.0 ], [ 115.178822898000021, -8.710125554999934, 0.0 ], [ 115.179022772000053, -8.710120795999956, 0.0 ], [ 115.179451076000078, -8.710154108999973, 0.0 ], [ 115.179846066000096, -8.710182661999966, 0.0 ], [ 115.179746128000033, -8.710006582999938, 0.0 ], [ 115.179317826000101, -8.709283226999958, 0.0 ], [ 115.179022773000042, -8.708750226999939, 0.0 ], [ 115.178968867000094, -8.70863118699998, 0.0 ], [ 115.179045985000016, -8.708680030999972, 0.0 ], [ 115.179515005000098, -8.708683, 0.0 ], [ 115.180453998000075, -8.70866200599994, 0.0 ], [ 115.181169965000095, -8.708588960999975, 0.0 ], [ 115.181380375000117, -8.70781864199995, 0.0 ], [ 115.18166559000008, -8.707213647999936, 0.0 ], [ 115.181998342000043, -8.706608654999968, 0.0 ], [ 115.182568773000071, -8.706003663999979, 0.0 ], [ 115.183210509000105, -8.705495471999939, 0.0 ], [ 115.183804708000025, -8.704987279999955, 0.0 ], [ 115.184178271000064, -8.704516568999964, 0.0 ], [ 115.184281737000106, -8.704351411999937, 0.0 ], [ 115.184426120000012, -8.704136310999957, 0.0 ], [ 115.184800267000014, -8.704249728999969, 0.0 ], [ 115.185326458000077, -8.704357748999939, 0.0 ], [ 115.185853728000097, -8.704458949999946, 0.0 ], [ 115.186242515000117, -8.704539495999938, 0.0 ], [ 115.186281363000035, -8.70455587999993, 0.0 ], [ 115.186297064000087, -8.70463114699993, 0.0 ], [ 115.186281719000021, -8.704700039999977, 0.0 ], [ 115.186279997000042, -8.704713868999931, 0.0 ], [ 115.186280925, -8.70472738199993, 0.0 ], [ 115.186279841000101, -8.704746155999942, 0.0 ], [ 115.186276123000084, -8.704761951999956, 0.0 ], [ 115.186271782000063, -8.704769508999959, 0.0 ], [ 115.186251497000057, -8.704787532999944, 0.0 ], [ 115.186242512000035, -8.704796714999929, 0.0 ], [ 115.18623651300004, -8.704804922999926, 0.0 ], [ 115.186232490000066, -8.704815116999953, 0.0 ], [ 115.186205600000108, -8.704898342999968, 0.0 ], [ 115.186187551000103, -8.704933179999955, 0.0 ], [ 115.186181547000047, -8.704942375999963, 0.0 ], [ 115.18617069700008, -8.704947213999958, 0.0 ], [ 115.186159315000054, -8.704952153999955, 0.0 ], [ 115.186154993000059, -8.704955756999937, 0.0 ], [ 115.186150316000067, -8.704964300999961, 0.0 ], [ 115.186152277000019, -8.704969581999933, 0.0 ], [ 115.18616212400002, -8.705125133999957, 0.0 ], [ 115.186135666000041, -8.705208960999926, 0.0 ], [ 115.186091552000107, -8.705340265999951, 0.0 ], [ 115.186057081000058, -8.705416206999928, 0.0 ], [ 115.185936591000086, -8.705621373999975, 0.0 ], [ 115.185808239000039, -8.705850115999965, 0.0 ], [ 115.185611451000113, -8.706260906999944, 0.0 ], [ 115.185920078000095, -8.706325664999952, 0.0 ], [ 115.18659454200008, -8.706521872999929, 0.0 ], [ 115.186560743000086, -8.70665474599997, 0.0 ], [ 115.187335092000012, -8.706890448999957, 0.0 ], [ 115.187442315000112, -8.70692619099998, 0.0 ] ] ] ] } },
{ "type": "Feature", "properties": { "Desa": "Kutuh", "Kec": "Kuta Selatan", "WADMKD": "Kutuh", "Kab": "Badung", "Luas": 976.40521145699995 }, "geometry": { "type": "MultiPolygon", "coordinates": [ [ [ [ 115.181608733000076, -8.806908642999929, 0.0 ], [ 115.181231036000099, -8.807605996999939, 0.0 ], [ 115.180810034000046, -8.808501981999939, 0.0 ], [ 115.18046998300008, -8.809334000999968, 0.0 ], [ 115.180237996000074, -8.810290013999975, 0.0 ], [ 115.180094964000091, -8.810864018999951, 0.0 ], [ 115.180053979000036, -8.811352014999954, 0.0 ], [ 115.18007698200006, -8.811353029999964, 0.0 ], [ 115.180109979, -8.811547979999943, 0.0 ], [ 115.180151006000074, -8.811755983999944, 0.0 ], [ 115.180327991000013, -8.812024032999943, 0.0 ], [ 115.18059499200001, -8.812521021999942, 0.0 ], [ 115.180712972000038, -8.812702010999942, 0.0 ], [ 115.181090033000032, -8.812945989999946, 0.0 ], [ 115.181112013000075, -8.812957033999965, 0.0 ], [ 115.181658002000063, -8.813599995999937, 0.0 ], [ 115.181802005, -8.813793041999929, 0.0 ], [ 115.18184399300003, -8.813958025999966, 0.0 ], [ 115.181843017, -8.813989024999955, 0.0 ], [ 115.181848009000078, -8.813995014999932, 0.0 ], [ 115.181850018000091, -8.813998006999952, 0.0 ], [ 115.181967628000052, -8.814036493999936, 0.0 ], [ 115.181936933000088, -8.814988051999933, 0.0 ], [ 115.181913138000027, -8.816391933999967, 0.0 ], [ 115.183673939000073, -8.816487112999937, 0.0 ], [ 115.1870051840001, -8.816820236999945, 0.0 ], [ 115.187963079000042, -8.816834323999956, 0.0 ], [ 115.187986973000079, -8.816857036999977, 0.0 ], [ 115.188434955000048, -8.817294895999964, 0.0 ], [ 115.187933175000012, -8.818224118999979, 0.0 ], [ 115.188147326000035, -8.818390680999926, 0.0 ], [ 115.189527413000064, -8.818700010999976, 0.0 ], [ 115.189931921000039, -8.818985545999965, 0.0 ], [ 115.18905152100001, -8.819937330999949, 0.0 ], [ 115.190955090000102, -8.820318043999976, 0.0 ], [ 115.191970196000057, -8.820568524999942, 0.0 ], [ 115.19250460100011, -8.82089394299993, 0.0 ], [ 115.192863418000115, -8.820919572999969, 0.0 ], [ 115.19360581, -8.821186071999932, 0.0 ], [ 115.194100737000099, -8.821414500999936, 0.0 ], [ 115.194557594000116, -8.821433535999972, 0.0 ], [ 115.195566485000086, -8.821433535999972, 0.0 ], [ 115.196423091000042, -8.821700034999935, 0.0 ], [ 115.197108376000074, -8.822023641999976, 0.0 ], [ 115.197070304000022, -8.822290141999929, 0.0 ], [ 115.196956090000072, -8.822480498999937, 0.0 ], [ 115.196918019, -8.822861212999953, 0.0 ], [ 115.196975126000098, -8.82324192599998, 0.0 ], [ 115.19724162600005, -8.823832031999927, 0.0 ], [ 115.197508126000116, -8.824384067999972, 0.0 ], [ 115.198022089, -8.82495513899994, 0.0 ], [ 115.198478946000023, -8.825507172999949, 0.0 ], [ 115.198688338000011, -8.825906922999934, 0.0 ], [ 115.198954838000077, -8.826401850999957, 0.0 ], [ 115.199126159000116, -8.827087134999942, 0.0 ], [ 115.199164230000065, -8.827639169999941, 0.0 ], [ 115.199164230000065, -8.828115061999938, 0.0 ], [ 115.199183266000091, -8.828743240999927, 0.0 ], [ 115.199297480000041, -8.829390453999963, 0.0 ], [ 115.199449766000043, -8.829961523999941, 0.0 ], [ 115.199316516000067, -8.830399344999933, 0.0 ], [ 115.199430730000017, -8.830780057999959, 0.0 ], [ 115.199563980000107, -8.831255950999946, 0.0 ], [ 115.199735301000032, -8.832074485999954, 0.0 ], [ 115.200020837000011, -8.832854948999966, 0.0 ], [ 115.200591907000103, -8.833711554999979, 0.0 ], [ 115.200796319, -8.834144906999938, 0.0 ], [ 115.201279002000092, -8.834720991999973, 0.0 ], [ 115.202171035000106, -8.835935961999951, 0.0 ], [ 115.203154999000049, -8.83705103799997, 0.0 ], [ 115.204050014000018, -8.83805495699994, 0.0 ], [ 115.204102010000042, -8.838121010999942, 0.0 ], [ 115.20380499800001, -8.838348004999943, 0.0 ], [ 115.2034769710001, -8.838710977999938, 0.0 ], [ 115.203140035000047, -8.839149022999948, 0.0 ], [ 115.202895009000031, -8.839613991999954, 0.0 ], [ 115.202716972000076, -8.839850955999964, 0.0 ], [ 115.202516035000031, -8.840034027999934, 0.0 ], [ 115.20220999300011, -8.840206018999936, 0.0 ], [ 115.201825993000057, -8.840363986999932, 0.0 ], [ 115.201079001000039, -8.840629041999932, 0.0 ], [ 115.200668002000043, -8.84079004299997, 0.0 ], [ 115.20025298600001, -8.840913962999934, 0.0 ], [ 115.199928993000071, -8.841015994999964, 0.0 ], [ 115.19929503100002, -8.841264956999964, 0.0 ], [ 115.198901034000073, -8.841490032999957, 0.0 ], [ 115.198522984000078, -8.841687978999971, 0.0 ], [ 115.198286034000034, -8.841738993999968, 0.0 ], [ 115.197837979000042, -8.841767029999971, 0.0 ], [ 115.197622992000106, -8.841755961999979, 0.0 ], [ 115.197236999000097, -8.841753020999931, 0.0 ], [ 115.197137991000091, -8.841752001999964, 0.0 ], [ 115.196571976000087, -8.841792031999944, 0.0 ], [ 115.195594966000044, -8.841960967999967, 0.0 ], [ 115.194052965000083, -8.842329018999976, 0.0 ], [ 115.192805996000061, -8.842723975999945, 0.0 ], [ 115.191349030000083, -8.843068018999929, 0.0 ], [ 115.191236984000057, -8.843097035999961, 0.0 ], [ 115.190853994, -8.843231042999946, 0.0 ], [ 115.190370979000022, -8.843464988999926, 0.0 ], [ 115.189884029000041, -8.843782977999979, 0.0 ], [ 115.189181967000081, -8.844314963999977, 0.0 ], [ 115.188386033000029, -8.844760985999926, 0.0 ], [ 115.188226612000108, -8.844840279999971, 0.0 ], [ 115.188187462000087, -8.84497529999993, 0.0 ], [ 115.188050643000111, -8.845225143999926, 0.0 ], [ 115.18791382400002, -8.845409551999978, 0.0 ], [ 115.187693724000042, -8.845510678999972, 0.0 ], [ 115.187509316000046, -8.845570165999959, 0.0 ], [ 115.187164294000013, -8.845611805999965, 0.0 ], [ 115.186872810000068, -8.845617754999978, 0.0 ], [ 115.186527788000035, -8.845677240999976, 0.0 ], [ 115.186382895000065, -8.845707426999979, 0.0 ], [ 115.185956717000067, -8.845796213999961, 0.0 ], [ 115.185338057000081, -8.845921135999959, 0.0 ], [ 115.184998984000117, -8.846004416999961, 0.0 ], [ 115.184713449000014, -8.846057954999935, 0.0 ], [ 115.184344632000034, -8.846182876999933, 0.0 ], [ 115.184011508000026, -8.846313746999954, 0.0 ], [ 115.183571308000069, -8.846408925999981, 0.0 ], [ 115.183154902000069, -8.846563590999949, 0.0 ], [ 115.182797983000114, -8.846652819999974, 0.0 ], [ 115.182524345000047, -8.84669446099997, 0.0 ], [ 115.182006812000054, -8.846676614999978, 0.0 ], [ 115.181492004, -8.846661087999962, 0.0 ], [ 115.181491408000056, -8.84666126299993, 0.0 ], [ 115.180271015000017, -8.847018984999977, 0.0 ], [ 115.179884633000029, -8.847124840999982, 0.0 ], [ 115.179810523000015, -8.847145244999979, 0.0 ], [ 115.179053230000022, -8.847195319999969, 0.0 ], [ 115.178579073000037, -8.847218444999953, 0.0 ], [ 115.178414261000057, -8.847250665999979, 0.0 ], [ 115.178414231000033, -8.847250671999973, 0.0 ], [ 115.178245971000024, -8.847284011999932, 0.0 ], [ 115.177879976000099, -8.847435983999958, 0.0 ], [ 115.177620569000055, -8.84759035899998, 0.0 ], [ 115.177620476000016, -8.847590413999967, 0.0 ], [ 115.177620239000021, -8.847590555999943, 0.0 ], [ 115.177475456000025, -8.847677064999971, 0.0 ], [ 115.177302830000031, -8.847742775999961, 0.0 ], [ 115.177187028000048, -8.847787026999981, 0.0 ], [ 115.177150077000078, -8.847790499999974, 0.0 ], [ 115.176771969000015, -8.847826042999941, 0.0 ], [ 115.176520079000056, -8.847831376999977, 0.0 ], [ 115.176300014000049, -8.847836036999979, 0.0 ], [ 115.176020398000105, -8.847883739999929, 0.0 ], [ 115.175755453000079, -8.847929315999977, 0.0 ], [ 115.175208239000085, -8.848067061999927, 0.0 ], [ 115.175162533000048, -8.84807267399998, 0.0 ], [ 115.174928031000036, -8.848101965999945, 0.0 ], [ 115.174800978, -8.84808475799997, 0.0 ], [ 115.174800917000084, -8.848084749999941, 0.0 ], [ 115.17464003300006, -8.848063423999974, 0.0 ], [ 115.174292365000042, -8.847957853999958, 0.0 ], [ 115.174196964000089, -8.847929011999952, 0.0 ], [ 115.174064512000086, -8.847916898999927, 0.0 ], [ 115.173485978000031, -8.847863988999961, 0.0 ], [ 115.173129998000036, -8.847869863999961, 0.0 ], [ 115.173059010000088, -8.847871034999969, 0.0 ], [ 115.172926518000054, -8.84790804599993, 0.0 ], [ 115.172926016000019, -8.847908186999973, 0.0 ], [ 115.172725226000011, -8.847964478999927, 0.0 ], [ 115.172725048000075, -8.847964326999943, 0.0 ], [ 115.172706835000099, -8.847947867999949, 0.0 ], [ 115.172613226000067, -8.847860559999958, 0.0 ], [ 115.172599603000094, -8.847824653999965, 0.0 ], [ 115.172493871000029, -8.847545977999971, 0.0 ], [ 115.172477688000072, -8.847328511999933, 0.0 ], [ 115.172474972000032, -8.847292015999926, 0.0 ], [ 115.172503125000048, -8.84703159999998, 0.0 ], [ 115.172498297000061, -8.847025216999953, 0.0 ], [ 115.172449137000058, -8.846960220999961, 0.0 ], [ 115.172376328000041, -8.84686396099994, 0.0 ], [ 115.172180246000039, -8.846661043999973, 0.0 ], [ 115.17215868400001, -8.846638730999928, 0.0 ], [ 115.172155792000012, -8.846635736999929, 0.0 ], [ 115.172069014000044, -8.846619605999933, 0.0 ], [ 115.171786692000069, -8.846567126999958, 0.0 ], [ 115.171381082000039, -8.846330604999935, 0.0 ], [ 115.171324546000051, -8.846297636999964, 0.0 ], [ 115.171240904000115, -8.846267277999971, 0.0 ], [ 115.170895423000047, -8.846141881999927, 0.0 ], [ 115.170857029000103, -8.846115710999982, 0.0 ], [ 115.170313002000057, -8.845744869999976, 0.0 ], [ 115.169971167000085, -8.845596220999937, 0.0 ], [ 115.169959433000031, -8.845591207999973, 0.0 ], [ 115.169585207000068, -8.845431330999929, 0.0 ], [ 115.169575698000017, -8.84542726799998, 0.0 ], [ 115.169291455, -8.845354183999973, 0.0 ], [ 115.169087116000014, -8.845070796999948, 0.0 ], [ 115.169064181000067, -8.84504353899996, 0.0 ], [ 115.168891989000031, -8.844838883999955, 0.0 ], [ 115.168612993000011, -8.844507290999957, 0.0 ], [ 115.168610906000026, -8.844505470999934, 0.0 ], [ 115.168573223000067, -8.844472615999962, 0.0 ], [ 115.168258521000098, -8.844198240999958, 0.0 ], [ 115.168043715000067, -8.843963433999932, 0.0 ], [ 115.168031370000108, -8.843949939999959, 0.0 ], [ 115.167929117000085, -8.84369507699995, 0.0 ], [ 115.167918571000087, -8.843668793999939, 0.0 ], [ 115.168014585000037, -8.843467916999941, 0.0 ], [ 115.16807467700005, -8.843342197999959, 0.0 ], [ 115.168102334000082, -8.843257889999961, 0.0 ], [ 115.168258406000064, -8.84278213999994, 0.0 ], [ 115.168252389000031, -8.84236405799993, 0.0 ], [ 115.168250521000118, -8.842234193999957, 0.0 ], [ 115.168253158000084, -8.842208521999964, 0.0 ], [ 115.168328424000038, -8.841475934999949, 0.0 ], [ 115.168325290000098, -8.841452545999971, 0.0 ], [ 115.168267723000099, -8.841022935999945, 0.0 ], [ 115.168254549000039, -8.840924624999957, 0.0 ], [ 115.168004871000107, -8.840494440999976, 0.0 ], [ 115.167981191000081, -8.839793552999936, 0.0 ], [ 115.168049320000023, -8.83895946399997, 0.0 ], [ 115.168729327000051, -8.838635428999964, 0.0 ], [ 115.169316026000047, -8.838163956999949, 0.0 ], [ 115.169557087000044, -8.837913490999938, 0.0 ], [ 115.169911372000115, -8.837545381999973, 0.0 ], [ 115.169930413000088, -8.837525597999957, 0.0 ], [ 115.169912385000089, -8.837380502999963, 0.0 ], [ 115.169872271000031, -8.837057657999935, 0.0 ], [ 115.169679599, -8.836473196999975, 0.0 ], [ 115.169660501000067, -8.83641526599996, 0.0 ], [ 115.169660349000083, -8.836408220999942, 0.0 ], [ 115.169660011000019, -8.836392480999962, 0.0 ], [ 115.169643481000094, -8.835624373999963, 0.0 ], [ 115.169638645000077, -8.835399674999962, 0.0 ], [ 115.169641444000035, -8.835385846999941, 0.0 ], [ 115.169852071000037, -8.834345147999954, 0.0 ], [ 115.170048949000034, -8.833747289999963, 0.0 ], [ 115.170092138000086, -8.833616137999968, 0.0 ], [ 115.17030894200002, -8.832957766999925, 0.0 ], [ 115.170532978000097, -8.832022679999966, 0.0 ], [ 115.170569543000056, -8.831870064999976, 0.0 ], [ 115.170581010000092, -8.831827574999977, 0.0 ], [ 115.170732634000046, -8.831265694999956, 0.0 ], [ 115.170740588000058, -8.831236222999962, 0.0 ], [ 115.170876336000106, -8.830949608999958, 0.0 ], [ 115.171172624000064, -8.830797394999934, 0.0 ], [ 115.171562819000087, -8.830778874999965, 0.0 ], [ 115.171810865000111, -8.830767100999935, 0.0 ], [ 115.172277514000029, -8.830596217999926, 0.0 ], [ 115.172458685000038, -8.830529873999978, 0.0 ], [ 115.172477027000014, -8.830523156999959, 0.0 ], [ 115.173018895000041, -8.829603842999973, 0.0 ], [ 115.173084326000094, -8.829124449999938, 0.0 ], [ 115.173127769000075, -8.828806150999981, 0.0 ], [ 115.173147053000093, -8.828664857999968, 0.0 ], [ 115.173133620000044, -8.828459753999937, 0.0 ], [ 115.173105670000041, -8.828033017999928, 0.0 ], [ 115.173103073000107, -8.827993353999943, 0.0 ], [ 115.173024750000081, -8.827689186999976, 0.0 ], [ 115.173026958000037, -8.827240328999949, 0.0 ], [ 115.173230558000114, -8.826977015999944, 0.0 ], [ 115.173292142000037, -8.826796206999973, 0.0 ], [ 115.173333198000023, -8.82667566799995, 0.0 ], [ 115.173405638000077, -8.826343988999952, 0.0 ], [ 115.173774878000017, -8.826239618999978, 0.0 ], [ 115.173790565000104, -8.826235185999963, 0.0 ], [ 115.173823707000111, -8.826180846999932, 0.0 ], [ 115.173851752000019, -8.826134866999951, 0.0 ], [ 115.173774317000039, -8.825939547999951, 0.0 ], [ 115.173751835000076, -8.825882842999931, 0.0 ], [ 115.173726968000096, -8.82577321399998, 0.0 ], [ 115.173722133000069, -8.825751896999975, 0.0 ], [ 115.173773601000107, -8.825571039999943, 0.0 ], [ 115.173744541000019, -8.825309297999979, 0.0 ], [ 115.173785893000058, -8.825128389999975, 0.0 ], [ 115.173837953000088, -8.824826796999957, 0.0 ], [ 115.174111414000095, -8.824757695999949, 0.0 ], [ 115.174193324000044, -8.824556863999931, 0.0 ], [ 115.174600155, -8.823806976999947, 0.0 ], [ 115.174601646000042, -8.82380423099994, 0.0 ], [ 115.174234310000088, -8.821805247999976, 0.0 ], [ 115.174208620000059, -8.82166545299998, 0.0 ], [ 115.174205922000056, -8.821650765999948, 0.0 ], [ 115.174257161000014, -8.820367144999977, 0.0 ], [ 115.174330856000097, -8.820193162999942, 0.0 ], [ 115.174504849000073, -8.819782397999973, 0.0 ], [ 115.17459693100011, -8.819565008999973, 0.0 ], [ 115.174608420000027, -8.819513517999951, 0.0 ], [ 115.174615288000041, -8.819482737999977, 0.0 ], [ 115.174902268000096, -8.818196567999962, 0.0 ], [ 115.174943822000046, -8.81801033399995, 0.0 ], [ 115.175196991, -8.816260773999943, 0.0 ], [ 115.175892723000061, -8.815424134999944, 0.0 ], [ 115.176594664000049, -8.814638912999953, 0.0 ], [ 115.177475065000067, -8.81391317799995, 0.0 ], [ 115.17761783200001, -8.813829895999959, 0.0 ], [ 115.177403681000101, -8.81336590199993, 0.0 ], [ 115.176987275000101, -8.812544986999967, 0.0 ], [ 115.176913109000111, -8.812449630999936, 0.0 ], [ 115.176921968000102, -8.812435873999959, 0.0 ], [ 115.176882579000107, -8.812330835999944, 0.0 ], [ 115.176982870000074, -8.81219863299998, 0.0 ], [ 115.176984072000096, -8.812138922999964, 0.0 ], [ 115.177037244000076, -8.812085750999927, 0.0 ], [ 115.17726329300001, -8.811586064999972, 0.0 ], [ 115.177394162000041, -8.811264836999953, 0.0 ], [ 115.177453650000075, -8.810848431999943, 0.0 ], [ 115.177525033000052, -8.810479614999963, 0.0 ], [ 115.177536930000088, -8.81026546399994, 0.0 ], [ 115.177644006000037, -8.809979927999962, 0.0 ], [ 115.177786774000083, -8.809396960999948, 0.0 ], [ 115.177941438000062, -8.808873478999942, 0.0 ], [ 115.177810568000041, -8.808492764999926, 0.0 ], [ 115.177560725000035, -8.808040666999943, 0.0 ], [ 115.177132422000113, -8.807303033999972, 0.0 ], [ 115.176891475000048, -8.807011360999979, 0.0 ], [ 115.176862276000065, -8.806534402999944, 0.0 ], [ 115.177239498000063, -8.806612990999952, 0.0 ], [ 115.177715390000117, -8.806850936999979, 0.0 ], [ 115.178119898000091, -8.806934217999981, 0.0 ], [ 115.178679072000023, -8.806969909999964, 0.0 ], [ 115.180011570000033, -8.806969909999964, 0.0 ], [ 115.180570744000079, -8.806958012999928, 0.0 ], [ 115.181153711000093, -8.806946115999949, 0.0 ], [ 115.181608733000076, -8.806908642999929, 0.0 ] ] ] ] } },
{ "type": "Feature", "properties": { "Desa": "Legian", "Kec": "Kuta", "WADMKD": "Legian", "Kab": "Badung", "Luas": 304.40610032500001 }, "geometry": { "type": "MultiPolygon", "coordinates": [ [ [ [ 115.1763344310001, -8.696293656999956, 0.0 ], [ 115.176437350000015, -8.696465495999973, 0.0 ], [ 115.176587727000083, -8.69677698199996, 0.0 ], [ 115.176971608000031, -8.697462077999944, 0.0 ], [ 115.177068684, -8.697627153999974, 0.0 ], [ 115.177069595000034, -8.697628702999964, 0.0 ], [ 115.177187866000054, -8.697863276999954, 0.0 ], [ 115.177476604000049, -8.697702530999948, 0.0 ], [ 115.177558411000064, -8.697656986999959, 0.0 ], [ 115.177608273000033, -8.697631151999929, 0.0 ], [ 115.177652164000051, -8.697623379999925, 0.0 ], [ 115.177681030000031, -8.69762617899994, 0.0 ], [ 115.177736028000027, -8.697644001999947, 0.0 ], [ 115.177811140000017, -8.697705024999948, 0.0 ], [ 115.17788629100005, -8.697758065999949, 0.0 ], [ 115.177933384000085, -8.697789631999967, 0.0 ], [ 115.177947061000054, -8.697798798999941, 0.0 ], [ 115.177988708000044, -8.697812833999933, 0.0 ], [ 115.178069366000045, -8.697832908999942, 0.0 ], [ 115.178154315000029, -8.697850342999971, 0.0 ], [ 115.178287691000037, -8.697881543999927, 0.0 ], [ 115.178289481000093, -8.697859538999978, 0.0 ], [ 115.178307405000055, -8.69763915599998, 0.0 ], [ 115.178310850000116, -8.697611497999958, 0.0 ], [ 115.178318233000027, -8.697591105999948, 0.0 ], [ 115.178334900000095, -8.697568123999929, 0.0 ], [ 115.178350853000097, -8.697555680999926, 0.0 ], [ 115.178365466000059, -8.69754652599994, 0.0 ], [ 115.178388007000081, -8.697541361999981, 0.0 ], [ 115.178417797000066, -8.697543481999958, 0.0 ], [ 115.178772872000081, -8.697655219999945, 0.0 ], [ 115.178949714000055, -8.69764947699997, 0.0 ], [ 115.179013041000076, -8.697676602999934, 0.0 ], [ 115.179246493000051, -8.69777660099993, 0.0 ], [ 115.179812427000115, -8.697819969999955, 0.0 ], [ 115.181761307000102, -8.697969315999956, 0.0 ], [ 115.181644312000117, -8.69888465899993, 0.0 ], [ 115.181548758000076, -8.699885103999975, 0.0 ], [ 115.182394761000069, -8.699953060999974, 0.0 ], [ 115.182353337000109, -8.700303409999947, 0.0 ], [ 115.182350180000071, -8.700408821999929, 0.0 ], [ 115.182327062000013, -8.700808018999965, 0.0 ], [ 115.18229705400006, -8.700988419999931, 0.0 ], [ 115.18224107900005, -8.70133474599993, 0.0 ], [ 115.182210172000055, -8.701426846999937, 0.0 ], [ 115.182200723000051, -8.701463701999955, 0.0 ], [ 115.182193618000042, -8.701563823999948, 0.0 ], [ 115.18219478900005, -8.701595457999929, 0.0 ], [ 115.182207824000102, -8.701639008999962, 0.0 ], [ 115.182209028000102, -8.701664053999934, 0.0 ], [ 115.18221772000004, -8.701784018999945, 0.0 ], [ 115.182223954000051, -8.701864436999927, 0.0 ], [ 115.182231589000025, -8.701929047999954, 0.0 ], [ 115.182242581000082, -8.702121505999969, 0.0 ], [ 115.182239652000021, -8.702179476999959, 0.0 ], [ 115.182235183000103, -8.702282246999971, 0.0 ], [ 115.182222385000046, -8.702464048999957, 0.0 ], [ 115.182200431000069, -8.702622084999973, 0.0 ], [ 115.182190485000092, -8.702761728999974, 0.0 ], [ 115.182169146000092, -8.702906379999945, 0.0 ], [ 115.18216772400001, -8.702955200999952, 0.0 ], [ 115.182165763000057, -8.70302252099998, 0.0 ], [ 115.182145927000079, -8.703748992999977, 0.0 ], [ 115.182627413000091, -8.70392422599997, 0.0 ], [ 115.183821818000069, -8.704391789999931, 0.0 ], [ 115.184178271000064, -8.704516568999964, 0.0 ], [ 115.183804708000025, -8.704987279999955, 0.0 ], [ 115.183210509000105, -8.705495471999939, 0.0 ], [ 115.182568773000071, -8.706003663999979, 0.0 ], [ 115.181998342000043, -8.706608654999968, 0.0 ], [ 115.18166559000008, -8.707213647999936, 0.0 ], [ 115.181380375000117, -8.70781864199995, 0.0 ], [ 115.181169965000095, -8.708588960999975, 0.0 ], [ 115.180453998000075, -8.70866200599994, 0.0 ], [ 115.179515005000098, -8.708683, 0.0 ], [ 115.179045985000016, -8.708680030999972, 0.0 ], [ 115.178968867000094, -8.70863118699998, 0.0 ], [ 115.179022773000042, -8.708750226999939, 0.0 ], [ 115.179317826000101, -8.709283226999958, 0.0 ], [ 115.179746128000033, -8.710006582999938, 0.0 ], [ 115.179846066000096, -8.710182661999966, 0.0 ], [ 115.179451076000078, -8.710154108999973, 0.0 ], [ 115.179022772000053, -8.710120795999956, 0.0 ], [ 115.178822898000021, -8.710125554999934, 0.0 ], [ 115.178776379000055, -8.710116694999954, 0.0 ], [ 115.17877648700005, -8.710124364999956, 0.0 ], [ 115.178707494000037, -8.710117226999955, 0.0 ], [ 115.17826729300009, -8.710069637999936, 0.0 ], [ 115.178076937000014, -8.709980408999968, 0.0 ], [ 115.177708120000034, -8.709909023999955, 0.0 ], [ 115.177279817000112, -8.709909024999945, 0.0 ], [ 115.176815822000094, -8.709956613999964, 0.0 ], [ 115.176500544000078, -8.710010151999938, 0.0 ], [ 115.17634587900011, -8.710087483999928, 0.0 ], [ 115.176417263000076, -8.71027189299997, 0.0 ], [ 115.176536236000061, -8.710575272999961, 0.0 ], [ 115.176690901000029, -8.710825116999956, 0.0 ], [ 115.176875308000035, -8.711063062999926, 0.0 ], [ 115.1771311010001, -8.711336700999937, 0.0 ], [ 115.177244126, -8.711467571999947, 0.0 ], [ 115.177291702000048, -8.711610299999961, 0.0 ], [ 115.176844025000037, -8.711598021999976, 0.0 ], [ 115.176398029000097, -8.711590006999927, 0.0 ], [ 115.175161016000061, -8.711756984999965, 0.0 ], [ 115.174468990000037, -8.711898013999928, 0.0 ], [ 115.173904015000062, -8.71201298699998, 0.0 ], [ 115.173695966000082, -8.71205501299994, 0.0 ], [ 115.173108977000084, -8.712166986999932, 0.0 ], [ 115.17300603000001, -8.71218203899997, 0.0 ], [ 115.172574006000104, -8.712243957999931, 0.0 ], [ 115.172177032000036, -8.712309027999936, 0.0 ], [ 115.171529031000091, -8.712410038999963, 0.0 ], [ 115.170817974000101, -8.712519965999945, 0.0 ], [ 115.170556987000055, -8.712524042999974, 0.0 ], [ 115.170361004000029, -8.71224198799996, 0.0 ], [ 115.170360783000092, -8.712242149999952, 0.0 ], [ 115.170254374000024, -8.711960925999961, 0.0 ], [ 115.169683304000046, -8.712091796999971, 0.0 ], [ 115.168945671000074, -8.712270254999964, 0.0 ], [ 115.16833890800001, -8.711485033999963, 0.0 ], [ 115.167303843000013, -8.711746773999948, 0.0 ], [ 115.16672858600009, -8.711880315999963, 0.0 ], [ 115.166632033000042, -8.711516990999939, 0.0 ], [ 115.166182024000022, -8.709288980999929, 0.0 ], [ 115.166042032000064, -8.708618971999954, 0.0 ], [ 115.165798985000038, -8.70767901499994, 0.0 ], [ 115.165541027000017, -8.706924013999981, 0.0 ], [ 115.165175012000077, -8.705864962999954, 0.0 ], [ 115.165006005, -8.705352995999931, 0.0 ], [ 115.164964029000089, -8.705249025999933, 0.0 ], [ 115.164843983000083, -8.704852993999964, 0.0 ], [ 115.164622031000022, -8.704181956999946, 0.0 ], [ 115.16370297800006, -8.702253041999938, 0.0 ], [ 115.163234982000063, -8.701259031999939, 0.0 ], [ 115.163029986000083, -8.70075303699997, 0.0 ], [ 115.162072993000038, -8.698755965999965, 0.0 ], [ 115.161584994, -8.698008982999966, 0.0 ], [ 115.161423144000082, -8.697755102999963, 0.0 ], [ 115.161641554000084, -8.697669298999926, 0.0 ], [ 115.161848567000106, -8.697619330999942, 0.0 ], [ 115.161898536000081, -8.697533669999927, 0.0 ], [ 115.161881942000036, -8.697413368999946, 0.0 ], [ 115.162110028000029, -8.697338027999933, 0.0 ], [ 115.162805016000107, -8.697229028999971, 0.0 ], [ 115.162811015000102, -8.69722797299994, 0.0 ], [ 115.163150003000055, -8.697174018999931, 0.0 ], [ 115.163749021000058, -8.697064012999931, 0.0 ], [ 115.164559002000033, -8.696927001999939, 0.0 ], [ 115.164596028, -8.696924016999958, 0.0 ], [ 115.165184001000057, -8.69688201799994, 0.0 ], [ 115.166381983000065, -8.696995985999934, 0.0 ], [ 115.167578984000102, -8.697112024999967, 0.0 ], [ 115.16820898200001, -8.69713304499993, 0.0 ], [ 115.168731975000014, -8.69711097499993, 0.0 ], [ 115.169184020000102, -8.697119024999949, 0.0 ], [ 115.169641020000086, -8.697156021999945, 0.0 ], [ 115.170446998000102, -8.697210966999933, 0.0 ], [ 115.170795033000104, -8.697238038999956, 0.0 ], [ 115.171113030000015, -8.697263971999973, 0.0 ], [ 115.171812004000117, -8.697322014999941, 0.0 ], [ 115.17210603500007, -8.697346024999945, 0.0 ], [ 115.172539037000092, -8.697356961999958, 0.0 ], [ 115.172546979000117, -8.697357, 0.0 ], [ 115.172709982000015, -8.697363024999959, 0.0 ], [ 115.172777887000052, -8.697365312999978, 0.0 ], [ 115.172815948000107, -8.697303829999953, 0.0 ], [ 115.172851641000079, -8.697214599999938, 0.0 ], [ 115.172833794000098, -8.697095626999953, 0.0 ], [ 115.172815948000107, -8.696911218999958, 0.0 ], [ 115.17284569200001, -8.696703015999958, 0.0 ], [ 115.172899230000098, -8.696518607999963, 0.0 ], [ 115.172994408000022, -8.696322302999931, 0.0 ], [ 115.173036049000075, -8.696185483999955, 0.0 ], [ 115.173012254000014, -8.696012972999938, 0.0 ], [ 115.17302415100005, -8.695870204999949, 0.0 ], [ 115.173053894000077, -8.695757180999976, 0.0 ], [ 115.173155021000071, -8.695721487999947, 0.0 ], [ 115.17339891600011, -8.69575717999993, 0.0 ], [ 115.173732040000118, -8.695798820999926, 0.0 ], [ 115.174083011000107, -8.695852358999957, 0.0 ], [ 115.174279317000014, -8.695882101999928, 0.0 ], [ 115.174374496000041, -8.695882101999928, 0.0 ], [ 115.174511315000018, -8.695864255999936, 0.0 ], [ 115.174606493000056, -8.695780974999934, 0.0 ], [ 115.174695722000024, -8.695667950999962, 0.0 ], [ 115.174826593000034, -8.695543028999964, 0.0 ], [ 115.174951515000089, -8.695531131999928, 0.0 ], [ 115.175118077000093, -8.69554897699993, 0.0 ], [ 115.175225153000042, -8.695638206999945, 0.0 ], [ 115.175361972000019, -8.69575717999993, 0.0 ], [ 115.17549284200004, -8.695983228999978, 0.0 ], [ 115.175576124000031, -8.696209277999969, 0.0 ], [ 115.175665353000113, -8.696417480999969, 0.0 ], [ 115.175724840000044, -8.696488864999935, 0.0 ], [ 115.1758676070001, -8.696506709999937, 0.0 ], [ 115.175992529000041, -8.69651265899995, 0.0 ], [ 115.176176937000037, -8.696494812999958, 0.0 ], [ 115.17621262900002, -8.696482915999979, 0.0 ], [ 115.176236423000091, -8.696429377999948, 0.0 ], [ 115.1763344310001, -8.696293656999956, 0.0 ] ] ] ] } },
{ "type": "Feature", "properties": { "Desa": "Munggu", "Kec": "Mengwi", "WADMKD": "Munggu", "Kab": "Badung", "Luas": 684.174513832 }, "geometry": { "type": "MultiPolygon", "coordinates": [ [ [ [ 115.137407615000029, -8.608808117999956, 0.0 ], [ 115.13742138900011, -8.608858698999938, 0.0 ], [ 115.137456314000019, -8.608986951999952, 0.0 ], [ 115.137463106000041, -8.609011893999934, 0.0 ], [ 115.137566888000038, -8.60939300299998, 0.0 ], [ 115.137599099000113, -8.609511289999944, 0.0 ], [ 115.137389732000088, -8.609608634999972, 0.0 ], [ 115.137039222000112, -8.609717402999934, 0.0 ], [ 115.136627718000113, -8.609803780999925, 0.0 ], [ 115.136266178000028, -8.609895923999943, 0.0 ], [ 115.136118571000111, -8.609902814999941, 0.0 ], [ 115.136049412000034, -8.609906043999956, 0.0 ], [ 115.136530738000033, -8.61070252899998, 0.0 ], [ 115.136838596000075, -8.610584574999962, 0.0 ], [ 115.137160986000026, -8.611023941999974, 0.0 ], [ 115.135641036000038, -8.611755891999962, 0.0 ], [ 115.135013447, -8.611364834999961, 0.0 ], [ 115.134517152000058, -8.611223501999973, 0.0 ], [ 115.13414819400009, -8.61258089599994, 0.0 ], [ 115.134127491000072, -8.612739218999934, 0.0 ], [ 115.133683465000104, -8.612833038999952, 0.0 ], [ 115.133517601000108, -8.61332518599994, 0.0 ], [ 115.133477088000063, -8.613445396999964, 0.0 ], [ 115.134621221000089, -8.613880177999931, 0.0 ], [ 115.134864342000014, -8.614236344999938, 0.0 ], [ 115.135410453000077, -8.614390195999931, 0.0 ], [ 115.136026742000013, -8.614721279999969, 0.0 ], [ 115.136286311000049, -8.614909326999964, 0.0 ], [ 115.13665556400008, -8.61497985099993, 0.0 ], [ 115.138344513000106, -8.61568082399998, 0.0 ], [ 115.138196913000115, -8.618329760999927, 0.0 ], [ 115.138193992000083, -8.618332019999968, 0.0 ], [ 115.138098020000029, -8.618763972999943, 0.0 ], [ 115.138062028000036, -8.619092993999971, 0.0 ], [ 115.13803998700007, -8.619264985999962, 0.0 ], [ 115.138154016000044, -8.619535980999956, 0.0 ], [ 115.138270001000024, -8.619743984999957, 0.0 ], [ 115.138343001000067, -8.620056991999945, 0.0 ], [ 115.138279027000067, -8.620164967999926, 0.0 ], [ 115.13771401200006, -8.620454995999978, 0.0 ], [ 115.137408985000093, -8.620578974999944, 0.0 ], [ 115.13718799500009, -8.620612973999926, 0.0 ], [ 115.136977964000039, -8.620535033999943, 0.0 ], [ 115.136715969000079, -8.620392033999963, 0.0 ], [ 115.136579989000097, -8.620442985999944, 0.0 ], [ 115.136273005000021, -8.62062995499997, 0.0 ], [ 115.136132004000046, -8.620711975999939, 0.0 ], [ 115.135911963000012, -8.620918981999978, 0.0 ], [ 115.135870970000042, -8.620984042999964, 0.0 ], [ 115.135892977000026, -8.62107896699996, 0.0 ], [ 115.13608402300008, -8.621239972999945, 0.0 ], [ 115.136307968000096, -8.621397973999933, 0.0 ], [ 115.136398025000062, -8.621501001999945, 0.0 ], [ 115.136375033000036, -8.621653013999946, 0.0 ], [ 115.136152008000067, -8.622055966999937, 0.0 ], [ 115.136036002000083, -8.622157993999963, 0.0 ], [ 115.135771031000104, -8.622254959999964, 0.0 ], [ 115.135402968000108, -8.622341028999926, 0.0 ], [ 115.13524501400002, -8.622443033999957, 0.0 ], [ 115.135160002000021, -8.622579016999964, 0.0 ], [ 115.135124971000096, -8.622757001999958, 0.0 ], [ 115.135159987000065, -8.622917971999925, 0.0 ], [ 115.135429970000018, -8.623127990999933, 0.0 ], [ 115.135591963000024, -8.623241039999925, 0.0 ], [ 115.135646010000073, -8.623340005999978, 0.0 ], [ 115.13558496600001, -8.62367495999996, 0.0 ], [ 115.135536989000116, -8.623880992999943, 0.0 ], [ 115.135621014000094, -8.624496040999929, 0.0 ], [ 115.135713, -8.624832008999931, 0.0 ], [ 115.13576903, -8.625000041999954, 0.0 ], [ 115.135778037000023, -8.625027021999927, 0.0 ], [ 115.13574996400007, -8.62516102099994, 0.0 ], [ 115.135479972000098, -8.625318973999981, 0.0 ], [ 115.135047023000084, -8.625422985999933, 0.0 ], [ 115.134737008000116, -8.62549396999998, 0.0 ], [ 115.134531013000014, -8.625615986999946, 0.0 ], [ 115.134406993000084, -8.625747983999929, 0.0 ], [ 115.134354008000059, -8.625921000999938, 0.0 ], [ 115.134368020000011, -8.626316968999959, 0.0 ], [ 115.134301984000103, -8.626585010999975, 0.0 ], [ 115.134219035000115, -8.626742966999927, 0.0 ], [ 115.134054036000066, -8.626891033999925, 0.0 ], [ 115.133980036000025, -8.626934964999975, 0.0 ], [ 115.134039983000093, -8.627007023999965, 0.0 ], [ 115.134042030000046, -8.627246020999962, 0.0 ], [ 115.134002954000039, -8.627344146999974, 0.0 ], [ 115.133999028000062, -8.627354005999962, 0.0 ], [ 115.133726022000019, -8.627500010999938, 0.0 ], [ 115.133263972, -8.62774795699994, 0.0 ], [ 115.133037976000082, -8.627869965999935, 0.0 ], [ 115.132880030000024, -8.627923972999952, 0.0 ], [ 115.132750966000117, -8.628076009999972, 0.0 ], [ 115.132681005000109, -8.628166961999966, 0.0 ], [ 115.132435982000061, -8.628227955999932, 0.0 ], [ 115.132129991000056, -8.62819600499995, 0.0 ], [ 115.131878033000021, -8.628143979999948, 0.0 ], [ 115.131672975000015, -8.628197033999982, 0.0 ], [ 115.131470018000073, -8.628310024999962, 0.0 ], [ 115.13135602300008, -8.62842896199993, 0.0 ], [ 115.131335978000038, -8.628560017999973, 0.0 ], [ 115.132129981000048, -8.629295033999938, 0.0 ], [ 115.132699996000042, -8.62950000799998, 0.0 ], [ 115.132855034000045, -8.629550023999968, 0.0 ], [ 115.132749999000112, -8.63045203799993, 0.0 ], [ 115.132709966000107, -8.630611015999932, 0.0 ], [ 115.132696986000042, -8.630661027999963, 0.0 ], [ 115.132474972000068, -8.630902005999928, 0.0 ], [ 115.132149021000032, -8.631226990999949, 0.0 ], [ 115.132028013000081, -8.631476956999961, 0.0 ], [ 115.131984964000026, -8.631654992999927, 0.0 ], [ 115.131634980000058, -8.631825024999955, 0.0 ], [ 115.131524989000013, -8.631876009999928, 0.0 ], [ 115.131453982000039, -8.631965961999981, 0.0 ], [ 115.131459980000045, -8.632178041999964, 0.0 ], [ 115.131474020000041, -8.632262983999965, 0.0 ], [ 115.131487034000088, -8.632343040999956, 0.0 ], [ 115.131438026000069, -8.632498992999956, 0.0 ], [ 115.131270020000102, -8.632694044999937, 0.0 ], [ 115.131104967000056, -8.632897968999941, 0.0 ], [ 115.130970016000106, -8.633165040999927, 0.0 ], [ 115.130912978000083, -8.633278018999931, 0.0 ], [ 115.130637991000071, -8.633734041999958, 0.0 ], [ 115.130687963000014, -8.633975982999971, 0.0 ], [ 115.130867965000107, -8.634281015999932, 0.0 ], [ 115.130905990000088, -8.634439018999956, 0.0 ], [ 115.130825971000036, -8.63477704099995, 0.0 ], [ 115.130664997000054, -8.635125966999965, 0.0 ], [ 115.130592998000111, -8.635249989999977, 0.0 ], [ 115.130598029000112, -8.635353960999964, 0.0 ], [ 115.130742984000108, -8.635580998999956, 0.0 ], [ 115.131007966000084, -8.635788014999946, 0.0 ], [ 115.131053018000102, -8.635812005999981, 0.0 ], [ 115.131099033000055, -8.635822986999926, 0.0 ], [ 115.131297964000055, -8.635920038999927, 0.0 ], [ 115.131577976000017, -8.636148006999974, 0.0 ], [ 115.131582991000073, -8.63623995599994, 0.0 ], [ 115.131513979000033, -8.636289965999936, 0.0 ], [ 115.131375019000075, -8.636321014999965, 0.0 ], [ 115.131107997000072, -8.636315011999955, 0.0 ], [ 115.130792037000106, -8.636344022999936, 0.0 ], [ 115.130645972000025, -8.636448973999961, 0.0 ], [ 115.13059398900009, -8.636585024999931, 0.0 ], [ 115.130487995000067, -8.636767001999942, 0.0 ], [ 115.130364035000071, -8.636839972999951, 0.0 ], [ 115.130138996000028, -8.636887955999953, 0.0 ], [ 115.12984899300011, -8.636969968999949, 0.0 ], [ 115.129102970000076, -8.637335019999966, 0.0 ], [ 115.12896003700007, -8.637472976999959, 0.0 ], [ 115.128933970000048, -8.637578964999932, 0.0 ], [ 115.128953036000098, -8.637951003999945, 0.0 ], [ 115.128980019000096, -8.638281955999958, 0.0 ], [ 115.128967975000023, -8.639570014999947, 0.0 ], [ 115.128821035000101, -8.639776013999949, 0.0 ], [ 115.128701015000047, -8.640340984999966, 0.0 ], [ 115.12853202000008, -8.640446997999959, 0.0 ], [ 115.128357980000033, -8.640618968999945, 0.0 ], [ 115.128323973000079, -8.640755016999947, 0.0 ], [ 115.128235022000013, -8.641202001999943, 0.0 ], [ 115.128122032000078, -8.641435012999978, 0.0 ], [ 115.127992998000082, -8.641533988999981, 0.0 ], [ 115.127792035000084, -8.641726978999941, 0.0 ], [ 115.127743981000094, -8.641947019999975, 0.0 ], [ 115.127538014000038, -8.642577009999968, 0.0 ], [ 115.1273520310001, -8.642739973999937, 0.0 ], [ 115.127228031000072, -8.642759975999979, 0.0 ], [ 115.126724966000097, -8.642722986999956, 0.0 ], [ 115.126205028000072, -8.642719991999968, 0.0 ], [ 115.12612501000001, -8.642828969999925, 0.0 ], [ 115.126085976000013, -8.642996989999972, 0.0 ], [ 115.125790006000102, -8.644148979999954, 0.0 ], [ 115.12568598200005, -8.644279984999969, 0.0 ], [ 115.125471995000112, -8.644546032999926, 0.0 ], [ 115.125173969000116, -8.644900971999959, 0.0 ], [ 115.125136009000016, -8.645003014999929, 0.0 ], [ 115.125001005000058, -8.645203013999947, 0.0 ], [ 115.125000026000066, -8.645204003999936, 0.0 ], [ 115.124973989000068, -8.645243013999959, 0.0 ], [ 115.124859983000079, -8.645302020999964, 0.0 ], [ 115.124640986000031, -8.645339001999957, 0.0 ], [ 115.124338021000085, -8.645329020999952, 0.0 ], [ 115.123904032000041, -8.645290016999979, 0.0 ], [ 115.123462971000095, -8.645347962999949, 0.0 ], [ 115.123272998000061, -8.64548396899994, 0.0 ], [ 115.123184974000083, -8.645606012999963, 0.0 ], [ 115.12314402200002, -8.645827984999926, 0.0 ], [ 115.123115985000027, -8.646271017999936, 0.0 ], [ 115.123200036000071, -8.646739998999976, 0.0 ], [ 115.123335004000069, -8.647289041999954, 0.0 ], [ 115.123246991000087, -8.647469023999975, 0.0 ], [ 115.12313602200004, -8.647565013999952, 0.0 ], [ 115.122889011000098, -8.647691971999961, 0.0 ], [ 115.122341019000032, -8.648012961999939, 0.0 ], [ 115.121789973000091, -8.648405974999946, 0.0 ], [ 115.121131985000034, -8.648852965999936, 0.0 ], [ 115.120818037000049, -8.649139036999941, 0.0 ], [ 115.120609977000072, -8.649402036999959, 0.0 ], [ 115.120603024000047, -8.649505044999955, 0.0 ], [ 115.120544973000051, -8.649519040999962, 0.0 ], [ 115.120018033000065, -8.649853958999927, 0.0 ], [ 115.119763007000074, -8.650055986999973, 0.0 ], [ 115.119694010000103, -8.650132025999937, 0.0 ], [ 115.119726965000041, -8.650254029999928, 0.0 ], [ 115.119358731000034, -8.650358764999964, 0.0 ], [ 115.119358561000013, -8.650358636999954, 0.0 ], [ 115.118554971000094, -8.649757013999931, 0.0 ], [ 115.11843297300004, -8.649659970999949, 0.0 ], [ 115.117715003000058, -8.64913599099998, 0.0 ], [ 115.117569988000014, -8.649073000999977, 0.0 ], [ 115.116978006000068, -8.648733033999974, 0.0 ], [ 115.116347006000069, -8.648330959999953, 0.0 ], [ 115.116253976000053, -8.648313961999975, 0.0 ], [ 115.116091004000054, -8.648277004999954, 0.0 ], [ 115.115968963000114, -8.648249016999955, 0.0 ], [ 115.115968801, -8.648248969999941, 0.0 ], [ 115.115484012000024, -8.648108969999953, 0.0 ], [ 115.11545240800001, -8.647774704999961, 0.0 ], [ 115.115524545000085, -8.647737375999952, 0.0 ], [ 115.115483359000109, -8.647642958999938, 0.0 ], [ 115.115445902000033, -8.647559867999973, 0.0 ], [ 115.115432492000082, -8.64751916299997, 0.0 ], [ 115.115412327000058, -8.647457952999957, 0.0 ], [ 115.115422138000099, -8.647264352999969, 0.0 ], [ 115.115422236000086, -8.647262418999958, 0.0 ], [ 115.115433752000058, -8.647265755999967, 0.0 ], [ 115.115473702000031, -8.647277330999941, 0.0 ], [ 115.115500286000042, -8.647285032999946, 0.0 ], [ 115.115651028000116, -8.647432746999925, 0.0 ], [ 115.115820258000099, -8.64764066999993, 0.0 ], [ 115.115820405000022, -8.647640850999949, 0.0 ], [ 115.115795789000117, -8.647260107999955, 0.0 ], [ 115.116222553000057, -8.646730845999969, 0.0 ], [ 115.116271351000023, -8.646646830999941, 0.0 ], [ 115.116375336000033, -8.646467800999972, 0.0 ], [ 115.116720522000037, -8.64567709399995, 0.0 ], [ 115.116789029000074, -8.645520165999926, 0.0 ], [ 115.116976960000102, -8.645042487999945, 0.0 ], [ 115.116964928000016, -8.644984473999955, 0.0 ], [ 115.116936278000026, -8.644846323999957, 0.0 ], [ 115.116896615000087, -8.644750258999977, 0.0 ], [ 115.116857970000069, -8.644656662999978, 0.0 ], [ 115.11684273000003, -8.644619750999937, 0.0 ], [ 115.116843360000075, -8.644617298999947, 0.0 ], [ 115.116847988000018, -8.644599252999967, 0.0 ], [ 115.116885209000088, -8.644454144999941, 0.0 ], [ 115.116901423000058, -8.644239418999973, 0.0 ], [ 115.116872513000089, -8.643960405999962, 0.0 ], [ 115.116885058000094, -8.643841498999961, 0.0 ], [ 115.116896356000098, -8.643734410999969, 0.0 ], [ 115.116851336000082, -8.643383369999981, 0.0 ], [ 115.116848961000073, -8.643364861999942, 0.0 ], [ 115.116851055000097, -8.643250841999929, 0.0 ], [ 115.116854152000087, -8.643082247999928, 0.0 ], [ 115.116822998000089, -8.642794926999954, 0.0 ], [ 115.116778109000052, -8.642380926999977, 0.0 ], [ 115.116802610000036, -8.641304042999934, 0.0 ], [ 115.116807173000097, -8.641103537999982, 0.0 ], [ 115.116806548000113, -8.641090188999954, 0.0 ], [ 115.116775386000086, -8.640424644999939, 0.0 ], [ 115.116773034000062, -8.640374424999948, 0.0 ], [ 115.116772933000107, -8.640372274999947, 0.0 ], [ 115.11696125200001, -8.63981545799993, 0.0 ], [ 115.117267222, -8.639206459999969, 0.0 ], [ 115.117482429, -8.638859531999969, 0.0 ], [ 115.117488628000046, -8.638849536999942, 0.0 ], [ 115.117533166000044, -8.638686059999941, 0.0 ], [ 115.117731623000054, -8.637957587999949, 0.0 ], [ 115.117851838000092, -8.637598837999974, 0.0 ], [ 115.117889215000105, -8.637487295999961, 0.0 ], [ 115.118094746000111, -8.637277267999934, 0.0 ], [ 115.118178933000081, -8.637117484999976, 0.0 ], [ 115.11838066200005, -8.636734618999981, 0.0 ], [ 115.11842350500001, -8.636653305999971, 0.0 ], [ 115.11851407100005, -8.636566000999949, 0.0 ], [ 115.118592546000059, -8.636490353999932, 0.0 ], [ 115.118598535000046, -8.636484580999934, 0.0 ], [ 115.118717511000114, -8.636164837999956, 0.0 ], [ 115.118716654000082, -8.636160144999963, 0.0 ], [ 115.118655376000106, -8.635824742999944, 0.0 ], [ 115.11864377400002, -8.635761242999934, 0.0 ], [ 115.118578111000033, -8.635549294999976, 0.0 ], [ 115.118524505000096, -8.63537626699997, 0.0 ], [ 115.118582912000079, -8.635052458999951, 0.0 ], [ 115.118576441000073, -8.63483008399993, 0.0 ], [ 115.11855094200007, -8.634626458999946, 0.0 ], [ 115.118476789000056, -8.634469855999953, 0.0 ], [ 115.118472243000042, -8.634460256999944, 0.0 ], [ 115.118548743000019, -8.634306121999941, 0.0 ], [ 115.118485819000057, -8.634171073999937, 0.0 ], [ 115.118432588000019, -8.634056828999974, 0.0 ], [ 115.118328782000049, -8.633607863999941, 0.0 ], [ 115.118207688000098, -8.632827182999961, 0.0 ], [ 115.118209050000019, -8.632552085999976, 0.0 ], [ 115.118202859, -8.632273183999928, 0.0 ], [ 115.118214604000059, -8.632240817999957, 0.0 ], [ 115.118325714000093, -8.631934618999935, 0.0 ], [ 115.118431184000087, -8.631908511999939, 0.0 ], [ 115.118564572000082, -8.631875494999974, 0.0 ], [ 115.118976277000115, -8.631981940999935, 0.0 ], [ 115.118980584000042, -8.631983053999932, 0.0 ], [ 115.119067531000042, -8.631750412999963, 0.0 ], [ 115.119122575, -8.631603128999927, 0.0 ], [ 115.119125550000035, -8.631601493999938, 0.0 ], [ 115.119215647000033, -8.631551965999961, 0.0 ], [ 115.119380779000039, -8.631461190999971, 0.0 ], [ 115.119454046000101, -8.631262190999962, 0.0 ], [ 115.119515122000053, -8.631096300999957, 0.0 ], [ 115.119622716000094, -8.630999703999976, 0.0 ], [ 115.119686287000036, -8.630942630999925, 0.0 ], [ 115.119824791000042, -8.630736227999932, 0.0 ], [ 115.119827438000016, -8.630732284999965, 0.0 ], [ 115.119835819000059, -8.630644219999965, 0.0 ], [ 115.1198554, -8.630438474999949, 0.0 ], [ 115.119861585000081, -8.630429247999928, 0.0 ], [ 115.119940697000061, -8.630311225999947, 0.0 ], [ 115.120107049000012, -8.630063058999951, 0.0 ], [ 115.120107185000052, -8.630062854999949, 0.0 ], [ 115.120103701000062, -8.63005392499997, 0.0 ], [ 115.12000996300003, -8.629813655999953, 0.0 ], [ 115.120071350000103, -8.629651908999961, 0.0 ], [ 115.120250256000077, -8.62946435899994, 0.0 ], [ 115.1203573680001, -8.62925376499993, 0.0 ], [ 115.12036497400004, -8.629238809999947, 0.0 ], [ 115.120370752000099, -8.629175965999934, 0.0 ], [ 115.120400993000089, -8.628847057999963, 0.0 ], [ 115.120212239000011, -8.628729307999947, 0.0 ], [ 115.120212160000051, -8.628727457999958, 0.0 ], [ 115.120208531000117, -8.62864286599995, 0.0 ], [ 115.120205563000013, -8.628573674999927, 0.0 ], [ 115.120205448000092, -8.628570994999961, 0.0 ], [ 115.120085790000076, -8.628483354999958, 0.0 ], [ 115.119899831000112, -8.628347153999925, 0.0 ], [ 115.119834165000043, -8.62793815699996, 0.0 ], [ 115.119789625000067, -8.627660739999953, 0.0 ], [ 115.11943446500004, -8.627500719999944, 0.0 ], [ 115.119542132000106, -8.627169616999936, 0.0 ], [ 115.119567519000043, -8.627008521999926, 0.0 ], [ 115.119608594000056, -8.62674786599996, 0.0 ], [ 115.1196442050001, -8.626151165999943, 0.0 ], [ 115.119654013000059, -8.625986843999954, 0.0 ], [ 115.119651411000063, -8.625817394999956, 0.0 ], [ 115.119650979000085, -8.62578924099995, 0.0 ], [ 115.119649635000087, -8.625701702999947, 0.0 ], [ 115.119649335000076, -8.625682165999933, 0.0 ], [ 115.119648053000105, -8.625598737999951, 0.0 ], [ 115.119642192000015, -8.625575914999956, 0.0 ], [ 115.119611202000101, -8.625455269999975, 0.0 ], [ 115.119548801000064, -8.625332854999954, 0.0 ], [ 115.119539946000032, -8.625315485999977, 0.0 ], [ 115.119493353000053, -8.625267144999953, 0.0 ], [ 115.119423158000018, -8.625194319999935, 0.0 ], [ 115.119414930000062, -8.624561164999932, 0.0 ], [ 115.11951762800004, -8.624498243999938, 0.0 ], [ 115.119717610000066, -8.624375716999964, 0.0 ], [ 115.119787156000029, -8.624333106999927, 0.0 ], [ 115.119884372000115, -8.624326835999966, 0.0 ], [ 115.119950034000112, -8.624322599999971, 0.0 ], [ 115.120117633000064, -8.62412368899993, 0.0 ], [ 115.120119148000072, -8.624094986999978, 0.0 ], [ 115.120121811000104, -8.624044568999977, 0.0 ], [ 115.120209592000037, -8.623905562999937, 0.0 ], [ 115.1202504580001, -8.623813044999963, 0.0 ], [ 115.120286695000118, -8.623731007999936, 0.0 ], [ 115.120347456000104, -8.623593448999941, 0.0 ], [ 115.120391625000025, -8.623376162999932, 0.0 ], [ 115.120401792000052, -8.623326148999979, 0.0 ], [ 115.120607218000032, -8.62313495899997, 0.0 ], [ 115.120665994000092, -8.623092424999982, 0.0 ], [ 115.120793431000038, -8.623000202999947, 0.0 ], [ 115.120976491000079, -8.622737301999962, 0.0 ], [ 115.120975463000036, -8.62273670899998, 0.0 ], [ 115.12059807300011, -8.622519197999964, 0.0 ], [ 115.120508277000113, -8.622467443999938, 0.0 ], [ 115.12050758700002, -8.622468505999962, 0.0 ], [ 115.120441530000107, -8.622570297999971, 0.0 ], [ 115.12024499100005, -8.622873155999969, 0.0 ], [ 115.120202403, -8.622881608999933, 0.0 ], [ 115.120078213000056, -8.622906255999965, 0.0 ], [ 115.119961128000114, -8.622845386999927, 0.0 ], [ 115.119775491000041, -8.622863320999954, 0.0 ], [ 115.1194355, -8.622699607999948, 0.0 ], [ 115.119262632000073, -8.622597484999972, 0.0 ], [ 115.119261821, -8.622597005999978, 0.0 ], [ 115.118995981000012, -8.623153022999929, 0.0 ], [ 115.118993982, -8.623157204999927, 0.0 ], [ 115.118827461000024, -8.623110667999981, 0.0 ], [ 115.118623400000047, -8.623053638999977, 0.0 ], [ 115.118590407000056, -8.623039267999957, 0.0 ], [ 115.118420776000107, -8.622965380999972, 0.0 ], [ 115.118290889000036, -8.622908804999952, 0.0 ], [ 115.117997512000102, -8.622818754999969, 0.0 ], [ 115.117919164000114, -8.622794706999969, 0.0 ], [ 115.117916577000074, -8.622793912999953, 0.0 ], [ 115.117894002000071, -8.622853980999935, 0.0 ], [ 115.117862857000091, -8.622936854999978, 0.0 ], [ 115.11764728300011, -8.622883037999941, 0.0 ], [ 115.117072786000108, -8.622665413999925, 0.0 ], [ 115.117073947000108, -8.622636973999931, 0.0 ], [ 115.117081404000032, -8.622454417999961, 0.0 ], [ 115.117074129000116, -8.622384609999926, 0.0 ], [ 115.117065658000115, -8.622303335999959, 0.0 ], [ 115.117086743000073, -8.622172460999934, 0.0 ], [ 115.11709048900002, -8.622149210999964, 0.0 ], [ 115.116871203000073, -8.622080301999972, 0.0 ], [ 115.116505117000088, -8.62259856299994, 0.0 ], [ 115.116085624000107, -8.623195701999975, 0.0 ], [ 115.115795526000056, -8.623036944999967, 0.0 ], [ 115.115565106000076, -8.622910847999947, 0.0 ], [ 115.115564477000021, -8.622910502999957, 0.0 ], [ 115.115421204000086, -8.622785438999927, 0.0 ], [ 115.115265609000062, -8.622535686999981, 0.0 ], [ 115.11526341900003, -8.622532171999978, 0.0 ], [ 115.115021976000094, -8.62235009699998, 0.0 ], [ 115.115017243000011, -8.622349680999946, 0.0 ], [ 115.114885715000014, -8.622338121999974, 0.0 ], [ 115.114785279000102, -8.622255331999952, 0.0 ], [ 115.114701449000108, -8.622186228999965, 0.0 ], [ 115.114697152000076, -8.622182686999963, 0.0 ], [ 115.11471313900006, -8.622013181999932, 0.0 ], [ 115.11471774100005, -8.622009856999966, 0.0 ], [ 115.114867104000041, -8.621901972999979, 0.0 ], [ 115.114884151000069, -8.621889659999965, 0.0 ], [ 115.115204473000063, -8.62199641899997, 0.0 ], [ 115.115205487000026, -8.621996756999977, 0.0 ], [ 115.115425051000102, -8.622009139999932, 0.0 ], [ 115.115668124000081, -8.621794955999974, 0.0 ], [ 115.115813805000016, -8.621666587999925, 0.0 ], [ 115.115820592000091, -8.621660608999946, 0.0 ], [ 115.115861479000046, -8.621520801999964, 0.0 ], [ 115.115885690000027, -8.621438015999956, 0.0 ], [ 115.115889926000023, -8.621423530999948, 0.0 ], [ 115.115963364000095, -8.621122408999952, 0.0 ], [ 115.116127867000046, -8.620784047999962, 0.0 ], [ 115.116127622000022, -8.620776687999978, 0.0 ], [ 115.116117982000105, -8.620486285999959, 0.0 ], [ 115.116123094000045, -8.620218744999931, 0.0 ], [ 115.116288284, -8.620168484999965, 0.0 ], [ 115.116293750000068, -8.620166821999931, 0.0 ], [ 115.116333818000044, -8.620049129999927, 0.0 ], [ 115.116336018000084, -8.620042668999929, 0.0 ], [ 115.116427101000113, -8.62004494699994, 0.0 ], [ 115.116710850000118, -8.620052043999976, 0.0 ], [ 115.116874156000108, -8.619954863999965, 0.0 ], [ 115.116904099000067, -8.619903428999976, 0.0 ], [ 115.117035657000088, -8.619677445999969, 0.0 ], [ 115.11709948400005, -8.619567808999932, 0.0 ], [ 115.116938942000047, -8.619144090999953, 0.0 ], [ 115.116867741000078, -8.618956169999933, 0.0 ], [ 115.116869971000028, -8.618954910999946, 0.0 ], [ 115.117131868000115, -8.618807024999967, 0.0 ], [ 115.117304424000054, -8.618709586999955, 0.0 ], [ 115.117448995000018, -8.618695914999932, 0.0 ], [ 115.117493844000023, -8.618691673999933, 0.0 ], [ 115.117634114000111, -8.618658444999937, 0.0 ], [ 115.117786624000018, -8.618571133999978, 0.0 ], [ 115.117842970000083, -8.618538874999956, 0.0 ], [ 115.117961192000053, -8.61836987099997, 0.0 ], [ 115.118074541000055, -8.618166261999932, 0.0 ], [ 115.118135802000097, -8.618056215999957, 0.0 ], [ 115.11813693900001, -8.618054173999951, 0.0 ], [ 115.117735610000068, -8.617748285999937, 0.0 ], [ 115.117669161000094, -8.617697638999971, 0.0 ], [ 115.117663600000014, -8.617692876999968, 0.0 ], [ 115.117522027000064, -8.617571651999981, 0.0 ], [ 115.117465547000052, -8.617523288999962, 0.0 ], [ 115.117146901000069, -8.61763855099997, 0.0 ], [ 115.116972596000096, -8.617569939999953, 0.0 ], [ 115.116923925000037, -8.617550781999967, 0.0 ], [ 115.116778669000041, -8.617466349999972, 0.0 ], [ 115.116655846000072, -8.617394956999931, 0.0 ], [ 115.116654545000074, -8.617392863999953, 0.0 ], [ 115.116586728000016, -8.617283681999936, 0.0 ], [ 115.116582467000057, -8.617276820999962, 0.0 ], [ 115.116543146000026, -8.617213514999946, 0.0 ], [ 115.116518716000087, -8.617057905999957, 0.0 ], [ 115.116488688000118, -8.616866625999933, 0.0 ], [ 115.11635488200011, -8.616776705999939, 0.0 ], [ 115.116626635000102, -8.616488896999954, 0.0 ], [ 115.116975862000118, -8.61612170799998, 0.0 ], [ 115.117114781000055, -8.615982312999961, 0.0 ], [ 115.117249692000087, -8.615846938999937, 0.0 ], [ 115.117338623000023, -8.615757701999939, 0.0 ], [ 115.117622910000023, -8.615562127999965, 0.0 ], [ 115.117826038000089, -8.615395938999939, 0.0 ], [ 115.117977708000012, -8.615103890999933, 0.0 ], [ 115.118019709, -8.614508182999941, 0.0 ], [ 115.118038028000115, -8.613804623999954, 0.0 ], [ 115.118050504000053, -8.613484670999981, 0.0 ], [ 115.118190913000035, -8.613242077999928, 0.0 ], [ 115.118495134000113, -8.613043440999945, 0.0 ], [ 115.118767652000088, -8.612877279999964, 0.0 ], [ 115.118957189000071, -8.612693700999955, 0.0 ], [ 115.118991294000011, -8.612525691999963, 0.0 ], [ 115.119043559000033, -8.612280270999975, 0.0 ], [ 115.119107196000073, -8.611992806999979, 0.0 ], [ 115.119122975000096, -8.61192153099995, 0.0 ], [ 115.11927903600008, -8.611555989999943, 0.0 ], [ 115.119453037000085, -8.611322024999936, 0.0 ], [ 115.119758415000092, -8.610913184999959, 0.0 ], [ 115.119925507000062, -8.610812777999968, 0.0 ], [ 115.120166457000096, -8.610749541999951, 0.0 ], [ 115.121398979000105, -8.610624624999957, 0.0 ], [ 115.121777844, -8.610554971999932, 0.0 ], [ 115.122245452000016, -8.610511243999952, 0.0 ], [ 115.122675746000027, -8.610527149999939, 0.0 ], [ 115.122976311000116, -8.610574627999938, 0.0 ], [ 115.123462134000079, -8.610590804999958, 0.0 ], [ 115.123568773000102, -8.610549914999979, 0.0 ], [ 115.123795629000028, -8.610343220999937, 0.0 ], [ 115.12393747100009, -8.610120018999964, 0.0 ], [ 115.124159528000064, -8.609746854999969, 0.0 ], [ 115.12445019900008, -8.609453803999941, 0.0 ], [ 115.124689424000053, -8.609270926999955, 0.0 ], [ 115.124712052000064, -8.609262988999944, 0.0 ], [ 115.12482891500008, -8.609221991999959, 0.0 ], [ 115.124835042000086, -8.609219841999959, 0.0 ], [ 115.125102340000012, -8.609253555999942, 0.0 ], [ 115.125508542000034, -8.609265719999939, 0.0 ], [ 115.125698896000017, -8.609289463999971, 0.0 ], [ 115.12589240200009, -8.609313601999929, 0.0 ], [ 115.126217142000087, -8.609310060999974, 0.0 ], [ 115.126475518, -8.609307242999932, 0.0 ], [ 115.126850801000046, -8.609217048999938, 0.0 ], [ 115.127064100000098, -8.609130666999931, 0.0 ], [ 115.127426385000035, -8.608857022999928, 0.0 ], [ 115.127463563000106, -8.608828940999956, 0.0 ], [ 115.127830574000086, -8.608578172999955, 0.0 ], [ 115.128083379000032, -8.608405436999931, 0.0 ], [ 115.128867197000091, -8.608050365999929, 0.0 ], [ 115.12917751100008, -8.607996663999927, 0.0 ], [ 115.129542910000055, -8.608017736999955, 0.0 ], [ 115.130181213000014, -8.608098168999959, 0.0 ], [ 115.130583089000083, -8.608247358999961, 0.0 ], [ 115.130841620000069, -8.608372845999952, 0.0 ], [ 115.131401600000117, -8.60847542099998, 0.0 ], [ 115.132445383000118, -8.608377495999946, 0.0 ], [ 115.132763726, -8.608342257999936, 0.0 ], [ 115.133001544000081, -8.608331154999973, 0.0 ], [ 115.133259072000101, -8.608425588999978, 0.0 ], [ 115.133450582000023, -8.608603081999945, 0.0 ], [ 115.13380325300011, -8.609112417999938, 0.0 ], [ 115.134083303000011, -8.609341840999946, 0.0 ], [ 115.134245832000033, -8.609394126999973, 0.0 ], [ 115.134586446000071, -8.609344281999938, 0.0 ], [ 115.134749623000062, -8.609264147999966, 0.0 ], [ 115.135041947000104, -8.60903634899995, 0.0 ], [ 115.135284490000117, -8.60883268799995, 0.0 ], [ 115.135440304000099, -8.608745159999955, 0.0 ], [ 115.135721354000111, -8.60872982199993, 0.0 ], [ 115.136008879000087, -8.60872584699996, 0.0 ], [ 115.136468894000018, -8.608728076999967, 0.0 ], [ 115.136941457000034, -8.608796317999975, 0.0 ], [ 115.137208304000069, -8.608834657999978, 0.0 ], [ 115.137407615000029, -8.608808117999956, 0.0 ] ] ] ] } },
{ "type": "Feature", "properties": { "Desa": "Pecatu", "Kec": "Kuta Selatan", "WADMKD": "Pecatu", "Kab": "Badung", "Luas": 2608.2591126000002 }, "geometry": { "type": "MultiPolygon", "coordinates": [ [ [ [ 115.12520303000008, -8.847677028999954, 0.0 ], [ 115.125107971000034, -8.847755007999979, 0.0 ], [ 115.125001007000037, -8.847741998999936, 0.0 ], [ 115.125000033000106, -8.847741994999978, 0.0 ], [ 115.124941011000033, -8.847734015999947, 0.0 ], [ 115.124891987000069, -8.847676012999955, 0.0 ], [ 115.124889981000024, -8.847568984999953, 0.0 ], [ 115.12493100100005, -8.847386970999935, 0.0 ], [ 115.124999978, -8.847352968999928, 0.0 ], [ 115.125001033000103, -8.847351979999928, 0.0 ], [ 115.125018991000047, -8.847343031999969, 0.0 ], [ 115.125032033000025, -8.847343006999949, 0.0 ], [ 115.125261995000074, -8.847385012999951, 0.0 ], [ 115.125260015000094, -8.847420976999956, 0.0 ], [ 115.12520303000008, -8.847677028999954, 0.0 ] ] ], [ [ [ 115.120124767000107, -8.793954479999968, 0.0 ], [ 115.12039766700002, -8.794030479999947, 0.0 ], [ 115.120867218000058, -8.794018392999931, 0.0 ], [ 115.120867341, -8.794018389999962, 0.0 ], [ 115.120867695000015, -8.794018380999944, 0.0 ], [ 115.121364591000088, -8.794005588999937, 0.0 ], [ 115.121579013000087, -8.79394356399996, 0.0 ], [ 115.122137739000095, -8.793437088999951, 0.0 ], [ 115.122255215000109, -8.793326925999963, 0.0 ], [ 115.122255404000043, -8.793326748999959, 0.0 ], [ 115.122255600000017, -8.793326564999973, 0.0 ], [ 115.12233406900009, -8.793252979999977, 0.0 ], [ 115.122380037000084, -8.793257990999962, 0.0 ], [ 115.12257097600002, -8.793333963999942, 0.0 ], [ 115.122715980000066, -8.793469000999949, 0.0 ], [ 115.123118976000114, -8.793892031999974, 0.0 ], [ 115.123294033000093, -8.793982025999981, 0.0 ], [ 115.123744032000104, -8.794193965999966, 0.0 ], [ 115.124719027000083, -8.795008960999951, 0.0 ], [ 115.124936029000082, -8.795177980999938, 0.0 ], [ 115.124999972000069, -8.795218972999976, 0.0 ], [ 115.125001016000056, -8.795219972999973, 0.0 ], [ 115.125100965000115, -8.795284011999968, 0.0 ], [ 115.125181013000088, -8.795251961999952, 0.0 ], [ 115.125355991000106, -8.795193990999962, 0.0 ], [ 115.125516025000024, -8.795187014999954, 0.0 ], [ 115.125608968000051, -8.79512402499995, 0.0 ], [ 115.125715996000054, -8.795062009999981, 0.0 ], [ 115.125867030000109, -8.79508599199994, 0.0 ], [ 115.1260419890001, -8.795180954999978, 0.0 ], [ 115.12623097300002, -8.795363030999965, 0.0 ], [ 115.126527963000058, -8.795675982999967, 0.0 ], [ 115.126888968000117, -8.79583704099997, 0.0 ], [ 115.127356992000045, -8.796072025999933, 0.0 ], [ 115.127380026000083, -8.796171023999932, 0.0 ], [ 115.127453009000078, -8.79632197199993, 0.0 ], [ 115.127765996000107, -8.796702972999981, 0.0 ], [ 115.128142973000081, -8.79711601899993, 0.0 ], [ 115.128447972000117, -8.797371974999976, 0.0 ], [ 115.128818021000029, -8.797762027999966, 0.0 ], [ 115.12890898, -8.797929966999959, 0.0 ], [ 115.128910964000056, -8.79810198399997, 0.0 ], [ 115.128825998000025, -8.798754970999937, 0.0 ], [ 115.128849975000094, -8.798875033999934, 0.0 ], [ 115.128960012000107, -8.798960001999944, 0.0 ], [ 115.129119007000099, -8.798996043999978, 0.0 ], [ 115.129475964000108, -8.798994020999942, 0.0 ], [ 115.129825031000109, -8.79902603599993, 0.0 ], [ 115.130119989000036, -8.799147986999969, 0.0 ], [ 115.130389035, -8.799341034999941, 0.0 ], [ 115.130584008000028, -8.799584964999951, 0.0 ], [ 115.130682036000053, -8.799822988999949, 0.0 ], [ 115.130685020000101, -8.799975035999978, 0.0 ], [ 115.130570981, -8.80091097199994, 0.0 ], [ 115.130309033000117, -8.801513004999947, 0.0 ], [ 115.130099023000071, -8.801801019999971, 0.0 ], [ 115.129868027000043, -8.802149037999925, 0.0 ], [ 115.12954602700006, -8.80296399599996, 0.0 ], [ 115.129506983000056, -8.803291997999963, 0.0 ], [ 115.129582031000041, -8.803435001999958, 0.0 ], [ 115.129843992000019, -8.803725994999979, 0.0 ], [ 115.130490013000099, -8.804289968999967, 0.0 ], [ 115.130987963000052, -8.804866040999968, 0.0 ], [ 115.131477016000076, -8.805646975999935, 0.0 ], [ 115.131745967000029, -8.80582998999995, 0.0 ], [ 115.132055994000098, -8.805952016999981, 0.0 ], [ 115.132474028000047, -8.806130979999978, 0.0 ], [ 115.132772977000059, -8.806339993999927, 0.0 ], [ 115.133297030000108, -8.806823003999966, 0.0 ], [ 115.133499007000069, -8.807106015999977, 0.0 ], [ 115.133597020000025, -8.807227982999962, 0.0 ], [ 115.133972003000054, -8.807488983999974, 0.0 ], [ 115.134273037000071, -8.807700989999944, 0.0 ], [ 115.134976019000078, -8.808237039999938, 0.0 ], [ 115.135235020000096, -8.808477037999978, 0.0 ], [ 115.135500977000106, -8.808690044999935, 0.0 ], [ 115.135852971000077, -8.808858011999973, 0.0 ], [ 115.136561028000074, -8.809144977999949, 0.0 ], [ 115.136833012000011, -8.809322038999937, 0.0 ], [ 115.137528995000025, -8.809925027999952, 0.0 ], [ 115.137980981000055, -8.810703966999938, 0.0 ], [ 115.137987990000056, -8.810860358999946, 0.0 ], [ 115.137989004000019, -8.81088297499997, 0.0 ], [ 115.138007820000098, -8.810897183999941, 0.0 ], [ 115.138025170000105, -8.810929404999968, 0.0 ], [ 115.138234562000093, -8.811214940999946, 0.0 ], [ 115.138567687000091, -8.811652761999937, 0.0 ], [ 115.138786597000035, -8.812119135999978, 0.0 ], [ 115.138957918000074, -8.812642616999938, 0.0 ], [ 115.139024543, -8.812633099999971, 0.0 ], [ 115.139319597000053, -8.812547438999957, 0.0 ], [ 115.139558360000024, -8.812330380999981, 0.0 ], [ 115.139740969000059, -8.812563006999937, 0.0 ], [ 115.140335963000098, -8.813115960999937, 0.0 ], [ 115.141015032000041, -8.813867007999932, 0.0 ], [ 115.140472965000072, -8.814583992999928, 0.0 ], [ 115.139938570000027, -8.815395243999944, 0.0 ], [ 115.139896237000016, -8.815973790999976, 0.0 ], [ 115.139896237000016, -8.816402093999955, 0.0 ], [ 115.140039005000062, -8.816801842999951, 0.0 ], [ 115.14031026300006, -8.81727297599997, 0.0 ], [ 115.140595798000049, -8.817772662999971, 0.0 ], [ 115.140752843000087, -8.818186688999958, 0.0 ], [ 115.140909887000021, -8.818557884999962, 0.0 ], [ 115.141052655000067, -8.818672099999958, 0.0 ], [ 115.141109762000042, -8.818729205999944, 0.0 ], [ 115.141366744000038, -8.818914803999974, 0.0 ], [ 115.14168083200002, -8.819328829999961, 0.0 ], [ 115.141795047000073, -8.819899900999928, 0.0 ], [ 115.141866431000039, -8.820442417999971, 0.0 ], [ 115.141666556000018, -8.821084871999972, 0.0 ], [ 115.141466681000111, -8.82167021999993, 0.0 ], [ 115.141295360000072, -8.822255566999956, 0.0 ], [ 115.141066931000069, -8.82296940599997, 0.0 ], [ 115.140952717, -8.823754627999961, 0.0 ], [ 115.14090988800001, -8.824611233999974, 0.0 ], [ 115.140852780000046, -8.825396455999964, 0.0 ], [ 115.140781396000079, -8.82579620599995, 0.0 ], [ 115.140767120000078, -8.826324444999955, 0.0 ], [ 115.140995548000092, -8.826481489999935, 0.0 ], [ 115.14109548600004, -8.826795578999963, 0.0 ], [ 115.140952718000108, -8.82783778299995, 0.0 ], [ 115.14086627800009, -8.828107909999972, 0.0 ], [ 115.140936981000095, -8.828475985999944, 0.0 ], [ 115.140831983000112, -8.829312996999931, 0.0 ], [ 115.140760970000088, -8.82991896599998, 0.0 ], [ 115.140733002000047, -8.83001102299994, 0.0 ], [ 115.140611984000088, -8.830514966999942, 0.0 ], [ 115.140470025000013, -8.830995034999944, 0.0 ], [ 115.140202011000042, -8.831547962999934, 0.0 ], [ 115.139824990000079, -8.83236102799998, 0.0 ], [ 115.139743001000056, -8.83265898999997, 0.0 ], [ 115.139694966000093, -8.833090985999945, 0.0 ], [ 115.139731020000113, -8.833464012999968, 0.0 ], [ 115.139786033000064, -8.834002001999977, 0.0 ], [ 115.13978101500004, -8.834375006999949, 0.0 ], [ 115.139845992, -8.834585027999935, 0.0 ], [ 115.139976970000021, -8.834770972999934, 0.0 ], [ 115.140333017000103, -8.835167008999974, 0.0 ], [ 115.140719982000064, -8.835660004999966, 0.0 ], [ 115.140808034000088, -8.835916960999953, 0.0 ], [ 115.140815989000089, -8.836169001999963, 0.0 ], [ 115.140843987000039, -8.836369981999951, 0.0 ], [ 115.140955985, -8.836484967999979, 0.0 ], [ 115.141500033000057, -8.836950992999959, 0.0 ], [ 115.141599972000108, -8.837198969999974, 0.0 ], [ 115.141761969000072, -8.837507000999949, 0.0 ], [ 115.141996003000031, -8.837798033999945, 0.0 ], [ 115.142081004000033, -8.837975976999928, 0.0 ], [ 115.142120989000091, -8.838238027999978, 0.0 ], [ 115.142184993000114, -8.838462958999969, 0.0 ], [ 115.142443007000111, -8.839129038999943, 0.0 ], [ 115.142467990000114, -8.839169023999943, 0.0 ], [ 115.142710006000016, -8.839467960999968, 0.0 ], [ 115.142710970000053, -8.839470043999938, 0.0 ], [ 115.143041013000015, -8.839762004999955, 0.0 ], [ 115.143385992000049, -8.839989954999965, 0.0 ], [ 115.144025036000016, -8.840360998999927, 0.0 ], [ 115.144413971000063, -8.840642042999946, 0.0 ], [ 115.144534044000011, -8.840731120999976, 0.0 ], [ 115.145401976000016, -8.841375008999933, 0.0 ], [ 115.146189977000063, -8.841816023999968, 0.0 ], [ 115.146481001000097, -8.842057985999929, 0.0 ], [ 115.146668982000051, -8.842176962999929, 0.0 ], [ 115.14748102100009, -8.842607971999939, 0.0 ], [ 115.147867029000054, -8.842936, 0.0 ], [ 115.148014028000034, -8.843051971999955, 0.0 ], [ 115.148117021000076, -8.843214997999951, 0.0 ], [ 115.148170017000098, -8.843423965999932, 0.0 ], [ 115.148246977000099, -8.843831995999949, 0.0 ], [ 115.14842399600002, -8.844150042999956, 0.0 ], [ 115.148697994000031, -8.844455009999933, 0.0 ], [ 115.14895401900003, -8.844636960999935, 0.0 ], [ 115.149168996000071, -8.844693973999938, 0.0 ], [ 115.149678997000024, -8.844823036999969, 0.0 ], [ 115.149856963000047, -8.844951995999963, 0.0 ], [ 115.150047001000075, -8.845184960999973, 0.0 ], [ 115.150202971000112, -8.845276028999933, 0.0 ], [ 115.150435996000056, -8.845321017999936, 0.0 ], [ 115.150681969000061, -8.845384961999969, 0.0 ], [ 115.150743969000018, -8.845472040999937, 0.0 ], [ 115.150765007000018, -8.84561197499994, 0.0 ], [ 115.15072603200008, -8.845777011999928, 0.0 ], [ 115.150641004000022, -8.84614401999994, 0.0 ], [ 115.150610985000071, -8.846572039999955, 0.0 ], [ 115.150711996000041, -8.846817037999926, 0.0 ], [ 115.150742023000021, -8.847063041999945, 0.0 ], [ 115.150741973000095, -8.847087988999931, 0.0 ], [ 115.150693006000097, -8.847438000999944, 0.0 ], [ 115.150595968000061, -8.847493019999945, 0.0 ], [ 115.150595743000054, -8.847493137999948, 0.0 ], [ 115.150457007000114, -8.847451934999981, 0.0 ], [ 115.150216969000098, -8.847380964999957, 0.0 ], [ 115.149996010000109, -8.847366043999955, 0.0 ], [ 115.149450135000052, -8.847586714999977, 0.0 ], [ 115.149449659000084, -8.847586907999926, 0.0 ], [ 115.149264131000109, -8.847661981999977, 0.0 ], [ 115.14864143200009, -8.848011063999934, 0.0 ], [ 115.148548205000111, -8.848048865999942, 0.0 ], [ 115.148461971000074, -8.848084004999976, 0.0 ], [ 115.147974032000093, -8.848129044999951, 0.0 ], [ 115.147445993000019, -8.848098954999955, 0.0 ], [ 115.147357026, -8.848100062999947, 0.0 ], [ 115.147284986000045, -8.848100959999954, 0.0 ], [ 115.147173686000087, -8.848151929999972, 0.0 ], [ 115.147173388000056, -8.848152066999944, 0.0 ], [ 115.147094996000078, -8.848187966999944, 0.0 ], [ 115.147046252000109, -8.848219882999956, 0.0 ], [ 115.147046098000033, -8.848219983999968, 0.0 ], [ 115.146898087000068, -8.84831705299996, 0.0 ], [ 115.146801686000117, -8.848347147999959, 0.0 ], [ 115.146514969, -8.848437006999973, 0.0 ], [ 115.145959037000011, -8.848483967999925, 0.0 ], [ 115.145524969, -8.848443040999939, 0.0 ], [ 115.144534044000011, -8.848335501999941, 0.0 ], [ 115.144022993000021, -8.848280040999953, 0.0 ], [ 115.14375739400009, -8.848243167999954, 0.0 ], [ 115.143757281000035, -8.848243151999952, 0.0 ], [ 115.143757215000051, -8.848243142999934, 0.0 ], [ 115.143756955000072, -8.848243106999973, 0.0 ], [ 115.143467496000085, -8.848203339999941, 0.0 ], [ 115.142784530000085, -8.848008344999926, 0.0 ], [ 115.142133753000053, -8.847820362999926, 0.0 ], [ 115.142133589000082, -8.847820331999969, 0.0 ], [ 115.141581427, -8.84771539999997, 0.0 ], [ 115.140665581, -8.847723937999945, 0.0 ], [ 115.140253302000019, -8.847727780999946, 0.0 ], [ 115.139893302000019, -8.84775237599996, 0.0 ], [ 115.139788489000011, -8.847759536999945, 0.0 ], [ 115.139625613000021, -8.847761839999976, 0.0 ], [ 115.139499053, -8.847763629999974, 0.0 ], [ 115.139498948000096, -8.847763630999964, 0.0 ], [ 115.139498635000109, -8.847763634999978, 0.0 ], [ 115.139231608000046, -8.84776740999996, 0.0 ], [ 115.137987481000096, -8.847920962999979, 0.0 ], [ 115.137933449000116, -8.847926804999929, 0.0 ], [ 115.1376216970001, -8.84796050999995, 0.0 ], [ 115.137444997000102, -8.847979613999939, 0.0 ], [ 115.136746078000101, -8.847946645999968, 0.0 ], [ 115.136524609000048, -8.847929320999981, 0.0 ], [ 115.136383167000076, -8.847918256999947, 0.0 ], [ 115.135937782000042, -8.847883415999945, 0.0 ], [ 115.135181390000071, -8.847782332999941, 0.0 ], [ 115.135180643000012, -8.847782232999975, 0.0 ], [ 115.134336911000105, -8.847669478999933, 0.0 ], [ 115.133551864000083, -8.84760465599993, 0.0 ], [ 115.133543995000082, -8.847604006999973, 0.0 ], [ 115.133543526000039, -8.84760396799993, 0.0 ], [ 115.133359112000107, -8.847601360999931, 0.0 ], [ 115.133127721000051, -8.847598090999952, 0.0 ], [ 115.131242172000043, -8.847571441999946, 0.0 ], [ 115.131201975000067, -8.847572045999925, 0.0 ], [ 115.131173524000019, -8.847563081999965, 0.0 ], [ 115.131058296000106, -8.847526776999928, 0.0 ], [ 115.130663154000104, -8.847495961999925, 0.0 ], [ 115.130473329000097, -8.847481157999937, 0.0 ], [ 115.130434945000047, -8.847479646999943, 0.0 ], [ 115.129862002000095, -8.847457085999963, 0.0 ], [ 115.129748649000021, -8.84745249499997, 0.0 ], [ 115.129748580000069, -8.847452491999945, 0.0 ], [ 115.129335458000014, -8.84743575899995, 0.0 ], [ 115.128834005000044, -8.847336546999941, 0.0 ], [ 115.128646348000075, -8.847271719999981, 0.0 ], [ 115.12864631900004, -8.847271709999973, 0.0 ], [ 115.128442781000103, -8.847201396999935, 0.0 ], [ 115.128268658000025, -8.847149771999966, 0.0 ], [ 115.128139643000054, -8.847111519999942, 0.0 ], [ 115.127975746000061, -8.84708918299998, 0.0 ], [ 115.127858623000066, -8.84707321999997, 0.0 ], [ 115.127590053000063, -8.846946162999927, 0.0 ], [ 115.12758997800006, -8.846946126999967, 0.0 ], [ 115.127589908000118, -8.846946093999975, 0.0 ], [ 115.127589745000023, -8.846946016999937, 0.0 ], [ 115.127578960000051, -8.846940914999948, 0.0 ], [ 115.127375519000111, -8.846847168999943, 0.0 ], [ 115.127375207000114, -8.846847138999976, 0.0 ], [ 115.127109326000095, -8.846821201999944, 0.0 ], [ 115.126911144000019, -8.846917109999936, 0.0 ], [ 115.126727784000082, -8.847005844999956, 0.0 ], [ 115.12629339700004, -8.847132769999973, 0.0 ], [ 115.125901787000089, -8.84722691099995, 0.0 ], [ 115.125850560000117, -8.847241262999944, 0.0 ], [ 115.125850532000072, -8.847241270999973, 0.0 ], [ 115.125650104000101, -8.847297423999976, 0.0 ], [ 115.12545392200002, -8.84724917799997, 0.0 ], [ 115.125381993000019, -8.847235249999926, 0.0 ], [ 115.125181892000114, -8.847196501999974, 0.0 ], [ 115.125069593000035, -8.847241089999955, 0.0 ], [ 115.125069508000024, -8.847241123999936, 0.0 ], [ 115.125000769000053, -8.847268416999952, 0.0 ], [ 115.124941689000025, -8.847291871999971, 0.0 ], [ 115.124894830000017, -8.847310474999972, 0.0 ], [ 115.124637367000105, -8.84733770899993, 0.0 ], [ 115.124235415000044, -8.847411635999947, 0.0 ], [ 115.124026908000019, -8.847474714999976, 0.0 ], [ 115.123858177000102, -8.847623860999931, 0.0 ], [ 115.123858086000041, -8.847624018999966, 0.0 ], [ 115.123730085000034, -8.847846795999942, 0.0 ], [ 115.123729973000081, -8.847846986999969, 0.0 ], [ 115.123655994000046, -8.847981022999932, 0.0 ], [ 115.123655924000104, -8.847981149999953, 0.0 ], [ 115.123561553000059, -8.848046392999947, 0.0 ], [ 115.12349413600009, -8.848047713999961, 0.0 ], [ 115.123483988000089, -8.848047912999959, 0.0 ], [ 115.123439719000089, -8.848048779999942, 0.0 ], [ 115.123439558000086, -8.848048782999967, 0.0 ], [ 115.123435787000062, -8.848046033999935, 0.0 ], [ 115.123355403, -8.847987430999979, 0.0 ], [ 115.123286410000105, -8.847937132999959, 0.0 ], [ 115.123233384000059, -8.847846020999953, 0.0 ], [ 115.123178529000029, -8.847751767999966, 0.0 ], [ 115.123151149000023, -8.847710474999928, 0.0 ], [ 115.123108466000076, -8.847646103999978, 0.0 ], [ 115.123108026000068, -8.847646051999959, 0.0 ], [ 115.122778811000103, -8.847607267999933, 0.0 ], [ 115.122508186, -8.847575208999956, 0.0 ], [ 115.122325199000102, -8.847611791999952, 0.0 ], [ 115.122324884000022, -8.847611854999968, 0.0 ], [ 115.122190084000067, -8.847638804999974, 0.0 ], [ 115.122143155000117, -8.847648985999967, 0.0 ], [ 115.122039704000031, -8.847671427999956, 0.0 ], [ 115.121545268000091, -8.847424220999926, 0.0 ], [ 115.121518564000098, -8.847406475999946, 0.0 ], [ 115.121399852000081, -8.847327589999963, 0.0 ], [ 115.121366586000022, -8.847223393999968, 0.0 ], [ 115.121376005000116, -8.847056089999967, 0.0 ], [ 115.121376008000084, -8.847056039999927, 0.0 ], [ 115.121380161000047, -8.846982270999945, 0.0 ], [ 115.12130339700002, -8.846684914999969, 0.0 ], [ 115.12130331000003, -8.846684578999941, 0.0 ], [ 115.121215929000073, -8.846543677999932, 0.0 ], [ 115.121009721000064, -8.84639552799996, 0.0 ], [ 115.120936988000039, -8.846369855999967, 0.0 ], [ 115.120822539000073, -8.846329460999925, 0.0 ], [ 115.120483005000096, -8.846313032999944, 0.0 ], [ 115.120482920000086, -8.84631302899993, 0.0 ], [ 115.120085005000078, -8.846370888999957, 0.0 ], [ 115.119741020000106, -8.84644100099996, 0.0 ], [ 115.119740601000103, -8.84644108599997, 0.0 ], [ 115.119575519000023, -8.846428178999929, 0.0 ], [ 115.119387683000014, -8.846345744999951, 0.0 ], [ 115.119387589000098, -8.84634570399993, 0.0 ], [ 115.119387527000072, -8.846345676999931, 0.0 ], [ 115.11938735800004, -8.846345602999975, 0.0 ], [ 115.119291867000015, -8.84630369499996, 0.0 ], [ 115.119099146000053, -8.846271500999933, 0.0 ], [ 115.119006916000103, -8.846256093999955, 0.0 ], [ 115.118009357, -8.846265237999944, 0.0 ], [ 115.116743659, -8.846276838999927, 0.0 ], [ 115.116701996000074, -8.846278011999971, 0.0 ], [ 115.116665015000081, -8.846277629999975, 0.0 ], [ 115.116663874000096, -8.846277617999931, 0.0 ], [ 115.115851608000071, -8.846269231999941, 0.0 ], [ 115.115637967000112, -8.846243589999972, 0.0 ], [ 115.115637717000027, -8.846243559999948, 0.0 ], [ 115.115637630000037, -8.84624354999994, 0.0 ], [ 115.115413953000029, -8.846216701999936, 0.0 ], [ 115.11454501500009, -8.846002479999981, 0.0 ], [ 115.11430994400007, -8.845946466999976, 0.0 ], [ 115.114049593000118, -8.845884429999956, 0.0 ], [ 115.113644625, -8.845841204999942, 0.0 ], [ 115.113368053000045, -8.845811683999955, 0.0 ], [ 115.112737823000089, -8.845808069999975, 0.0 ], [ 115.112562267000044, -8.845807062999938, 0.0 ], [ 115.112435539000103, -8.845804266999949, 0.0 ], [ 115.112435446000063, -8.84580426499997, 0.0 ], [ 115.112435307000055, -8.845804261999945, 0.0 ], [ 115.112435029000039, -8.845804255999951, 0.0 ], [ 115.112235019000082, -8.845799843999941, 0.0 ], [ 115.111261030000037, -8.845569526999952, 0.0 ], [ 115.11074196900006, -8.845392868999966, 0.0 ], [ 115.110741814000107, -8.845392815999958, 0.0 ], [ 115.110545931000047, -8.845326148999959, 0.0 ], [ 115.110441048000098, -8.845288861999961, 0.0 ], [ 115.11002251900004, -8.845140068999967, 0.0 ], [ 115.109396971000024, -8.844994971999938, 0.0 ], [ 115.109396788000026, -8.844994929999928, 0.0 ], [ 115.108770459000084, -8.844879828999979, 0.0 ], [ 115.107766233, -8.844520072999956, 0.0 ], [ 115.107766015000038, -8.844519972999933, 0.0 ], [ 115.106449071000043, -8.843914821999931, 0.0 ], [ 115.105570859000068, -8.843503724999948, 0.0 ], [ 115.104411791000075, -8.84296115799998, 0.0 ], [ 115.10382193800001, -8.842715177999935, 0.0 ], [ 115.103821848000052, -8.842715139999939, 0.0 ], [ 115.103821752000044, -8.842715099999964, 0.0 ], [ 115.103820437000081, -8.842714551999961, 0.0 ], [ 115.103470678, -8.842568695999944, 0.0 ], [ 115.102963126000077, -8.842382443999952, 0.0 ], [ 115.102961957000048, -8.842382014999941, 0.0 ], [ 115.102243179000084, -8.842118251999977, 0.0 ], [ 115.101878575000114, -8.841993331999959, 0.0 ], [ 115.101878354000064, -8.841993255999967, 0.0 ], [ 115.101877445000014, -8.841992944999959, 0.0 ], [ 115.101327545000117, -8.841804539999941, 0.0 ], [ 115.099941925000053, -8.841462338999975, 0.0 ], [ 115.099857084000064, -8.841441385999929, 0.0 ], [ 115.099782905000097, -8.841423065999948, 0.0 ], [ 115.09936631000005, -8.841320181999947, 0.0 ], [ 115.098874721000016, -8.841198837999968, 0.0 ], [ 115.098547439000072, -8.841118050999967, 0.0 ], [ 115.097866285, -8.840948512999944, 0.0 ], [ 115.097099412000034, -8.840827828999977, 0.0 ], [ 115.096626401000094, -8.840753389999975, 0.0 ], [ 115.096361306000063, -8.840719221999962, 0.0 ], [ 115.096361098000102, -8.840719194999963, 0.0 ], [ 115.096361003000084, -8.840719182999976, 0.0 ], [ 115.096360939000078, -8.840719174999947, 0.0 ], [ 115.095976158000099, -8.840669580999929, 0.0 ], [ 115.094661598000016, -8.840170740999952, 0.0 ], [ 115.094431238000084, -8.840048798999931, 0.0 ], [ 115.09269959400001, -8.83913214699993, 0.0 ], [ 115.09229644800007, -8.838939122999932, 0.0 ], [ 115.092296210000086, -8.838939008999944, 0.0 ], [ 115.092295332000049, -8.838938588999952, 0.0 ], [ 115.092063607000114, -8.838827639999977, 0.0 ], [ 115.091641614000082, -8.838705859999948, 0.0 ], [ 115.091554410000072, -8.838688600999944, 0.0 ], [ 115.091532228, -8.838686724999945, 0.0 ], [ 115.091514717000109, -8.838685243999976, 0.0 ], [ 115.091361998000025, -8.83857824699993, 0.0 ], [ 115.091267066000114, -8.83851173599993, 0.0 ], [ 115.091041748000066, -8.838382445999969, 0.0 ], [ 115.091041723000103, -8.838382431999946, 0.0 ], [ 115.09086723300004, -8.838282307999975, 0.0 ], [ 115.090765856000075, -8.838271193999958, 0.0 ], [ 115.090765731000033, -8.838271179999936, 0.0 ], [ 115.09067965600002, -8.838261743999965, 0.0 ], [ 115.089685302000021, -8.838273681999965, 0.0 ], [ 115.089315119000048, -8.838273665999964, 0.0 ], [ 115.088950180000097, -8.838215569999932, 0.0 ], [ 115.088858980000055, -8.838201050999942, 0.0 ], [ 115.088851276000014, -8.838184268999953, 0.0 ], [ 115.088851257000101, -8.838184226999942, 0.0 ], [ 115.088797474000103, -8.83806706699994, 0.0 ], [ 115.088723221, -8.837748694999959, 0.0 ], [ 115.088684231000116, -8.837675960999945, 0.0 ], [ 115.088653667000017, -8.837618944999974, 0.0 ], [ 115.088464833000103, -8.837442038999939, 0.0 ], [ 115.088210844000059, -8.837193960999969, 0.0 ], [ 115.088109192000047, -8.837095445999978, 0.0 ], [ 115.08793046400001, -8.836922232999939, 0.0 ], [ 115.087551378000057, -8.836517832999959, 0.0 ], [ 115.087421602000063, -8.836332133999974, 0.0 ], [ 115.087421582000047, -8.83633210499994, 0.0 ], [ 115.087353632000031, -8.836234873999956, 0.0 ], [ 115.087145174000057, -8.835761267999942, 0.0 ], [ 115.087070910000079, -8.835592543999951, 0.0 ], [ 115.087045988000114, -8.835498916999939, 0.0 ], [ 115.087045589000013, -8.835497416999942, 0.0 ], [ 115.086873673000014, -8.834851567999976, 0.0 ], [ 115.086852054000019, -8.834682984999972, 0.0 ], [ 115.086805475, -8.834319774999926, 0.0 ], [ 115.086758444000111, -8.833782165999935, 0.0 ], [ 115.08674996000002, -8.833685184999979, 0.0 ], [ 115.086684851000086, -8.832942370999945, 0.0 ], [ 115.086603524000111, -8.832779943999981, 0.0 ], [ 115.086404001, -8.832577407999963, 0.0 ], [ 115.086158173000058, -8.832373406999977, 0.0 ], [ 115.086157950000029, -8.832373221999944, 0.0 ], [ 115.086055430000101, -8.832288145999939, 0.0 ], [ 115.085251154000048, -8.831724306999945, 0.0 ], [ 115.085244990000092, -8.831719985999939, 0.0 ], [ 115.085244943000021, -8.831719952999947, 0.0 ], [ 115.085244869, -8.831719900999929, 0.0 ], [ 115.085038165000014, -8.831373405999955, 0.0 ], [ 115.085038122000014, -8.831373219999932, 0.0 ], [ 115.085024943, -8.831316515999958, 0.0 ], [ 115.085024913000098, -8.831316387999948, 0.0 ], [ 115.085024850000082, -8.831316115999925, 0.0 ], [ 115.084971514000017, -8.831086622999976, 0.0 ], [ 115.08497374, -8.830794577999939, 0.0 ], [ 115.08498083500001, -8.830611598999951, 0.0 ], [ 115.084990420000054, -8.830364415999952, 0.0 ], [ 115.084982049000018, -8.830354830999966, 0.0 ], [ 115.084981925000079, -8.830354689999979, 0.0 ], [ 115.084981826000103, -8.83035457699998, 0.0 ], [ 115.084863769000094, -8.830219394999972, 0.0 ], [ 115.084699458000046, -8.830154260999961, 0.0 ], [ 115.08415078400003, -8.830063089999953, 0.0 ], [ 115.083955322000065, -8.830000472999927, 0.0 ], [ 115.083878764000019, -8.829893477999974, 0.0 ], [ 115.083851235000111, -8.829736742999955, 0.0 ], [ 115.083847076000097, -8.829713061999939, 0.0 ], [ 115.083846384000026, -8.829651554999941, 0.0 ], [ 115.083842733000097, -8.829327098999954, 0.0 ], [ 115.083932601000015, -8.829233018999957, 0.0 ], [ 115.083932969000102, -8.829232839999975, 0.0 ], [ 115.083932989000118, -8.82923296599995, 0.0 ], [ 115.084077016000037, -8.829193028999953, 0.0 ], [ 115.084077342000114, -8.829192662999958, 0.0 ], [ 115.084459007000078, -8.829078979999963, 0.0 ], [ 115.084540601000072, -8.828967476999935, 0.0 ], [ 115.084586817000059, -8.828775614999927, 0.0 ], [ 115.084621100000049, -8.828185478999956, 0.0 ], [ 115.084641131000012, -8.827840679999952, 0.0 ], [ 115.084624284000029, -8.827705528999957, 0.0 ], [ 115.084624260000055, -8.827705334999962, 0.0 ], [ 115.084574478000036, -8.827305974999945, 0.0 ], [ 115.084415150000041, -8.827031275999957, 0.0 ], [ 115.084415020000051, -8.827031026999975, 0.0 ], [ 115.084261215000083, -8.826736228999948, 0.0 ], [ 115.084233137000069, -8.826682411999968, 0.0 ], [ 115.084233144000109, -8.82668235999995, 0.0 ], [ 115.08425098500004, -8.826557768999976, 0.0 ], [ 115.084256048000043, -8.826522414999943, 0.0 ], [ 115.084344191000014, -8.826105172999974, 0.0 ], [ 115.084387940000056, -8.825898076999977, 0.0 ], [ 115.084285717000057, -8.825612919999969, 0.0 ], [ 115.084132302000057, -8.825356840999973, 0.0 ], [ 115.084094229000016, -8.825293288999944, 0.0 ], [ 115.0840699150001, -8.825227090999931, 0.0 ], [ 115.08406981600001, -8.825226821999934, 0.0 ], [ 115.084009663000074, -8.825063043999933, 0.0 ], [ 115.083999522000113, -8.824847777999935, 0.0 ], [ 115.084046656000055, -8.824749216999976, 0.0 ], [ 115.084046925000052, -8.824749098999973, 0.0 ], [ 115.084141914000043, -8.824707448999959, 0.0 ], [ 115.084485308000012, -8.824653235999961, 0.0 ], [ 115.084485647000065, -8.824653181999963, 0.0 ], [ 115.084485979000078, -8.824653129999945, 0.0 ], [ 115.084608086000117, -8.824633852999966, 0.0 ], [ 115.084985187000029, -8.824377674999937, 0.0 ], [ 115.084985266000103, -8.824377621999929, 0.0 ], [ 115.085055441, -8.824254063999945, 0.0 ], [ 115.085072185000058, -8.824147173999961, 0.0 ], [ 115.085088542000108, -8.824042751999968, 0.0 ], [ 115.085088971, -8.823751479999942, 0.0 ], [ 115.085089186, -8.823605845999964, 0.0 ], [ 115.085109210000041, -8.823171839999929, 0.0 ], [ 115.085138162000021, -8.823029003999977, 0.0 ], [ 115.085198646000094, -8.822730603999958, 0.0 ], [ 115.085255971000038, -8.822391729999936, 0.0 ], [ 115.085213298000099, -8.821859551999978, 0.0 ], [ 115.085203404000026, -8.821795719999955, 0.0 ], [ 115.085154416000023, -8.821479675999967, 0.0 ], [ 115.085174639000115, -8.821357698999975, 0.0 ], [ 115.085174657000039, -8.82135759099998, 0.0 ], [ 115.08517645400002, -8.821346749999975, 0.0 ], [ 115.085192604000099, -8.821249332999969, 0.0 ], [ 115.08527927800003, -8.82110146499997, 0.0 ], [ 115.085286058000065, -8.821089896999979, 0.0 ], [ 115.085286287000031, -8.821089506999954, 0.0 ], [ 115.085710826000081, -8.820594706999941, 0.0 ], [ 115.085913042000016, -8.820369218999929, 0.0 ], [ 115.086162366000053, -8.820091200999968, 0.0 ], [ 115.086232907000067, -8.819959142999949, 0.0 ], [ 115.086232927000083, -8.819959104999953, 0.0 ], [ 115.086268822000079, -8.819891906999942, 0.0 ], [ 115.086447277000048, -8.819501155999944, 0.0 ], [ 115.086714972000095, -8.818915002999972, 0.0 ], [ 115.086909086000105, -8.818489965999959, 0.0 ], [ 115.086940982000101, -8.81842778999993, 0.0 ], [ 115.08713755000008, -8.818044608999969, 0.0 ], [ 115.087239775000057, -8.817475054999932, 0.0 ], [ 115.087346044000014, -8.817050794999943, 0.0 ], [ 115.087346274000083, -8.817049877999978, 0.0 ], [ 115.087368052000102, -8.816962929999931, 0.0 ], [ 115.087368145000028, -8.816962559999979, 0.0 ], [ 115.087389047000102, -8.816934100999958, 0.0 ], [ 115.087451454000075, -8.81684912999998, 0.0 ], [ 115.087997445000042, -8.816350950999947, 0.0 ], [ 115.088053365000064, -8.816299927999978, 0.0 ], [ 115.088095567000096, -8.81625633799996, 0.0 ], [ 115.088207646000114, -8.816140572999927, 0.0 ], [ 115.08822568800008, -8.816002545999936, 0.0 ], [ 115.088229504000083, -8.815622115999929, 0.0 ], [ 115.088233334000051, -8.815240311999958, 0.0 ], [ 115.088265224000111, -8.815024538999978, 0.0 ], [ 115.088289662000079, -8.814859185999978, 0.0 ], [ 115.088385988000027, -8.814748660999953, 0.0 ], [ 115.088572216000102, -8.81463673899998, 0.0 ], [ 115.089136714, -8.814368706999971, 0.0 ], [ 115.089308890000098, -8.81423554099996, 0.0 ], [ 115.08961057800002, -8.81398412599998, 0.0 ], [ 115.089610914000104, -8.813984102999939, 0.0 ], [ 115.08975591, -8.813974241999972, 0.0 ], [ 115.090222412000116, -8.813970013999949, 0.0 ], [ 115.090427157000022, -8.813889157999938, 0.0 ], [ 115.090807821000112, -8.813652290999926, 0.0 ], [ 115.090807611000059, -8.813652206999961, 0.0 ], [ 115.090784955000117, -8.813643179999929, 0.0 ], [ 115.090785207000067, -8.813643087999935, 0.0 ], [ 115.091113168000106, -8.813523425999961, 0.0 ], [ 115.091113202000088, -8.813523418999978, 0.0 ], [ 115.09121613800005, -8.813502955999979, 0.0 ], [ 115.091329024000061, -8.813480513999934, 0.0 ], [ 115.091943055000115, -8.813680964999946, 0.0 ], [ 115.091958414000032, -8.813684947999946, 0.0 ], [ 115.091958457000032, -8.813684958999943, 0.0 ], [ 115.091958528000077, -8.81368497699998, 0.0 ], [ 115.092113948000019, -8.813725271999942, 0.0 ], [ 115.092222320000019, -8.81368839299995, 0.0 ], [ 115.092222507000088, -8.813688328999945, 0.0 ], [ 115.092339347, -8.813648568999952, 0.0 ], [ 115.092620006000061, -8.813518564999981, 0.0 ], [ 115.092772457000024, -8.813487411999972, 0.0 ], [ 115.092865628000027, -8.813468371999932, 0.0 ], [ 115.093588572000044, -8.813714457999936, 0.0 ], [ 115.093930203000014, -8.813795045999939, 0.0 ], [ 115.093930352000029, -8.813795080999967, 0.0 ], [ 115.093972482000027, -8.813805018999972, 0.0 ], [ 115.094445855000117, -8.813841772999979, 0.0 ], [ 115.09470210500001, -8.81378882599995, 0.0 ], [ 115.094947049000098, -8.813738215999933, 0.0 ], [ 115.095158087000073, -8.813720805999935, 0.0 ], [ 115.095158360000028, -8.813720782999951, 0.0 ], [ 115.095158582000067, -8.813720764999971, 0.0 ], [ 115.095425675000115, -8.813698730999931, 0.0 ], [ 115.095425895000062, -8.813698632999944, 0.0 ], [ 115.095426511000028, -8.813698358999943, 0.0 ], [ 115.09625062300006, -8.813331667999933, 0.0 ], [ 115.096270011000115, -8.813323040999933, 0.0 ], [ 115.096270049000054, -8.813323023999942, 0.0 ], [ 115.097517411000013, -8.812595096999928, 0.0 ], [ 115.097963241000116, -8.812272949999965, 0.0 ], [ 115.097963321000066, -8.812272891999953, 0.0 ], [ 115.098365182000066, -8.811982515999944, 0.0 ], [ 115.098809042000084, -8.811619810999957, 0.0 ], [ 115.098947155000019, -8.811506950999956, 0.0 ], [ 115.099359943000081, -8.811184306999962, 0.0 ], [ 115.099666950000028, -8.810847066999941, 0.0 ], [ 115.099667306000015, -8.810846674999937, 0.0 ], [ 115.099667472000078, -8.810846492999929, 0.0 ], [ 115.099871702000087, -8.810622150999961, 0.0 ], [ 115.09987285200009, -8.810620314999937, 0.0 ], [ 115.099872996000045, -8.810620024999935, 0.0 ], [ 115.0998731090001, -8.810619904999953, 0.0 ], [ 115.099963803000037, -8.810523513999954, 0.0 ], [ 115.099963845000048, -8.810523468999975, 0.0 ], [ 115.100032512000098, -8.810449964999975, 0.0 ], [ 115.100083890000064, -8.810419992999925, 0.0 ], [ 115.100206449000098, -8.81034849699995, 0.0 ], [ 115.100401287000068, -8.810307986999931, 0.0 ], [ 115.100449598000068, -8.810297941999977, 0.0 ], [ 115.100719798000114, -8.810303764999958, 0.0 ], [ 115.100858579000032, -8.810354822999955, 0.0 ], [ 115.100858775, -8.810354894999932, 0.0 ], [ 115.100969563000035, -8.810395653999933, 0.0 ], [ 115.101118364000058, -8.810450397999944, 0.0 ], [ 115.101380763000066, -8.810551085999975, 0.0 ], [ 115.101834345000043, -8.810576158999936, 0.0 ], [ 115.102069802000074, -8.81059047399998, 0.0 ], [ 115.102886173000115, -8.810922206999976, 0.0 ], [ 115.103156423000087, -8.811032023999928, 0.0 ], [ 115.103307959000063, -8.811079752999945, 0.0 ], [ 115.103330107000033, -8.811081606999949, 0.0 ], [ 115.1033301330001, -8.811081608999928, 0.0 ], [ 115.1033302620001, -8.811081619999982, 0.0 ], [ 115.103693113000077, -8.810851797999931, 0.0 ], [ 115.103819985000086, -8.810738600999969, 0.0 ], [ 115.10468719500011, -8.810250934999942, 0.0 ], [ 115.105030461000069, -8.810057902999972, 0.0 ], [ 115.105086927000116, -8.810033935999968, 0.0 ], [ 115.105365690000099, -8.809915614999966, 0.0 ], [ 115.105502414000057, -8.80983714499996, 0.0 ], [ 115.105538624000019, -8.809816362999982, 0.0 ], [ 115.105836906000036, -8.80961186199994, 0.0 ], [ 115.105837006000115, -8.809611792999931, 0.0 ], [ 115.107298518000107, -8.808609783999941, 0.0 ], [ 115.108076902000107, -8.808076845999949, 0.0 ], [ 115.108433131000083, -8.807832944999973, 0.0 ], [ 115.109155007000027, -8.807338695999931, 0.0 ], [ 115.109155333000103, -8.807338472999959, 0.0 ], [ 115.109452983000097, -8.807162964999975, 0.0 ], [ 115.109453010000038, -8.807162948999974, 0.0 ], [ 115.109467047000066, -8.807160026999952, 0.0 ], [ 115.109931362000111, -8.807063367999945, 0.0 ], [ 115.110111019000101, -8.807099777999952, 0.0 ], [ 115.11029798800007, -8.807137668999928, 0.0 ], [ 115.11030009000001, -8.807138168999927, 0.0 ], [ 115.11054802700005, -8.807197136999946, 0.0 ], [ 115.110548019000021, -8.807197034999945, 0.0 ], [ 115.110794027000111, -8.807172961999981, 0.0 ], [ 115.110794110000029, -8.807173145999968, 0.0 ], [ 115.111671199000057, -8.80657615399997, 0.0 ], [ 115.111671646000104, -8.806575849999945, 0.0 ], [ 115.111672203000012, -8.806575470999974, 0.0 ], [ 115.11235216700004, -8.806112652999957, 0.0 ], [ 115.11270774400009, -8.805836930999931, 0.0 ], [ 115.113118095000118, -8.805498822999937, 0.0 ], [ 115.113552964000064, -8.805232872999966, 0.0 ], [ 115.114149229000077, -8.804899764999959, 0.0 ], [ 115.114333064000107, -8.80476551199996, 0.0 ], [ 115.114765782000063, -8.804449501999954, 0.0 ], [ 115.115432411000029, -8.803869865999957, 0.0 ], [ 115.115668860000028, -8.803631976999952, 0.0 ], [ 115.115669249, -8.803631585999938, 0.0 ], [ 115.115846838000039, -8.80345291499998, 0.0 ], [ 115.11607661700009, -8.803112488999943, 0.0 ], [ 115.116173712000091, -8.802893071999961, 0.0 ], [ 115.116545052000106, -8.802053915999977, 0.0 ], [ 115.116545065000082, -8.802053886999943, 0.0 ], [ 115.116884879000054, -8.800886288999948, 0.0 ], [ 115.117169580000109, -8.799786544999961, 0.0 ], [ 115.117222248000076, -8.799551619999932, 0.0 ], [ 115.117257410000093, -8.799394779999943, 0.0 ], [ 115.117339254000058, -8.799048865999964, 0.0 ], [ 115.117393436000043, -8.798825176999969, 0.0 ], [ 115.117393557000014, -8.798824676999971, 0.0 ], [ 115.11748964100002, -8.79842800199998, 0.0 ], [ 115.117585033000069, -8.798089642999969, 0.0 ], [ 115.117656319000048, -8.797836790999952, 0.0 ], [ 115.117679717000101, -8.797643161999929, 0.0 ], [ 115.117679735000024, -8.797643010999934, 0.0 ], [ 115.117706656000109, -8.797420220999982, 0.0 ], [ 115.117732534000083, -8.796932045999938, 0.0 ], [ 115.117807700000071, -8.796594486999936, 0.0 ], [ 115.117963199000087, -8.796208730999979, 0.0 ], [ 115.118014542000083, -8.796081360999949, 0.0 ], [ 115.118050260000018, -8.795972612999947, 0.0 ], [ 115.118050303000018, -8.795972480999978, 0.0 ], [ 115.118054020000045, -8.795961165999927, 0.0 ], [ 115.118054034000011, -8.795961015999978, 0.0 ], [ 115.118054989000029, -8.795949993999955, 0.0 ], [ 115.118054544000074, -8.795949643999961, 0.0 ], [ 115.118057326000098, -8.795888297999966, 0.0 ], [ 115.118059277000043, -8.795845282999949, 0.0 ], [ 115.118078045000061, -8.79571903599998, 0.0 ], [ 115.118078067000056, -8.795718886999964, 0.0 ], [ 115.118094744000018, -8.795606709999959, 0.0 ], [ 115.118280486000117, -8.794815815999925, 0.0 ], [ 115.118351927000049, -8.794494924999981, 0.0 ], [ 115.11838471100009, -8.794347676999962, 0.0 ], [ 115.118523170000117, -8.794028563999973, 0.0 ], [ 115.118639355000028, -8.79376078599995, 0.0 ], [ 115.118641008000054, -8.79375697699993, 0.0 ], [ 115.118641083000057, -8.793756803999941, 0.0 ], [ 115.118807632000085, -8.793496030999961, 0.0 ], [ 115.118925819000083, -8.793385290999936, 0.0 ], [ 115.119105188000049, -8.793217224999978, 0.0 ], [ 115.119294021000087, -8.793106074999969, 0.0 ], [ 115.119448820000116, -8.793077266999944, 0.0 ], [ 115.119572143000028, -8.79311230899998, 0.0 ], [ 115.119704802000115, -8.793233399999963, 0.0 ], [ 115.119893819000026, -8.79361881899996, 0.0 ], [ 115.119923662000019, -8.793679189999978, 0.0 ], [ 115.119991035000112, -8.793815482999946, 0.0 ], [ 115.120047843000066, -8.793874526999957, 0.0 ], [ 115.12004790200001, -8.793874587999937, 0.0 ], [ 115.120124767000107, -8.793954479999968, 0.0 ] ] ] ] } },
{ "type": "Feature", "properties": { "Desa": "Pererenan", "Kec": "Mengwi", "WADMKD": "Pererenan", "Kab": "Badung", "Luas": 261.400438802 }, "geometry": { "type": "MultiPolygon", "coordinates": [ [ [ [ 115.142537257000072, -8.630436748999955, 0.0 ], [ 115.142244017000053, -8.631265993999932, 0.0 ], [ 115.14214999, -8.631499012999939, 0.0 ], [ 115.141981998, -8.631630978999965, 0.0 ], [ 115.141697013000112, -8.63185204499996, 0.0 ], [ 115.141651014000104, -8.632143957999972, 0.0 ], [ 115.14167003700004, -8.632312985999931, 0.0 ], [ 115.141681965000089, -8.632431994999934, 0.0 ], [ 115.141697036000096, -8.63271995599996, 0.0 ], [ 115.141477035000094, -8.633040039999969, 0.0 ], [ 115.141425011000024, -8.633215954999969, 0.0 ], [ 115.141355998000108, -8.633449997999946, 0.0 ], [ 115.141245025000103, -8.63393095899994, 0.0 ], [ 115.14154600400002, -8.634223016999954, 0.0 ], [ 115.141852992000054, -8.634527035999952, 0.0 ], [ 115.141856981000046, -8.634661010999935, 0.0 ], [ 115.141893001000085, -8.634847024999942, 0.0 ], [ 115.142013999000028, -8.635042036999948, 0.0 ], [ 115.142123023000067, -8.635250006999968, 0.0 ], [ 115.142229020000059, -8.63560204199996, 0.0 ], [ 115.142215016000023, -8.635646986999973, 0.0 ], [ 115.142196969000111, -8.63570700799994, 0.0 ], [ 115.142158024000082, -8.635782022999933, 0.0 ], [ 115.141429979, -8.636256015999948, 0.0 ], [ 115.140839971000105, -8.636565988999962, 0.0 ], [ 115.140659970000115, -8.636686958999974, 0.0 ], [ 115.140535969000098, -8.636783976999936, 0.0 ], [ 115.140119018000064, -8.636906960999966, 0.0 ], [ 115.140003979000085, -8.636932976999958, 0.0 ], [ 115.139848024000116, -8.637114985999972, 0.0 ], [ 115.139666971000111, -8.637419980999937, 0.0 ], [ 115.139390030000072, -8.637862985999959, 0.0 ], [ 115.139393985000083, -8.638080027999933, 0.0 ], [ 115.139382967000074, -8.638784009999938, 0.0 ], [ 115.139150007000012, -8.639011018999952, 0.0 ], [ 115.139114036000024, -8.63907501999995, 0.0 ], [ 115.13917901800005, -8.639342974999977, 0.0 ], [ 115.139204033000055, -8.639573044999963, 0.0 ], [ 115.139161963000106, -8.639842016999978, 0.0 ], [ 115.139077033000035, -8.640052028999946, 0.0 ], [ 115.138374972000065, -8.640480040999932, 0.0 ], [ 115.137770002000025, -8.64072295699998, 0.0 ], [ 115.137490017, -8.640839010999969, 0.0 ], [ 115.137131980000049, -8.641136996999933, 0.0 ], [ 115.137090008000087, -8.641172044999962, 0.0 ], [ 115.136929020000025, -8.641279998999948, 0.0 ], [ 115.136596005000115, -8.641486000999976, 0.0 ], [ 115.136329003000014, -8.64171898799998, 0.0 ], [ 115.13617199600003, -8.641962000999968, 0.0 ], [ 115.136120963000053, -8.64210302999993, 0.0 ], [ 115.135724033000088, -8.64217503499998, 0.0 ], [ 115.135494981000079, -8.642230954999945, 0.0 ], [ 115.135262006000062, -8.642384022999977, 0.0 ], [ 115.135093979000089, -8.642612971999938, 0.0 ], [ 115.135006014000055, -8.642738996999981, 0.0 ], [ 115.134799988000054, -8.642849983999952, 0.0 ], [ 115.134501977000014, -8.642959981999979, 0.0 ], [ 115.134368977, -8.643043032999969, 0.0 ], [ 115.13428500200007, -8.643180013999938, 0.0 ], [ 115.134241990000078, -8.643335000999969, 0.0 ], [ 115.134031994000111, -8.643582996999953, 0.0 ], [ 115.133651021000105, -8.64376101299996, 0.0 ], [ 115.133544997000058, -8.643827021999925, 0.0 ], [ 115.133512971000073, -8.643911016999937, 0.0 ], [ 115.133597009000027, -8.644157010999947, 0.0 ], [ 115.133612999000093, -8.644286976999979, 0.0 ], [ 115.133497975000068, -8.644477043999927, 0.0 ], [ 115.13327898700004, -8.644633974999977, 0.0 ], [ 115.133042026000112, -8.644743996999978, 0.0 ], [ 115.132113021, -8.645040006999977, 0.0 ], [ 115.13189503500007, -8.645114959999944, 0.0 ], [ 115.131710981000083, -8.645220990999974, 0.0 ], [ 115.131702037000082, -8.645227002999945, 0.0 ], [ 115.131571, -8.645413014999974, 0.0 ], [ 115.131520461000036, -8.645540011999969, 0.0 ], [ 115.131562620000068, -8.645718016999979, 0.0 ], [ 115.131619726000054, -8.646003552999957, 0.0 ], [ 115.131486477000067, -8.646593658999961, 0.0 ], [ 115.131181906000052, -8.647278942999947, 0.0 ], [ 115.131029620000049, -8.647716764999927, 0.0 ], [ 115.130924924000055, -8.647954709999965, 0.0 ], [ 115.130848781000054, -8.648145067999963, 0.0 ], [ 115.130848782000044, -8.648421084999939, 0.0 ], [ 115.130829745000028, -8.648792279999952, 0.0 ], [ 115.130763121000086, -8.64900167299993, 0.0 ], [ 115.130591799000058, -8.64910636999997, 0.0 ], [ 115.130410960000063, -8.649372868999933, 0.0 ], [ 115.130249157000094, -8.649534672999948, 0.0 ], [ 115.129973140000061, -8.649677439999948, 0.0 ], [ 115.129687604000083, -8.649839242999974, 0.0 ], [ 115.129487730000051, -8.650086706999957, 0.0 ], [ 115.129002320000041, -8.650543563999975, 0.0 ], [ 115.128754855000011, -8.650686331999964, 0.0 ], [ 115.128554981000093, -8.650933795999947, 0.0 ], [ 115.128278963000071, -8.65132402699993, 0.0 ], [ 115.127955356000029, -8.651590526999939, 0.0 ], [ 115.127498500000115, -8.65205690099998, 0.0 ], [ 115.127260554000031, -8.652218704999939, 0.0 ], [ 115.127022608000061, -8.652532793999967, 0.0 ], [ 115.12669900100002, -8.652694596999936, 0.0 ], [ 115.126546716, -8.652818328999956, 0.0 ], [ 115.126127931000042, -8.652980131999925, 0.0 ], [ 115.125518789000012, -8.65328470299994, 0.0 ], [ 115.125261807000015, -8.653417952999973, 0.0 ], [ 115.124919164000062, -8.653798666999933, 0.0 ], [ 115.12460507600008, -8.654179380999949, 0.0 ], [ 115.124374612000111, -8.65440435599993, 0.0 ], [ 115.123949021000044, -8.653982992999943, 0.0 ], [ 115.12355397400006, -8.653657015999954, 0.0 ], [ 115.123054976000049, -8.653204979999941, 0.0 ], [ 115.122892023000077, -8.653118040999971, 0.0 ], [ 115.122586029000104, -8.652916963999928, 0.0 ], [ 115.122497990000056, -8.65286003999995, 0.0 ], [ 115.122311036000042, -8.652779038999938, 0.0 ], [ 115.122146, -8.652644002999978, 0.0 ], [ 115.121514988000058, -8.652151004999951, 0.0 ], [ 115.12104398200006, -8.651856017999933, 0.0 ], [ 115.120958966000103, -8.651688021999973, 0.0 ], [ 115.120739970000045, -8.65130099199996, 0.0 ], [ 115.120572998000057, -8.65117896299995, 0.0 ], [ 115.119359004000103, -8.650358968999967, 0.0 ], [ 115.119358731000034, -8.650358764999964, 0.0 ], [ 115.119726965000041, -8.650254029999928, 0.0 ], [ 115.119694010000103, -8.650132025999937, 0.0 ], [ 115.119763007000074, -8.650055986999973, 0.0 ], [ 115.120018033000065, -8.649853958999927, 0.0 ], [ 115.120544973000051, -8.649519040999962, 0.0 ], [ 115.120603024000047, -8.649505044999955, 0.0 ], [ 115.120609977000072, -8.649402036999959, 0.0 ], [ 115.120818037000049, -8.649139036999941, 0.0 ], [ 115.121131985000034, -8.648852965999936, 0.0 ], [ 115.121789973000091, -8.648405974999946, 0.0 ], [ 115.122341019000032, -8.648012961999939, 0.0 ], [ 115.122889011000098, -8.647691971999961, 0.0 ], [ 115.12313602200004, -8.647565013999952, 0.0 ], [ 115.123246991000087, -8.647469023999975, 0.0 ], [ 115.123335004000069, -8.647289041999954, 0.0 ], [ 115.123200036000071, -8.646739998999976, 0.0 ], [ 115.123115985000027, -8.646271017999936, 0.0 ], [ 115.12314402200002, -8.645827984999926, 0.0 ], [ 115.123184974000083, -8.645606012999963, 0.0 ], [ 115.123272998000061, -8.64548396899994, 0.0 ], [ 115.123462971000095, -8.645347962999949, 0.0 ], [ 115.123904032000041, -8.645290016999979, 0.0 ], [ 115.124338021000085, -8.645329020999952, 0.0 ], [ 115.124640986000031, -8.645339001999957, 0.0 ], [ 115.124859983000079, -8.645302020999964, 0.0 ], [ 115.124973989000068, -8.645243013999959, 0.0 ], [ 115.125000026000066, -8.645204003999936, 0.0 ], [ 115.125001005000058, -8.645203013999947, 0.0 ], [ 115.125136009000016, -8.645003014999929, 0.0 ], [ 115.125173969000116, -8.644900971999959, 0.0 ], [ 115.125471995000112, -8.644546032999926, 0.0 ], [ 115.12568598200005, -8.644279984999969, 0.0 ], [ 115.125790006000102, -8.644148979999954, 0.0 ], [ 115.126085976000013, -8.642996989999972, 0.0 ], [ 115.12612501000001, -8.642828969999925, 0.0 ], [ 115.126205028000072, -8.642719991999968, 0.0 ], [ 115.126724966000097, -8.642722986999956, 0.0 ], [ 115.127228031000072, -8.642759975999979, 0.0 ], [ 115.1273520310001, -8.642739973999937, 0.0 ], [ 115.127538014000038, -8.642577009999968, 0.0 ], [ 115.127743981000094, -8.641947019999975, 0.0 ], [ 115.127792035000084, -8.641726978999941, 0.0 ], [ 115.127992998000082, -8.641533988999981, 0.0 ], [ 115.128122032000078, -8.641435012999978, 0.0 ], [ 115.128235022000013, -8.641202001999943, 0.0 ], [ 115.128323973000079, -8.640755016999947, 0.0 ], [ 115.128357980000033, -8.640618968999945, 0.0 ], [ 115.12853202000008, -8.640446997999959, 0.0 ], [ 115.128701015000047, -8.640340984999966, 0.0 ], [ 115.128821035000101, -8.639776013999949, 0.0 ], [ 115.128967975000023, -8.639570014999947, 0.0 ], [ 115.128980019000096, -8.638281955999958, 0.0 ], [ 115.128953036000098, -8.637951003999945, 0.0 ], [ 115.128933970000048, -8.637578964999932, 0.0 ], [ 115.12896003700007, -8.637472976999959, 0.0 ], [ 115.129102970000076, -8.637335019999966, 0.0 ], [ 115.12984899300011, -8.636969968999949, 0.0 ], [ 115.130138996000028, -8.636887955999953, 0.0 ], [ 115.130364035000071, -8.636839972999951, 0.0 ], [ 115.130487995000067, -8.636767001999942, 0.0 ], [ 115.13059398900009, -8.636585024999931, 0.0 ], [ 115.130645972000025, -8.636448973999961, 0.0 ], [ 115.130792037000106, -8.636344022999936, 0.0 ], [ 115.131107997000072, -8.636315011999955, 0.0 ], [ 115.131375019000075, -8.636321014999965, 0.0 ], [ 115.131513979000033, -8.636289965999936, 0.0 ], [ 115.131582991000073, -8.63623995599994, 0.0 ], [ 115.131577976000017, -8.636148006999974, 0.0 ], [ 115.131297964000055, -8.635920038999927, 0.0 ], [ 115.131099033000055, -8.635822986999926, 0.0 ], [ 115.131053018000102, -8.635812005999981, 0.0 ], [ 115.131007966000084, -8.635788014999946, 0.0 ], [ 115.130742984000108, -8.635580998999956, 0.0 ], [ 115.130598029000112, -8.635353960999964, 0.0 ], [ 115.130592998000111, -8.635249989999977, 0.0 ], [ 115.130664997000054, -8.635125966999965, 0.0 ], [ 115.130825971000036, -8.63477704099995, 0.0 ], [ 115.130905990000088, -8.634439018999956, 0.0 ], [ 115.130867965000107, -8.634281015999932, 0.0 ], [ 115.130687963000014, -8.633975982999971, 0.0 ], [ 115.130637991000071, -8.633734041999958, 0.0 ], [ 115.130912978000083, -8.633278018999931, 0.0 ], [ 115.130970016000106, -8.633165040999927, 0.0 ], [ 115.131104967000056, -8.632897968999941, 0.0 ], [ 115.131270020000102, -8.632694044999937, 0.0 ], [ 115.131438026000069, -8.632498992999956, 0.0 ], [ 115.131487034000088, -8.632343040999956, 0.0 ], [ 115.131474020000041, -8.632262983999965, 0.0 ], [ 115.131459980000045, -8.632178041999964, 0.0 ], [ 115.131453982000039, -8.631965961999981, 0.0 ], [ 115.131524989000013, -8.631876009999928, 0.0 ], [ 115.131634980000058, -8.631825024999955, 0.0 ], [ 115.131984964000026, -8.631654992999927, 0.0 ], [ 115.132028013000081, -8.631476956999961, 0.0 ], [ 115.132149021000032, -8.631226990999949, 0.0 ], [ 115.132474972000068, -8.630902005999928, 0.0 ], [ 115.132696986000042, -8.630661027999963, 0.0 ], [ 115.132709966000107, -8.630611015999932, 0.0 ], [ 115.132749999000112, -8.63045203799993, 0.0 ], [ 115.132855034000045, -8.629550023999968, 0.0 ], [ 115.132699996000042, -8.62950000799998, 0.0 ], [ 115.132129981000048, -8.629295033999938, 0.0 ], [ 115.131335978000038, -8.628560017999973, 0.0 ], [ 115.13135602300008, -8.62842896199993, 0.0 ], [ 115.131470018000073, -8.628310024999962, 0.0 ], [ 115.131672975000015, -8.628197033999982, 0.0 ], [ 115.131878033000021, -8.628143979999948, 0.0 ], [ 115.132129991000056, -8.62819600499995, 0.0 ], [ 115.132435982000061, -8.628227955999932, 0.0 ], [ 115.132681005000109, -8.628166961999966, 0.0 ], [ 115.132750966000117, -8.628076009999972, 0.0 ], [ 115.132880030000024, -8.627923972999952, 0.0 ], [ 115.133037976000082, -8.627869965999935, 0.0 ], [ 115.133263972, -8.62774795699994, 0.0 ], [ 115.133726022000019, -8.627500010999938, 0.0 ], [ 115.133999028000062, -8.627354005999962, 0.0 ], [ 115.134002954000039, -8.627344146999974, 0.0 ], [ 115.134006023000097, -8.627345607999928, 0.0 ], [ 115.134016304000056, -8.627350499999977, 0.0 ], [ 115.13482852900006, -8.627736983999966, 0.0 ], [ 115.134986636, -8.627830431999939, 0.0 ], [ 115.135043851000091, -8.627860425999927, 0.0 ], [ 115.135705769000083, -8.628207429999975, 0.0 ], [ 115.135902959000077, -8.628310804999956, 0.0 ], [ 115.135722476000069, -8.628637032999961, 0.0 ], [ 115.135546272000056, -8.628955527999949, 0.0 ], [ 115.135334489000115, -8.629154300999971, 0.0 ], [ 115.13520496600006, -8.629275868999969, 0.0 ], [ 115.135188407000101, -8.62929141099994, 0.0 ], [ 115.134906706000038, -8.629661425999927, 0.0 ], [ 115.134906509000075, -8.62966300599993, 0.0 ], [ 115.134863741000117, -8.630006239999943, 0.0 ], [ 115.134862560000101, -8.630015714999956, 0.0 ], [ 115.135016551000035, -8.630162326999937, 0.0 ], [ 115.135183352000013, -8.630321133999928, 0.0 ], [ 115.135195086000067, -8.630437531999974, 0.0 ], [ 115.135215702000096, -8.630642032999958, 0.0 ], [ 115.135159177000105, -8.63078618399993, 0.0 ], [ 115.135130078000088, -8.630860393999967, 0.0 ], [ 115.135129813000049, -8.63086107099997, 0.0 ], [ 115.135416971000041, -8.631107242999974, 0.0 ], [ 115.135524823000083, -8.631597319999969, 0.0 ], [ 115.135742061000087, -8.63226518099998, 0.0 ], [ 115.135831427000085, -8.632350499999973, 0.0 ], [ 115.13589292000006, -8.632409208999945, 0.0 ], [ 115.135910897000031, -8.63242637299993, 0.0 ], [ 115.13614820600003, -8.632461287999945, 0.0 ], [ 115.136376198000107, -8.632403511999939, 0.0 ], [ 115.136557845000084, -8.632316725999942, 0.0 ], [ 115.13655927100001, -8.632315479999932, 0.0 ], [ 115.13671410500001, -8.63218012699997, 0.0 ], [ 115.136862542000017, -8.632050366999977, 0.0 ], [ 115.136871293000013, -8.632042715999944, 0.0 ], [ 115.137126936000072, -8.631852056999946, 0.0 ], [ 115.137765568000077, -8.631375760999958, 0.0 ], [ 115.137939872000061, -8.631246355999963, 0.0 ], [ 115.137943862000043, -8.631239197999946, 0.0 ], [ 115.137996811000107, -8.631144210999935, 0.0 ], [ 115.13806937600009, -8.631014034999964, 0.0 ], [ 115.138262244000089, -8.630691844999944, 0.0 ], [ 115.138567070000022, -8.630635712999947, 0.0 ], [ 115.138680907000094, -8.630518537999933, 0.0 ], [ 115.138835211000014, -8.630361482999945, 0.0 ], [ 115.139057605000062, -8.63017720299996, 0.0 ], [ 115.139304997000067, -8.630028111999934, 0.0 ], [ 115.139322329000038, -8.630004892999978, 0.0 ], [ 115.139584565000064, -8.629653580999957, 0.0 ], [ 115.139592826000012, -8.62964896699998, 0.0 ], [ 115.139684768000052, -8.629597623999928, 0.0 ], [ 115.139753399000028, -8.629596290999928, 0.0 ], [ 115.13979550900001, -8.629595471999949, 0.0 ], [ 115.139809744000104, -8.629599679999956, 0.0 ], [ 115.139850603000014, -8.629611756999964, 0.0 ], [ 115.139857739000036, -8.629602566999949, 0.0 ], [ 115.139933692000113, -8.629504758999929, 0.0 ], [ 115.139937689000021, -8.629506678999974, 0.0 ], [ 115.140108830000031, -8.629588928999965, 0.0 ], [ 115.14038627900004, -8.629738101999976, 0.0 ], [ 115.140856299, -8.629966843999966, 0.0 ], [ 115.141178418000095, -8.630123606999973, 0.0 ], [ 115.141190752000057, -8.630086073999962, 0.0 ], [ 115.141223929000034, -8.629985117999979, 0.0 ], [ 115.141267036000045, -8.629937487999939, 0.0 ], [ 115.14128714200001, -8.629915271999948, 0.0 ], [ 115.141290007000066, -8.629916465999941, 0.0 ], [ 115.14206743200009, -8.63024076499994, 0.0 ], [ 115.142537257000072, -8.630436748999955, 0.0 ] ] ] ] } },
{ "type": "Feature", "properties": { "Desa": "Seminyak", "Kec": "Kuta", "WADMKD": "Seminyak", "Kab": "Badung", "Luas": 346.94879913599999 }, "geometry": { "type": "MultiPolygon", "coordinates": [ [ [ [ 115.173154129000068, -8.683210315999929, 0.0 ], [ 115.173169856000072, -8.683239900999979, 0.0 ], [ 115.173241215000075, -8.683267914999931, 0.0 ], [ 115.173257135000085, -8.683299842999929, 0.0 ], [ 115.173283377000075, -8.683324938999931, 0.0 ], [ 115.173322308000024, -8.683363288999942, 0.0 ], [ 115.173323310000114, -8.683364490999963, 0.0 ], [ 115.173351149000041, -8.683397888999934, 0.0 ], [ 115.173359057000084, -8.683439455999974, 0.0 ], [ 115.1733611410001, -8.683468362999974, 0.0 ], [ 115.173362304000079, -8.683497045999957, 0.0 ], [ 115.173362272000077, -8.683503640999959, 0.0 ], [ 115.173362188000056, -8.683520991999956, 0.0 ], [ 115.173352971000099, -8.683547021999971, 0.0 ], [ 115.173343291000037, -8.683558149999953, 0.0 ], [ 115.173320753000098, -8.683574005999958, 0.0 ], [ 115.173285133000036, -8.683585945999937, 0.0 ], [ 115.173257787000011, -8.683601541999963, 0.0 ], [ 115.173245062000092, -8.683634390999941, 0.0 ], [ 115.173231410000085, -8.683680054999968, 0.0 ], [ 115.173217857000054, -8.683713919999946, 0.0 ], [ 115.173205806000055, -8.683747706999952, 0.0 ], [ 115.173198785000068, -8.683772024999939, 0.0 ], [ 115.173193181000102, -8.683800614999939, 0.0 ], [ 115.173194403000025, -8.683824300999959, 0.0 ], [ 115.173198085000081, -8.68383708999994, 0.0 ], [ 115.173211416000072, -8.683845134999956, 0.0 ], [ 115.173234380000054, -8.683851630999925, 0.0 ], [ 115.173270438000031, -8.683859785999971, 0.0 ], [ 115.173289080000018, -8.683875306999937, 0.0 ], [ 115.173293820000026, -8.683890494999957, 0.0 ], [ 115.173332293000044, -8.684007349999945, 0.0 ], [ 115.173353896000094, -8.68409977999994, 0.0 ], [ 115.173383288000082, -8.684189050999976, 0.0 ], [ 115.173439810000104, -8.684333528999957, 0.0 ], [ 115.173461803, -8.684399024999948, 0.0 ], [ 115.173479155000109, -8.684429138999974, 0.0 ], [ 115.173496900000032, -8.684444397999926, 0.0 ], [ 115.173521848000064, -8.684454449999976, 0.0 ], [ 115.173544034000088, -8.684456152999928, 0.0 ], [ 115.173571585000104, -8.684454155999958, 0.0 ], [ 115.173634051000022, -8.684446072999947, 0.0 ], [ 115.173645441000076, -8.684445366999967, 0.0 ], [ 115.173674319000042, -8.684443577999957, 0.0 ], [ 115.173704754000028, -8.684449251999979, 0.0 ], [ 115.173729877000028, -8.684465038999974, 0.0 ], [ 115.173738056000047, -8.684477568999966, 0.0 ], [ 115.173741978000066, -8.684495946999959, 0.0 ], [ 115.173735245000103, -8.684547951999946, 0.0 ], [ 115.173721587000045, -8.684630050999942, 0.0 ], [ 115.173715780000066, -8.684687089999954, 0.0 ], [ 115.173708269000031, -8.684720610999932, 0.0 ], [ 115.173708564000094, -8.68477010099997, 0.0 ], [ 115.173719152000103, -8.684840394999981, 0.0 ], [ 115.173717411000098, -8.68486119399995, 0.0 ], [ 115.173710959000118, -8.684938265999961, 0.0 ], [ 115.173702714000115, -8.684984521999979, 0.0 ], [ 115.1736890950001, -8.685036072999935, 0.0 ], [ 115.173680921000027, -8.685067429999947, 0.0 ], [ 115.173670567000045, -8.685107289999962, 0.0 ], [ 115.173663988000044, -8.685140782999952, 0.0 ], [ 115.173663342000054, -8.685163660999933, 0.0 ], [ 115.173673993000079, -8.685202490999927, 0.0 ], [ 115.173682681000059, -8.685256344999971, 0.0 ], [ 115.173685666000097, -8.68530265499993, 0.0 ], [ 115.173680726000043, -8.685328704999961, 0.0 ], [ 115.173667975000058, -8.685366691999945, 0.0 ], [ 115.173664422000115, -8.685382638999954, 0.0 ], [ 115.173661884000012, -8.685417873999938, 0.0 ], [ 115.173657107000054, -8.685457633999931, 0.0 ], [ 115.173662069000102, -8.685482135999962, 0.0 ], [ 115.173669981000103, -8.685504788999935, 0.0 ], [ 115.173687009000105, -8.68552309599994, 0.0 ], [ 115.173705945000052, -8.685532366999951, 0.0 ], [ 115.173723246, -8.685548809999943, 0.0 ], [ 115.173763542000074, -8.685620709999966, 0.0 ], [ 115.173839494000049, -8.685769106999942, 0.0 ], [ 115.173899592000112, -8.685922336999965, 0.0 ], [ 115.173950174000083, -8.686054038999941, 0.0 ], [ 115.173982344000024, -8.686157614999956, 0.0 ], [ 115.173995937000086, -8.68622206799995, 0.0 ], [ 115.174010087000056, -8.686281942999926, 0.0 ], [ 115.174029916000109, -8.68633159999996, 0.0 ], [ 115.174044689000084, -8.686355152999965, 0.0 ], [ 115.174090121000063, -8.686408489999963, 0.0 ], [ 115.174158485000021, -8.68644997499996, 0.0 ], [ 115.174172946000112, -8.686460420999936, 0.0 ], [ 115.174207611000043, -8.686485461999951, 0.0 ], [ 115.17421893900007, -8.686507019999965, 0.0 ], [ 115.174226191000116, -8.686529490999931, 0.0 ], [ 115.17422883800009, -8.686537691999945, 0.0 ], [ 115.174254719000032, -8.686632135999957, 0.0 ], [ 115.174272652000013, -8.686726789999966, 0.0 ], [ 115.174306352000031, -8.686862076999944, 0.0 ], [ 115.174318456000037, -8.686895820999951, 0.0 ], [ 115.174332481000079, -8.686908271999926, 0.0 ], [ 115.174356252000052, -8.686911860999942, 0.0 ], [ 115.17439489100002, -8.686906206999936, 0.0 ], [ 115.17446867600006, -8.686887368999976, 0.0 ], [ 115.174516847000064, -8.686879085999976, 0.0 ], [ 115.174590134000027, -8.686874646999968, 0.0 ], [ 115.174679897000033, -8.686885023999935, 0.0 ], [ 115.174734990000047, -8.686896511999976, 0.0 ], [ 115.174772493000091, -8.686903873999938, 0.0 ], [ 115.174856235000107, -8.686907843999961, 0.0 ], [ 115.174924729000054, -8.686908757999959, 0.0 ], [ 115.175009593000027, -8.68692237099998, 0.0 ], [ 115.175046509000026, -8.68692756799993, 0.0 ], [ 115.175134842000034, -8.68694000499994, 0.0 ], [ 115.175205291000111, -8.686948085999973, 0.0 ], [ 115.175290550000113, -8.686948148999932, 0.0 ], [ 115.175363651000112, -8.686941192999939, 0.0 ], [ 115.175447079000037, -8.686933129999943, 0.0 ], [ 115.175539943000103, -8.686924900999941, 0.0 ], [ 115.175659016000054, -8.686911640999938, 0.0 ], [ 115.175768860000062, -8.686862198999961, 0.0 ], [ 115.175805836000109, -8.686839489999954, 0.0 ], [ 115.175821342000063, -8.686834037999972, 0.0 ], [ 115.175931046000073, -8.686832110999944, 0.0 ], [ 115.176086791000102, -8.686802371999931, 0.0 ], [ 115.176271387000043, -8.68677916799993, 0.0 ], [ 115.176370503000044, -8.686780003999957, 0.0 ], [ 115.176417616000094, -8.686782669999957, 0.0 ], [ 115.176463306000073, -8.686793658999932, 0.0 ], [ 115.176515542000061, -8.686812785999962, 0.0 ], [ 115.176544941000088, -8.68682214699993, 0.0 ], [ 115.176571226000078, -8.686824712999965, 0.0 ], [ 115.1765967770001, -8.686824111999954, 0.0 ], [ 115.176637262000099, -8.686818339999945, 0.0 ], [ 115.176671841000029, -8.686810008999942, 0.0 ], [ 115.176760960000024, -8.686769979999951, 0.0 ], [ 115.176775982000095, -8.686763232999965, 0.0 ], [ 115.176872262000074, -8.686751269999945, 0.0 ], [ 115.176987484000051, -8.686739501999966, 0.0 ], [ 115.177024769000013, -8.686738153999954, 0.0 ], [ 115.177059297000028, -8.686739820999946, 0.0 ], [ 115.177072396000085, -8.686742414999969, 0.0 ], [ 115.177090672000077, -8.686752875999957, 0.0 ], [ 115.177102637000075, -8.686763529999951, 0.0 ], [ 115.177111067000055, -8.686786348999931, 0.0 ], [ 115.177116430000069, -8.686816779999958, 0.0 ], [ 115.17711917500003, -8.686844959999974, 0.0 ], [ 115.177117956000075, -8.686864839999942, 0.0 ], [ 115.177117320000093, -8.686872429999937, 0.0 ], [ 115.177109599, -8.686888753999938, 0.0 ], [ 115.177101757000059, -8.686899110999946, 0.0 ], [ 115.177096453000104, -8.686911468999938, 0.0 ], [ 115.177091509000093, -8.686932978999948, 0.0 ], [ 115.177088631000061, -8.686963826999943, 0.0 ], [ 115.177088369000103, -8.686966638999934, 0.0 ], [ 115.177087632000053, -8.686995295999964, 0.0 ], [ 115.177087161000031, -8.68702531699995, 0.0 ], [ 115.177086897000095, -8.687042189999943, 0.0 ], [ 115.177088119000018, -8.687062456999968, 0.0 ], [ 115.177089629000079, -8.687078714999927, 0.0 ], [ 115.177091008000048, -8.687092584999959, 0.0 ], [ 115.177092848000029, -8.687099281999963, 0.0 ], [ 115.177095559, -8.687105104999944, 0.0 ], [ 115.17710524000006, -8.687109272999976, 0.0 ], [ 115.177117130000056, -8.687110941999947, 0.0 ], [ 115.177121689000046, -8.687111581999943, 0.0 ], [ 115.177269101000093, -8.687102435999975, 0.0 ], [ 115.177285140000095, -8.687105624999958, 0.0 ], [ 115.177292421000061, -8.687113011999941, 0.0 ], [ 115.177296537000075, -8.687124680999943, 0.0 ], [ 115.177302587000099, -8.687156905999927, 0.0 ], [ 115.177306280000039, -8.68719092799995, 0.0 ], [ 115.177308847000063, -8.687219081999956, 0.0 ], [ 115.177313778000098, -8.687257074999934, 0.0 ], [ 115.177322510000067, -8.687283646999958, 0.0 ], [ 115.177327377000097, -8.687293634999946, 0.0 ], [ 115.17734310000003, -8.687328803999947, 0.0 ], [ 115.177350479000097, -8.687352159999932, 0.0 ], [ 115.177356506000024, -8.687376413999971, 0.0 ], [ 115.177365081000062, -8.687470763999954, 0.0 ], [ 115.177364762000025, -8.687497484999938, 0.0 ], [ 115.17735248300005, -8.687549171999933, 0.0 ], [ 115.177346103000104, -8.687575673999959, 0.0 ], [ 115.177344117000075, -8.687598984999966, 0.0 ], [ 115.177345460000083, -8.687615713999946, 0.0 ], [ 115.177359821000096, -8.687651666999955, 0.0 ], [ 115.177390378000041, -8.687684985999965, 0.0 ], [ 115.177412357000094, -8.68770888499995, 0.0 ], [ 115.177424947000077, -8.687742627999967, 0.0 ], [ 115.177425972000037, -8.687769863999961, 0.0 ], [ 115.177420997000013, -8.687803363999933, 0.0 ], [ 115.177396512000087, -8.687846195999953, 0.0 ], [ 115.177385005000019, -8.687866324999959, 0.0 ], [ 115.177358680000111, -8.687949904999925, 0.0 ], [ 115.177334933000111, -8.688072477999981, 0.0 ], [ 115.177306461000057, -8.688209631999939, 0.0 ], [ 115.177291102000027, -8.688289377999979, 0.0 ], [ 115.17725913400011, -8.688486113999943, 0.0 ], [ 115.177253380000025, -8.688570163999941, 0.0 ], [ 115.177254079000022, -8.688646793999965, 0.0 ], [ 115.177244211000016, -8.688696766999954, 0.0 ], [ 115.17723012700003, -8.688733948999982, 0.0 ], [ 115.17721499400011, -8.688766868999949, 0.0 ], [ 115.177190045000089, -8.688839119999955, 0.0 ], [ 115.177161697000088, -8.688950731999967, 0.0 ], [ 115.177149489000044, -8.68904219999996, 0.0 ], [ 115.17714055700003, -8.689119848999951, 0.0 ], [ 115.177101421000089, -8.689250565999942, 0.0 ], [ 115.177081866000094, -8.689313263999964, 0.0 ], [ 115.177076286000101, -8.689361129999952, 0.0 ], [ 115.177083377000031, -8.689443111999935, 0.0 ], [ 115.177099138000017, -8.689501721999932, 0.0 ], [ 115.177106434000052, -8.689541134999956, 0.0 ], [ 115.177115716000117, -8.689612484999941, 0.0 ], [ 115.177125162000038, -8.689649778999978, 0.0 ], [ 115.177154862000066, -8.68970100599995, 0.0 ], [ 115.177172891000055, -8.689733019999949, 0.0 ], [ 115.177176804000055, -8.689808601999971, 0.0 ], [ 115.177178459000061, -8.689908650999939, 0.0 ], [ 115.17717816600009, -8.68996931199996, 0.0 ], [ 115.177189633000012, -8.690031094999938, 0.0 ], [ 115.177213929000118, -8.690094002999956, 0.0 ], [ 115.177264625000021, -8.690227277999952, 0.0 ], [ 115.177319219000083, -8.690439327999968, 0.0 ], [ 115.177366336000091, -8.690649213999961, 0.0 ], [ 115.177369030000023, -8.69075565299994, 0.0 ], [ 115.177368228000091, -8.690810990999978, 0.0 ], [ 115.177368125000044, -8.690832275999981, 0.0 ], [ 115.17737076800006, -8.690838673999963, 0.0 ], [ 115.17738354100004, -8.690851505999944, 0.0 ], [ 115.177407035000101, -8.690859068999941, 0.0 ], [ 115.17744611, -8.690851805999955, 0.0 ], [ 115.177478256000086, -8.690839720999975, 0.0 ], [ 115.177483452000047, -8.690837887999976, 0.0 ], [ 115.177531827000053, -8.690820819999942, 0.0 ], [ 115.177561250000053, -8.690818831999934, 0.0 ], [ 115.177618458000097, -8.690821766999932, 0.0 ], [ 115.177644580000106, -8.690838919999976, 0.0 ], [ 115.177653599000109, -8.690853862999973, 0.0 ], [ 115.177657698000075, -8.690891131999933, 0.0 ], [ 115.177654196000049, -8.690951777999942, 0.0 ], [ 115.177650758000027, -8.690999120999948, 0.0 ], [ 115.177661589000081, -8.691116258999955, 0.0 ], [ 115.177668587000085, -8.691176839999969, 0.0 ], [ 115.177726314000097, -8.691309971999942, 0.0 ], [ 115.17772944, -8.691317180999931, 0.0 ], [ 115.177758915000027, -8.691415233999976, 0.0 ], [ 115.177787228000057, -8.691532438999957, 0.0 ], [ 115.1777944910001, -8.691578768999932, 0.0 ], [ 115.177802286000087, -8.691625633999934, 0.0 ], [ 115.177809658000115, -8.69164961499996, 0.0 ], [ 115.177821286000039, -8.691677873999936, 0.0 ], [ 115.177841518000037, -8.691696594999939, 0.0 ], [ 115.177876189000017, -8.691715385999942, 0.0 ], [ 115.178041565000058, -8.691800253999929, 0.0 ], [ 115.178153133000023, -8.691842293999969, 0.0 ], [ 115.178271726000048, -8.691869467999936, 0.0 ], [ 115.178369015000044, -8.691878446999965, 0.0 ], [ 115.178450327000064, -8.691873514999941, 0.0 ], [ 115.178508467000029, -8.691874884999947, 0.0 ], [ 115.178790417000073, -8.691881526999964, 0.0 ], [ 115.17884067600005, -8.691883894999933, 0.0 ], [ 115.178886668000018, -8.691884114999937, 0.0 ], [ 115.178920930000118, -8.691876828999966, 0.0 ], [ 115.178977688000032, -8.691862200999935, 0.0 ], [ 115.179037640000047, -8.691850780999971, 0.0 ], [ 115.179107162000037, -8.691851112999927, 0.0 ], [ 115.179155189000085, -8.691872627999942, 0.0 ], [ 115.179224398000088, -8.691937878999966, 0.0 ], [ 115.17927505800003, -8.691967920999957, 0.0 ], [ 115.179310852000071, -8.691975540999977, 0.0 ], [ 115.179348297000047, -8.691973591999954, 0.0 ], [ 115.179399199000045, -8.691953613999942, 0.0 ], [ 115.179457182000078, -8.691907063999963, 0.0 ], [ 115.179594836000092, -8.691752338999947, 0.0 ], [ 115.17964642600009, -8.691700435999962, 0.0 ], [ 115.179687188000116, -8.691676152999946, 0.0 ], [ 115.179727883000055, -8.691665952999927, 0.0 ], [ 115.179755755000087, -8.691667311999936, 0.0 ], [ 115.179770655000084, -8.691668037999932, 0.0 ], [ 115.17986041100005, -8.691686558999947, 0.0 ], [ 115.180029386000115, -8.691746720999959, 0.0 ], [ 115.180094213000075, -8.691777073999958, 0.0 ], [ 115.180222155000024, -8.691861762999963, 0.0 ], [ 115.180254062000017, -8.691899164999938, 0.0 ], [ 115.180263524000111, -8.691933265999978, 0.0 ], [ 115.180271714000014, -8.691968968999959, 0.0 ], [ 115.180259244000013, -8.692021003999969, 0.0 ], [ 115.180223484000066, -8.692117529999962, 0.0 ], [ 115.180191398000034, -8.692182643999956, 0.0 ], [ 115.180156686000032, -8.692253147999963, 0.0 ], [ 115.180147559000034, -8.692296943999963, 0.0 ], [ 115.180147403000092, -8.692329121999933, 0.0 ], [ 115.180158965000032, -8.69235520999996, 0.0 ], [ 115.18025779200002, -8.692449609999926, 0.0 ], [ 115.180272819000038, -8.692469735999964, 0.0 ], [ 115.180277077000028, -8.692499092999981, 0.0 ], [ 115.180275860000052, -8.692533763999961, 0.0 ], [ 115.180230892000054, -8.692711088999943, 0.0 ], [ 115.18019369000001, -8.692835848999948, 0.0 ], [ 115.180109672000071, -8.693006375999971, 0.0 ], [ 115.179984183000101, -8.69315981099993, 0.0 ], [ 115.179972454000108, -8.693170513999974, 0.0 ], [ 115.17966565200004, -8.693450454999947, 0.0 ], [ 115.17951559100004, -8.693547714999966, 0.0 ], [ 115.17947622500003, -8.693583168999965, 0.0 ], [ 115.179465446000108, -8.693672620999962, 0.0 ], [ 115.179464779000114, -8.693750736999959, 0.0 ], [ 115.179466038000101, -8.693838748999951, 0.0 ], [ 115.179491122000059, -8.693960194999931, 0.0 ], [ 115.179604330000075, -8.694126246999929, 0.0 ], [ 115.179635050000115, -8.694216511999969, 0.0 ], [ 115.179650861000027, -8.694306834999963, 0.0 ], [ 115.179628277, -8.694565350999937, 0.0 ], [ 115.179622101000064, -8.694855645999951, 0.0 ], [ 115.179615450000028, -8.694921680999926, 0.0 ], [ 115.179583323000088, -8.694971518999978, 0.0 ], [ 115.179538232000027, -8.695024717999956, 0.0 ], [ 115.179481438000039, -8.695062664999966, 0.0 ], [ 115.179346406000036, -8.695145089999926, 0.0 ], [ 115.179225846, -8.695244816999946, 0.0 ], [ 115.179065982000111, -8.695394920999945, 0.0 ], [ 115.178957667000077, -8.695454001999963, 0.0 ], [ 115.178910554000026, -8.695464419999951, 0.0 ], [ 115.178853867000043, -8.695464148999974, 0.0 ], [ 115.178816752000102, -8.695453061999956, 0.0 ], [ 115.178754305000098, -8.695427220999932, 0.0 ], [ 115.178611829000033, -8.695362151999973, 0.0 ], [ 115.178504577000012, -8.695316444999946, 0.0 ], [ 115.178373019000105, -8.69528854999993, 0.0 ], [ 115.178206370000112, -8.69528030999993, 0.0 ], [ 115.17814927400002, -8.695276136999951, 0.0 ], [ 115.178087662000053, -8.695264923999957, 0.0 ], [ 115.178037975000052, -8.695254575999968, 0.0 ], [ 115.178004824000027, -8.695253352999941, 0.0 ], [ 115.177937343000053, -8.695273250999946, 0.0 ], [ 115.177866669000082, -8.695289940999942, 0.0 ], [ 115.177755781000087, -8.695328255999925, 0.0 ], [ 115.177554909000037, -8.695394875999966, 0.0 ], [ 115.177431759000115, -8.695425149999949, 0.0 ], [ 115.177106333000097, -8.695489011999939, 0.0 ], [ 115.177029319000098, -8.695491809999965, 0.0 ], [ 115.176906327000097, -8.695479039999952, 0.0 ], [ 115.176831473000107, -8.695475488999932, 0.0 ], [ 115.176787589000014, -8.695481664999932, 0.0 ], [ 115.176702980000073, -8.695504672999959, 0.0 ], [ 115.176621410000052, -8.695562816999939, 0.0 ], [ 115.1765729440001, -8.695631761999948, 0.0 ], [ 115.176469673000042, -8.695753657999944, 0.0 ], [ 115.176424442000098, -8.695817296999962, 0.0 ], [ 115.176391914000078, -8.695885628999974, 0.0 ], [ 115.176378138000018, -8.695942355999932, 0.0 ], [ 115.17636359800008, -8.696050715999945, 0.0 ], [ 115.176341895000064, -8.696203140999955, 0.0 ], [ 115.1763344310001, -8.696293656999956, 0.0 ], [ 115.176236423000091, -8.696429377999948, 0.0 ], [ 115.17621262900002, -8.696482915999979, 0.0 ], [ 115.176176937000037, -8.696494812999958, 0.0 ], [ 115.175992529000041, -8.69651265899995, 0.0 ], [ 115.1758676070001, -8.696506709999937, 0.0 ], [ 115.175724840000044, -8.696488864999935, 0.0 ], [ 115.175665353000113, -8.696417480999969, 0.0 ], [ 115.175576124000031, -8.696209277999969, 0.0 ], [ 115.17549284200004, -8.695983228999978, 0.0 ], [ 115.175361972000019, -8.69575717999993, 0.0 ], [ 115.175225153000042, -8.695638206999945, 0.0 ], [ 115.175118077000093, -8.69554897699993, 0.0 ], [ 115.174951515000089, -8.695531131999928, 0.0 ], [ 115.174826593000034, -8.695543028999964, 0.0 ], [ 115.174695722000024, -8.695667950999962, 0.0 ], [ 115.174606493000056, -8.695780974999934, 0.0 ], [ 115.174511315000018, -8.695864255999936, 0.0 ], [ 115.174374496000041, -8.695882101999928, 0.0 ], [ 115.174279317000014, -8.695882101999928, 0.0 ], [ 115.174083011000107, -8.695852358999957, 0.0 ], [ 115.173732040000118, -8.695798820999926, 0.0 ], [ 115.17339891600011, -8.69575717999993, 0.0 ], [ 115.173155021000071, -8.695721487999947, 0.0 ], [ 115.173053894000077, -8.695757180999976, 0.0 ], [ 115.17302415100005, -8.695870204999949, 0.0 ], [ 115.173012254000014, -8.696012972999938, 0.0 ], [ 115.173036049000075, -8.696185483999955, 0.0 ], [ 115.172994408000022, -8.696322302999931, 0.0 ], [ 115.172899230000098, -8.696518607999963, 0.0 ], [ 115.17284569200001, -8.696703015999958, 0.0 ], [ 115.172815948000107, -8.696911218999958, 0.0 ], [ 115.172833794000098, -8.697095626999953, 0.0 ], [ 115.172851641000079, -8.697214599999938, 0.0 ], [ 115.172815948000107, -8.697303829999953, 0.0 ], [ 115.172777887000052, -8.697365312999978, 0.0 ], [ 115.172709982000015, -8.697363024999959, 0.0 ], [ 115.172546979000117, -8.697357, 0.0 ], [ 115.172539037000092, -8.697356961999958, 0.0 ], [ 115.17210603500007, -8.697346024999945, 0.0 ], [ 115.171812004000117, -8.697322014999941, 0.0 ], [ 115.171113030000015, -8.697263971999973, 0.0 ], [ 115.170795033000104, -8.697238038999956, 0.0 ], [ 115.170446998000102, -8.697210966999933, 0.0 ], [ 115.169641020000086, -8.697156021999945, 0.0 ], [ 115.169184020000102, -8.697119024999949, 0.0 ], [ 115.168731975000014, -8.69711097499993, 0.0 ], [ 115.16820898200001, -8.69713304499993, 0.0 ], [ 115.167578984000102, -8.697112024999967, 0.0 ], [ 115.166381983000065, -8.696995985999934, 0.0 ], [ 115.165184001000057, -8.69688201799994, 0.0 ], [ 115.164596028, -8.696924016999958, 0.0 ], [ 115.164559002000033, -8.696927001999939, 0.0 ], [ 115.163749021000058, -8.697064012999931, 0.0 ], [ 115.163150003000055, -8.697174018999931, 0.0 ], [ 115.162811015000102, -8.69722797299994, 0.0 ], [ 115.162805016000107, -8.697229028999971, 0.0 ], [ 115.162110028000029, -8.697338027999933, 0.0 ], [ 115.161881942000036, -8.697413368999946, 0.0 ], [ 115.161898536000081, -8.697533669999927, 0.0 ], [ 115.161848567000106, -8.697619330999942, 0.0 ], [ 115.161641554000084, -8.697669298999926, 0.0 ], [ 115.161423144000082, -8.697755102999963, 0.0 ], [ 115.16133702400009, -8.697620014999927, 0.0 ], [ 115.161023032000116, -8.69712696199997, 0.0 ], [ 115.160378005000098, -8.695780028999934, 0.0 ], [ 115.16011400800005, -8.695236960999978, 0.0 ], [ 115.159787028000096, -8.694749990999981, 0.0 ], [ 115.15893703200004, -8.69370803399994, 0.0 ], [ 115.158101969000086, -8.692386032999934, 0.0 ], [ 115.157418014000086, -8.691542015999971, 0.0 ], [ 115.157065973000044, -8.69101795499995, 0.0 ], [ 115.156884026000057, -8.690657958999964, 0.0 ], [ 115.156665983000039, -8.690263982999966, 0.0 ], [ 115.156333978000021, -8.689794974999927, 0.0 ], [ 115.156289969000113, -8.68973998599995, 0.0 ], [ 115.156112013000097, -8.689559973999962, 0.0 ], [ 115.155463964000091, -8.689097027999935, 0.0 ], [ 115.155001998000103, -8.688653964999958, 0.0 ], [ 115.154804993000084, -8.688386001999959, 0.0 ], [ 115.154337976000079, -8.687581989999956, 0.0 ], [ 115.153838997000094, -8.686894967999933, 0.0 ], [ 115.152684034000117, -8.685042003999968, 0.0 ], [ 115.152165024000055, -8.684224, 0.0 ], [ 115.151323965000074, -8.683231972999977, 0.0 ], [ 115.151120035000076, -8.682972019999966, 0.0 ], [ 115.150907990000064, -8.682624983999972, 0.0 ], [ 115.150726214000088, -8.682184521999943, 0.0 ], [ 115.150726146000011, -8.682184355999937, 0.0 ], [ 115.150726089000045, -8.682184217999975, 0.0 ], [ 115.150725998000098, -8.682183997999971, 0.0 ], [ 115.150778963000107, -8.682153974999949, 0.0 ], [ 115.151015018000066, -8.682049996999979, 0.0 ], [ 115.15116096600002, -8.682048987999963, 0.0 ], [ 115.15138697000009, -8.682130980999943, 0.0 ], [ 115.151570005000053, -8.682313007999937, 0.0 ], [ 115.151771984000106, -8.682482019999952, 0.0 ], [ 115.151850996, -8.682503010999937, 0.0 ], [ 115.151943998000093, -8.682527956999934, 0.0 ], [ 115.152322017000074, -8.682502039999974, 0.0 ], [ 115.152353982000022, -8.682491980999941, 0.0 ], [ 115.152671979000047, -8.682392014999948, 0.0 ], [ 115.1528489640001, -8.682248972999957, 0.0 ], [ 115.152984015000015, -8.682361980999929, 0.0 ], [ 115.153194972000051, -8.682364990999929, 0.0 ], [ 115.153307011000038, -8.682358031999968, 0.0 ], [ 115.154273033000095, -8.682340020999959, 0.0 ], [ 115.154916995, -8.682395020999934, 0.0 ], [ 115.154959364000092, -8.682424983999965, 0.0 ], [ 115.155083908000051, -8.682417548999979, 0.0 ], [ 115.156720977000077, -8.682703083999968, 0.0 ], [ 115.157463369000084, -8.682807779999962, 0.0 ], [ 115.15763469, -8.682760190999943, 0.0 ], [ 115.157729869000036, -8.682541280999942, 0.0 ], [ 115.157796494000081, -8.68224622799994, 0.0 ], [ 115.157910708000031, -8.682055870999932, 0.0 ], [ 115.15808202900007, -8.682055870999932, 0.0 ], [ 115.158167689000038, -8.682217673999958, 0.0 ], [ 115.158167689000038, -8.682417548999979, 0.0 ], [ 115.158101064000107, -8.682960065999964, 0.0 ], [ 115.158024922000095, -8.683169457999952, 0.0 ], [ 115.1578440830001, -8.683331261999967, 0.0 ], [ 115.157615654000097, -8.683416921999935, 0.0 ], [ 115.157387226000083, -8.68335981599995, 0.0 ], [ 115.157320602000027, -8.683797635999952, 0.0 ], [ 115.157625172000053, -8.683949921999954, 0.0 ], [ 115.158110583000052, -8.68411172499998, 0.0 ], [ 115.158672135000074, -8.684149795999929, 0.0 ], [ 115.159433562000117, -8.684149795999929, 0.0 ], [ 115.160271133000037, -8.684187867999981, 0.0 ], [ 115.161042079000026, -8.684149795999929, 0.0 ], [ 115.161851095000088, -8.684045099999935, 0.0 ], [ 115.162679147000063, -8.683883296999966, 0.0 ], [ 115.16349768200007, -8.683683421999945, 0.0 ], [ 115.164420913000072, -8.683512100999963, 0.0 ], [ 115.164525609000066, -8.683055243999945, 0.0 ], [ 115.164620787000104, -8.682645976999936, 0.0 ], [ 115.164820662000011, -8.682684047999942, 0.0 ], [ 115.165429805000031, -8.682902958999932, 0.0 ], [ 115.166124607000029, -8.683083797999927, 0.0 ], [ 115.16656242800002, -8.683198011999934, 0.0 ], [ 115.166838446000042, -8.683198011999934, 0.0 ], [ 115.166952659000117, -8.683121868999933, 0.0 ], [ 115.16717157000005, -8.682836333999944, 0.0 ], [ 115.167323855000063, -8.682465137999941, 0.0 ], [ 115.167399998000064, -8.682208155999945, 0.0 ], [ 115.167609391000042, -8.682274780999933, 0.0 ], [ 115.168047212000033, -8.682379476999927, 0.0 ], [ 115.168580211000062, -8.68251272699996, 0.0 ], [ 115.169313085000113, -8.682674530999975, 0.0 ], [ 115.169893673000047, -8.682912476999945, 0.0 ], [ 115.170559923000042, -8.68309331599994, 0.0 ], [ 115.171121475000064, -8.683150422999972, 0.0 ], [ 115.17161640300003, -8.683169457999952, 0.0 ], [ 115.17222554500006, -8.683150421999926, 0.0 ], [ 115.172739509000053, -8.683188493999978, 0.0 ], [ 115.173004642000024, -8.683202447999975, 0.0 ], [ 115.173154129000068, -8.683210315999929, 0.0 ] ] ] ] } },
{ "type": "Feature", "properties": { "Desa": "Tanjung Benoa", "Kec": "Kuta Selatan", "WADMKD": "Tanjung Benoa", "Kab": "Badung", "Luas": 134.811112167 }, "geometry": { "type": "MultiPolygon", "coordinates": [ [ [ [ 115.214384979000101, -8.758973983999965, 0.0 ], [ 115.214338958000099, -8.758975935999956, 0.0 ], [ 115.214202977000014, -8.758906957999955, 0.0 ], [ 115.214112956, -8.758785949999947, 0.0 ], [ 115.214072971000064, -8.758543963999955, 0.0 ], [ 115.214072620000024, -8.75854127499997, 0.0 ], [ 115.214010942000073, -8.758068934999926, 0.0 ], [ 115.213953944000082, -8.75774895099994, 0.0 ], [ 115.213942976000112, -8.75737793299993, 0.0 ], [ 115.21396797400007, -8.757242915999939, 0.0 ], [ 115.214043989000061, -8.757173943999931, 0.0 ], [ 115.214137683000104, -8.75715945099995, 0.0 ], [ 115.214140954000072, -8.757158944999958, 0.0 ], [ 115.214248979000104, -8.75721296699993, 0.0 ], [ 115.214319003000014, -8.757315982999955, 0.0 ], [ 115.214357972000016, -8.758194952999929, 0.0 ], [ 115.214375975000053, -8.758583901999941, 0.0 ], [ 115.214413951000097, -8.75882289599997, 0.0 ], [ 115.214384979000101, -8.758973983999965, 0.0 ] ] ], [ [ [ 115.219068008000022, -8.752862963999974, 0.0 ], [ 115.21938203000002, -8.752948957999934, 0.0 ], [ 115.219538011000054, -8.752799008999943, 0.0 ], [ 115.219752976000109, -8.752772992999951, 0.0 ], [ 115.219981004000033, -8.752867982999931, 0.0 ], [ 115.220371964000037, -8.752722031999951, 0.0 ], [ 115.220747978000077, -8.752803977999974, 0.0 ], [ 115.221070032000057, -8.752966027999946, 0.0 ], [ 115.221269979000112, -8.753262006999933, 0.0 ], [ 115.221392037000101, -8.753454030999933, 0.0 ], [ 115.22202500800006, -8.754404041999976, 0.0 ], [ 115.222294009000052, -8.755149954999979, 0.0 ], [ 115.222348965000037, -8.755443986999978, 0.0 ], [ 115.222349037000072, -8.755491984999935, 0.0 ], [ 115.222353025000075, -8.756529973999932, 0.0 ], [ 115.222391002000109, -8.75713297599998, 0.0 ], [ 115.222621977000017, -8.758264954999959, 0.0 ], [ 115.222796048000077, -8.758795880999969, 0.0 ], [ 115.222881990000019, -8.759058009999933, 0.0 ], [ 115.223069024000097, -8.759422987999926, 0.0 ], [ 115.223618007000027, -8.76027696899996, 0.0 ], [ 115.223870029000068, -8.760828007999976, 0.0 ], [ 115.224191008000048, -8.761755038999979, 0.0 ], [ 115.224246000000107, -8.762105023999936, 0.0 ], [ 115.224262974000112, -8.762601987999972, 0.0 ], [ 115.224219023000046, -8.763115026999969, 0.0 ], [ 115.224076966000098, -8.763662043999943, 0.0 ], [ 115.223747499000069, -8.764687446999972, 0.0 ], [ 115.223657023000101, -8.764969035999968, 0.0 ], [ 115.223600023000017, -8.765325996999934, 0.0 ], [ 115.223639967000054, -8.765641019999975, 0.0 ], [ 115.223743997000042, -8.766395015999933, 0.0 ], [ 115.223665980000078, -8.766964027999961, 0.0 ], [ 115.22368399100003, -8.767210972999976, 0.0 ], [ 115.223695969, -8.76738702199998, 0.0 ], [ 115.223796983000057, -8.768002975999934, 0.0 ], [ 115.223808519000045, -8.768670092999969, 0.0 ], [ 115.223335770000062, -8.76865554699998, 0.0 ], [ 115.222618657000112, -8.768626076999965, 0.0 ], [ 115.222225718000118, -8.768714487999944, 0.0 ], [ 115.221881897000117, -8.768586782999932, 0.0 ], [ 115.221469311000078, -8.768576958999972, 0.0 ], [ 115.220703081000011, -8.76865554699998, 0.0 ], [ 115.219779675000041, -8.768675193999968, 0.0 ], [ 115.219455502000073, -8.768635899999936, 0.0 ], [ 115.219219738000106, -8.768616252999948, 0.0 ], [ 115.219150974000058, -8.768616252999948, 0.0 ], [ 115.218836623000016, -8.76866537099994, 0.0 ], [ 115.218532095000114, -8.768685016999939, 0.0 ], [ 115.218178451000085, -8.768557311999928, 0.0 ], [ 115.217785513000081, -8.768626075999975, 0.0 ], [ 115.217589043000089, -8.76866537099994, 0.0 ], [ 115.217215752000016, -8.768576958999972, 0.0 ], [ 115.216881754000042, -8.768576958999972, 0.0 ], [ 115.216537933000041, -8.768635899999936, 0.0 ], [ 115.216516962000014, -8.768642664999959, 0.0 ], [ 115.216505986000016, -8.76862196899998, 0.0 ], [ 115.216371027000037, -8.768181033999952, 0.0 ], [ 115.216268307000064, -8.767861626999945, 0.0 ], [ 115.2161700260001, -8.767556021999951, 0.0 ], [ 115.215593028000058, -8.765854025999943, 0.0 ], [ 115.215593007000052, -8.765826998999955, 0.0 ], [ 115.215591026000084, -8.76545701699996, 0.0 ], [ 115.215627030000064, -8.764491985999939, 0.0 ], [ 115.215709034000042, -8.763811995999959, 0.0 ], [ 115.21581500100001, -8.76327701699995, 0.0 ], [ 115.215903997000055, -8.762812010999937, 0.0 ], [ 115.215926037000031, -8.762339005999934, 0.0 ], [ 115.215959021000117, -8.760780990999933, 0.0 ], [ 115.216055997000012, -8.760527990999947, 0.0 ], [ 115.216230998000015, -8.760319017999961, 0.0 ], [ 115.216388997000081, -8.760233981999932, 0.0 ], [ 115.216565990000049, -8.760219992999964, 0.0 ], [ 115.21691703700003, -8.76017997799994, 0.0 ], [ 115.217131970000082, -8.760083006999935, 0.0 ], [ 115.217273964000015, -8.759944021999956, 0.0 ], [ 115.217320010000094, -8.759811001999935, 0.0 ], [ 115.217280008000102, -8.759635000999936, 0.0 ], [ 115.217146019000097, -8.759304982999936, 0.0 ], [ 115.217047013000069, -8.759009024999955, 0.0 ], [ 115.217028026000094, -8.758951988999968, 0.0 ], [ 115.216985789000091, -8.758795880999969, 0.0 ], [ 115.216926034000039, -8.758575026999949, 0.0 ], [ 115.216750974000092, -8.757931968999969, 0.0 ], [ 115.216578981000112, -8.757683032999978, 0.0 ], [ 115.216452993000075, -8.75757704199998, 0.0 ], [ 115.216279003000068, -8.757526957999971, 0.0 ], [ 115.215685979000114, -8.75733298199998, 0.0 ], [ 115.215669004, -8.757247029999974, 0.0 ], [ 115.215683006000063, -8.757154052999965, 0.0 ], [ 115.215722014000107, -8.756895023999959, 0.0 ], [ 115.215818001000116, -8.756581998999934, 0.0 ], [ 115.215818980000108, -8.756581008999945, 0.0 ], [ 115.216028967000057, -8.756058993999943, 0.0 ], [ 115.216264973000079, -8.755612035999945, 0.0 ], [ 115.216378998000096, -8.75516197099995, 0.0 ], [ 115.216481988000055, -8.754763016999959, 0.0 ], [ 115.216805980000117, -8.75374700499998, 0.0 ], [ 115.216989030000036, -8.753389012999946, 0.0 ], [ 115.217261359000076, -8.753013790999944, 0.0 ], [ 115.217388964000065, -8.752837971999952, 0.0 ], [ 115.217680967000092, -8.752559042999962, 0.0 ], [ 115.217898988000115, -8.752442018999943, 0.0 ], [ 115.218167005000055, -8.752384977999952, 0.0 ], [ 115.218369990000042, -8.752404012999932, 0.0 ], [ 115.218408037000017, -8.752439986999946, 0.0 ], [ 115.218700993000084, -8.752700970999967, 0.0 ], [ 115.219068008000022, -8.752862963999974, 0.0 ] ] ] ] } },
{ "type": "Feature", "properties": { "Desa": "Tibubeneng", "Kec": "Kuta Utara", "WADMKD": "Tibubeneng", "Kab": "Badung", "Luas": 684.76511754900002 }, "geometry": { "type": "MultiPolygon", "coordinates": [ [ [ [ 115.168290307, -8.628696806999926, 0.0 ], [ 115.168284006000022, -8.628783961999943, 0.0 ], [ 115.168179030000033, -8.629053996999971, 0.0 ], [ 115.167855965000058, -8.629453965999971, 0.0 ], [ 115.167632024000113, -8.629678960999968, 0.0 ], [ 115.167388999000082, -8.629915976999939, 0.0 ], [ 115.166964009000026, -8.63031003499998, 0.0 ], [ 115.166623996000112, -8.630791, 0.0 ], [ 115.166473006000047, -8.630986966999956, 0.0 ], [ 115.166474985000036, -8.631120029999977, 0.0 ], [ 115.166536007000104, -8.631390044999932, 0.0 ], [ 115.166336033000107, -8.631568963999939, 0.0 ], [ 115.166085035000037, -8.631656977999967, 0.0 ], [ 115.165987010000094, -8.631759011999975, 0.0 ], [ 115.165961998000057, -8.631897006999964, 0.0 ], [ 115.16599498100004, -8.632279965999942, 0.0 ], [ 115.166012984000076, -8.632430007999972, 0.0 ], [ 115.166039989000069, -8.632655026999942, 0.0 ], [ 115.165762988000097, -8.633055032999948, 0.0 ], [ 115.165580967000096, -8.633332019999955, 0.0 ], [ 115.16550096800006, -8.633455018999939, 0.0 ], [ 115.16531997800007, -8.633937014999958, 0.0 ], [ 115.165204008000046, -8.634000997999976, 0.0 ], [ 115.16481899200005, -8.634229015999949, 0.0 ], [ 115.164437034000116, -8.634537042999966, 0.0 ], [ 115.164320002000068, -8.634774025999945, 0.0 ], [ 115.164193963000116, -8.635246973999926, 0.0 ], [ 115.164230004000046, -8.635430998999936, 0.0 ], [ 115.164214315000095, -8.635430177999979, 0.0 ], [ 115.164410118000092, -8.635614462999968, 0.0 ], [ 115.164686136000114, -8.635804819999976, 0.0 ], [ 115.164876493000065, -8.635880962999977, 0.0 ], [ 115.164857457000039, -8.636014212999953, 0.0 ], [ 115.16469565400007, -8.636033248999979, 0.0 ], [ 115.164400601000011, -8.636023730999966, 0.0 ], [ 115.164181690000078, -8.63598565999996, 0.0 ], [ 115.163896155000089, -8.635880962999977, 0.0 ], [ 115.163781941000025, -8.635899998999946, 0.0 ], [ 115.163572548000047, -8.636061801999972, 0.0 ], [ 115.16348688700009, -8.636347336999961, 0.0 ], [ 115.163344120000033, -8.636813710999945, 0.0 ], [ 115.163344120000033, -8.637061175999975, 0.0 ], [ 115.163401227, -8.637261050999939, 0.0 ], [ 115.163563030000091, -8.637308638999968, 0.0 ], [ 115.16372483300006, -8.637356228999977, 0.0 ], [ 115.163743869000086, -8.637470442999927, 0.0 ], [ 115.163620137000066, -8.63772742499998, 0.0 ], [ 115.163391709000052, -8.63794633599997, 0.0 ], [ 115.163144245000012, -8.638022477999925, 0.0 ], [ 115.162887263000016, -8.638041513999951, 0.0 ], [ 115.162715942000091, -8.638079584999957, 0.0 ], [ 115.16263979900009, -8.63823186999997, 0.0 ], [ 115.162573175000034, -8.638517405999949, 0.0 ], [ 115.162611246000097, -8.638831494999977, 0.0 ], [ 115.162725460000047, -8.639050404999978, 0.0 ], [ 115.162915817000112, -8.639202689999934, 0.0 ], [ 115.163344120000033, -8.639288350999948, 0.0 ], [ 115.163991333000013, -8.639364493999949, 0.0 ], [ 115.1644577080001, -8.639450154999963, 0.0 ], [ 115.164590957000087, -8.639554850999957, 0.0 ], [ 115.164590957000087, -8.639735689999952, 0.0 ], [ 115.164533850000112, -8.640078331999973, 0.0 ], [ 115.164391083000055, -8.64055422499996, 0.0 ], [ 115.164305422000098, -8.64118240199997, 0.0 ], [ 115.164324457000021, -8.641601186999935, 0.0 ], [ 115.164362529000073, -8.641962864999925, 0.0 ], [ 115.16444819000003, -8.642505381999968, 0.0 ], [ 115.164619511000069, -8.64289561399994, 0.0 ], [ 115.164762279000115, -8.643028862999927, 0.0 ], [ 115.164924082000084, -8.643085970999948, 0.0 ], [ 115.165228653000099, -8.643200184999955, 0.0 ], [ 115.165409492000094, -8.643361987999981, 0.0 ], [ 115.165447563000043, -8.643476201999931, 0.0 ], [ 115.165447074000099, -8.643478161999951, 0.0 ], [ 115.165439028000037, -8.643476603999943, 0.0 ], [ 115.164790008000068, -8.643351, 0.0 ], [ 115.163831023000057, -8.643204038999954, 0.0 ], [ 115.163028982000014, -8.643010013999969, 0.0 ], [ 115.161995037000111, -8.642656962999979, 0.0 ], [ 115.161355996000111, -8.642387969999959, 0.0 ], [ 115.160941023000078, -8.642163980999953, 0.0 ], [ 115.160536978000096, -8.641880025999967, 0.0 ], [ 115.160178984000027, -8.642140977999929, 0.0 ], [ 115.160037970000076, -8.642240000999948, 0.0 ], [ 115.159928994000097, -8.642559997999967, 0.0 ], [ 115.15984599300009, -8.642775990999951, 0.0 ], [ 115.159750969000015, -8.643045979999954, 0.0 ], [ 115.159663996000063, -8.643462979999981, 0.0 ], [ 115.15961500200001, -8.643802969999967, 0.0 ], [ 115.159500988000104, -8.644034, 0.0 ], [ 115.159293981000019, -8.644239995999953, 0.0 ], [ 115.15905301600003, -8.644357970999977, 0.0 ], [ 115.158491003000108, -8.644439963999957, 0.0 ], [ 115.158136030000037, -8.644510024999931, 0.0 ], [ 115.158096983000064, -8.644529, 0.0 ], [ 115.157757014000026, -8.644686991999947, 0.0 ], [ 115.157578013000034, -8.644818008999948, 0.0 ], [ 115.157471027000042, -8.644959043999961, 0.0 ], [ 115.156970002000094, -8.645562962999975, 0.0 ], [ 115.156762035000042, -8.64578097499998, 0.0 ], [ 115.156703023000091, -8.645885, 0.0 ], [ 115.156674021000072, -8.646102969999959, 0.0 ], [ 115.156707027000039, -8.646217018999948, 0.0 ], [ 115.157174009000073, -8.64654502999997, 0.0 ], [ 115.157333008000023, -8.646661041999948, 0.0 ], [ 115.157409027000085, -8.646757038999965, 0.0 ], [ 115.157353035000028, -8.646887020999941, 0.0 ], [ 115.157042973000102, -8.647149012999932, 0.0 ], [ 115.156586029000096, -8.64731403299993, 0.0 ], [ 115.156435025000064, -8.647386972999925, 0.0 ], [ 115.156301023000083, -8.647553004999963, 0.0 ], [ 115.156099012000027, -8.647840011999961, 0.0 ], [ 115.155518036000103, -8.648231037999949, 0.0 ], [ 115.155343011000014, -8.648437004999948, 0.0 ], [ 115.155262014000073, -8.648655988999963, 0.0 ], [ 115.1551569720001, -8.649367025999936, 0.0 ], [ 115.155106995000097, -8.649568985999963, 0.0 ], [ 115.154803013000105, -8.649996958999964, 0.0 ], [ 115.154561025000021, -8.650200974999962, 0.0 ], [ 115.154349972000091, -8.650298029999931, 0.0 ], [ 115.154221023000105, -8.650349019999965, 0.0 ], [ 115.154068030000076, -8.650538008999945, 0.0 ], [ 115.153975963000107, -8.65067604099994, 0.0 ], [ 115.153863014000081, -8.650748981999925, 0.0 ], [ 115.153747985000109, -8.650648998999941, 0.0 ], [ 115.153644967000105, -8.650544011999955, 0.0 ], [ 115.153459990000101, -8.650485993999951, 0.0 ], [ 115.153185998000026, -8.650523990999943, 0.0 ], [ 115.152886007, -8.650608954999939, 0.0 ], [ 115.152051021000034, -8.65050296499993, 0.0 ], [ 115.151806970000052, -8.650468974999967, 0.0 ], [ 115.151545985000098, -8.65060501499994, 0.0 ], [ 115.151242965000051, -8.650850041999945, 0.0 ], [ 115.151143015000116, -8.650961007999967, 0.0 ], [ 115.15111696300005, -8.652124006999941, 0.0 ], [ 115.151093991000039, -8.652302956999961, 0.0 ], [ 115.150634972000034, -8.652875972999936, 0.0 ], [ 115.150558994000107, -8.653217003999941, 0.0 ], [ 115.150516995000089, -8.65338004399996, 0.0 ], [ 115.150339977000044, -8.653579037999975, 0.0 ], [ 115.15001100500001, -8.653829992999931, 0.0 ], [ 115.149770022000098, -8.65399595699995, 0.0 ], [ 115.149454010000113, -8.654338989999928, 0.0 ], [ 115.149347022000029, -8.654510030999973, 0.0 ], [ 115.149359001000107, -8.654726026999981, 0.0 ], [ 115.149437011000032, -8.654859004999935, 0.0 ], [ 115.149736999000083, -8.655035991999966, 0.0 ], [ 115.150061027000106, -8.655091972999969, 0.0 ], [ 115.150358022000091, -8.655115012999943, 0.0 ], [ 115.150464994000117, -8.655161989999954, 0.0 ], [ 115.150530011000114, -8.655271041999981, 0.0 ], [ 115.150545964000116, -8.655409955999971, 0.0 ], [ 115.150400024000078, -8.655610998999975, 0.0 ], [ 115.150132012000086, -8.655835041999978, 0.0 ], [ 115.149865993000049, -8.65597304399995, 0.0 ], [ 115.149607012000047, -8.656080980999945, 0.0 ], [ 115.149342029000081, -8.656236974999956, 0.0 ], [ 115.14916000300002, -8.656417956999974, 0.0 ], [ 115.149045030000025, -8.656659008999952, 0.0 ], [ 115.14886797500003, -8.657048992999933, 0.0 ], [ 115.148801008000078, -8.657246981999947, 0.0 ], [ 115.14881498200009, -8.657392032999951, 0.0 ], [ 115.148993964000056, -8.657649965999951, 0.0 ], [ 115.149247017000107, -8.657957969999927, 0.0 ], [ 115.149432020000063, -8.658332984999959, 0.0 ], [ 115.14951802600001, -8.658561994999957, 0.0 ], [ 115.149522014000013, -8.658680965999963, 0.0 ], [ 115.149375030000101, -8.658896011999957, 0.0 ], [ 115.148966004000044, -8.659200991999967, 0.0 ], [ 115.148773003000088, -8.659327957999949, 0.0 ], [ 115.148682976000032, -8.659431016999974, 0.0 ], [ 115.148738989000094, -8.659879977999935, 0.0 ], [ 115.148750968000058, -8.660049966999964, 0.0 ], [ 115.148631034000118, -8.660232965999967, 0.0 ], [ 115.148416998000016, -8.660387035999975, 0.0 ], [ 115.148163035000039, -8.66051, 0.0 ], [ 115.148004969000112, -8.66064698699995, 0.0 ], [ 115.147946979000039, -8.66083200199995, 0.0 ], [ 115.147969014000068, -8.661028975999955, 0.0 ], [ 115.148074012000052, -8.661204024999961, 0.0 ], [ 115.148604981000062, -8.661623018999933, 0.0 ], [ 115.148981018000086, -8.661906039999963, 0.0 ], [ 115.149097998000116, -8.662021037999978, 0.0 ], [ 115.149135036000075, -8.662122000999943, 0.0 ], [ 115.149049035000075, -8.662274973999956, 0.0 ], [ 115.148835975000111, -8.66250497599998, 0.0 ], [ 115.148653975000116, -8.662694994999981, 0.0 ], [ 115.14858996800001, -8.662793027999953, 0.0 ], [ 115.148731840000096, -8.662943268999982, 0.0 ], [ 115.148826970000073, -8.663044010999954, 0.0 ], [ 115.148961006000036, -8.663163973999929, 0.0 ], [ 115.148971024000048, -8.663306022999961, 0.0 ], [ 115.148971029000109, -8.66350397399998, 0.0 ], [ 115.149074025000118, -8.663721044999932, 0.0 ], [ 115.149425026000017, -8.66408402899998, 0.0 ], [ 115.149670010000023, -8.664280996999935, 0.0 ], [ 115.149919037000018, -8.664401967999936, 0.0 ], [ 115.150324975000103, -8.664361992999943, 0.0 ], [ 115.150326024000037, -8.664361998999937, 0.0 ], [ 115.150538017000031, -8.664335003999952, 0.0 ], [ 115.150713015000065, -8.664382039999964, 0.0 ], [ 115.150837978000027, -8.664473033999968, 0.0 ], [ 115.150882021000029, -8.664581984999927, 0.0 ], [ 115.150342005000084, -8.665491031999977, 0.0 ], [ 115.150221974000033, -8.665724015999956, 0.0 ], [ 115.150159999000039, -8.666157039999973, 0.0 ], [ 115.150214996000045, -8.666967008999961, 0.0 ], [ 115.150209968000013, -8.667168008999965, 0.0 ], [ 115.1499459690001, -8.667411955999967, 0.0 ], [ 115.149682977000111, -8.667603028999963, 0.0 ], [ 115.149608993000015, -8.66778001299997, 0.0 ], [ 115.149577029000056, -8.668081033999954, 0.0 ], [ 115.149690968000073, -8.668634041999951, 0.0 ], [ 115.149704006000093, -8.668756039999948, 0.0 ], [ 115.149595975000011, -8.66894, 0.0 ], [ 115.149355990000117, -8.669160017999957, 0.0 ], [ 115.149007033000089, -8.669296982999981, 0.0 ], [ 115.14888798000004, -8.669345034999935, 0.0 ], [ 115.148669, -8.669605015999934, 0.0 ], [ 115.148488978000046, -8.669834001999959, 0.0 ], [ 115.148356021000041, -8.66993703299994, 0.0 ], [ 115.148056023000095, -8.670066008999981, 0.0 ], [ 115.147436973000026, -8.670237003999944, 0.0 ], [ 115.147209018000012, -8.67029501199994, 0.0 ], [ 115.146890999000107, -8.670432034999976, 0.0 ], [ 115.146470979000014, -8.670776002999958, 0.0 ], [ 115.146370026000113, -8.67089102999995, 0.0 ], [ 115.146278998000071, -8.670998963999978, 0.0 ], [ 115.146176037000032, -8.671110997999961, 0.0 ], [ 115.145793022000021, -8.67154697999996, 0.0 ], [ 115.145605033000038, -8.67173497899995, 0.0 ], [ 115.14532202700002, -8.67179000699997, 0.0 ], [ 115.14512202800006, -8.671829980999973, 0.0 ], [ 115.144848981000109, -8.671840042999975, 0.0 ], [ 115.144534044000011, -8.671799913999962, 0.0 ], [ 115.144464, -8.671790988999931, 0.0 ], [ 115.144228970000086, -8.671717987999955, 0.0 ], [ 115.144061037000029, -8.671605, 0.0 ], [ 115.143561031000104, -8.671576988999959, 0.0 ], [ 115.14326002100006, -8.671224997999957, 0.0 ], [ 115.142936963000011, -8.671014990999936, 0.0 ], [ 115.142228021000051, -8.670619979999969, 0.0 ], [ 115.141764031000093, -8.670260958999961, 0.0 ], [ 115.141128025000057, -8.669675038999969, 0.0 ], [ 115.140431996000075, -8.668803017999949, 0.0 ], [ 115.140156997000076, -8.668433978999929, 0.0 ], [ 115.139689998000108, -8.667864969999926, 0.0 ], [ 115.139637989000107, -8.667822956999942, 0.0 ], [ 115.139336973000013, -8.667503956999951, 0.0 ], [ 115.138987033000035, -8.667049044999942, 0.0 ], [ 115.138521999000091, -8.66632502899995, 0.0 ], [ 115.138240994000057, -8.665883016999942, 0.0 ], [ 115.137934023000071, -8.665496014999974, 0.0 ], [ 115.137660968000091, -8.665296010999953, 0.0 ], [ 115.137031024000066, -8.664912043999948, 0.0 ], [ 115.136328993, -8.664441041999964, 0.0 ], [ 115.135599969000054, -8.663823026999978, 0.0 ], [ 115.135307997000041, -8.663600964999944, 0.0 ], [ 115.135307923000028, -8.663600886999973, 0.0 ], [ 115.135259034000114, -8.663549023999963, 0.0 ], [ 115.135296021000045, -8.663310036999974, 0.0 ], [ 115.135270032000108, -8.663035039999954, 0.0 ], [ 115.135233974000016, -8.662902987999928, 0.0 ], [ 115.135165974000074, -8.662792020999973, 0.0 ], [ 115.13505598100005, -8.662658974999943, 0.0 ], [ 115.134675980000111, -8.662438019999968, 0.0 ], [ 115.134300036000013, -8.662230009999973, 0.0 ], [ 115.134239972000046, -8.662119984999947, 0.0 ], [ 115.134177032000025, -8.662000998999929, 0.0 ], [ 115.134127020000051, -8.661873035999974, 0.0 ], [ 115.134139031000018, -8.661777011999959, 0.0 ], [ 115.134188009000013, -8.661689032999959, 0.0 ], [ 115.134481025000014, -8.661243041999967, 0.0 ], [ 115.134497999000018, -8.661218990999942, 0.0 ], [ 115.135048027000039, -8.660426983999969, 0.0 ], [ 115.135233010000093, -8.659632018999957, 0.0 ], [ 115.135322019000114, -8.659051979999958, 0.0 ], [ 115.135476033000032, -8.658855956999957, 0.0 ], [ 115.135712990000115, -8.658641988999932, 0.0 ], [ 115.135900999000114, -8.65843401799998, 0.0 ], [ 115.136187035000034, -8.658157016999951, 0.0 ], [ 115.13667302500005, -8.657725974999948, 0.0 ], [ 115.13675803000001, -8.65750195499993, 0.0 ], [ 115.136877003000109, -8.657165024999927, 0.0 ], [ 115.137203968000108, -8.656197023999937, 0.0 ], [ 115.137326963000078, -8.655833990999952, 0.0 ], [ 115.137501033000035, -8.655321975999925, 0.0 ], [ 115.137659969000083, -8.655130041999939, 0.0 ], [ 115.137877014000082, -8.654958005999958, 0.0 ], [ 115.138092015000097, -8.654775021999967, 0.0 ], [ 115.138416028000051, -8.654375997999978, 0.0 ], [ 115.138472037000042, -8.654168015999971, 0.0 ], [ 115.138608024000064, -8.653432012999929, 0.0 ], [ 115.138711031000071, -8.653264030999935, 0.0 ], [ 115.138846971000021, -8.65323902199998, 0.0 ], [ 115.139220967000028, -8.653247981999925, 0.0 ], [ 115.13938801900008, -8.65320296699997, 0.0 ], [ 115.139563994000014, -8.653018978999967, 0.0 ], [ 115.139783991000058, -8.652870998999958, 0.0 ], [ 115.140260977000025, -8.652654034999955, 0.0 ], [ 115.140387001000022, -8.652604030999953, 0.0 ], [ 115.140450963000035, -8.652500032999967, 0.0 ], [ 115.140527973000076, -8.652087964999964, 0.0 ], [ 115.140600977000076, -8.651744030999964, 0.0 ], [ 115.140733009000087, -8.651568956999938, 0.0 ], [ 115.140931030000047, -8.651426020999963, 0.0 ], [ 115.141131997000116, -8.651384966999956, 0.0 ], [ 115.141413992000025, -8.651380008999979, 0.0 ], [ 115.141919965000056, -8.651301026999931, 0.0 ], [ 115.142525970000065, -8.651109994999956, 0.0 ], [ 115.142667018000111, -8.650975006999943, 0.0 ], [ 115.142726022000033, -8.650842964999981, 0.0 ], [ 115.142833006000046, -8.650504978999948, 0.0 ], [ 115.143060030000015, -8.650283001999981, 0.0 ], [ 115.143675983000094, -8.649743025999953, 0.0 ], [ 115.144241005000026, -8.649047965999955, 0.0 ], [ 115.144274027000051, -8.648805974999959, 0.0 ], [ 115.144154978000074, -8.648411032999945, 0.0 ], [ 115.14412699200011, -8.64822099099996, 0.0 ], [ 115.144170967000036, -8.648083, 0.0 ], [ 115.144363001000102, -8.64767799599997, 0.0 ], [ 115.144456007000031, -8.647271968999974, 0.0 ], [ 115.144534044000011, -8.647197743999925, 0.0 ], [ 115.1447009850001, -8.647038958999929, 0.0 ], [ 115.144786967000073, -8.646919972999967, 0.0 ], [ 115.144798026000103, -8.646787967999956, 0.0 ], [ 115.144822973000032, -8.646649974999946, 0.0 ], [ 115.144944997000039, -8.646482985999967, 0.0 ], [ 115.145056009000086, -8.646316033999938, 0.0 ], [ 115.145185009000102, -8.645993970999939, 0.0 ], [ 115.145299036000097, -8.645807961999935, 0.0 ], [ 115.14544701300008, -8.645725972999969, 0.0 ], [ 115.145538989000102, -8.645622018999973, 0.0 ], [ 115.145540992000065, -8.645533990999979, 0.0 ], [ 115.145538017000035, -8.645208034999939, 0.0 ], [ 115.145606014, -8.645044036999934, 0.0 ], [ 115.145723020000105, -8.644938035999928, 0.0 ], [ 115.145918025000014, -8.644889988999978, 0.0 ], [ 115.146247994000078, -8.644832020999957, 0.0 ], [ 115.146434996000039, -8.644720030999963, 0.0 ], [ 115.146615011000108, -8.644504962999974, 0.0 ], [ 115.146845002000077, -8.644119031999935, 0.0 ], [ 115.14701, -8.643680992999975, 0.0 ], [ 115.147109016000059, -8.64334703399993, 0.0 ], [ 115.147287966000022, -8.642904993999935, 0.0 ], [ 115.147450975000083, -8.642659020999929, 0.0 ], [ 115.147531982000032, -8.642637990999958, 0.0 ], [ 115.147658017000026, -8.642585, 0.0 ], [ 115.147853010000063, -8.642401007999979, 0.0 ], [ 115.147923971000068, -8.64218197699995, 0.0 ], [ 115.147948032000045, -8.641948980999928, 0.0 ], [ 115.147987036000018, -8.641600991999951, 0.0 ], [ 115.148137017000067, -8.641460980999966, 0.0 ], [ 115.148230978000015, -8.641302983999935, 0.0 ], [ 115.148279988000013, -8.641023015999963, 0.0 ], [ 115.148221009000054, -8.640905043999965, 0.0 ], [ 115.148024999000086, -8.640560980999965, 0.0 ], [ 115.147988036000015, -8.640229978999969, 0.0 ], [ 115.148064025000053, -8.639962975999936, 0.0 ], [ 115.148083001000032, -8.639819981999949, 0.0 ], [ 115.1481000120001, -8.639695960999973, 0.0 ], [ 115.148167970000031, -8.639247960999967, 0.0 ], [ 115.148417013000085, -8.63904000499997, 0.0 ], [ 115.148971975000109, -8.638651030999938, 0.0 ], [ 115.149139005000052, -8.638608993999981, 0.0 ], [ 115.149283964, -8.638545969999939, 0.0 ], [ 115.149480012000026, -8.638390995999941, 0.0 ], [ 115.149567019000074, -8.638321996999935, 0.0 ], [ 115.150301995000063, -8.637700957999925, 0.0 ], [ 115.150492027000041, -8.637658036999937, 0.0 ], [ 115.150827977000063, -8.63755498699993, 0.0 ], [ 115.15102498300007, -8.637449007999976, 0.0 ], [ 115.151490028000012, -8.637064024999972, 0.0 ], [ 115.151545965000082, -8.636929976999966, 0.0 ], [ 115.151638965000075, -8.636783994999973, 0.0 ], [ 115.1517440020001, -8.636765971999978, 0.0 ], [ 115.152229032000037, -8.636707026999943, 0.0 ], [ 115.152412033000019, -8.636584979999952, 0.0 ], [ 115.152629033000039, -8.63635697999996, 0.0 ], [ 115.152646977000018, -8.636241006999967, 0.0 ], [ 115.152692003000084, -8.63608602599993, 0.0 ], [ 115.152810976000069, -8.63597496899996, 0.0 ], [ 115.152891993000026, -8.635890031999963, 0.0 ], [ 115.153095965000034, -8.635675978999927, 0.0 ], [ 115.153077009000071, -8.634907037999938, 0.0 ], [ 115.15315397300003, -8.634577036999929, 0.0 ], [ 115.153295003000039, -8.634382023999933, 0.0 ], [ 115.15339799100002, -8.634353956999973, 0.0 ], [ 115.153792006000117, -8.634356035999929, 0.0 ], [ 115.153939967000042, -8.634199018999936, 0.0 ], [ 115.153951971000083, -8.634071989999939, 0.0 ], [ 115.153921974000014, -8.633939967999936, 0.0 ], [ 115.153883978000067, -8.633774010999957, 0.0 ], [ 115.153771987000027, -8.633650993999936, 0.0 ], [ 115.153485001000035, -8.633329001999925, 0.0 ], [ 115.153489988000047, -8.633273978999966, 0.0 ], [ 115.153500984000061, -8.63315399499993, 0.0 ], [ 115.153590001000111, -8.632963973999949, 0.0 ], [ 115.153693010000097, -8.632916021999961, 0.0 ], [ 115.153847025, -8.632808024999974, 0.0 ], [ 115.15393803500001, -8.632654982999952, 0.0 ], [ 115.153997978, -8.632435986999951, 0.0 ], [ 115.154000981000081, -8.632373, 0.0 ], [ 115.154023005000113, -8.631895037999925, 0.0 ], [ 115.1540890120001, -8.631568960999971, 0.0 ], [ 115.15421799100011, -8.63149501099997, 0.0 ], [ 115.154288993000023, -8.631404962999966, 0.0 ], [ 115.154285015000028, -8.631314011999962, 0.0 ], [ 115.154184031000113, -8.631192042999942, 0.0 ], [ 115.153974986000094, -8.631017037999925, 0.0 ], [ 115.153421037000044, -8.630585022999981, 0.0 ], [ 115.153303974000096, -8.630395997999926, 0.0 ], [ 115.153274974000055, -8.630166992999932, 0.0 ], [ 115.153331964000017, -8.630046958999969, 0.0 ], [ 115.153421998000113, -8.629816990999927, 0.0 ], [ 115.153450976000045, -8.629727012999979, 0.0 ], [ 115.153779020000115, -8.629338019999977, 0.0 ], [ 115.154293980000034, -8.628914041999963, 0.0 ], [ 115.154293016000111, -8.628911958999936, 0.0 ], [ 115.154273025000066, -8.628802039999925, 0.0 ], [ 115.154162975000077, -8.62861901499997, 0.0 ], [ 115.154102006000016, -8.628447975999961, 0.0 ], [ 115.154156975000092, -8.628235012999937, 0.0 ], [ 115.154339997000079, -8.627906966999944, 0.0 ], [ 115.154376034000052, -8.627736033999952, 0.0 ], [ 115.154377965000094, -8.627430978999939, 0.0 ], [ 115.154306004000091, -8.626747019999925, 0.0 ], [ 115.154271037000058, -8.626528018999977, 0.0 ], [ 115.154823009000097, -8.626332992999949, 0.0 ], [ 115.155002967000087, -8.626249976999929, 0.0 ], [ 115.155108964000078, -8.626126020999948, 0.0 ], [ 115.155346037000072, -8.626143972999955, 0.0 ], [ 115.155859971000041, -8.626207997999927, 0.0 ], [ 115.156535990000066, -8.62639898499998, 0.0 ], [ 115.15745202700009, -8.626834993999978, 0.0 ], [ 115.15855697500001, -8.62702595899998, 0.0 ], [ 115.160167978000118, -8.627037031999976, 0.0 ], [ 115.160620701000084, -8.627039938999928, 0.0 ], [ 115.160801002000085, -8.626582251999935, 0.0 ], [ 115.161048466000011, -8.626153948999956, 0.0 ], [ 115.161276894000025, -8.625982627999974, 0.0 ], [ 115.161495804000083, -8.625906485999963, 0.0 ], [ 115.161724233000086, -8.625820824999948, 0.0 ], [ 115.162038321000068, -8.625639984999964, 0.0 ], [ 115.162181089000114, -8.625440110999932, 0.0 ], [ 115.162371446000066, -8.62517361099998, 0.0 ], [ 115.162609392000036, -8.624983253999972, 0.0 ], [ 115.162980588000096, -8.624830968999959, 0.0 ], [ 115.163275641000041, -8.624792896999963, 0.0 ], [ 115.163504070000045, -8.62478337899995, 0.0 ], [ 115.163675391000083, -8.62478337999994, 0.0 ], [ 115.163884784000061, -8.624830968999959, 0.0 ], [ 115.163967446000015, -8.624864427999967, 0.0 ], [ 115.163967211000113, -8.624868736999929, 0.0 ], [ 115.164208390000113, -8.624992771999928, 0.0 ], [ 115.16453199700004, -8.62504987899996, 0.0 ], [ 115.1646938, -8.624697718999926, 0.0 ], [ 115.164855603000092, -8.624164718999964, 0.0 ], [ 115.164960300000075, -8.623717380999949, 0.0 ], [ 115.164969818000031, -8.623327149999966, 0.0 ], [ 115.164988854000057, -8.622889327999928, 0.0 ], [ 115.164969817000042, -8.622518132999971, 0.0 ], [ 115.165245835000064, -8.622499096999945, 0.0 ], [ 115.166121477000047, -8.622756078999942, 0.0 ], [ 115.166734549000012, -8.622870012999954, 0.0 ], [ 115.166921011000113, -8.624020958999949, 0.0 ], [ 115.167042967000043, -8.624346040999967, 0.0 ], [ 115.167242965000014, -8.624999971999955, 0.0 ], [ 115.167263027000104, -8.625064967999947, 0.0 ], [ 115.167263996000088, -8.625298991999955, 0.0 ], [ 115.167292006000025, -8.625610969999968, 0.0 ], [ 115.167292977000102, -8.625626973999942, 0.0 ], [ 115.167437036000024, -8.625795967999977, 0.0 ], [ 115.167714009000065, -8.626006000999951, 0.0 ], [ 115.16777602600007, -8.626054022999938, 0.0 ], [ 115.167876024000066, -8.626365982999971, 0.0 ], [ 115.168058008000116, -8.626577008999959, 0.0 ], [ 115.168355979000012, -8.626969005999968, 0.0 ], [ 115.168286011000077, -8.627094042999943, 0.0 ], [ 115.167909977000022, -8.627667035999934, 0.0 ], [ 115.167958964000036, -8.627823011999965, 0.0 ], [ 115.168218992000106, -8.628331972999945, 0.0 ], [ 115.16829997800005, -8.628563034999956, 0.0 ], [ 115.168290307, -8.628696806999926, 0.0 ] ] ] ] } },
{ "type": "Feature", "properties": { "Desa": "Tuban", "Kec": "Kuta", "WADMKD": "Tuban", "Kab": "Badung", "Luas": 563.98097401400003 }, "geometry": { "type": "MultiPolygon", "coordinates": [ [ [ [ 115.185154027000067, -8.743196011999942, 0.0 ], [ 115.184847041000012, -8.743285000999947, 0.0 ], [ 115.18484697100007, -8.743285020999963, 0.0 ], [ 115.18467397500001, -8.743403958999977, 0.0 ], [ 115.184212972000068, -8.743979973999956, 0.0 ], [ 115.184057014000018, -8.744262960999947, 0.0 ], [ 115.184006015000023, -8.744457958999931, 0.0 ], [ 115.184037013000079, -8.744633012999941, 0.0 ], [ 115.184094445000028, -8.744713525999941, 0.0 ], [ 115.184339016000081, -8.744921991999945, 0.0 ], [ 115.184420984000099, -8.745063031999962, 0.0 ], [ 115.18446197500009, -8.745340997999961, 0.0 ], [ 115.184490966000112, -8.74614696499998, 0.0 ], [ 115.184591976000092, -8.747337976999972, 0.0 ], [ 115.184616003000087, -8.747528996999961, 0.0 ], [ 115.184740998000052, -8.747899020999967, 0.0 ], [ 115.18475197600003, -8.748045956999931, 0.0 ], [ 115.18464102400003, -8.748350039999934, 0.0 ], [ 115.184301972000071, -8.749102989999926, 0.0 ], [ 115.184282172000053, -8.749161472999958, 0.0 ], [ 115.184130998000114, -8.749607992999927, 0.0 ], [ 115.184082031000116, -8.749773432999973, 0.0 ], [ 115.184014973000103, -8.750000000999933, 0.0 ], [ 115.184014968000042, -8.750000994999937, 0.0 ], [ 115.183758029000046, -8.750879980999969, 0.0 ], [ 115.183621012000117, -8.751412985999934, 0.0 ], [ 115.183574613000019, -8.751580317999981, 0.0 ], [ 115.183508974, -8.751817033999941, 0.0 ], [ 115.183295011000041, -8.752501976999952, 0.0 ], [ 115.183288574000017, -8.752537918999963, 0.0 ], [ 115.183180019000019, -8.753144007999936, 0.0 ], [ 115.183119209000097, -8.753451523999956, 0.0 ], [ 115.183109037, -8.753502966999974, 0.0 ], [ 115.183084806000011, -8.753561655999931, 0.0 ], [ 115.1828130130001, -8.754219964999947, 0.0 ], [ 115.182492997000054, -8.75486200499995, 0.0 ], [ 115.182174989000032, -8.755337011999927, 0.0 ], [ 115.182137978000014, -8.755382028999975, 0.0 ], [ 115.182103014000063, -8.755421994999949, 0.0 ], [ 115.181979978000072, -8.755620983999961, 0.0 ], [ 115.181467997000027, -8.756566984999949, 0.0 ], [ 115.18123301300011, -8.75705802799996, 0.0 ], [ 115.181226981, -8.75708095799996, 0.0 ], [ 115.181041981000021, -8.757709994999971, 0.0 ], [ 115.180966065, -8.758081884999967, 0.0 ], [ 115.180333416000053, -8.75794755499993, 0.0 ], [ 115.17951964000008, -8.757819063999932, 0.0 ], [ 115.178812940000057, -8.757711987999926, 0.0 ], [ 115.178461564000031, -8.757612882999979, 0.0 ], [ 115.178443977000029, -8.757662959999948, 0.0 ], [ 115.178395003000105, -8.757732956999973, 0.0 ], [ 115.17772203700008, -8.757634985999971, 0.0 ], [ 115.177612018000104, -8.75756096899994, 0.0 ], [ 115.177501991000099, -8.757427022999934, 0.0 ], [ 115.177096010000014, -8.757330970999931, 0.0 ], [ 115.177050998000027, -8.757325962999971, 0.0 ], [ 115.17691299, -8.75730604499995, 0.0 ], [ 115.176850019000085, -8.757295978999935, 0.0 ], [ 115.176517007000029, -8.757218987999977, 0.0 ], [ 115.176204512000027, -8.757137864999947, 0.0 ], [ 115.175758302000077, -8.757068930999935, 0.0 ], [ 115.17540034600006, -8.757019445999958, 0.0 ], [ 115.175175541000044, -8.756926516999954, 0.0 ], [ 115.174762590000114, -8.756795942999929, 0.0 ], [ 115.174353152000094, -8.756702123999958, 0.0 ], [ 115.174057221000112, -8.75660781299996, 0.0 ], [ 115.172771973000067, -8.756376015999933, 0.0 ], [ 115.172592979000115, -8.756339989999958, 0.0 ], [ 115.172471979000079, -8.756335969999952, 0.0 ], [ 115.172026034000055, -8.756260960999953, 0.0 ], [ 115.171977337000044, -8.756263492999949, 0.0 ], [ 115.171895182000071, -8.756249462999961, 0.0 ], [ 115.171412445000101, -8.756221020999931, 0.0 ], [ 115.171171141000059, -8.756193745999951, 0.0 ], [ 115.170499738000103, -8.756106952999971, 0.0 ], [ 115.170127925000088, -8.756071068999972, 0.0 ], [ 115.17008596300002, -8.756064020999929, 0.0 ], [ 115.169744003, -8.756025034999936, 0.0 ], [ 115.169741390000013, -8.756028466999965, 0.0 ], [ 115.169718424000052, -8.756014775999972, 0.0 ], [ 115.169655559000034, -8.756032840999978, 0.0 ], [ 115.169415340000114, -8.756072088999929, 0.0 ], [ 115.169119802000068, -8.75609637499997, 0.0 ], [ 115.168706009000061, -8.756138455999974, 0.0 ], [ 115.168321687000116, -8.756195373999958, 0.0 ], [ 115.16802197100003, -8.756318828999952, 0.0 ], [ 115.16778888500005, -8.756409542999961, 0.0 ], [ 115.167551980000098, -8.756525953999926, 0.0 ], [ 115.16727766200006, -8.756741374999933, 0.0 ], [ 115.167238747000056, -8.756778179999969, 0.0 ], [ 115.167227965000052, -8.756781972999931, 0.0 ], [ 115.167224987000054, -8.756777980999971, 0.0 ], [ 115.167025010000089, -8.756558992999942, 0.0 ], [ 115.166566013000079, -8.756120007999925, 0.0 ], [ 115.16592599, -8.755571043999964, 0.0 ], [ 115.164572982000095, -8.754453959999978, 0.0 ], [ 115.164021008000077, -8.753966975999958, 0.0 ], [ 115.163552028000026, -8.753486992999967, 0.0 ], [ 115.163097980000089, -8.753003014999933, 0.0 ], [ 115.162487985000098, -8.752444973999957, 0.0 ], [ 115.162009029000046, -8.752150961999973, 0.0 ], [ 115.16153797000004, -8.751958042999945, 0.0 ], [ 115.16122800900007, -8.751828002999957, 0.0 ], [ 115.1609320230001, -8.75159896599996, 0.0 ], [ 115.160151987000063, -8.750694989999943, 0.0 ], [ 115.159768963000033, -8.750383002999968, 0.0 ], [ 115.159593996000012, -8.750291039999979, 0.0 ], [ 115.158957005000048, -8.750227019999954, 0.0 ], [ 115.158432036000022, -8.750240012999939, 0.0 ], [ 115.157552, -8.750320965999947, 0.0 ], [ 115.155280994, -8.750415023999949, 0.0 ], [ 115.153724029000045, -8.750493029999973, 0.0 ], [ 115.153020989000083, -8.750497010999936, 0.0 ], [ 115.152756017000115, -8.750498970999956, 0.0 ], [ 115.152523996000014, -8.750519983999936, 0.0 ], [ 115.152411016000087, -8.750485988999969, 0.0 ], [ 115.152278016000082, -8.750348038999959, 0.0 ], [ 115.152217007000104, -8.750123034999945, 0.0 ], [ 115.152217009000083, -8.750001010999938, 0.0 ], [ 115.15221701400003, -8.750000015999944, 0.0 ], [ 115.152215038, -8.749552040999959, 0.0 ], [ 115.152215033000061, -8.74955095599995, 0.0 ], [ 115.152196980000099, -8.748774972999968, 0.0 ], [ 115.152159020000113, -8.74752299599993, 0.0 ], [ 115.152252034000071, -8.74725996799998, 0.0 ], [ 115.151974263000056, -8.744300732999932, 0.0 ], [ 115.156941387000074, -8.744033042999945, 0.0 ], [ 115.157044953000081, -8.744007993999958, 0.0 ], [ 115.159945700000094, -8.743383225999935, 0.0 ], [ 115.160086937000074, -8.74327225299993, 0.0 ], [ 115.160253500000067, -8.742939128999978, 0.0 ], [ 115.160443857000018, -8.742415646999973, 0.0 ], [ 115.160693700000024, -8.742046830999925, 0.0 ], [ 115.160788878000062, -8.741915959999972, 0.0 ], [ 115.160907851000047, -8.741594732999943, 0.0 ], [ 115.16094354300003, -8.741059353999958, 0.0 ], [ 115.161300462000099, -8.741059353999958, 0.0 ], [ 115.16166927900008, -8.741059353999958, 0.0 ], [ 115.161883430000103, -8.741035558999954, 0.0 ], [ 115.16208568400009, -8.740940381999962, 0.0 ], [ 115.162192760000039, -8.74085710099996, 0.0 ], [ 115.162252247000083, -8.740607256999965, 0.0 ], [ 115.162418809000087, -8.740226542999949, 0.0 ], [ 115.163227826000025, -8.740107569999964, 0.0 ], [ 115.163679923000018, -8.740071877999981, 0.0 ], [ 115.164048740000112, -8.739988596999979, 0.0 ], [ 115.164465145, -8.739917212999956, 0.0 ], [ 115.16509570300002, -8.739917212999956, 0.0 ], [ 115.165535903000091, -8.740024288999962, 0.0 ], [ 115.166095076000033, -8.740167055999962, 0.0 ], [ 115.166237844000079, -8.74032172099993, 0.0 ], [ 115.166333023000107, -8.740547769999978, 0.0 ], [ 115.16671373600002, -8.740583461999961, 0.0 ], [ 115.166951682000104, -8.740571564999925, 0.0 ], [ 115.167082553000114, -8.740381207999974, 0.0 ], [ 115.167153936000091, -8.739964801999974, 0.0 ], [ 115.167237217000093, -8.739786342999935, 0.0 ], [ 115.167522753000071, -8.739595985999927, 0.0 ], [ 115.167843980000043, -8.739429422999933, 0.0 ], [ 115.167974851000054, -8.739465114999973, 0.0 ], [ 115.168474537000066, -8.739607882999962, 0.0 ], [ 115.169023269000036, -8.739732594999964, 0.0 ], [ 115.169126998000024, -8.739492992999942, 0.0 ], [ 115.169391712000106, -8.739035557999955, 0.0 ], [ 115.169771343000093, -8.739096298999925, 0.0 ], [ 115.17010446900008, -8.739131990999965, 0.0 ], [ 115.170639847000075, -8.739191476999963, 0.0 ], [ 115.171317993000116, -8.739334244999952, 0.0 ], [ 115.172305469000094, -8.739465115999963, 0.0 ], [ 115.172709978000057, -8.739500806999956, 0.0 ], [ 115.172876541000051, -8.739346141999931, 0.0 ], [ 115.172971719000088, -8.738775070999964, 0.0 ], [ 115.173014917000046, -8.738580679999927, 0.0 ], [ 115.173269, -8.738626985999929, 0.0 ], [ 115.173523965000072, -8.738617006999959, 0.0 ], [ 115.173842964000073, -8.73855201799995, 0.0 ], [ 115.173940997000045, -8.738531971999976, 0.0 ], [ 115.174158033000026, -8.73841695699997, 0.0 ], [ 115.174391968, -8.738293978999934, 0.0 ], [ 115.174669026000061, -8.738116974999969, 0.0 ], [ 115.174966004000112, -8.737926959999982, 0.0 ], [ 115.17547697100008, -8.737601034999955, 0.0 ], [ 115.175749029000031, -8.737542957999949, 0.0 ], [ 115.176021083000023, -8.737516598999946, 0.0 ], [ 115.176000772000066, -8.737171314999955, 0.0 ], [ 115.175965080000083, -8.736802497999975, 0.0 ], [ 115.17598887500003, -8.736612141999956, 0.0 ], [ 115.176262513000097, -8.736469373999967, 0.0 ], [ 115.177535525000053, -8.736386092999965, 0.0 ], [ 115.178035212000054, -8.736374195999929, 0.0 ], [ 115.178106596000021, -8.736148146999938, 0.0 ], [ 115.179343915000118, -8.736064865999936, 0.0 ], [ 115.180545543000108, -8.736136249999959, 0.0 ], [ 115.180593132000013, -8.736397990999933, 0.0 ], [ 115.180676414000118, -8.736969060999968, 0.0 ], [ 115.180724003000023, -8.737230801999942, 0.0 ], [ 115.18079440200006, -8.737393262999944, 0.0 ], [ 115.181020021000108, -8.737397998999938, 0.0 ], [ 115.181912996000051, -8.737255038999933, 0.0 ], [ 115.18213701500008, -8.737244995999959, 0.0 ], [ 115.182726000000116, -8.73720904299995, 0.0 ], [ 115.18337400900009, -8.737192986999958, 0.0 ], [ 115.183931032000032, -8.737212016999933, 0.0 ], [ 115.184347022000111, -8.737279994999938, 0.0 ], [ 115.184790013000111, -8.737327040999958, 0.0 ], [ 115.185170970000058, -8.73744998799998, 0.0 ], [ 115.185447019000094, -8.737650981999934, 0.0 ], [ 115.185641031000046, -8.737864960999957, 0.0 ], [ 115.185804004000033, -8.738128956999958, 0.0 ], [ 115.185877973000061, -8.738389996999956, 0.0 ], [ 115.185863027000096, -8.738800025999979, 0.0 ], [ 115.185840977000112, -8.738896998999962, 0.0 ], [ 115.185802015000036, -8.738943001999928, 0.0 ], [ 115.185481978000098, -8.739083020999942, 0.0 ], [ 115.18527197100002, -8.739123955999958, 0.0 ], [ 115.184797988000014, -8.739193997999962, 0.0 ], [ 115.184341034000113, -8.739259962999938, 0.0 ], [ 115.184104002000026, -8.739310981999949, 0.0 ], [ 115.183987983000065, -8.739378037999927, 0.0 ], [ 115.183946037000055, -8.739513963999968, 0.0 ], [ 115.183992008000018, -8.739722985999947, 0.0 ], [ 115.184132028000022, -8.740130954999927, 0.0 ], [ 115.184261034000087, -8.740507957999966, 0.0 ], [ 115.184426030000054, -8.741003995999961, 0.0 ], [ 115.18458101300007, -8.741541023999957, 0.0 ], [ 115.184801993000065, -8.74219, 0.0 ], [ 115.185045986000091, -8.742884009999955, 0.0 ], [ 115.185154027000067, -8.743196011999942, 0.0 ] ] ] ] } },
{ "type": "Feature", "properties": { "Desa": "Ungasan", "Kec": "Kuta Selatan", "WADMKD": "Ungasan", "Kab": "Badung", "Luas": 1552.4497200200001 }, "geometry": { "type": "MultiPolygon", "coordinates": [ [ [ [ 115.176862276000065, -8.806534402999944, 0.0 ], [ 115.176891475000048, -8.807011360999979, 0.0 ], [ 115.177132422000113, -8.807303033999972, 0.0 ], [ 115.177560725000035, -8.808040666999943, 0.0 ], [ 115.177810568000041, -8.808492764999926, 0.0 ], [ 115.177941438000062, -8.808873478999942, 0.0 ], [ 115.177786774000083, -8.809396960999948, 0.0 ], [ 115.177644006000037, -8.809979927999962, 0.0 ], [ 115.177536930000088, -8.81026546399994, 0.0 ], [ 115.177525033000052, -8.810479614999963, 0.0 ], [ 115.177453650000075, -8.810848431999943, 0.0 ], [ 115.177394162000041, -8.811264836999953, 0.0 ], [ 115.17726329300001, -8.811586064999972, 0.0 ], [ 115.177037244000076, -8.812085750999927, 0.0 ], [ 115.176984072000096, -8.812138922999964, 0.0 ], [ 115.176982870000074, -8.81219863299998, 0.0 ], [ 115.176882579000107, -8.812330835999944, 0.0 ], [ 115.176921968000102, -8.812435873999959, 0.0 ], [ 115.176913109000111, -8.812449630999936, 0.0 ], [ 115.176987275000101, -8.812544986999967, 0.0 ], [ 115.177403681000101, -8.81336590199993, 0.0 ], [ 115.17761783200001, -8.813829895999959, 0.0 ], [ 115.177475065000067, -8.81391317799995, 0.0 ], [ 115.176594664000049, -8.814638912999953, 0.0 ], [ 115.175892723000061, -8.815424134999944, 0.0 ], [ 115.175196991, -8.816260773999943, 0.0 ], [ 115.174943822000046, -8.81801033399995, 0.0 ], [ 115.174902268000096, -8.818196567999962, 0.0 ], [ 115.174615288000041, -8.819482737999977, 0.0 ], [ 115.174608420000027, -8.819513517999951, 0.0 ], [ 115.17459693100011, -8.819565008999973, 0.0 ], [ 115.174504849000073, -8.819782397999973, 0.0 ], [ 115.174330856000097, -8.820193162999942, 0.0 ], [ 115.174257161000014, -8.820367144999977, 0.0 ], [ 115.174205922000056, -8.821650765999948, 0.0 ], [ 115.174208620000059, -8.82166545299998, 0.0 ], [ 115.174234310000088, -8.821805247999976, 0.0 ], [ 115.174601646000042, -8.82380423099994, 0.0 ], [ 115.174600155, -8.823806976999947, 0.0 ], [ 115.174193324000044, -8.824556863999931, 0.0 ], [ 115.174111414000095, -8.824757695999949, 0.0 ], [ 115.173837953000088, -8.824826796999957, 0.0 ], [ 115.173785893000058, -8.825128389999975, 0.0 ], [ 115.173744541000019, -8.825309297999979, 0.0 ], [ 115.173773601000107, -8.825571039999943, 0.0 ], [ 115.173722133000069, -8.825751896999975, 0.0 ], [ 115.173726968000096, -8.82577321399998, 0.0 ], [ 115.173751835000076, -8.825882842999931, 0.0 ], [ 115.173774317000039, -8.825939547999951, 0.0 ], [ 115.173851752000019, -8.826134866999951, 0.0 ], [ 115.173823707000111, -8.826180846999932, 0.0 ], [ 115.173790565000104, -8.826235185999963, 0.0 ], [ 115.173774878000017, -8.826239618999978, 0.0 ], [ 115.173405638000077, -8.826343988999952, 0.0 ], [ 115.173333198000023, -8.82667566799995, 0.0 ], [ 115.173292142000037, -8.826796206999973, 0.0 ], [ 115.173230558000114, -8.826977015999944, 0.0 ], [ 115.173026958000037, -8.827240328999949, 0.0 ], [ 115.173024750000081, -8.827689186999976, 0.0 ], [ 115.173103073000107, -8.827993353999943, 0.0 ], [ 115.173105670000041, -8.828033017999928, 0.0 ], [ 115.173133620000044, -8.828459753999937, 0.0 ], [ 115.173147053000093, -8.828664857999968, 0.0 ], [ 115.173127769000075, -8.828806150999981, 0.0 ], [ 115.173084326000094, -8.829124449999938, 0.0 ], [ 115.173018895000041, -8.829603842999973, 0.0 ], [ 115.172477027000014, -8.830523156999959, 0.0 ], [ 115.172458685000038, -8.830529873999978, 0.0 ], [ 115.172277514000029, -8.830596217999926, 0.0 ], [ 115.171810865000111, -8.830767100999935, 0.0 ], [ 115.171562819000087, -8.830778874999965, 0.0 ], [ 115.171172624000064, -8.830797394999934, 0.0 ], [ 115.170876336000106, -8.830949608999958, 0.0 ], [ 115.170740588000058, -8.831236222999962, 0.0 ], [ 115.170732634000046, -8.831265694999956, 0.0 ], [ 115.170581010000092, -8.831827574999977, 0.0 ], [ 115.170569543000056, -8.831870064999976, 0.0 ], [ 115.170532978000097, -8.832022679999966, 0.0 ], [ 115.17030894200002, -8.832957766999925, 0.0 ], [ 115.170092138000086, -8.833616137999968, 0.0 ], [ 115.170048949000034, -8.833747289999963, 0.0 ], [ 115.169852071000037, -8.834345147999954, 0.0 ], [ 115.169641444000035, -8.835385846999941, 0.0 ], [ 115.169638645000077, -8.835399674999962, 0.0 ], [ 115.169643481000094, -8.835624373999963, 0.0 ], [ 115.169660011000019, -8.836392480999962, 0.0 ], [ 115.169660349000083, -8.836408220999942, 0.0 ], [ 115.169660501000067, -8.83641526599996, 0.0 ], [ 115.169679599, -8.836473196999975, 0.0 ], [ 115.169872271000031, -8.837057657999935, 0.0 ], [ 115.169912385000089, -8.837380502999963, 0.0 ], [ 115.169930413000088, -8.837525597999957, 0.0 ], [ 115.169911372000115, -8.837545381999973, 0.0 ], [ 115.169557087000044, -8.837913490999938, 0.0 ], [ 115.169316026000047, -8.838163956999949, 0.0 ], [ 115.168729327000051, -8.838635428999964, 0.0 ], [ 115.168049320000023, -8.83895946399997, 0.0 ], [ 115.167981191000081, -8.839793552999936, 0.0 ], [ 115.168004871000107, -8.840494440999976, 0.0 ], [ 115.168254549000039, -8.840924624999957, 0.0 ], [ 115.168267723000099, -8.841022935999945, 0.0 ], [ 115.168325290000098, -8.841452545999971, 0.0 ], [ 115.168328424000038, -8.841475934999949, 0.0 ], [ 115.168253158000084, -8.842208521999964, 0.0 ], [ 115.168250521000118, -8.842234193999957, 0.0 ], [ 115.168252389000031, -8.84236405799993, 0.0 ], [ 115.168258406000064, -8.84278213999994, 0.0 ], [ 115.168102334000082, -8.843257889999961, 0.0 ], [ 115.16807467700005, -8.843342197999959, 0.0 ], [ 115.168014585000037, -8.843467916999941, 0.0 ], [ 115.167918571000087, -8.843668793999939, 0.0 ], [ 115.167929117000085, -8.84369507699995, 0.0 ], [ 115.168031370000108, -8.843949939999959, 0.0 ], [ 115.168043715000067, -8.843963433999932, 0.0 ], [ 115.168258521000098, -8.844198240999958, 0.0 ], [ 115.168573223000067, -8.844472615999962, 0.0 ], [ 115.168610906000026, -8.844505470999934, 0.0 ], [ 115.168612993000011, -8.844507290999957, 0.0 ], [ 115.168891989000031, -8.844838883999955, 0.0 ], [ 115.169064181000067, -8.84504353899996, 0.0 ], [ 115.169087116000014, -8.845070796999948, 0.0 ], [ 115.169291455, -8.845354183999973, 0.0 ], [ 115.169575698000017, -8.84542726799998, 0.0 ], [ 115.169585207000068, -8.845431330999929, 0.0 ], [ 115.169959433000031, -8.845591207999973, 0.0 ], [ 115.169971167000085, -8.845596220999937, 0.0 ], [ 115.170313002000057, -8.845744869999976, 0.0 ], [ 115.170857029000103, -8.846115710999982, 0.0 ], [ 115.170895423000047, -8.846141881999927, 0.0 ], [ 115.171240904000115, -8.846267277999971, 0.0 ], [ 115.171324546000051, -8.846297636999964, 0.0 ], [ 115.171381082000039, -8.846330604999935, 0.0 ], [ 115.171786692000069, -8.846567126999958, 0.0 ], [ 115.172069014000044, -8.846619605999933, 0.0 ], [ 115.172155792000012, -8.846635736999929, 0.0 ], [ 115.17215868400001, -8.846638730999928, 0.0 ], [ 115.172180246000039, -8.846661043999973, 0.0 ], [ 115.172376328000041, -8.84686396099994, 0.0 ], [ 115.172449137000058, -8.846960220999961, 0.0 ], [ 115.172498297000061, -8.847025216999953, 0.0 ], [ 115.172503125000048, -8.84703159999998, 0.0 ], [ 115.172474972000032, -8.847292015999926, 0.0 ], [ 115.172477688000072, -8.847328511999933, 0.0 ], [ 115.172493871000029, -8.847545977999971, 0.0 ], [ 115.172599603000094, -8.847824653999965, 0.0 ], [ 115.172613226000067, -8.847860559999958, 0.0 ], [ 115.172706835000099, -8.847947867999949, 0.0 ], [ 115.172725048000075, -8.847964326999943, 0.0 ], [ 115.172725226000011, -8.847964478999927, 0.0 ], [ 115.172532796000041, -8.848018426999943, 0.0 ], [ 115.171595983000088, -8.848450968999941, 0.0 ], [ 115.171567782000011, -8.84846571199995, 0.0 ], [ 115.171112034000089, -8.848703955999952, 0.0 ], [ 115.171079030000101, -8.848724040999969, 0.0 ], [ 115.170697030000042, -8.84892898499993, 0.0 ], [ 115.170508753000036, -8.848997460999954, 0.0 ], [ 115.170377980000012, -8.849045021999927, 0.0 ], [ 115.170282264000093, -8.849055817999954, 0.0 ], [ 115.17028193100009, -8.84905585599995, 0.0 ], [ 115.170281805000059, -8.849055870999962, 0.0 ], [ 115.170281579000061, -8.849055896999971, 0.0 ], [ 115.17005020900001, -8.84908248399995, 0.0 ], [ 115.169774294000035, -8.849033729999974, 0.0 ], [ 115.169774029000109, -8.849033682999959, 0.0 ], [ 115.169773738000117, -8.84903363199993, 0.0 ], [ 115.169433019000053, -8.848973966999949, 0.0 ], [ 115.168753014000117, -8.848994954999966, 0.0 ], [ 115.168375966000099, -8.849046982999937, 0.0 ], [ 115.16795572, -8.849141808999946, 0.0 ], [ 115.167741978000095, -8.84919003899995, 0.0 ], [ 115.167555735000064, -8.849215855999944, 0.0 ], [ 115.167251972000031, -8.849257962999957, 0.0 ], [ 115.166829980000102, -8.849258969999937, 0.0 ], [ 115.166526144000045, -8.849208892999968, 0.0 ], [ 115.165737978000038, -8.849078988999963, 0.0 ], [ 115.164964447000102, -8.848848751999981, 0.0 ], [ 115.164112020000061, -8.848595031999935, 0.0 ], [ 115.163775014000066, -8.848537970999928, 0.0 ], [ 115.162825015000067, -8.848546958999975, 0.0 ], [ 115.162663748000114, -8.848545093999974, 0.0 ], [ 115.162663595000026, -8.848545091999938, 0.0 ], [ 115.162566967000089, -8.848543974999927, 0.0 ], [ 115.162151843000061, -8.848563621999972, 0.0 ], [ 115.161488965000103, -8.848594993999939, 0.0 ], [ 115.160975643000029, -8.848483539999961, 0.0 ], [ 115.160439283000073, -8.848367515999939, 0.0 ], [ 115.159221154000079, -8.84834546299993, 0.0 ], [ 115.158638489000055, -8.848298388999979, 0.0 ], [ 115.158248957000069, -8.84819035299995, 0.0 ], [ 115.158154334000074, -8.848164666999935, 0.0 ], [ 115.158154240000044, -8.848164640999926, 0.0 ], [ 115.158154202000105, -8.848164630999975, 0.0 ], [ 115.158154161000084, -8.848164619999977, 0.0 ], [ 115.158147991000078, -8.848162965999961, 0.0 ], [ 115.15794697900003, -8.848251009999956, 0.0 ], [ 115.157460018000052, -8.848324991999959, 0.0 ], [ 115.157181235000053, -8.848309729999926, 0.0 ], [ 115.157181186000116, -8.848309726999958, 0.0 ], [ 115.15702111600001, -8.848301224999943, 0.0 ], [ 115.156006654000066, -8.84811067499993, 0.0 ], [ 115.15582698500009, -8.848076969999966, 0.0 ], [ 115.155771743000059, -8.848066155999959, 0.0 ], [ 115.15526009000007, -8.847966418999931, 0.0 ], [ 115.154046366000102, -8.847917410999969, 0.0 ], [ 115.154045831000076, -8.847917388999974, 0.0 ], [ 115.153985009000053, -8.847914954999965, 0.0 ], [ 115.152866883000115, -8.84787677199995, 0.0 ], [ 115.152847149000081, -8.847876097999972, 0.0 ], [ 115.152435031000095, -8.847862028999941, 0.0 ], [ 115.152434842000048, -8.847862022999948, 0.0 ], [ 115.151992395000093, -8.847832081999968, 0.0 ], [ 115.151726637000024, -8.847814095999979, 0.0 ], [ 115.151671634000081, -8.847798485999931, 0.0 ], [ 115.150595743000054, -8.847493137999948, 0.0 ], [ 115.150595968000061, -8.847493019999945, 0.0 ], [ 115.150693006000097, -8.847438000999944, 0.0 ], [ 115.150741973000095, -8.847087988999931, 0.0 ], [ 115.150742023000021, -8.847063041999945, 0.0 ], [ 115.150711996000041, -8.846817037999926, 0.0 ], [ 115.150610985000071, -8.846572039999955, 0.0 ], [ 115.150641004000022, -8.84614401999994, 0.0 ], [ 115.15072603200008, -8.845777011999928, 0.0 ], [ 115.150765007000018, -8.84561197499994, 0.0 ], [ 115.150743969000018, -8.845472040999937, 0.0 ], [ 115.150681969000061, -8.845384961999969, 0.0 ], [ 115.150435996000056, -8.845321017999936, 0.0 ], [ 115.150202971000112, -8.845276028999933, 0.0 ], [ 115.150047001000075, -8.845184960999973, 0.0 ], [ 115.149856963000047, -8.844951995999963, 0.0 ], [ 115.149678997000024, -8.844823036999969, 0.0 ], [ 115.149168996000071, -8.844693973999938, 0.0 ], [ 115.14895401900003, -8.844636960999935, 0.0 ], [ 115.148697994000031, -8.844455009999933, 0.0 ], [ 115.14842399600002, -8.844150042999956, 0.0 ], [ 115.148246977000099, -8.843831995999949, 0.0 ], [ 115.148170017000098, -8.843423965999932, 0.0 ], [ 115.148117021000076, -8.843214997999951, 0.0 ], [ 115.148014028000034, -8.843051971999955, 0.0 ], [ 115.147867029000054, -8.842936, 0.0 ], [ 115.14748102100009, -8.842607971999939, 0.0 ], [ 115.146668982000051, -8.842176962999929, 0.0 ], [ 115.146481001000097, -8.842057985999929, 0.0 ], [ 115.146189977000063, -8.841816023999968, 0.0 ], [ 115.145401976000016, -8.841375008999933, 0.0 ], [ 115.144534044000011, -8.840731120999976, 0.0 ], [ 115.144413971000063, -8.840642042999946, 0.0 ], [ 115.144025036000016, -8.840360998999927, 0.0 ], [ 115.143385992000049, -8.839989954999965, 0.0 ], [ 115.143041013000015, -8.839762004999955, 0.0 ], [ 115.142710970000053, -8.839470043999938, 0.0 ], [ 115.142710006000016, -8.839467960999968, 0.0 ], [ 115.142467990000114, -8.839169023999943, 0.0 ], [ 115.142443007000111, -8.839129038999943, 0.0 ], [ 115.142184993000114, -8.838462958999969, 0.0 ], [ 115.142120989000091, -8.838238027999978, 0.0 ], [ 115.142081004000033, -8.837975976999928, 0.0 ], [ 115.141996003000031, -8.837798033999945, 0.0 ], [ 115.141761969000072, -8.837507000999949, 0.0 ], [ 115.141599972000108, -8.837198969999974, 0.0 ], [ 115.141500033000057, -8.836950992999959, 0.0 ], [ 115.140955985, -8.836484967999979, 0.0 ], [ 115.140843987000039, -8.836369981999951, 0.0 ], [ 115.140815989000089, -8.836169001999963, 0.0 ], [ 115.140808034000088, -8.835916960999953, 0.0 ], [ 115.140719982000064, -8.835660004999966, 0.0 ], [ 115.140333017000103, -8.835167008999974, 0.0 ], [ 115.139976970000021, -8.834770972999934, 0.0 ], [ 115.139845992, -8.834585027999935, 0.0 ], [ 115.13978101500004, -8.834375006999949, 0.0 ], [ 115.139786033000064, -8.834002001999977, 0.0 ], [ 115.139731020000113, -8.833464012999968, 0.0 ], [ 115.139694966000093, -8.833090985999945, 0.0 ], [ 115.139743001000056, -8.83265898999997, 0.0 ], [ 115.139824990000079, -8.83236102799998, 0.0 ], [ 115.140202011000042, -8.831547962999934, 0.0 ], [ 115.140470025000013, -8.830995034999944, 0.0 ], [ 115.140611984000088, -8.830514966999942, 0.0 ], [ 115.140733002000047, -8.83001102299994, 0.0 ], [ 115.140760970000088, -8.82991896599998, 0.0 ], [ 115.140831983000112, -8.829312996999931, 0.0 ], [ 115.140936981000095, -8.828475985999944, 0.0 ], [ 115.14086627800009, -8.828107909999972, 0.0 ], [ 115.140952718000108, -8.82783778299995, 0.0 ], [ 115.14109548600004, -8.826795578999963, 0.0 ], [ 115.140995548000092, -8.826481489999935, 0.0 ], [ 115.140767120000078, -8.826324444999955, 0.0 ], [ 115.140781396000079, -8.82579620599995, 0.0 ], [ 115.140852780000046, -8.825396455999964, 0.0 ], [ 115.14090988800001, -8.824611233999974, 0.0 ], [ 115.140952717, -8.823754627999961, 0.0 ], [ 115.141066931000069, -8.82296940599997, 0.0 ], [ 115.141295360000072, -8.822255566999956, 0.0 ], [ 115.141466681000111, -8.82167021999993, 0.0 ], [ 115.141666556000018, -8.821084871999972, 0.0 ], [ 115.141866431000039, -8.820442417999971, 0.0 ], [ 115.141795047000073, -8.819899900999928, 0.0 ], [ 115.14168083200002, -8.819328829999961, 0.0 ], [ 115.141366744000038, -8.818914803999974, 0.0 ], [ 115.141109762000042, -8.818729205999944, 0.0 ], [ 115.141052655000067, -8.818672099999958, 0.0 ], [ 115.140909887000021, -8.818557884999962, 0.0 ], [ 115.140752843000087, -8.818186688999958, 0.0 ], [ 115.140595798000049, -8.817772662999971, 0.0 ], [ 115.14031026300006, -8.81727297599997, 0.0 ], [ 115.140039005000062, -8.816801842999951, 0.0 ], [ 115.139896237000016, -8.816402093999955, 0.0 ], [ 115.139896237000016, -8.815973790999976, 0.0 ], [ 115.139938570000027, -8.815395243999944, 0.0 ], [ 115.140472965000072, -8.814583992999928, 0.0 ], [ 115.141015032000041, -8.813867007999932, 0.0 ], [ 115.140335963000098, -8.813115960999937, 0.0 ], [ 115.139740969000059, -8.812563006999937, 0.0 ], [ 115.139558360000024, -8.812330380999981, 0.0 ], [ 115.13954982000007, -8.812319500999934, 0.0 ], [ 115.13976893600011, -8.812186877999977, 0.0 ], [ 115.140083025000081, -8.811815682999963, 0.0 ], [ 115.140625541000077, -8.811358825999946, 0.0 ], [ 115.141239442000028, -8.810730647999947, 0.0 ], [ 115.141653468000072, -8.810587880999947, 0.0 ], [ 115.142081772000097, -8.810445112999957, 0.0 ], [ 115.14241013700007, -8.81033089899995, 0.0 ], [ 115.142781334, -8.810202407999952, 0.0 ], [ 115.143066869000108, -8.810102469999947, 0.0 ], [ 115.143266743000027, -8.80998825599994, 0.0 ], [ 115.143438064000065, -8.809845487999951, 0.0 ], [ 115.143637939000087, -8.809559953999951, 0.0 ], [ 115.143952029000047, -8.808831838999936, 0.0 ], [ 115.144366054000102, -8.808317874999943, 0.0 ], [ 115.14465159000008, -8.80813227699997, 0.0 ], [ 115.144965678000062, -8.808003785999972, 0.0 ], [ 115.145065616000011, -8.807818187999942, 0.0 ], [ 115.145065616000011, -8.807689696999944, 0.0 ], [ 115.145322597000018, -8.807475545999978, 0.0 ], [ 115.146079267, -8.806775983999955, 0.0 ], [ 115.146464739000066, -8.806604662999973, 0.0 ], [ 115.147264238000048, -8.806476171999975, 0.0 ], [ 115.148106567000013, -8.806490447999977, 0.0 ], [ 115.149077387000034, -8.806419064999943, 0.0 ], [ 115.149933993000104, -8.806419064999943, 0.0 ], [ 115.150733492000086, -8.806247743999961, 0.0 ], [ 115.151019027000075, -8.80623346699997, 0.0 ], [ 115.151318839000055, -8.806290573999945, 0.0 ], [ 115.151647205000017, -8.806219189999979, 0.0 ], [ 115.151718589000097, -8.806033591999949, 0.0 ], [ 115.151889910000023, -8.805605288999971, 0.0 ], [ 115.152075508000053, -8.804991387999962, 0.0 ], [ 115.152146892000019, -8.804762959999948, 0.0 ], [ 115.152318213000058, -8.804748682999957, 0.0 ], [ 115.152489534000097, -8.804920003999939, 0.0 ], [ 115.152575195000054, -8.804962834999969, 0.0 ], [ 115.152775070000075, -8.80493428099993, 0.0 ], [ 115.153032051000082, -8.80477723599995, 0.0 ], [ 115.153388970000037, -8.804920003999939, 0.0 ], [ 115.153945764000014, -8.805062771999928, 0.0 ], [ 115.154502559000093, -8.805191262999926, 0.0 ], [ 115.154711796000015, -8.805209456999933, 0.0 ], [ 115.155263714000057, -8.805069436999929, 0.0 ], [ 115.155906440000081, -8.805034217999946, 0.0 ], [ 115.156534618000023, -8.804948557999978, 0.0 ], [ 115.157077135, -8.804848619999973, 0.0 ], [ 115.157376947000103, -8.804848620999962, 0.0 ], [ 115.157876634000104, -8.804877173999955, 0.0 ], [ 115.158404874000098, -8.80497711199996, 0.0 ], [ 115.158776070000044, -8.805019941999944, 0.0 ], [ 115.159275757000046, -8.805005664999953, 0.0 ], [ 115.159789721000038, -8.805134155999951, 0.0 ], [ 115.160517835000064, -8.805348307999964, 0.0 ], [ 115.161460102000092, -8.80556245899993, 0.0 ], [ 115.162530860000061, -8.805905100999951, 0.0 ], [ 115.163073377000046, -8.806005038999956, 0.0 ], [ 115.163587340000049, -8.806062144999942, 0.0 ], [ 115.164258349000079, -8.806133528999965, 0.0 ], [ 115.164772312000082, -8.806119251999974, 0.0 ], [ 115.165429043000017, -8.806219189999979, 0.0 ], [ 115.166257096000095, -8.806476171999975, 0.0 ], [ 115.167484898000112, -8.806747429999973, 0.0 ], [ 115.1685413780001, -8.806904473999964, 0.0 ], [ 115.169940501000042, -8.807261393999966, 0.0 ], [ 115.171025535000012, -8.807703972999946, 0.0 ], [ 115.171882142000072, -8.807875294999974, 0.0 ], [ 115.172239061000028, -8.807932401999949, 0.0 ], [ 115.172795855000118, -8.808032339999954, 0.0 ], [ 115.172995729000036, -8.80794667899994, 0.0 ], [ 115.173780952000016, -8.807632589999969, 0.0 ], [ 115.174751771000047, -8.807318500999941, 0.0 ], [ 115.17595102000007, -8.806818813999939, 0.0 ], [ 115.176607751, -8.806576108999934, 0.0 ], [ 115.176864732000013, -8.806490448999966, 0.0 ], [ 115.176923780000038, -8.806515899999965, 0.0 ], [ 115.176879525000118, -8.806516362999957, 0.0 ], [ 115.176861121000115, -8.806515545999957, 0.0 ], [ 115.176862276000065, -8.806534402999944, 0.0 ] ] ] ] } }
]
}
